Time	UpperNe	LowerNe	Ne
0	638551.665	28945.304	95073.122
48.88524509	638551.665	28945.304	95073.122
97.77049018	638551.665	28945.304	95073.122
146.6557353	638551.665	28945.304	95073.122
195.5409804	638279.687	28945.304	95073.122
244.4262255	638279.687	28965.276	95073.122
293.3114705	638279.687	28974.591	95070.858
342.1967156	638279.687	29000.459	95064.636
391.0819607	638279.687	29000.459	95064.636
439.9672058	638279.687	29009.668	95064.636
488.8524509	638279.687	29064.420	95039.102
537.737696	638279.687	29068.464	95039.102
586.6229411	638279.687	29084.954	95064.636
635.5081862	638279.687	29069.546	95039.102
684.3934313	638279.687	29110.239	95039.102
733.2786764	638279.687	29159.689	95070.858
782.1639214	638178.079	29203.257	95010.472
831.0491665	638025.125	29217.867	94965.375
879.9344116	637550.264	29282.856	94941.594
928.8196567	637405.303	29369.917	94904.357
977.7049018	637405.303	29428.266	94889.724
1026.590147	636326.321	29473.483	94861.631
1075.475392	636326.321	29531.681	94843.331
1124.360637	636240.744	29542.365	94805.902
1173.245882	634864.226	29531.681	94769.229
1222.131127	634513.251	29563.786	94722.993
1271.016372	634513.251	29555.932	94634.890
1319.901617	632827.333	29563.786	94577.352
1368.786863	632827.333	29601.306	94565.239
1417.672108	631627.558	29644.006	94552.233
1466.557353	630981.405	29678.278	94523.611
1515.442598	627626.855	29782.525	94325.766
1564.327843	623307.566	29792.598	94193.656
1613.213088	622157.481	29821.744	94085.321
1662.098333	621804.033	29845.742	93920.195
1710.983578	619695.626	29840.240	93865.533
1759.868823	618022.905	29884.802	93751.933
1808.754068	616624.971	29906.167	93626.666
1857.639313	615733.273	29919.833	93464.357
1906.524559	615420.442	29919.833	93346.509
1955.409804	614439.651	29919.833	93282.510
2004.295049	611155.939	29907.368	93036.086
2053.180294	610704.525	29906.167	92808.629
2102.065539	608048.216	29906.098	92672.551
2150.950784	605361.747	29903.234	92515.700
2199.836029	605317.353	29903.234	92357.853
2248.721274	603722.589	29948.321	92213.618
2297.606519	600047.410	29948.321	92016.654
2346.491764	597442.089	29907.368	91795.567
2395.377009	593528.954	29907.368	91610.509
2444.262255	591230.895	29840.240	91503.065
2493.1475	589196.712	29829.990	91341.899
2542.032745	584123.915	29722.888	91142.047
2590.91799	580400.249	29696.552	90884.026
2639.803235	577283.869	29660.318	90689.919
2688.68848	575954.762	29665.252	90522.160
2737.573725	572614.851	29651.697	90292.698
2786.45897	568460.998	29638.955	90051.951
2835.344215	567136.677	29609.121	89886.786
2884.22946	566352.851	29544.682	89605.409
2933.114705	564376.694	29525.208	89295.612
2981.999951	559484.999	29531.681	89079.905
3030.885196	557367.580	29471.255	88913.104
3079.770441	554032.198	29458.843	88765.481
3128.655686	550476.920	29433.752	88566.583
3177.540931	546865.185	29371.163	88426.357
3226.426176	544857.398	29311.505	88180.763
3275.311421	539817.032	29262.179	87903.694
3324.196666	535406.673	29217.867	87615.321
3373.081911	534674.622	29193.735	87386.784
3421.967156	531621.541	29064.420	87160.791
3470.852401	525210.305	29004.902	86894.071
3519.737646	520536.307	28884.255	86722.070
3568.622892	519811.420	28858.846	86579.564
3617.508137	518169.033	28797.849	86439.406
3666.393382	516637.496	28760.892	86311.775
3715.278627	514410.774	28591.945	86033.431
3764.163872	511930.810	28480.420	85738.495
3813.049117	507968.201	28365.212	85501.164
3861.934362	505489.347	28315.869	85276.289
3910.819607	501949.541	28270.647	85059.800
3959.704852	500287.197	28110.304	84895.312
4008.590097	496787.220	28011.641	84602.187
4057.475342	495986.370	27886.161	84267.613
4106.360588	491131.732	27832.689	84079.269
4155.245833	490310.769	27717.456	83797.725
4204.131078	486651.531	27530.899	83554.108
4253.016323	484178.553	27397.676	83246.302
4301.901568	481323.684	27275.855	83028.385
4350.786813	478099.584	27165.095	82695.511
4399.672058	474240.169	27171.057	82522.733
4448.557303	469885.768	27143.963	82284.949
4497.442548	468629.351	27050.625	82117.220
4546.327793	465499.299	26871.047	81886.538
4595.213038	462611.252	26813.210	81651.562
4644.098284	458005.640	26684.593	81250.703
4692.983529	454999.137	26568.426	80965.296
4741.868774	451152.700	26327.535	80585.182
4790.754019	446676.001	26270.534	80350.321
4839.639264	443650.095	26134.802	80049.192
4888.524509	440678.640	26066.682	79758.641
4937.409754	437844.698	25971.416	79555.050
4986.294999	436185.984	25811.310	79244.487
5035.180244	433438.645	25613.647	78943.847
5084.065489	431619.951	25533.258	78610.039
5132.950734	428369.107	25361.174	78456.589
5181.83598	426310.177	25310.598	78179.161
5230.721225	423880.160	25237.936	77977.564
5279.60647	419828.672	25129.713	77709.054
5328.491715	417835.322	25015.419	77429.162
5377.37696	415450.982	24862.195	77090.415
5426.262205	410140.344	24676.238	76826.764
5475.14745	404707.574	24511.636	76453.771
5524.032695	399338.888	24434.149	76135.737
5572.91794	396461.648	24271.291	75868.996
5621.803185	394435.331	24210.437	75662.653
5670.68843	393008.349	23886.413	75340.962
5719.573676	391328.517	23851.328	75134.502
5768.458921	388503.974	23700.055	74804.833
5817.344166	386185.390	23591.669	74581.185
5866.229411	384923.923	23420.202	74394.880
5915.114656	380961.508	23326.272	74105.835
5963.999901	379258.204	23107.835	73748.833
6012.885146	378037.001	22904.603	73449.574
6061.770391	375634.743	22726.257	73080.945
6110.655636	372772.415	22582.230	72818.025
6159.540881	371903.575	22518.576	72443.960
6208.426126	369717.042	22317.700	72090.247
6257.311372	367767.347	22100.410	71829.091
6306.196617	366120.788	21867.623	71462.944
6355.081862	364245.751	21663.041	71093.636
6403.967107	362585.597	21600.893	70781.513
6452.852352	360017.649	21502.862	70548.270
6501.737597	358348.075	21303.817	70256.462
6550.622842	356841.228	21167.054	69924.817
6599.508087	350438.102	20860.848	69648.290
6648.393332	347390.093	20691.984	69274.953
6697.278577	345827.285	20430.206	68947.452
6746.163822	345407.193	20215.235	68634.759
6795.049068	342632.422	20004.996	68370.284
6843.934313	340161.369	19758.250	67964.347
6892.819558	336573.847	19681.853	67577.128
6941.704803	333613.397	19632.230	67291.906
6990.590048	332134.279	19484.671	67010.284
7039.475293	330599.344	19372.677	66680.208
7088.360538	328262.210	19308.551	66415.973
7137.245783	327450.014	19218.403	66061.937
7186.131028	326318.939	19139.849	65689.655
7235.016273	324332.396	19009.316	65306.313
7283.901518	321334.194	18969.071	65009.232
7332.786764	319029.702	18822.047	64581.976
7381.672009	315973.388	18733.901	64259.283
7430.557254	314275.481	18655.913	64008.136
7479.442499	311251.616	18492.818	63621.656
7528.327744	308412.284	18369.590	63337.673
7577.212989	307401.983	18206.045	63089.904
7626.098234	304145.710	18117.596	62768.364
7674.983479	301553.785	17978.658	62438.454
7723.868724	297039.119	17858.781	62142.478
7772.753969	293324.100	17708.270	61744.670
7821.639214	291431.204	17623.092	61480.529
7870.52446	290051.807	17490.339	61126.155
7919.409705	287400.769	17374.748	60750.845
7968.29495	283807.908	17201.676	60455.567
8017.180195	281071.633	17165.135	60168.502
8066.06544	277410.582	17081.437	59949.432
8114.950685	275680.235	17055.496	59722.071
8163.83593	274512.286	16932.322	59415.130
8212.721175	272900.065	16877.476	59140.551
8261.60642	271495.109	16793.705	58900.246
8310.491665	270190.399	16762.203	58663.676
8359.37691	267462.424	16616.450	58326.087
8408.262156	265142.235	16507.815	57960.026
8457.147401	263923.699	16437.096	57631.989
8506.032646	260756.335	16423.496	57433.809
8554.917891	259341.588	16396.337	57156.749
8603.803136	257102.404	16308.615	56901.032
8652.688381	256206.477	16228.934	56728.730
8701.573626	254046.846	16217.396	56410.152
8750.458871	250025.309	16138.200	56131.944
8799.344116	246815.998	16084.701	55898.175
8848.229361	245929.854	15979.425	55611.782
8897.114606	243878.324	15911.201	55362.193
8945.999852	242160.781	15842.681	55187.408
8994.885097	241475.503	15750.787	54920.601
9043.770342	239250.754	15690.066	54715.727
9092.655587	236699.398	15676.055	54457.587
9141.540832	235089.580	15634.974	54229.560
9190.426077	234048.040	15514.254	54023.480
9239.311322	233486.898	15493.269	53858.949
9288.196567	232404.433	15491.272	53657.480
9337.081812	229510.861	15515.875	53441.140
9385.967057	228232.698	15491.272	53170.160
9434.852302	226923.116	15479.347	52983.012
9483.737548	225136.213	15455.756	52765.618
9532.622793	224453.742	15364.597	52603.880
9581.508038	223436.280	15340.448	52483.757
9630.393283	222602.705	15349.445	52304.656
9679.278528	221724.674	15285.055	52062.672
9728.163773	220456.303	15185.284	51863.188
9777.049018	218275.452	15163.236	51681.707
9825.934263	217454.085	15096.843	51551.217
9874.819508	215814.718	15099.360	51409.144
9923.704753	213920.002	15045.946	51246.015
9972.589998	212997.346	15054.127	51088.087
10021.47524	211834.780	15042.589	50938.808
10070.36049	210390.791	14983.743	50789.503
10119.24573	208956.862	14977.708	50621.362
10168.13098	206565.586	14985.523	50401.183
10217.01622	205488.112	14985.523	50261.959
10265.90147	204526.712	14974.765	50115.659
10314.78671	203758.563	14952.397	49950.240
10363.67196	202641.256	14952.044	49826.540
10412.5572	201754.548	14912.061	49712.350
10461.44245	200345.071	14897.605	49551.523
10510.32769	199728.177	14836.727	49422.378
10559.21294	198446.338	14835.687	49326.279
10608.09818	197230.286	14854.877	49166.180
10656.98343	196306.028	14878.127	49039.549
10705.86867	195124.785	14847.349	48896.476
10754.75392	193832.402	14760.206	48737.041
10803.63916	192465.138	14703.268	48601.282
10852.52441	190621.738	14674.052	48473.057
10901.40966	190192.942	14637.767	48387.099
10950.2949	188894.032	14637.767	48249.601
10999.18015	187569.824	14635.379	48133.834
11048.06539	186510.853	14553.442	47931.085
11096.95064	185194.969	14559.259	47812.363
11145.83588	183442.584	14525.511	47709.981
11194.72113	183233.117	14481.221	47612.616
11243.60637	182187.522	14469.924	47464.432
11292.49162	181862.727	14481.221	47402.838
11341.37686	181742.363	14553.747	47316.414
11390.26211	180946.041	14579.079	47232.333
11439.14735	179705.044	14624.447	47095.888
11488.0326	179129.105	14604.273	46925.231
11536.91784	177863.871	14630.338	46826.467
11585.80309	177200.946	14604.273	46755.925
11634.68833	176848.551	14641.317	46660.406
11683.57358	174698.949	14651.666	46555.747
11732.45882	174500.373	14668.269	46458.971
11781.34407	173243.574	14651.666	46400.242
11830.22931	172867.822	14668.269	46352.080
11879.11456	172701.906	14651.666	46262.509
11927.9998	171728.357	14637.767	46146.534
11976.88505	170852.492	14644.389	46068.866
12025.77029	170605.941	14635.379	45981.659
12074.65554	169840.410	14545.679	45870.383
12123.54078	169507.178	14540.402	45808.659
12172.42603	168451.513	14529.997	45671.674
12221.31127	167608.742	14539.388	45596.102
12270.19652	167508.566	14559.259	45535.732
12319.08176	167349.841	14529.997	45476.250
12367.96701	166505.949	14529.997	45351.092
12416.85225	166081.483	14635.379	45282.669
12465.7375	165485.439	14651.666	45232.987
12514.62274	165075.688	14668.269	45187.354
12563.50799	165015.612	14637.767	45127.308
12612.39323	164167.922	14590.687	45058.707
12661.27848	163495.873	14590.687	44935.193
12710.16372	163412.165	14604.273	44874.429
12759.04897	163087.828	14604.273	44790.860
12807.93421	162396.779	14637.767	44732.014
12856.81946	161491.230	14651.666	44667.318
12905.7047	161009.949	14651.942	44547.577
12954.58995	160341.631	14651.942	44480.154
13003.47519	159586.893	14644.389	44437.706
13052.36044	159235.763	14653.077	44378.053
13101.24568	158126.610	14651.666	44267.593
13150.13093	157266.441	14694.345	44222.882
13199.01617	156728.588	14677.051	44169.389
13247.90142	156423.255	14691.204	44134.400
13296.78666	156315.441	14694.345	44084.012
13345.67191	155817.091	14719.650	44058.419
13394.55715	155241.885	14729.944	44034.873
13443.4424	154858.715	14729.944	44003.531
13492.32764	154477.529	14653.077	43978.494
13541.21289	153833.585	14674.052	43938.508
13590.09814	153334.472	14691.204	43909.905
13638.98338	153019.219	14691.204	43859.286
13687.86863	152008.239	14719.650	43818.141
13736.75387	151428.296	14751.443	43780.218
13785.63912	151327.336	14777.448	43735.489
13834.52436	151327.336	14804.139	43705.688
13883.40961	151012.644	14776.755	43692.884
13932.29485	150861.111	14798.535	43656.864
13981.1801	150511.983	14777.710	43575.940
14030.06534	149727.492	14776.755	43545.132
14078.95059	149334.270	14777.710	43522.765
14127.83583	149081.672	14779.674	43516.345
14176.72108	148394.985	14752.989	43461.497
14225.60632	147971.460	14804.139	43461.497
14274.49157	147564.777	14812.155	43455.165
14323.37681	147259.260	14816.787	43433.975
14372.26206	146778.792	14805.519	43420.501
14421.1473	146022.580	14804.865	43385.951
14470.03255	145435.788	14816.787	43394.879
14518.91779	144911.662	14819.952	43358.558
14567.80304	144769.141	14832.103	43325.676
14616.68828	144396.906	14857.063	43204.759
14665.57353	144228.441	14861.359	43163.609
14714.45877	143694.351	14872.829	43137.668
14763.34402	143027.948	14911.190	43109.321
14812.22926	142625.555	14910.419	43106.954
14861.11451	142339.787	14912.061	43111.870
14909.99975	142106.999	14928.724	43048.765
14958.885	141928.331	14932.159	43040.515
15007.77024	141880.742	14952.044	43029.720
15056.65549	141374.837	14952.044	43009.652
15105.54073	141004.258	14952.397	42984.885
15154.42598	140756.859	14955.858	42961.792
15203.31122	140194.028	14952.397	42944.837
15252.19647	139988.445	14973.567	42893.766
15301.08171	139988.445	14981.138	42881.774
15349.96696	139877.993	14979.571	42863.371
15398.8522	139004.690	14983.784	42854.580
15447.73745	138847.760	15013.463	42844.699
15496.62269	138613.917	14983.784	42810.893
15545.50794	138422.675	15033.249	42800.746
15594.39318	138403.770	15017.939	42793.548
15643.27843	137874.588	15026.653	42775.326
15692.16367	137748.565	15026.653	42770.050
15741.04892	137484.017	15017.939	42779.014
15789.93416	137352.024	15040.771	42775.326
15838.81941	137370.172	15038.328	42775.326
15887.70465	137244.317	15066.831	42778.141
15936.5899	137218.044	15068.446	42772.842
15985.47514	136935.078	15103.916	42815.237
16034.36039	136793.885	15125.047	42814.668
16083.24563	136616.724	15145.358	42808.746
16132.13088	136466.080	15155.360	42800.746
16181.01612	136479.392	15145.358	42793.548
16229.90137	136517.387	15180.528	42784.361
16278.78662	136479.392	15188.644	42793.548
16327.67186	136399.291	15188.644	42758.732
16376.55711	136241.268	15165.461	42729.280
16425.44235	135960.003	15155.360	42733.601
16474.3276	135931.493	15185.263	42751.437
16523.21284	135522.765	15197.149	42755.695
16572.09809	135499.905	15188.644	42729.280
16620.98333	134684.627	15207.706	42710.234
16669.86858	134645.624	15251.752	42720.474
16718.75382	134499.093	15280.462	42720.474
16767.63907	134411.348	15259.372	42730.673
16816.52431	134000.768	15256.036	42755.695
16865.40956	133978.260	15262.901	42772.842
16914.2948	133939.328	15280.818	42772.547
16963.18005	133785.627	15262.901	42775.311
17012.06529	133252.138	15281.896	42795.692
17060.95054	132640.626	15286.643	42785.942
17109.83578	133252.138	15316.014	42801.434
17158.72103	132878.936	15318.631	42808.746
17207.60627	132433.975	15322.100	42827.747
17256.49152	132398.222	15319.426	42824.954
17305.37676	132398.222	15319.426	42842.851
17354.26201	132250.773	15306.596	42843.179
17403.14725	132297.507	15346.474	42865.677
17452.0325	132132.576	15337.225	42865.677
17500.91774	132045.051	15346.474	42879.473
17549.80299	131887.730	15352.020	42871.841
17598.68823	131714.603	15352.020	42879.473
17647.57348	131461.108	15350.404	42873.746
17696.45872	130934.184	15350.404	42887.604
17745.34397	130834.614	15337.225	42900.727
17794.22921	130908.312	15350.404	42933.038
17843.11446	130830.470	15350.404	42934.176
17891.9997	130830.470	15340.448	42942.044
17940.88495	130600.725	15367.099	42970.340
17989.77019	130306.669	15377.037	42980.012
18038.65544	130286.225	15377.096	43009.652
18087.54068	130306.669	15377.037	43048.903
18136.42593	130834.614	15391.729	43062.990
18185.31117	130830.470	15377.037	43069.232
18234.19642	130615.627	15391.932	43081.288
18283.08166	130600.725	15412.705	43098.245
18331.96691	130600.725	15413.877	43112.340
18380.85215	130216.953	15425.811	43131.701
18429.7374	130176.800	15465.846	43138.251
18478.62264	129655.134	15472.557	43147.957
18527.50789	129898.130	15483.123	43163.609
18576.39313	129655.134	15495.749	43217.860
18625.27838	129660.185	15539.845	43284.754
18674.16362	129660.185	15495.749	43321.736
18723.04887	129655.134	15495.749	43327.674
18771.93411	129467.182	15512.649	43345.249
18820.81936	129308.676	15512.657	43335.378
18869.7046	129365.554	15512.649	43343.861
18918.58985	129365.554	15512.657	43364.952
18967.4751	129284.166	15541.663	43364.952
19016.36034	129087.088	15550.440	43385.951
19065.24559	129116.876	15612.569	43407.416
19114.13083	129284.166	15640.693	43411.407
19163.01608	129087.088	15648.743	43437.050
19211.90132	129116.876	15658.640	43477.041
19260.78657	129116.876	15659.501	43486.533
19309.67181	129284.166	15699.333	43492.952
19358.55706	129284.166	15720.270	43516.814
19407.4423	129312.166	15725.814	43522.765
19456.32755	129312.166	15757.399	43555.904
19505.21279	129467.182	15757.399	43586.549
19554.09804	129510.062	15738.957	43617.638
19602.98328	129467.182	15784.199	43645.553
19651.86853	129510.062	15799.753	43648.831
19700.75377	129510.062	15830.931	43656.864
19749.63902	129570.777	15891.034	43691.760
19798.52426	130145.507	15891.034	43711.266
19847.40951	130106.728	15908.773	43726.684
19896.29475	130031.537	15910.175	43778.968
19945.18	129587.007	15916.313	43809.124
19994.06524	129510.062	15940.879	43824.629
20042.95049	129570.777	15953.538	43838.516
20091.83573	129467.182	15980.707	43857.532
20140.72098	129506.413	15997.317	43879.994
20189.60622	129510.062	16023.830	43897.814
20238.49147	129506.413	16059.472	43902.602
20287.37671	129494.273	16077.417	43909.905
20336.26196	129467.182	16127.616	43957.067
20385.1472	129467.182	16199.083	43976.969
20434.03245	129494.273	16228.744	43994.960
20482.91769	129467.182	16228.744	44014.712
20531.80294	129284.166	16237.873	44039.522
20580.68818	129312.166	16243.536	44066.212
20629.57343	129494.273	16237.873	44090.978
20678.45867	129570.777	16247.276	44127.474
20727.34392	129494.273	16297.995	44174.606
20776.22916	129649.798	16330.353	44197.132
20825.11441	129655.134	16343.351	44233.610
20873.99965	130106.728	16366.850	44265.204
20922.8849	130176.800	16396.155	44314.963
20971.77014	130216.953	16416.003	44326.298
21020.65539	130176.800	16441.963	44389.470
21069.54063	130062.928	16509.552	44405.691
21118.42588	130168.100	16513.346	44427.364
21167.31112	130216.953	16534.046	44445.064
21216.19637	130216.953	16534.046	44454.014
21265.08161	130264.483	16557.453	44481.203
21313.96686	130216.953	16552.570	44488.396
21362.8521	130554.307	16581.103	44520.331
21411.73735	130554.307	16600.242	44547.577
21460.62259	130702.685	16642.509	44575.466
21509.50784	130702.685	16678.897	44615.288
21558.39308	130264.483	16684.788	44647.541
21607.27833	130702.685	16758.250	44677.499
21656.16357	130554.307	16759.454	44687.942
21705.04882	130600.725	16782.771	44714.574
21753.93407	130554.307	16780.652	44721.699
21802.81931	130286.225	16785.398	44728.989
21851.70456	130449.994	16780.652	44747.940
21900.5898	130264.483	16780.652	44769.984
21949.47505	130264.483	16785.398	44787.702
21998.36029	130286.225	16816.770	44805.807
22047.24554	130554.307	16826.312	44833.573
22096.13078	130702.685	16827.072	44879.491
22145.01603	130600.725	16835.411	44893.298
22193.90127	130876.720	16843.587	44921.838
22242.78652	130908.312	16842.864	44949.524
22291.67176	131012.032	16858.589	44979.019
22340.55701	130934.184	16879.548	45016.037
22389.44225	131012.032	16882.306	45054.136
22438.3275	131014.655	16901.961	45104.933
22487.21274	131070.937	16924.279	45135.923
22536.09799	131099.294	16947.994	45162.007
22584.98323	131070.937	16970.371	45203.187
22633.86848	131311.747	16984.082	45225.496
22682.75372	131181.792	17024.390	45277.839
22731.63897	131221.339	17051.390	45288.237
22780.52421	131070.937	17064.340	45314.416
22829.40946	131446.818	17064.428	45361.583
22878.2947	131513.215	17064.889	45384.663
22927.17995	131534.821	17078.489	45403.315
22976.06519	131585.595	17107.929	45460.893
23024.95044	131580.026	17137.986	45511.209
23073.83568	131609.594	17144.234	45539.348
23122.72093	131618.445	17146.309	45560.004
23171.60617	131644.755	17154.750	45600.645
23220.49142	131843.603	17152.031	45623.774
23269.37666	132045.051	17152.031	45630.921
23318.26191	132072.357	17163.607	45644.488
23367.14715	132045.051	17183.608	45674.471
23416.0324	132045.051	17231.977	45687.563
23464.91764	132045.051	17244.023	45744.764
23513.80289	132072.357	17248.741	45795.020
23562.68813	132045.051	17265.215	45807.679
23611.57338	132072.357	17265.215	45853.400
23660.45862	132122.170	17305.460	45913.708
23709.34387	132297.507	17303.464	45946.656
23758.22911	132364.023	17327.517	46005.488
23807.11436	132421.465	17332.810	46040.425
23855.9996	132615.010	17342.751	46089.212
23904.88485	132642.269	17373.081	46123.706
23953.77009	132642.269	17406.204	46173.515
24002.65534	132642.269	17416.193	46196.854
24051.54058	132877.587	17435.325	46216.891
24100.42583	133290.908	17457.448	46240.258
24149.31107	133441.327	17462.654	46290.923
24198.19632	133487.726	17463.118	46339.953
24247.08156	133441.327	17484.186	46360.826
24295.96681	133679.083	17489.359	46394.602
24344.85205	133825.641	17516.343	46446.657
24393.7373	133876.513	17521.091	46520.051
24442.62255	133857.831	17540.720	46538.355
24491.50779	133939.328	17561.359	46566.667
24540.39304	133939.328	17591.397	46631.717
24589.27828	133944.508	17606.717	46652.041
24638.16353	133945.405	17623.510	46687.133
24687.04877	134150.646	17660.239	46741.832
24735.93402	134186.103	17670.771	46778.510
24784.81926	134411.348	17679.919	46821.461
24833.70451	134441.723	17716.154	46865.860
24882.58975	134551.989	17752.243	46925.904
24931.475	134592.157	17755.654	46973.879
24980.36024	134627.809	17798.178	47022.590
25029.24549	134635.803	17832.653	47057.895
25078.13073	135128.366	17886.650	47092.809
25127.01598	135239.353	17943.496	47139.789
25175.90122	135455.691	17955.386	47192.512
25224.78647	135511.037	17957.495	47215.825
25273.67171	135818.029	18019.408	47228.898
25322.55696	135811.868	18054.226	47276.681
25371.4422	135811.868	18073.091	47319.499
25420.32745	135963.904	18097.804	47355.294
25469.21269	135999.114	18132.539	47387.822
25518.09794	136057.032	18137.470	47428.261
25566.98318	136123.239	18132.539	47458.007
25615.86843	135999.114	18132.539	47478.687
25664.75367	136123.239	18171.184	47532.592
25713.63892	136293.014	18183.333	47569.815
25762.52416	136457.167	18174.985	47613.406
25811.40941	136440.971	18183.333	47652.865
25860.29465	136457.167	18201.052	47696.617
25909.1799	136479.392	18226.729	47723.593
25958.06514	136479.392	18260.301	47768.651
26006.95039	136466.080	18281.066	47791.917
26055.83563	136719.158	18281.066	47862.822
26104.72088	136719.158	18290.881	47897.297
26153.60612	137034.931	18300.880	47962.125
26202.49137	137034.931	18353.624	47976.069
26251.37661	137167.191	18386.856	48034.335
26300.26186	137196.581	18394.894	48060.151
26349.1471	137196.581	18444.615	48131.597
26398.03235	137256.637	18485.260	48143.495
26446.91759	137577.732	18487.745	48166.901
26495.80284	137577.732	18529.458	48193.604
26544.68808	137864.351	18553.510	48239.503
26593.57333	138289.401	18568.812	48257.591
26642.45857	138289.240	18608.465	48278.719
26691.34382	138406.072	18631.005	48315.889
26740.22906	138551.764	18653.675	48361.295
26789.11431	138615.638	18703.293	48405.558
26837.99955	138431.517	18720.608	48460.318
26886.8848	138615.638	18729.846	48493.459
26935.77004	139028.542	18780.911	48533.885
26984.65529	139107.980	18796.371	48577.528
27033.54053	139325.847	18807.091	48630.422
27082.42578	139757.798	18842.374	48668.391
27131.31103	140028.451	18847.318	48717.648
27180.19627	140389.436	18856.259	48753.565
27229.08152	140409.899	18884.285	48783.257
27277.96676	140909.392	18899.666	48807.105
27326.85201	140939.714	18929.172	48860.711
27375.73725	140939.714	18966.816	48888.774
27424.6225	141211.054	18998.994	48930.456
27473.50774	141296.539	19066.779	48964.513
27522.39299	141473.311	19088.357	49005.369
27571.27823	141430.019	19091.032	49046.878
27620.16348	141498.255	19152.925	49067.045
27669.04872	142005.854	19214.530	49104.686
27717.93397	142005.854	19268.115	49150.648
27766.81921	142046.607	19297.269	49194.979
27815.70446	142142.927	19354.055	49247.608
27864.5897	142232.200	19432.362	49277.695
27913.47495	142574.798	19456.514	49336.181
27962.36019	142775.738	19468.304	49344.528
28011.24544	142775.738	19472.775	49375.768
28060.13068	142775.738	19475.841	49409.898
28109.01593	142907.598	19532.848	49457.913
28157.90117	143051.631	19594.180	49495.450
28206.78642	143228.809	19641.296	49533.624
28255.67166	143361.507	19657.615	49608.830
28304.55691	143434.592	19693.155	49645.503
28353.44215	143434.592	19735.593	49689.808
28402.3274	143641.315	19786.478	49723.943
28451.21264	143756.051	19842.483	49772.262
28500.09789	143547.905	19869.878	49795.916
28548.98313	143756.051	19927.742	49831.712
28597.86838	143641.315	19935.705	49848.472
28646.75362	143806.101	19974.360	49888.406
28695.63887	143911.161	20017.200	49921.773
28744.52411	143942.026	20043.303	49951.882
28793.40936	144041.328	20060.225	49972.942
28842.2946	144225.038	20099.888	49993.356
28891.17985	144268.480	20111.922	50021.836
28940.06509	144318.365	20139.400	50038.532
28988.95034	144329.047	20178.082	50073.093
29037.83558	144444.363	20196.941	50107.704
29086.72083	144618.935	20215.959	50144.090
29135.60607	144618.935	20256.792	50175.796
29184.49132	144953.514	20215.959	50237.571
29233.37656	145022.003	20256.897	50261.959
29282.26181	145058.554	20290.014	50309.869
29331.14705	145317.965	20304.225	50358.663
29380.0323	145627.709	20351.779	50383.761
29428.91754	145924.379	20353.008	50451.991
29477.80279	145953.649	20365.444	50512.473
29526.68803	146335.223	20412.527	50554.668
29575.57328	146340.314	20435.964	50603.652
29624.45852	146372.477	20436.809	50635.102
29673.34377	146372.477	20441.088	50675.538
29722.22901	146612.923	20451.769	50739.551
29771.11426	146612.923	20451.769	50754.395
29819.99951	146630.213	20466.750	50773.569
29868.88475	146735.599	20492.457	50781.867
29917.77	146735.599	20516.850	50834.718
29966.65524	146934.681	20517.140	50839.185
30015.54049	146938.913	20530.853	50869.044
30064.42573	147072.484	20544.256	50891.469
30113.31098	147201.464	20560.088	50924.788
30162.19622	147291.370	20620.878	50959.634
30211.08147	147411.637	20648.816	51011.483
30259.96671	147680.012	20699.414	51048.836
30308.85196	148086.981	20778.361	51103.792
30357.7372	148131.313	20806.050	51130.527
30406.62245	148131.313	20820.282	51161.510
30455.50769	148285.695	20820.282	51195.130
30504.39294	148621.243	20890.136	51213.430
30553.27818	148697.347	20890.136	51250.251
30602.16343	148743.083	20890.164	51278.513
30651.04867	148762.605	20912.417	51298.333
30699.93392	149000.841	20940.132	51315.947
30748.81916	149198.398	20981.327	51372.159
30797.70441	149202.741	20989.561	51400.458
30846.58965	149366.246	20999.565	51423.793
30895.4749	149742.250	20999.677	51463.231
30944.36014	149778.680	21039.855	51494.380
30993.24539	149897.365	21074.291	51511.771
31042.13063	150161.188	21080.914	51538.151
31091.01588	150230.477	21126.742	51549.913
31139.90112	150212.884	21145.774	51569.575
31188.78637	150212.884	21184.199	51592.224
31237.67161	150230.477	21184.199	51616.196
31286.55686	150358.364	21192.920	51655.433
31335.4421	150358.364	21233.044	51675.324
31384.32735	150458.192	21256.042	51729.074
31433.21259	150578.904	21262.888	51773.859
31482.09784	150650.509	21312.057	51801.836
31530.98308	150745.031	21376.310	51815.826
31579.86833	150787.396	21388.437	51848.407
31628.75357	150853.264	21396.194	51891.627
31677.63882	150958.505	21420.509	51904.598
31726.52406	150970.849	21444.462	51929.856
31775.40931	151201.199	21474.871	51943.141
31824.29455	151051.857	21492.257	51968.420
31873.1798	150970.849	21508.502	52012.806
31922.06504	151051.857	21515.915	52038.920
31970.95029	151281.429	21539.802	52058.695
32019.83553	151464.823	21555.661	52075.023
32068.72078	152044.793	21559.370	52103.156
32117.60602	152151.654	21562.344	52136.979
32166.49127	152188.141	21562.344	52161.346
32215.37651	152331.368	21605.123	52192.411
32264.26176	152554.539	21613.632	52218.458
32313.147	152600.151	21636.993	52218.663
32362.03225	152767.475	21663.825	52241.517
32410.91749	152954.755	21687.390	52293.488
32459.80274	152954.755	21706.061	52324.031
32508.68799	152974.066	21748.375	52337.280
32557.57323	152974.066	21767.166	52359.798
32606.45848	152965.339	21773.585	52377.964
32655.34372	152965.339	21791.031	52395.080
32704.22897	152974.066	21818.202	52411.708
32753.11421	153069.200	21833.288	52440.287
32801.99946	153038.102	21834.256	52447.157
32850.8847	153205.714	21848.911	52464.561
32899.76995	153205.714	21865.035	52473.131
32948.65519	153205.714	21871.256	52491.694
32997.54044	153334.472	21897.723	52514.894
33046.42568	153489.023	21903.262	52550.957
33095.31093	153544.306	21916.709	52573.738
33144.19617	153714.641	21924.336	52603.364
33193.08142	153714.641	21943.475	52627.939
33241.96666	153957.995	21986.347	52658.478
33290.85191	154139.200	21989.872	52708.691
33339.73715	154198.802	22015.626	52729.765
33388.6224	154316.896	22041.079	52750.951
33437.50764	154342.588	22055.341	52774.389
33486.39289	154342.588	22067.096	52803.239
33535.27813	154342.588	22091.110	52828.545
33584.16338	154575.326	22122.076	52841.917
33633.04862	154575.326	22129.424	52875.576
33681.93387	154830.037	22153.712	52913.514
33730.81911	154856.830	22165.833	52947.473
33779.70436	154830.037	22181.165	52964.313
33828.5896	154830.037	22188.810	52988.434
33877.47485	154858.943	22196.795	52999.822
33926.36009	154856.830	22196.795	53007.386
33975.24534	154858.943	22202.922	53036.133
34024.13058	154925.568	22241.925	53058.588
34073.01583	154945.608	22241.925	53091.681
34121.90107	154925.568	22255.775	53112.714
34170.78632	154945.608	22296.432	53128.714
34219.67156	155295.249	22310.818	53162.274
34268.55681	155295.249	22331.385	53176.842
34317.44205	155475.940	22337.684	53218.598
34366.3273	155482.873	22378.399	53235.902
34415.21254	155529.650	22401.101	53266.733
34464.09779	155532.544	22402.466	53310.245
34512.98303	155532.544	22414.631	53327.934
34561.86828	155738.518	22436.244	53352.753
34610.75352	155738.518	22452.966	53370.259
34659.63877	155627.702	22458.693	53388.702
34708.52401	155738.518	22481.993	53397.206
34757.40926	155875.120	22507.869	53416.345
34806.2945	155875.120	22519.464	53442.710
34855.17975	155899.328	22522.745	53445.790
34904.06499	156054.381	22550.784	53461.902
34952.95024	156067.445	22564.555	53491.862
35001.83548	156391.484	22584.087	53530.263
35050.72073	156607.257	22568.527	53532.509
35099.60597	156742.708	22591.343	53559.057
35148.49122	156746.603	22614.605	53576.037
35197.37646	156904.428	22621.982	53595.091
35246.26171	156923.697	22621.982	53605.211
35295.14696	157027.763	22662.274	53628.934
35344.0322	157047.114	22662.274	53642.416
35392.91745	157257.553	22664.848	53660.167
35441.80269	157310.776	22684.213	53683.297
35490.68794	157312.555	22707.891	53725.114
35539.57318	157331.613	22751.505	53733.135
35588.45843	157397.089	22751.505	53772.371
35637.34367	157623.127	22773.946	53776.308
35686.22892	157545.937	22773.946	53789.439
35735.11416	157623.127	22780.873	53794.193
35783.99941	157545.937	22781.889	53800.279
35832.88465	157681.763	22789.193	53814.345
35881.7699	157681.763	22792.334	53814.810
35930.65514	157764.463	22800.820	53861.806
35979.54039	157764.463	22814.997	53877.502
36028.42563	157764.463	22821.500	53884.004
36077.31088	157764.463	22867.339	53925.865
36126.19612	157863.134	22880.089	53961.368
36175.08137	157863.134	22912.229	53973.011
36223.96661	158197.627	22886.694	53984.918
36272.85186	157863.134	22912.229	53997.619
36321.7371	158293.780	22916.383	54035.390
36370.62235	158293.780	22940.638	54036.393
36419.50759	158739.725	22953.901	54064.360
36468.39284	158780.295	22969.361	54087.775
36517.27808	158963.458	22990.406	54095.371
36566.16333	159125.296	22998.193	54098.830
36615.04857	159125.296	23001.314	54100.102
36663.93382	159199.100	23003.650	54110.188
36712.81906	159363.736	23009.286	54122.820
36761.70431	159386.639	23020.338	54136.690
36810.58955	159582.783	23028.911	54146.771
36859.4748	159582.783	23060.575	54159.771
36908.36004	159802.441	23061.415	54172.467
36957.24529	159900.664	23062.996	54178.899
37006.13053	159900.664	23063.163	54202.060
37055.01578	159947.362	23063.163	54209.593
37103.90102	159802.441	23071.590	54223.510
37152.78627	159802.441	23077.274	54236.087
37201.67151	159582.783	23077.274	54247.607
37250.55676	159467.109	23077.274	54271.062
37299.442	159802.441	23094.506	54313.403
37348.32725	159947.362	23095.045	54324.198
37397.21249	159965.445	23101.130	54343.195
37446.09774	159965.445	23126.797	54343.813
37494.98298	159965.445	23127.726	54362.607
37543.86823	160029.186	23141.884	54374.675
37592.75347	160048.123	23139.825	54380.657
37641.63872	160048.123	23127.726	54390.978
37690.52396	160048.123	23145.383	54400.069
37739.40921	160048.123	23145.895	54406.088
37788.29445	160029.186	23147.811	54418.539
37837.1797	160152.329	23189.722	54432.460
37886.06494	160340.822	23190.191	54434.872
37934.95019	160340.822	23199.135	54451.553
37983.83544	160152.329	23199.135	54466.329
38032.72068	160152.329	23194.654	54476.185
38081.60593	160152.329	23194.654	54481.766
38130.49117	160340.822	23190.191	54481.766
38179.37642	160385.224	23199.135	54496.890
38228.26166	160385.224	23210.369	54500.320
38277.14691	160692.001	23213.195	54511.330
38326.03215	160820.680	23244.204	54531.652
38374.9174	160783.237	23261.319	54537.770
38423.80264	160936.660	23261.319	54543.516
38472.68789	160936.660	23287.077	54550.803
38521.57313	160936.660	23287.077	54551.199
38570.45838	160959.016	23297.512	54557.195
38619.34362	160982.449	23303.495	54567.722
38668.22887	161249.475	23303.495	54574.727
38717.11411	161281.829	23307.622	54589.441
38765.99936	161281.829	23313.306	54603.797
38814.8846	161352.721	23328.460	54617.847
38863.76985	161559.768	23329.531	54628.302
38912.65509	161559.768	23329.531	54631.023
38961.54034	161674.557	23352.370	54635.710
39010.42558	161689.535	23353.449	54648.836
39059.31083	161713.634	23356.598	54654.561
39108.19607	161791.925	23357.920	54687.585
39157.08132	161791.925	23360.887	54699.947
39205.96656	161820.039	23364.010	54715.727
39254.85181	161820.039	23364.010	54732.521
39303.73705	161851.292	23369.270	54750.421
39352.6223	161820.039	23372.150	54755.623
39401.50754	161820.039	23393.145	54762.103
39450.39279	161820.039	23393.813	54777.215
39499.27803	161820.039	23393.813	54787.522
39548.16328	161791.925	23406.711	54802.404
39597.04852	161820.039	23406.711	54805.389
39645.93377	161851.292	23414.440	54803.712
39694.81901	161851.292	23440.119	54815.615
39743.70426	161889.283	23444.030	54824.625
39792.5895	161889.283	23460.085	54841.797
39841.47475	161889.283	23460.763	54868.339
39890.35999	162082.600	23466.048	54868.730
39939.24524	162082.600	23460.763	54871.508
39988.13048	161889.283	23466.048	54871.508
40037.01573	161889.283	23471.498	54871.508
40085.90097	161889.283	23477.903	54874.196
40134.78622	162082.600	23477.903	54881.598
40183.67146	162082.600	23483.478	54895.243
40232.55671	162101.864	23486.552	54899.831
40281.44195	162101.864	23492.200	54905.384
40330.3272	162195.288	23505.745	54910.104
40379.21244	162195.949	23506.987	54925.707
40428.09769	162264.391	23506.987	54925.707
40476.98293	162264.391	23515.516	54945.042
40525.86818	162195.949	23522.471	54948.338
40574.75342	162195.949	23528.874	54956.241
40623.63867	162264.391	23528.874	54961.144
40672.52392	162264.391	23527.412	54972.910
40721.40916	162307.914	23528.874	54978.543
40770.29441	162320.778	23529.991	55002.525
40819.17965	162348.268	23536.816	55009.711
40868.0649	162388.981	23536.816	55010.847
40916.95014	162388.981	23536.816	55012.860
40965.83539	162388.981	23536.816	55030.126
41014.72063	162388.981	23536.816	55040.295
41063.60588	162596.101	23536.816	55040.295
41112.49112	162596.101	23549.529	55055.126
41161.37637	162649.424	23549.529	55058.169
41210.26161	162723.286	23558.892	55074.760
41259.14686	162723.286	23572.094	55083.468
41308.0321	162723.286	23579.712	55102.840
41356.91735	162992.056	23581.206	55108.966
41405.80259	162992.056	23592.470	55111.913
41454.68784	162992.056	23592.470	55111.913
41503.57308	162856.939	23581.206	55112.178
41552.45833	163026.892	23581.206	55117.942
41601.34357	163040.273	23581.206	55133.692
41650.22882	163140.239	23581.206	55147.792
41699.11406	163214.349	23581.206	55157.917
41747.99931	163227.831	23598.699	55158.043
41796.88455	163370.594	23627.850	55158.960
41845.7698	163372.116	23639.741	55164.039
41894.65504	163391.841	23648.357	55182.872
41943.54029	163391.841	23648.357	55184.594
41992.42553	163391.841	23651.704	55192.875
42041.31078	163391.841	23651.704	55192.921
42090.19602	163391.841	23651.704	55193.405
42139.08127	163391.841	23651.704	55196.535
42187.96651	163467.326	23663.123	55206.795
42236.85176	163467.326	23669.492	55207.852
42285.737	163467.326	23681.539	55211.245
42334.62225	163480.716	23707.983	55219.630
42383.50749	163480.716	23707.983	55227.759
42432.39274	163480.716	23707.983	55227.759
42481.27798	163687.232	23707.983	55228.770
42530.16323	163687.232	23707.983	55235.255
42579.04847	163687.232	23707.983	55235.255
42627.93372	163480.716	23711.219	55230.764
42676.81896	163480.716	23725.451	55241.553
42725.70421	163480.716	23725.451	55257.520
42774.58945	163480.716	23732.053	55269.190
42823.4747	163480.716	23751.780	55275.311
42872.35994	163687.232	23751.780	55275.311
42921.24519	163687.232	23751.780	55281.123
42970.13043	163765.652	23754.844	55283.472
43019.01568	163765.652	23774.225	55291.902
43067.90092	163892.538	23778.853	55291.902
43116.78617	163892.538	23778.853	55285.535
43165.67141	163892.538	23778.853	55292.725
43214.55666	164056.453	23785.782	55292.725
43263.4419	164056.453	23785.782	55302.086
43312.32715	164056.453	23792.766	55300.930
43361.2124	164056.485	23793.833	55308.001
43410.09764	164056.485	23799.349	55308.009
43458.98289	164093.950	23801.246	55338.167
43507.86813	164093.950	23801.246	55338.167
43556.75338	164093.950	23801.246	55351.606
43605.63862	164093.950	23802.017	55352.733
43654.52387	164056.485	23818.158	55353.949
43703.40911	164056.485	23818.158	55357.215
43752.29436	164056.485	23829.964	55366.642
43801.1796	164056.485	23829.964	55372.004
43850.06485	164056.485	23836.159	55380.153
43898.95009	164094.203	23836.159	55384.256
43947.83534	164094.203	23845.823	55384.690
43996.72058	164094.203	23845.823	55388.702
44045.60583	164094.203	23846.508	55388.702
44094.49107	164130.881	23846.508	55393.334
44143.37632	164130.881	23846.508	55400.691
44192.26156	164130.881	23846.508	55401.975
44241.14681	164195.440	23846.508	55401.975
44290.03205	164130.881	23846.508	55407.264
44338.9173	164094.203	23846.508	55403.772
44387.80254	164094.203	23845.823	55409.438
44436.68779	164195.440	23845.823	55414.936
44485.57303	164245.617	23845.823	55419.218
44534.45828	164245.617	23845.823	55419.611
44583.34352	164245.617	23846.508	55429.861
44632.22877	164245.617	23873.207	55434.129
44681.11401	164245.617	23874.161	55439.070
44729.99926	164245.617	23885.430	55457.153
44778.8845	164245.617	23885.430	55451.877
44827.76975	164269.955	23885.430	55461.164
44876.65499	164278.787	23885.430	55466.210
44925.54024	164278.787	23885.430	55466.524
44974.42548	164420.330	23874.161	55470.916
45023.31073	164420.330	23874.161	55470.916
45072.19597	164420.330	23885.430	55477.640
45121.08122	164501.812	23885.430	55478.759
45169.96646	164602.815	23885.430	55487.152
45218.85171	164602.815	23885.430	55488.754
45267.73695	164602.815	23885.430	55490.915
45316.6222	164602.815	23885.430	55499.117
45365.50744	164602.815	23885.430	55503.782
45414.39269	164602.815	23893.083	55509.215
45463.27793	164602.815	23893.083	55509.215
45512.16318	164602.815	23896.584	55509.215
45561.04842	164602.815	23893.083	55509.811
45609.93367	164602.815	23893.083	55511.124
45658.81891	164602.815	23893.083	55511.124
45707.70416	164602.815	23893.083	55515.047
45756.5894	164602.815	23893.083	55515.047
45805.47465	164602.815	23896.584	55525.581
45854.35989	164856.310	23896.584	55526.160
45903.24514	164856.310	23897.122	55531.501
45952.13038	164856.310	23897.122	55534.068
46001.01563	164856.310	23897.122	55545.546
46049.90088	164602.815	23900.080	55548.320
46098.78612	164602.815	23902.821	55555.902
46147.67137	164501.812	23902.821	55555.902
46196.55661	164602.815	23907.209	55556.585
46245.44186	164602.815	23909.638	55556.819
46294.3271	164602.815	23909.638	55555.902
46343.21235	164602.815	23911.750	55555.902
46392.09759	164602.815	23911.750	55555.902
46440.98284	164602.815	23911.831	55556.585
46489.86808	164602.815	23911.831	55564.228
46538.75333	164602.815	23911.831	55569.136
46587.63857	164602.815	23925.300	55564.228
46636.52382	164602.815	23925.300	55570.003
46685.40906	164602.815	23911.831	55570.003
46734.29431	164602.815	23911.831	55575.027
46783.17955	164602.815	23911.831	55575.627
46832.0648	164684.824	23911.750	55576.190
46880.95004	164684.824	23911.750	55578.254
46929.83529	164856.310	23911.750	55579.092
46978.72053	164856.310	23911.750	55579.092
47027.60578	164856.310	23911.750	55586.311
47076.49102	164856.310	23911.750	55579.092
47125.37627	164858.116	23911.750	55587.853
47174.26151	164858.279	23911.750	55591.452
47223.14676	165107.773	23911.750	55587.853
47272.032	165107.773	23911.750	55587.853
47320.91725	165107.773	23911.750	55593.780
47369.80249	165109.093	23909.638	55597.527
47418.68774	165109.093	23907.209	55599.100
47467.57298	165109.093	23907.209	55598.354
47516.45823	165109.093	23907.209	55599.100
47565.34347	165109.093	23907.209	55599.216
47614.22872	165109.093	23907.209	55599.216
47663.11396	165109.093	23907.209	55600.520
47711.99921	165109.093	23907.209	55600.520
47760.88445	165109.093	23909.638	55601.208
47809.7697	165109.093	23909.638	55601.208
47858.65494	165109.093	23909.638	55601.208
47907.54019	165109.093	23909.638	55606.828
47956.42543	165109.093	23909.638	55616.675
48005.31068	165109.093	23907.209	55616.231
48054.19592	165109.093	23907.209	55616.231
48103.08117	165109.093	23907.209	55616.231
48151.96641	165109.093	23907.209	55616.231
48200.85166	165109.093	23907.209	55606.828
48249.7369	165196.337	23907.209	55606.828
48298.62215	165196.337	23907.209	55616.231
48347.50739	165196.337	23907.209	55606.828
48396.39264	165196.337	23907.209	55606.828
48445.27788	165196.337	23907.209	55606.828
48494.16313	165196.337	23907.209	55606.828
48543.04837	165196.337	23907.209	55616.675
48591.93362	165277.520	23909.638	55621.232
48640.81886	165277.520	23909.638	55621.232
48689.70411	165277.520	23909.638	55627.007
48738.58935	165277.520	23909.638	55627.007
48787.4746	165277.520	23909.638	55627.007
48836.35985	165277.520	23909.638	55627.007
48885.24509	165277.520	23909.638	55627.007
48934.13034	165277.520	23909.638	55628.911
48983.01558	165277.520	23909.638	55632.774
49031.90083	165196.337	23909.638	55632.774
49080.78607	165196.337	23909.638	55632.774
49129.67132	165277.520	23909.638	55637.040
49178.55656	165277.520	23909.638	55655.457
49227.44181	165277.520	23909.638	55632.774
49276.32705	165277.520	23909.638	55637.040
49325.2123	165277.520	23909.638	55632.774
49374.09754	165277.520	23909.638	55632.774
49422.98279	165288.183	23909.638	55632.774
49471.86803	165288.183	23907.209	55632.774
49520.75328	165288.183	23907.209	55632.774
49569.63852	165288.183	23907.209	55627.007
49618.52377	165288.183	23907.209	55628.911
49667.40901	165332.821	23907.209	55628.911
49716.29426	165388.295	23907.209	55627.007
49765.1795	165473.598	23907.209	55627.007
49814.06475	165473.598	23909.638	55632.774
49862.94999	165473.598	23909.638	55632.774
49911.83524	165473.598	23909.638	55628.911
49960.72048	165473.598	23909.638	55632.774
50009.60573	165473.598	23909.638	55632.774
50058.49097	165473.598	23909.638	55632.774
50107.37622	165473.598	23909.638	55655.457
50156.26146	165473.598	23909.638	55656.253
50205.14671	165544.876	23909.638	55657.595
50254.03195	165629.797	23909.638	55660.110
50302.9172	165629.797	23909.638	55662.962
50351.80244	165629.797	23909.638	55662.962
50400.68769	165640.616	23909.638	55660.110
50449.57293	165640.616	23909.638	55662.962
50498.45818	165694.058	23909.638	55668.493
50547.34342	165760.642	23909.638	55668.493
50596.22867	165760.642	23909.638	55668.493
50645.11391	165760.642	23909.638	55669.186
50693.99916	165760.642	23909.638	55672.202
50742.8844	165840.189	23909.638	55676.179
50791.76965	165840.189	23909.638	55676.179
50840.65489	165840.189	23909.638	55676.179
50889.54014	165840.189	23909.638	55676.179
50938.42538	165840.189	23909.638	55676.179
50987.31063	165840.189	23909.638	55674.944
51036.19587	165840.189	23909.638	55676.179
51085.08112	165840.189	23909.638	55676.179
51133.96636	165840.189	23909.638	55685.721
51182.85161	165844.162	23909.638	55685.721
51231.73685	165841.555	23909.638	55685.721
51280.6221	165841.555	23909.638	55685.721
51329.50734	165841.555	23909.638	55685.721
51378.39259	165841.555	23909.638	55685.721
51427.27783	165841.555	23909.638	55691.769
51476.16308	165841.555	23909.638	55691.769
51525.04833	165841.555	23909.638	55691.769
51573.93357	165841.555	23909.638	55691.769
51622.81882	165841.555	23909.638	55691.769
51671.70406	165841.555	23909.638	55691.769
51720.58931	165841.555	23909.638	55689.986
51769.47455	165841.555	23909.638	55689.986
51818.3598	165841.555	23909.638	55691.769
51867.24504	165841.555	23909.638	55692.888
51916.13029	165841.555	23909.638	55692.888
51965.01553	165841.555	23909.638	55692.888
52013.90078	165841.555	23911.750	55692.888
52062.78602	165841.555	23911.750	55692.888
52111.67127	165841.555	23911.750	55692.888
52160.55651	165841.555	23911.831	55692.888
52209.44176	165841.555	23911.831	55692.888
52258.327	165841.555	23911.831	55692.888
52307.21225	165841.555	23911.831	55693.338
52356.09749	165841.555	23911.831	55693.338
52404.98274	165841.555	23925.300	55694.780
52453.86798	165841.555	23925.300	55693.338
52502.75323	165841.555	23925.300	55693.338
52551.63847	165841.555	23911.831	55694.780
52600.52372	165844.162	23911.831	55694.780
52649.40896	165844.162	23911.831	55694.780
52698.29421	165844.162	23911.831	55694.780
52747.17945	165844.162	23911.831	55694.780
52796.0647	165844.162	23911.831	55694.780
52844.94994	165961.013	23911.831	55695.419
52893.83519	165961.013	23911.831	55695.419
52942.72043	165961.013	23911.831	55695.419
52991.60568	165961.013	23911.831	55702.007
53040.49092	165844.162	23911.831	55698.600
53089.37617	165844.162	23925.300	55702.206
53138.26141	165844.162	23925.300	55702.007
53187.14666	165844.162	23925.300	55702.007
53236.0319	165844.162	23925.300	55702.206
53284.91715	165844.162	23925.300	55702.206
53333.80239	165844.162	23925.300	55705.117
53382.68764	165844.162	23925.300	55705.117
53431.57288	165844.162	23925.300	55705.117
53480.45813	165844.162	23925.300	55705.117
53529.34337	165844.162	23925.300	55706.909
53578.22862	165844.162	23925.300	55706.909
53627.11386	165844.162	23925.300	55706.909
53675.99911	165844.162	23925.300	55707.922
53724.88435	165844.162	23925.300	55707.922
53773.7696	165844.162	23925.300	55707.922
53822.65484	165844.162	23925.300	55707.922
53871.54009	165844.162	23925.300	55707.922
53920.42533	165961.013	23925.300	55709.569
53969.31058	165961.013	23925.300	55709.569
54018.19582	165961.013	23925.300	55713.408
54067.08107	165961.013	23925.300	55709.569
54115.96631	165961.013	23925.300	55709.569
54164.85156	165961.013	23925.300	55709.569
54213.73681	165961.013	23925.300	55709.569
54262.62205	165961.013	23925.300	55709.569
54311.5073	165961.013	23925.300	55709.569
54360.39254	165961.013	23925.300	55709.569
54409.27779	165961.013	23925.300	55709.569
54458.16303	165961.013	23925.300	55709.569
54507.04828	165961.013	23925.300	55709.569
54555.93352	165961.013	23925.300	55709.569
54604.81877	165961.013	23925.300	55709.569
54653.70401	165961.013	23925.300	55713.408
54702.58926	165961.013	23925.300	55713.408
54751.4745	165961.013	23925.300	55713.408
54800.35975	165961.013	23925.300	55713.408
54849.24499	165961.013	23925.300	55713.408
54898.13024	165961.013	23925.300	55713.408
54947.01548	165961.013	23925.300	55713.408
54995.90073	165961.013	23925.300	55709.569
55044.78597	165961.013	23925.300	55709.569
55093.67122	165961.013	23925.300	55709.569
55142.55646	165961.013	23925.300	55709.569
55191.44171	165961.013	23925.300	55709.569
55240.32695	165961.013	23925.300	55709.569
55289.2122	165961.013	23925.300	55707.922
55338.09744	165961.013	23925.300	55707.922
55386.98269	165961.013	23925.300	55707.922
55435.86793	165961.013	23925.300	55707.922
55484.75318	165961.013	23925.300	55707.922
55533.63842	165961.013	23925.300	55707.922
55582.52367	165961.013	23925.300	55707.922
55631.40891	165961.013	23925.300	55707.922
55680.29416	165961.013	23925.300	55707.922
55729.1794	165961.013	23925.300	55707.922
55778.06465	165961.013	23925.300	55707.922
55826.94989	165961.527	23925.300	55707.922
55875.83514	165961.527	23925.300	55707.922
55924.72038	165961.527	23925.300	55707.922
55973.60563	165961.527	23925.300	55707.922
56022.49087	165961.527	23925.300	55707.922
56071.37612	165961.527	23925.300	55707.922
56120.26136	165961.527	23925.300	55707.922
56169.14661	165961.527	23925.300	55707.922
56218.03185	165961.527	23925.300	55707.922
56266.9171	165961.527	23925.300	55707.922
56315.80234	165961.527	23925.300	55707.922
56364.68759	165961.527	23925.300	55707.922
56413.57283	165961.527	23925.300	55707.922
56462.45808	165961.527	23925.300	55707.922
56511.34332	165961.527	23925.300	55707.922
56560.22857	165961.527	23925.300	55707.922
56609.11381	165961.527	23925.300	55707.922
56657.99906	165961.527	23925.300	55707.922
56706.8843	165961.527	23925.300	55707.922
56755.76955	165961.527	23925.300	55707.922
56804.65479	165961.527	23925.300	55706.909
56853.54004	165961.527	23925.300	55706.909
56902.42529	165961.527	23925.300	55706.909
56951.31053	165961.527	23925.300	55707.922
57000.19578	165961.527	23911.831	55707.922
57049.08102	165961.527	23911.831	55707.922
57097.96627	165961.527	23911.831	55707.922
57146.85151	165961.527	23911.831	55707.922
57195.73676	165961.527	23911.831	55707.922
57244.622	165961.527	23911.831	55706.909
57293.50725	165961.527	23911.831	55706.909
57342.39249	165961.527	23911.831	55706.909
57391.27774	165961.527	23911.831	55706.909
57440.16298	165961.527	23911.831	55707.922
57489.04823	165961.527	23911.831	55707.922
57537.93347	165961.527	23911.831	55707.922
57586.81872	165961.527	23911.831	55707.922
57635.70396	165961.527	23911.831	55707.922
57684.58921	165961.527	23911.831	55707.922
57733.47445	165961.527	23911.831	55707.922
57782.3597	165961.527	23911.831	55706.909
57831.24494	165961.527	23911.831	55706.909
57880.13019	165961.527	23911.831	55706.909
57929.01543	165961.527	23911.831	55706.909
57977.90068	165961.527	23911.831	55706.909
58026.78592	165961.527	23911.831	55707.922
58075.67117	165961.527	23911.831	55709.569
58124.55641	165961.527	23911.831	55709.569
58173.44166	165961.527	23911.831	55709.569
58222.3269	165961.527	23911.831	55709.569
58271.21215	165963.947	23911.831	55713.408
58320.09739	165963.947	23911.831	55713.408
58368.98264	165963.947	23911.831	55713.408
58417.86788	165963.947	23911.831	55713.408
58466.75313	165963.947	23911.831	55713.408
58515.63837	165963.947	23911.831	55713.408
58564.52362	165963.947	23911.831	55713.408
58613.40886	165963.947	23911.831	55713.408
58662.29411	165963.947	23911.831	55713.408
58711.17935	165963.947	23911.831	55713.408
58760.0646	165963.947	23911.831	55713.408
58808.94984	165963.947	23911.831	55715.473
58857.83509	165963.947	23911.831	55715.473
58906.72033	165963.947	23911.831	55715.473
58955.60558	165963.947	23911.831	55715.473
59004.49082	165963.947	23911.831	55715.473
59053.37607	165963.947	23911.831	55715.473
59102.26131	165963.947	23911.831	55713.408
59151.14656	165963.947	23911.831	55713.408
59200.0318	165963.947	23911.831	55713.408
59248.91705	165963.947	23911.831	55713.408
59297.80229	165963.947	23911.831	55713.408
59346.68754	165963.947	23911.831	55713.408
59395.57278	165963.947	23911.831	55713.408
59444.45803	165963.947	23911.831	55713.408
59493.34327	165963.947	23911.831	55713.408
59542.22852	165963.947	23911.831	55713.408
59591.11377	165963.947	23911.831	55713.408
59639.99901	165963.947	23911.831	55713.408
59688.88426	165963.947	23911.831	55713.408
59737.7695	165963.947	23911.831	55713.408
59786.65475	165963.947	23911.831	55713.408
59835.53999	165998.452	23911.831	55713.408
59884.42524	165998.452	23911.831	55709.569
59933.31048	165998.452	23911.831	55709.569
59982.19573	165998.452	23911.831	55709.569
60031.08097	165998.452	23911.831	55709.569
60079.96622	165998.452	23911.831	55709.569
60128.85146	165998.452	23911.831	55713.408
60177.73671	165998.452	23911.831	55713.408
60226.62195	165998.452	23911.831	55713.408
60275.5072	165998.452	23911.831	55713.408
60324.39244	165998.452	23911.831	55713.408
60373.27769	165998.452	23911.831	55709.569
60422.16293	165998.452	23911.831	55709.569
60471.04818	165998.452	23911.831	55709.569
60519.93342	165998.452	23911.831	55709.569
60568.81867	165998.452	23911.831	55709.569
60617.70391	165998.452	23911.831	55709.569
60666.58916	165998.452	23911.831	55709.569
60715.4744	165998.452	23911.831	55707.922
60764.35965	165998.452	23911.831	55707.922
60813.24489	165998.452	23911.831	55707.922
60862.13014	165998.452	23911.831	55707.922
60911.01538	165998.452	23911.831	55707.922
60959.90063	165998.452	23911.831	55707.922
61008.78587	165998.452	23911.831	55707.922
61057.67112	165998.452	23911.831	55707.922
61106.55636	165998.452	23911.831	55707.922
61155.44161	165998.452	23911.831	55707.922
61204.32685	165998.452	23911.831	55707.922
61253.2121	165998.452	23911.831	55707.922
61302.09734	165998.452	23911.831	55707.922
61350.98259	165998.452	23911.831	55707.922
61399.86783	165998.452	23911.831	55707.922
61448.75308	165998.452	23911.831	55707.922
61497.63832	165998.452	23911.831	55707.922
61546.52357	165998.452	23911.831	55707.922
61595.40881	165998.452	23911.831	55707.922
61644.29406	165998.452	23911.831	55707.922
61693.1793	165998.452	23911.831	55707.922
61742.06455	165998.452	23911.831	55707.922
61790.94979	165998.452	23911.831	55707.922
61839.83504	165998.452	23911.831	55707.922
61888.72028	165998.452	23911.831	55707.922
61937.60553	165998.452	23911.831	55707.922
61986.49077	165998.452	23911.831	55707.922
62035.37602	165998.452	23911.831	55707.922
62084.26126	165998.452	23911.831	55707.922
62133.14651	165998.452	23911.831	55707.922
62182.03175	165998.452	23911.831	55707.922
62230.917	165998.452	23911.831	55707.922
62279.80224	165998.452	23911.831	55707.922
62328.68749	165998.452	23911.831	55706.909
62377.57274	165998.452	23911.831	55706.909
62426.45798	165998.452	23911.831	55706.909
62475.34323	165998.452	23911.831	55706.909
62524.22847	165998.452	23911.831	55706.909
62573.11372	165998.452	23911.831	55706.909
62621.99896	165998.452	23911.831	55706.909
62670.88421	165998.452	23911.831	55706.909
62719.76945	165998.452	23911.831	55707.922
62768.6547	165998.452	23911.831	55707.922
62817.53994	165998.452	23911.831	55707.922
62866.42519	165998.452	23911.831	55707.922
62915.31043	165998.452	23911.831	55707.922
62964.19568	165998.452	23911.831	55707.922
63013.08092	165998.452	23911.831	55707.922
63061.96617	165998.452	23911.831	55707.922
63110.85141	165998.452	23911.831	55707.922
63159.73666	165998.452	23911.831	55707.922
63208.6219	165998.452	23911.831	55707.922
63257.50715	165998.452	23911.831	55707.922
63306.39239	165998.452	23911.831	55707.922
63355.27764	165998.452	23911.831	55709.569
63404.16288	165998.452	23911.831	55709.569
63453.04813	165998.452	23911.831	55709.569
63501.93337	165998.452	23911.831	55709.569
63550.81862	165998.452	23911.831	55709.569
63599.70386	165998.452	23911.831	55707.922
63648.58911	165998.452	23911.831	55707.922
63697.47435	165998.452	23911.831	55707.922
63746.3596	165998.452	23911.831	55707.922
63795.24484	165998.452	23911.831	55707.922
63844.13009	165998.452	23911.831	55707.922
63893.01533	165998.452	23911.831	55707.922
63941.90058	165998.452	23911.831	55707.922
63990.78582	165998.452	23911.831	55707.922
64039.67107	165998.452	23911.831	55707.922
64088.55631	165998.452	23911.831	55707.922
64137.44156	165998.452	23911.831	55707.922
64186.3268	165998.452	23911.831	55707.922
64235.21205	165998.452	23911.831	55707.922
64284.09729	165998.452	23911.831	55707.922
64332.98254	165998.452	23911.831	55707.922
64381.86778	165998.452	23911.831	55707.922
64430.75303	165998.452	23911.831	55707.922
64479.63827	165998.452	23911.831	55707.922
64528.52352	165998.452	23911.831	55707.922
64577.40876	165998.452	23911.831	55707.922
64626.29401	165998.452	23911.831	55707.922
64675.17925	165998.452	23911.831	55707.922
64724.0645	165998.452	23911.831	55707.922
64772.94974	165998.452	23911.831	55707.922
64821.83499	165998.452	23911.831	55707.922
64870.72023	165998.452	23911.831	55707.922
64919.60548	165998.452	23911.831	55707.922
64968.49072	165998.452	23911.831	55707.922
65017.37597	165998.452	23911.831	55707.922
65066.26122	165998.452	23911.831	55707.922
65115.14646	165998.452	23911.831	55707.922
65164.03171	165998.452	23911.831	55707.922
65212.91695	165998.452	23911.831	55707.922
65261.8022	165998.452	23911.831	55707.922
65310.68744	165998.452	23911.831	55707.922
65359.57269	165998.452	23911.831	55707.922
65408.45793	165998.452	23911.831	55707.922
65457.34318	165998.452	23911.831	55707.922
65506.22842	165998.452	23911.831	55707.922
65555.11367	165998.452	23911.831	55707.922
65603.99891	165998.452	23911.831	55707.922
65652.88416	165998.452	23911.831	55707.922
65701.7694	165998.452	23911.831	55707.922
65750.65465	165998.452	23911.831	55707.922
65799.53989	165998.452	23911.831	55707.922
65848.42514	165998.452	23911.831	55707.922
65897.31038	165998.452	23911.831	55707.922
65946.19563	165998.452	23911.831	55707.922
65995.08087	165998.452	23911.831	55707.922
66043.96612	165998.452	23911.831	55707.922
66092.85136	165998.452	23911.831	55707.922
66141.73661	165998.452	23911.831	55706.909
66190.62185	165998.452	23911.831	55706.909
66239.5071	165998.452	23911.831	55706.909
66288.39234	165998.452	23911.831	55706.909
66337.27759	165998.452	23911.831	55706.909
66386.16283	165998.452	23911.831	55706.909
66435.04808	165998.452	23911.831	55706.909
66483.93332	165998.452	23911.831	55706.909
66532.81857	165998.452	23911.831	55706.909
66581.70381	165998.452	23911.831	55706.909
66630.58906	165998.452	23911.831	55706.909
66679.4743	165998.452	23911.831	55706.909
66728.35955	165998.452	23911.831	55706.909
66777.24479	165998.452	23911.831	55706.909
66826.13004	165998.452	23911.831	55706.909
66875.01528	165998.452	23911.831	55706.909
66923.90053	165998.452	23911.831	55706.909
66972.78577	165998.452	23911.831	55706.909
67021.67102	165998.452	23911.831	55706.909
67070.55626	165998.452	23911.831	55706.909
67119.44151	165998.452	23911.831	55706.909
67168.32675	165998.452	23911.831	55706.909
67217.212	165998.452	23911.831	55706.909
67266.09724	165998.452	23911.831	55706.909
67314.98249	165998.452	23911.831	55706.909
67363.86773	165998.452	23911.831	55706.909
67412.75298	165998.452	23911.831	55706.909
67461.63822	165998.452	23911.831	55706.909
67510.52347	165998.452	23911.831	55706.909
67559.40871	165998.452	23911.831	55706.909
67608.29396	165998.452	23911.831	55706.909
67657.1792	165998.452	23911.831	55706.909
67706.06445	165998.452	23911.831	55706.909
67754.9497	165998.452	23911.831	55706.909
67803.83494	165998.452	23911.831	55706.909
67852.72019	165998.452	23911.831	55706.909
67901.60543	165998.452	23911.831	55706.909
67950.49068	165998.452	23911.831	55706.909
67999.37592	165998.452	23911.831	55706.909
68048.26117	165998.452	23911.831	55706.909
68097.14641	165998.452	23911.831	55706.909
68146.03166	165998.452	23911.831	55706.909
68194.9169	165998.452	23911.831	55706.909
68243.80215	165998.452	23911.831	55706.909
68292.68739	165998.452	23911.831	55706.909
68341.57264	165998.452	23911.831	55706.909
68390.45788	165998.452	23911.831	55706.909
68439.34313	165998.452	23911.831	55706.909
68488.22837	165998.452	23911.831	55707.922
68537.11362	165998.452	23911.831	55707.922
68585.99886	165998.452	23911.831	55707.922
68634.88411	165998.452	23911.831	55707.922
68683.76935	165998.452	23911.831	55707.922
68732.6546	165998.452	23911.831	55707.922
68781.53984	165998.452	23911.831	55707.922
68830.42509	165998.452	23911.831	55707.922
68879.31033	165998.452	23911.831	55707.922
68928.19558	165998.452	23911.831	55707.922
68977.08082	165998.452	23911.831	55707.922
69025.96607	165998.452	23911.831	55707.922
69074.85131	165998.452	23911.831	55707.922
69123.73656	165998.452	23911.831	55707.922
69172.6218	165998.452	23911.831	55707.922
69221.50705	165998.452	23911.831	55707.922
69270.39229	165998.452	23911.831	55707.922
69319.27754	165998.452	23911.831	55707.922
69368.16278	165998.452	23911.831	55707.922
69417.04803	165998.452	23911.831	55707.922
69465.93327	165998.452	23911.831	55707.922
69514.81852	165998.452	23911.831	55707.922
69563.70376	165998.452	23911.831	55707.922
69612.58901	165998.452	23911.831	55707.922
69661.47425	165998.452	23911.831	55707.922
69710.3595	165998.452	23911.831	55707.922
69759.24474	165998.452	23911.831	55707.922
69808.12999	165998.452	23911.831	55707.922
69857.01523	165998.452	23911.831	55707.922
69905.90048	165998.452	23911.831	55707.922
69954.78572	165998.452	23911.831	55707.922
70003.67097	165998.452	23911.831	55707.922
70052.55621	165998.452	23911.831	55707.922
70101.44146	165998.452	23911.831	55707.922
70150.3267	165998.452	23911.831	55707.922
70199.21195	165998.452	23911.831	55707.922
70248.09719	165998.452	23911.831	55707.922
70296.98244	165998.452	23911.831	55707.922
70345.86768	165998.452	23911.831	55707.922
70394.75293	165998.452	23911.831	55707.922
70443.63818	165998.452	23911.831	55707.922
70492.52342	165998.452	23911.831	55707.922
70541.40867	165998.452	23911.831	55707.922
70590.29391	165998.452	23911.831	55707.922
70639.17916	165998.452	23911.831	55707.922
70688.0644	165998.452	23911.831	55707.922
70736.94965	165998.452	23911.831	55707.922
70785.83489	165998.452	23911.831	55707.922
70834.72014	165998.452	23911.831	55707.922
70883.60538	165998.452	23911.831	55707.922
70932.49063	165998.452	23911.831	55707.922
70981.37587	165998.452	23911.831	55707.922
71030.26112	165998.452	23911.831	55707.922
71079.14636	165998.452	23911.831	55707.922
71128.03161	165998.452	23911.831	55707.922
71176.91685	165998.452	23911.831	55707.922
71225.8021	165998.452	23911.831	55707.922
71274.68734	165998.452	23911.831	55707.922
71323.57259	165998.452	23911.831	55707.922
71372.45783	165998.452	23911.831	55707.922
71421.34308	165998.452	23911.831	55707.922
71470.22832	165998.452	23911.831	55707.922
71519.11357	165998.452	23911.831	55707.922
71567.99881	165998.452	23911.831	55707.922
71616.88406	165998.452	23911.831	55707.922
71665.7693	165998.452	23911.831	55707.922
71714.65455	165998.452	23911.831	55707.922
71763.53979	165998.452	23911.831	55707.922
71812.42504	165998.452	23911.831	55707.922
71861.31028	165998.452	23911.831	55707.922
71910.19553	165998.452	23911.831	55707.922
71959.08077	165998.452	23911.831	55707.922
72007.96602	165998.452	23911.831	55707.922
72056.85126	165998.452	23911.831	55707.922
72105.73651	165998.452	23911.831	55707.922
72154.62175	165998.452	23911.831	55709.569
72203.507	165998.452	23911.831	55709.569
72252.39224	165998.452	23911.831	55709.569
72301.27749	165998.452	23911.831	55709.569
72350.16273	165998.452	23911.831	55709.569
72399.04798	165998.452	23911.831	55709.569
72447.93322	165998.452	23911.831	55709.569
72496.81847	165998.452	23911.831	55709.569
72545.70371	165998.452	23911.831	55709.569
72594.58896	165998.452	23911.831	55709.569
72643.4742	165998.452	23911.831	55709.569
72692.35945	165998.452	23911.831	55709.569
72741.24469	165998.452	23911.831	55709.569
72790.12994	165998.452	23911.831	55709.569
72839.01518	165998.452	23911.831	55709.569
72887.90043	165998.452	23911.831	55709.569
72936.78567	165998.452	23911.831	55709.569
72985.67092	165998.452	23911.831	55709.569
73034.55616	165998.452	23911.831	55709.569
73083.44141	165998.452	23911.831	55709.569
73132.32666	165998.452	23911.831	55709.569
73181.2119	165998.452	23911.831	55709.569
73230.09715	165998.452	23911.831	55709.569
73278.98239	165998.452	23911.831	55709.569
73327.86764	165998.452	23911.831	55709.569
73376.75288	165998.452	23911.831	55709.569
73425.63813	165998.452	23911.831	55709.569
73474.52337	165998.452	23911.831	55709.569
73523.40862	165998.452	23911.831	55709.569
73572.29386	165998.452	23911.831	55709.569
73621.17911	165998.452	23911.831	55709.569
73670.06435	165998.452	23911.831	55709.569
73718.9496	165998.452	23911.831	55709.569
73767.83484	165998.452	23911.831	55709.569
73816.72009	165998.452	23911.831	55709.569
73865.60533	165998.452	23911.831	55709.569
73914.49058	165998.452	23911.831	55709.569
73963.37582	165998.452	23911.831	55709.569
74012.26107	165998.452	23911.831	55709.569
74061.14631	165998.452	23911.831	55709.569
74110.03156	165998.452	23911.831	55709.569
74158.9168	165998.452	23911.831	55709.569
74207.80205	165998.452	23911.831	55709.569
74256.68729	165998.452	23911.831	55709.569
74305.57254	165998.452	23911.831	55709.569
74354.45778	165998.452	23911.831	55709.569
74403.34303	165998.452	23911.831	55709.569
74452.22827	165998.452	23911.831	55709.569
74501.11352	165998.452	23911.831	55709.569
74549.99876	165998.452	23911.831	55709.569
74598.88401	165998.452	23911.831	55709.569
74647.76925	165998.452	23911.831	55709.569
74696.6545	165998.452	23911.831	55709.569
74745.53974	165998.452	23911.831	55709.569
74794.42499	165998.452	23911.831	55709.569
74843.31023	165998.452	23911.831	55709.569
74892.19548	165998.452	23911.831	55709.569
74941.08072	165998.452	23911.831	55709.569
74989.96597	165998.452	23911.831	55709.569
75038.85121	165998.452	23911.831	55709.569
75087.73646	165998.452	23911.831	55709.569
75136.6217	165998.452	23911.831	55709.569
75185.50695	165998.452	23911.831	55709.569
75234.39219	165998.452	23911.831	55709.569
75283.27744	165998.452	23911.831	55709.569
75332.16268	165998.452	23911.831	55709.569
75381.04793	165998.452	23911.831	55709.569
75429.93317	165998.452	23911.831	55709.569
75478.81842	165998.452	23911.831	55709.569
75527.70366	165998.452	23911.831	55709.569
75576.58891	165998.452	23911.831	55709.569
75625.47415	165998.452	23911.831	55709.569
75674.3594	165998.452	23911.831	55709.569
75723.24464	165998.452	23911.831	55709.569
75772.12989	165998.452	23911.831	55709.569
75821.01513	165998.452	23911.831	55709.569
75869.90038	165998.452	23911.831	55709.569
75918.78563	165998.452	23911.831	55709.569
75967.67087	165998.452	23911.831	55709.569
76016.55612	165998.452	23911.831	55709.569
76065.44136	165998.452	23911.831	55709.569
76114.32661	165998.452	23911.831	55709.569
76163.21185	165998.452	23911.831	55709.569
76212.0971	165998.452	23911.831	55709.569
76260.98234	165998.452	23911.831	55709.569
76309.86759	165998.452	23911.831	55709.569
76358.75283	165998.452	23911.831	55709.569
76407.63808	165998.452	23911.831	55709.569
76456.52332	165998.452	23911.831	55709.569
76505.40857	165998.452	23911.831	55709.569
76554.29381	165998.452	23911.831	55709.569
76603.17906	165998.452	23911.831	55709.569
76652.0643	165998.452	23911.831	55709.569
76700.94955	165998.452	23911.831	55709.569
76749.83479	165998.452	23911.831	55709.569
76798.72004	165998.452	23911.831	55709.569
76847.60528	165998.452	23911.831	55709.569
76896.49053	165998.452	23911.831	55709.569
76945.37577	165998.452	23911.831	55709.569
76994.26102	165998.452	23911.831	55709.569
77043.14626	165998.452	23911.831	55709.569
77092.03151	165998.452	23911.831	55709.569
77140.91675	165998.452	23911.831	55709.569
77189.802	165998.452	23911.831	55709.569
77238.68724	165998.452	23911.831	55709.569
77287.57249	165998.452	23911.831	55709.569
77336.45773	165998.452	23911.831	55709.569
77385.34298	165998.452	23911.831	55709.569
77434.22822	165998.452	23911.831	55709.569
77483.11347	165998.452	23911.831	55709.569
77531.99871	165998.452	23911.831	55709.569
77580.88396	165998.452	23911.831	55709.569
77629.7692	165998.452	23911.831	55709.569
77678.65445	165998.452	23911.831	55709.569
77727.53969	165998.452	23911.831	55709.569
77776.42494	165998.452	23911.831	55709.569
77825.31018	165998.452	23911.831	55709.569
77874.19543	165998.452	23911.831	55709.569
77923.08067	165998.452	23911.831	55709.569
77971.96592	165998.452	23911.831	55709.569
78020.85116	165998.452	23911.831	55709.569
78069.73641	165998.452	23911.831	55709.569
78118.62165	165998.452	23911.831	55709.569
78167.5069	165998.452	23911.831	55709.569
78216.39214	165998.452	23911.831	55709.569
78265.27739	165998.452	23911.831	55709.569
78314.16263	165998.452	23911.831	55709.569
78363.04788	165998.452	23911.831	55709.569
78411.93312	165998.452	23911.831	55709.569
78460.81837	165998.452	23911.831	55709.569
78509.70361	165998.452	23911.831	55709.569
78558.58886	165998.452	23911.831	55709.569
78607.47411	165998.452	23911.831	55709.569
78656.35935	165998.452	23911.831	55709.569
78705.2446	165998.452	23911.831	55709.569
78754.12984	165998.452	23911.831	55709.569
78803.01509	165998.452	23911.831	55709.569
78851.90033	165998.452	23911.831	55709.569
78900.78558	165998.452	23911.831	55709.569
78949.67082	165998.452	23911.831	55709.569
78998.55607	165998.452	23911.831	55709.569
79047.44131	165998.452	23911.831	55709.569
79096.32656	165998.452	23911.831	55709.569
79145.2118	165998.452	23911.831	55709.569
79194.09705	165998.452	23911.831	55709.569
79242.98229	165998.452	23911.831	55709.569
79291.86754	165998.452	23911.831	55709.569
79340.75278	165998.452	23911.831	55709.569
79389.63803	165998.452	23911.831	55709.569
79438.52327	165998.452	23911.831	55709.569
79487.40852	165998.452	23911.831	55709.569
79536.29376	165998.452	23911.831	55709.569
79585.17901	165998.452	23911.831	55709.569
79634.06425	165998.452	23911.831	55709.569
79682.9495	165998.452	23911.831	55709.569
79731.83474	165998.452	23911.831	55709.569
79780.71999	165998.452	23911.831	55709.569
79829.60523	165998.452	23911.831	55709.569
79878.49048	165998.452	23911.831	55709.569
79927.37572	165998.452	23911.831	55709.569
79976.26097	165998.452	23911.831	55709.569
80025.14621	165998.452	23911.831	55709.569
80074.03146	165998.452	23911.831	55709.569
80122.9167	165998.452	23911.831	55709.569
80171.80195	165998.452	23911.831	55709.569
80220.68719	165998.452	23911.831	55709.569
80269.57244	165998.452	23911.831	55709.569
80318.45768	165998.452	23911.831	55709.569
80367.34293	165998.452	23911.831	55709.569
80416.22817	165998.452	23911.831	55709.569
80465.11342	165998.452	23911.831	55709.569
80513.99866	165998.452	23911.831	55709.569
80562.88391	165998.452	23911.831	55709.569
80611.76915	165998.452	23911.831	55709.569
80660.6544	165998.452	23911.831	55709.569
80709.53964	165998.452	23911.831	55709.569
80758.42489	165998.452	23911.831	55709.569
80807.31013	165998.452	23911.831	55709.569
80856.19538	165998.452	23911.831	55709.569
80905.08062	165998.452	23911.831	55709.569
80953.96587	165998.452	23911.831	55709.569
81002.85111	165998.452	23911.831	55709.569
81051.73636	165998.452	23911.831	55709.569
81100.6216	165998.452	23911.831	55709.569
81149.50685	165998.452	23911.831	55709.569
81198.39209	165998.452	23911.831	55709.569
81247.27734	165998.452	23911.831	55709.569
81296.16259	165998.452	23911.831	55709.569
81345.04783	165998.452	23911.831	55709.569
81393.93308	165998.452	23911.831	55709.569
81442.81832	165998.452	23911.831	55709.569
81491.70357	165998.452	23911.831	55709.569
81540.58881	165998.452	23911.831	55709.569
81589.47406	165998.452	23911.831	55709.569
81638.3593	165998.452	23911.831	55709.569
81687.24455	165998.452	23911.831	55709.569
81736.12979	165998.452	23911.831	55709.569
81785.01504	165998.452	23911.831	55709.569
81833.90028	165998.452	23911.831	55709.569
81882.78553	165998.452	23911.831	55709.569
81931.67077	165998.452	23911.831	55709.569
81980.55602	165998.452	23911.831	55709.569
82029.44126	165998.452	23911.831	55709.569
82078.32651	165998.452	23911.831	55709.569
82127.21175	165998.452	23911.831	55709.569
82176.097	165998.452	23911.831	55709.569
82224.98224	165998.452	23911.831	55709.569
82273.86749	165998.452	23911.831	55709.569
82322.75273	165998.452	23911.831	55709.569
82371.63798	165998.452	23911.831	55709.569
82420.52322	165998.452	23911.831	55709.569
82469.40847	165998.452	23911.831	55709.569
82518.29371	165998.452	23911.831	55709.569
82567.17896	165998.452	23911.831	55709.569
82616.0642	165998.452	23911.831	55709.569
82664.94945	165998.452	23911.831	55709.569
82713.83469	165998.452	23911.831	55709.569
82762.71994	165998.452	23911.831	55709.569
82811.60518	165998.452	23911.831	55709.569
82860.49043	165998.452	23911.831	55709.569
82909.37567	165998.452	23911.831	55709.569
82958.26092	165998.452	23911.831	55709.569
83007.14616	165998.452	23911.831	55709.569
83056.03141	165998.452	23911.831	55709.569
83104.91665	165998.452	23911.831	55709.569
83153.8019	165998.452	23911.831	55709.569
83202.68714	165998.452	23911.831	55709.569
83251.57239	165998.452	23911.831	55709.569
83300.45763	165998.452	23911.831	55709.569
83349.34288	165998.452	23911.831	55709.569
83398.22812	165998.452	23911.831	55709.569
83447.11337	165998.452	23911.831	55709.569
83495.99861	165998.452	23911.831	55709.569
83544.88386	165998.452	23911.831	55709.569
83593.7691	165998.452	23911.831	55709.569
83642.65435	165998.452	23911.831	55709.569
83691.53959	165998.452	23911.831	55709.569
83740.42484	165998.452	23911.831	55709.569
83789.31008	165998.452	23911.831	55709.569
83838.19533	165998.452	23911.831	55709.569
83887.08057	165998.452	23911.831	55709.569
83935.96582	165998.452	23911.831	55709.569
83984.85107	165998.452	23911.831	55709.569
84033.73631	165998.452	23911.831	55709.569
84082.62156	165998.452	23911.831	55709.569
84131.5068	165998.452	23911.831	55709.569
84180.39205	165998.452	23911.831	55709.569
84229.27729	165998.452	23911.831	55709.569
84278.16254	165998.452	23911.831	55709.569
84327.04778	165998.452	23911.831	55709.569
84375.93303	165998.452	23911.831	55709.569
84424.81827	165998.452	23911.831	55709.569
84473.70352	165998.452	23911.831	55709.569
84522.58876	165998.452	23911.831	55709.569
84571.47401	165998.452	23911.831	55709.569
84620.35925	165998.452	23911.831	55709.569
84669.2445	165998.452	23911.831	55709.569
84718.12974	165998.452	23911.831	55709.569
84767.01499	165998.452	23911.831	55709.569
84815.90023	165998.452	23911.831	55709.569
84864.78548	165998.452	23911.831	55709.569
84913.67072	165998.452	23911.831	55709.569
84962.55597	165998.452	23911.831	55709.569
85011.44121	165998.452	23911.831	55709.569
85060.32646	165998.452	23911.831	55709.569
85109.2117	165998.452	23911.831	55709.569
85158.09695	165998.452	23911.831	55709.569
85206.98219	165998.452	23911.831	55709.569
85255.86744	165998.452	23911.831	55709.569
85304.75268	165998.452	23911.831	55709.569
85353.63793	165998.452	23911.831	55709.569
85402.52317	165998.452	23911.831	55709.569
85451.40842	165998.452	23911.831	55709.569
85500.29366	165998.452	23911.831	55709.569
85549.17891	165998.452	23911.831	55709.569
85598.06415	165998.452	23911.831	55709.569
85646.9494	165998.452	23911.831	55709.569
85695.83464	165998.452	23911.831	55709.569
85744.71989	165998.452	23911.831	55709.569
85793.60513	165998.452	23911.831	55709.569
85842.49038	165998.452	23911.831	55709.569
85891.37562	165998.452	23911.831	55709.569
85940.26087	165998.452	23911.831	55709.569
85989.14611	165998.452	23911.831	55709.569
86038.03136	165998.452	23911.831	55709.569
86086.9166	165998.452	23911.831	55709.569
86135.80185	165998.452	23911.831	55709.569
86184.68709	165998.452	23911.831	55709.569
86233.57234	165998.452	23911.831	55709.569
86282.45758	165998.452	23911.831	55709.569
86331.34283	165998.452	23911.831	55709.569
86380.22807	165998.452	23911.831	55709.569
86429.11332	165998.452	23911.831	55709.569
86477.99856	165998.452	23911.831	55709.569
86526.88381	165998.452	23911.831	55709.569
86575.76905	165998.452	23911.831	55709.569
86624.6543	165998.452	23911.831	55709.569
86673.53955	165998.452	23911.831	55709.569
86722.42479	165998.452	23911.831	55709.569
86771.31004	165998.452	23911.831	55709.569
86820.19528	165998.452	23911.831	55709.569
86869.08053	165998.452	23911.831	55709.569
86917.96577	165998.452	23911.831	55709.569
86966.85102	165998.452	23911.831	55709.569
87015.73626	165998.452	23911.831	55709.569
87064.62151	165998.452	23911.831	55709.569
87113.50675	165998.452	23911.831	55709.569
87162.392	165998.452	23911.831	55709.569
87211.27724	165998.452	23911.831	55709.569
87260.16249	165998.452	23911.831	55709.569
87309.04773	165998.452	23911.831	55709.569
87357.93298	165998.452	23911.831	55709.569
87406.81822	165998.452	23911.831	55709.569
87455.70347	165998.452	23911.831	55709.569
87504.58871	165998.452	23911.831	55709.569
87553.47396	165998.452	23911.831	55709.569
87602.3592	165998.452	23911.831	55709.569
87651.24445	165998.452	23911.831	55709.569
87700.12969	165998.452	23911.831	55709.569
87749.01494	165998.452	23911.831	55709.569
87797.90018	165998.452	23911.831	55709.569
87846.78543	165998.452	23911.831	55709.569
87895.67067	165998.452	23911.831	55709.569
87944.55592	165998.452	23911.831	55709.569
87993.44116	165998.452	23911.831	55709.569
88042.32641	165998.452	23911.831	55709.569
88091.21165	165998.452	23911.831	55709.569
88140.0969	165998.452	23911.831	55709.569
88188.98214	165998.452	23911.831	55709.569
88237.86739	165998.452	23911.831	55709.569
88286.75263	165998.452	23911.831	55709.569
88335.63788	165998.452	23911.831	55709.569
88384.52312	165998.452	23911.831	55709.569
88433.40837	165998.452	23911.831	55709.569
88482.29361	165998.452	23911.831	55709.569
88531.17886	165998.452	23911.831	55709.569
88580.0641	165998.452	23911.831	55709.569
88628.94935	165998.452	23911.831	55709.569
88677.83459	165998.452	23911.831	55709.569
88726.71984	165998.452	23911.831	55709.569
88775.60508	165998.452	23911.831	55709.569
88824.49033	165998.452	23911.831	55709.569
88873.37557	165998.452	23911.831	55709.569
88922.26082	165998.452	23911.831	55709.569
88971.14606	165998.452	23911.831	55709.569
89020.03131	165998.452	23911.831	55709.569
89068.91655	165998.452	23911.831	55709.569
89117.8018	165998.452	23911.831	55709.569
89166.68704	165998.452	23911.831	55709.569
89215.57229	165998.452	23911.831	55709.569
89264.45753	165998.452	23911.831	55709.569
89313.34278	165998.452	23911.831	55709.569
89362.22802	165998.452	23911.831	55709.569
89411.11327	165998.452	23911.831	55709.569
89459.99852	165998.452	23911.831	55709.569
89508.88376	165998.452	23911.831	55709.569
89557.76901	165998.452	23911.831	55709.569
89606.65425	165998.452	23911.831	55709.569
89655.5395	165998.452	23911.831	55709.569
89704.42474	165998.452	23911.831	55709.569
89753.30999	165998.452	23911.831	55709.569
89802.19523	165998.452	23911.831	55709.569
89851.08048	165998.452	23911.831	55709.569
89899.96572	165998.452	23911.831	55709.569
89948.85097	165998.452	23911.831	55709.569
89997.73621	165998.452	23911.831	55709.569
90046.62146	165998.452	23911.831	55709.569
90095.5067	165998.452	23911.831	55709.569
90144.39195	165998.452	23911.831	55709.569
90193.27719	165998.452	23911.831	55709.569
90242.16244	165998.452	23911.831	55709.569
90291.04768	165998.452	23911.831	55709.569
90339.93293	165998.452	23911.831	55709.569
90388.81817	165998.452	23911.831	55709.569
90437.70342	165998.452	23911.831	55709.569
90486.58866	165998.452	23911.831	55709.569
90535.47391	165998.452	23911.831	55709.569
90584.35915	165998.452	23911.831	55709.569
90633.2444	165998.452	23911.831	55709.569
90682.12964	165998.452	23911.831	55709.569
90731.01489	165998.452	23911.831	55709.569
90779.90013	165998.452	23911.831	55709.569
90828.78538	165998.452	23911.831	55709.569
90877.67062	165998.452	23911.831	55709.569
90926.55587	165998.452	23911.831	55709.569
90975.44111	165998.452	23911.831	55709.569
91024.32636	165998.452	23911.831	55709.569
91073.2116	165998.452	23911.831	55709.569
91122.09685	165998.452	23911.831	55709.569
91170.98209	165998.452	23911.831	55709.569
91219.86734	165998.452	23911.831	55709.569
91268.75258	165998.452	23911.831	55709.569
91317.63783	165998.452	23911.831	55709.569
91366.52307	165998.452	23911.831	55709.569
91415.40832	165998.452	23911.831	55709.569
91464.29356	165998.452	23911.831	55709.569
91513.17881	165998.452	23911.831	55709.569
91562.06405	165998.452	23911.831	55709.569
91610.9493	165998.452	23911.831	55709.569
91659.83454	165998.452	23911.831	55709.569
91708.71979	165998.452	23911.831	55709.569
91757.60503	165998.452	23911.831	55709.569
91806.49028	165998.452	23911.831	55709.569
91855.37552	165998.452	23911.831	55709.569
91904.26077	165998.452	23911.831	55709.569
91953.14601	165998.452	23911.831	55709.569
92002.03126	165998.452	23911.831	55709.569
92050.9165	165998.452	23911.831	55709.569
92099.80175	165998.452	23911.831	55709.569
92148.687	165998.452	23911.831	55709.569
92197.57224	165998.452	23911.831	55709.569
92246.45749	165998.452	23911.831	55709.569
92295.34273	165998.452	23911.831	55709.569
92344.22798	165998.452	23911.831	55709.569
92393.11322	165998.452	23911.831	55709.569
92441.99847	165998.452	23911.831	55709.569
92490.88371	165998.452	23911.831	55709.569
92539.76896	165998.452	23911.831	55709.569
92588.6542	165998.452	23911.831	55709.569
92637.53945	165998.452	23911.831	55709.569
92686.42469	165998.452	23911.831	55709.569
92735.30994	165998.452	23911.831	55709.569
92784.19518	165998.452	23911.831	55709.569
92833.08043	165998.452	23911.831	55709.569
92881.96567	165998.452	23911.831	55709.569
92930.85092	165998.452	23911.831	55709.569
92979.73616	165998.452	23911.831	55709.569
93028.62141	165998.452	23911.831	55709.569
93077.50665	165998.452	23911.831	55709.569
93126.3919	165998.452	23911.831	55709.569
93175.27714	165998.452	23911.831	55709.569
93224.16239	165998.452	23911.831	55709.569
93273.04763	165998.452	23911.831	55709.569
93321.93288	165998.452	23911.831	55709.569
93370.81812	165998.452	23911.831	55709.569
93419.70337	165998.452	23911.831	55709.569
93468.58861	165998.452	23911.831	55709.569
93517.47386	165998.452	23911.831	55709.569
93566.3591	165998.452	23911.831	55709.569
93615.24435	165998.452	23911.831	55709.569
93664.12959	165998.452	23911.831	55709.569
93713.01484	165998.452	23911.831	55709.569
93761.90008	165998.452	23911.831	55709.569
93810.78533	165998.452	23911.831	55709.569
93859.67057	165998.452	23911.750	55709.569
93908.55582	165998.452	23911.750	55709.569
93957.44106	165998.452	23911.750	55709.569
94006.32631	165998.452	23911.750	55709.569
94055.21155	165998.452	23911.750	55709.569
94104.0968	165998.452	23911.750	55709.569
94152.98204	165998.452	23911.750	55709.569
94201.86729	165998.452	23911.750	55709.569
94250.75253	165998.452	23911.750	55709.569
94299.63778	165998.452	23911.750	55709.569
94348.52302	165998.452	23911.750	55709.569
94397.40827	165998.452	23911.750	55709.569
94446.29351	165998.452	23911.750	55709.569
94495.17876	165998.452	23911.750	55709.569
94544.064	165998.452	23911.750	55709.569
94592.94925	165998.452	23911.750	55709.569
94641.83449	165998.452	23911.750	55709.569
94690.71974	165998.452	23911.750	55709.569
94739.60498	165998.452	23911.750	55709.569
94788.49023	165998.452	23911.750	55709.569
94837.37548	165998.452	23911.750	55709.569
94886.26072	165998.452	23911.750	55709.569
94935.14597	165998.452	23911.750	55709.569
94984.03121	165998.452	23911.750	55709.569
95032.91646	165998.452	23911.750	55709.569
95081.8017	165998.452	23911.750	55709.569
95130.68695	165998.452	23911.750	55709.569
95179.57219	165998.452	23911.750	55709.569
95228.45744	165998.452	23911.750	55709.569
95277.34268	165998.452	23911.750	55709.569
95326.22793	165998.452	23911.750	55709.569
95375.11317	165998.452	23911.750	55709.569
95423.99842	165998.452	23911.750	55709.569
95472.88366	165998.452	23911.750	55709.569
95521.76891	165998.452	23911.750	55709.569
95570.65415	165998.452	23911.750	55709.569
95619.5394	165998.452	23911.750	55709.569
95668.42464	165998.452	23911.750	55709.569
95717.30989	165998.452	23911.750	55709.569
95766.19513	165998.452	23911.750	55709.569
95815.08038	165998.452	23911.750	55709.569
95863.96562	165998.452	23911.750	55709.569
95912.85087	165998.452	23911.750	55709.569
95961.73611	165998.452	23911.750	55709.569
96010.62136	165998.452	23911.750	55709.569
96059.5066	165998.452	23911.750	55709.569
96108.39185	165998.452	23911.750	55709.569
96157.27709	165998.452	23911.750	55709.569
96206.16234	165998.452	23911.750	55709.569
96255.04758	165998.452	23911.750	55709.569
96303.93283	165998.452	23911.750	55709.569
96352.81807	165998.452	23911.750	55709.569
96401.70332	165998.452	23911.750	55709.569
96450.58856	165998.452	23911.750	55709.569
96499.47381	165998.452	23911.750	55709.569
96548.35905	165998.452	23911.750	55709.569
96597.2443	165998.452	23911.750	55709.569
96646.12954	165998.452	23911.750	55709.569
96695.01479	165998.452	23911.750	55709.569
96743.90003	165998.452	23911.750	55709.569
96792.78528	165998.452	23911.750	55709.569
96841.67052	165998.452	23911.750	55709.569
96890.55577	165998.452	23911.750	55709.569
96939.44101	165998.452	23911.750	55709.569
96988.32626	165998.452	23911.750	55709.569
97037.2115	165998.452	23911.750	55709.569
97086.09675	165998.452	23911.750	55709.569
97134.98199	165998.452	23911.750	55709.569
97183.86724	165998.452	23911.750	55709.569
97232.75248	165998.452	23911.750	55709.569
97281.63773	165998.452	23911.750	55709.569
97330.52297	165998.452	23911.750	55709.569
97379.40822	165998.452	23909.638	55709.569
97428.29346	165998.452	23909.638	55709.569
97477.17871	165998.452	23909.638	55709.569
97526.06396	165998.452	23909.638	55709.569
97574.9492	165998.452	23909.638	55709.569
97623.83445	165998.452	23909.638	55709.569
97672.71969	165998.452	23909.638	55709.569
97721.60494	165998.452	23909.638	55709.569
97770.49018	165998.452	23909.638	55709.569
97819.37543	165998.452	23909.638	55709.569
97868.26067	165998.452	23909.638	55709.569
97917.14592	165998.452	23909.638	55709.569
97966.03116	165998.452	23909.638	55709.569
98014.91641	165998.452	23909.638	55709.569
98063.80165	165998.452	23909.638	55709.569
98112.6869	165998.452	23909.638	55709.569
98161.57214	165998.452	23909.638	55709.569
98210.45739	165998.452	23909.638	55709.569
98259.34263	165998.452	23909.638	55709.569
98308.22788	165998.452	23909.638	55709.569
98357.11312	165998.452	23909.638	55709.569
98405.99837	165998.452	23909.638	55709.569
98454.88361	165998.452	23909.638	55709.569
98503.76886	165998.452	23909.638	55709.569
98552.6541	165998.452	23909.638	55709.569
98601.53935	166120.086	23911.750	55713.408
98650.42459	166120.086	23911.750	55713.408
98699.30984	166120.086	23911.750	55713.408
98748.19508	166120.086	23911.750	55713.408
98797.08033	166120.086	23911.750	55713.408
98845.96557	166120.086	23911.750	55713.408
98894.85082	166120.086	23911.750	55713.408
98943.73606	166120.086	23911.750	55713.408
98992.62131	166120.086	23911.750	55713.408
99041.50655	166120.086	23911.750	55713.408
99090.3918	166120.086	23911.750	55713.408
99139.27704	166120.086	23911.750	55713.408
99188.16229	166120.086	23911.750	55713.408
99237.04753	166120.086	23911.750	55713.408
99285.93278	166120.086	23911.750	55713.408
99334.81802	166120.086	23911.750	55713.408
99383.70327	166120.086	23911.750	55713.408
99432.58851	166120.086	23911.750	55713.408
99481.47376	166120.086	23911.750	55713.408
99530.359	166120.086	23911.750	55713.408
99579.24425	166120.086	23911.750	55713.408
99628.12949	166120.086	23911.750	55713.408
99677.01474	166120.086	23911.750	55713.408
99725.89998	166120.086	23911.750	55713.408
99774.78523	166120.086	23911.750	55713.408
99823.67047	166120.086	23911.750	55713.408
99872.55572	166120.086	23911.750	55713.408
99921.44096	166120.086	23911.750	55713.408
99970.32621	166120.086	23911.750	55713.408
100019.2115	166120.086	23911.750	55713.408
100068.0967	166120.086	23911.750	55713.408
100116.9819	166120.086	23911.750	55713.408
100165.8672	166120.086	23911.750	55713.408
100214.7524	166120.086	23911.750	55713.408
100263.6377	166120.086	23911.750	55713.408
100312.5229	166120.086	23911.750	55713.408
100361.4082	166120.086	23911.750	55713.408
100410.2934	166120.086	23911.750	55713.408
100459.1787	166120.086	23911.750	55713.408
100508.0639	166120.086	23911.750	55713.408
100556.9492	166120.086	23911.750	55713.408
100605.8344	166120.086	23911.750	55713.408
100654.7196	166120.086	23911.750	55713.408
100703.6049	166120.086	23911.750	55713.408
100752.4901	166120.086	23911.750	55713.408
100801.3754	166120.086	23909.638	55709.569
100850.2606	166120.086	23909.638	55709.569
100899.1459	166120.086	23909.638	55709.569
100948.0311	166120.086	23909.638	55709.569
100996.9164	166120.086	23909.638	55709.569
101045.8016	166120.086	23909.638	55709.569
101094.6868	166120.086	23909.638	55709.569
101143.5721	166120.086	23909.638	55709.569
101192.4573	166120.086	23909.638	55709.569
101241.3426	166120.086	23907.209	55709.569
101290.2278	166120.086	23907.209	55709.569
101339.1131	166120.086	23907.209	55709.569
101387.9983	166120.086	23907.209	55709.569
101436.8836	166120.086	23907.209	55709.569
101485.7688	166120.086	23907.209	55709.569
101534.6541	166120.086	23907.209	55709.569
101583.5393	166120.086	23907.209	55709.569
101632.4245	166120.086	23907.209	55709.569
101681.3098	166120.086	23907.209	55709.569
101730.195	166120.086	23902.821	55707.922
101779.0803	166120.086	23907.209	55707.922
101827.9655	166120.086	23907.209	55707.922
101876.8508	166120.086	23907.209	55707.922
101925.736	166120.086	23907.209	55707.922
101974.6213	166120.086	23907.209	55707.922
102023.5065	166120.086	23909.638	55707.922
102072.3917	166120.086	23909.638	55709.569
102121.277	166120.086	23909.638	55709.569
102170.1622	166120.086	23909.638	55709.569
102219.0475	166120.086	23909.638	55707.922
102267.9327	166120.086	23909.638	55707.922
102316.818	166120.086	23909.638	55707.922
102365.7032	166120.086	23909.638	55707.922
102414.5885	166120.086	23909.638	55707.922
102463.4737	166120.086	23909.638	55707.922
102512.359	166120.086	23909.638	55707.922
102561.2442	166120.086	23909.638	55707.922
102610.1294	166120.086	23909.638	55707.922
102659.0147	166120.086	23909.638	55707.922
102707.8999	166120.086	23911.750	55707.922
102756.7852	166120.086	23911.750	55707.922
102805.6704	166120.086	23911.750	55707.922
102854.5557	166120.086	23909.638	55707.922
102903.4409	166120.086	23909.638	55707.922
102952.3262	166120.086	23909.638	55707.922
103001.2114	166120.086	23909.638	55707.922
103050.0967	166120.086	23909.638	55707.922
103098.9819	166120.086	23909.638	55707.922
103147.8671	166120.086	23909.638	55707.922
103196.7524	166120.086	23909.638	55707.922
103245.6376	166120.086	23909.638	55707.922
103294.5229	166120.086	23911.750	55709.569
103343.4081	166120.086	23911.750	55709.569
103392.2934	166120.086	23911.750	55709.569
103441.1786	166120.086	23907.209	55707.922
103490.0639	166120.086	23907.209	55707.922
103538.9491	166120.086	23902.821	55706.909
103587.8343	166120.086	23902.821	55706.909
103636.7196	166120.086	23902.821	55706.909
103685.6048	166120.086	23902.821	55706.909
103734.4901	166120.086	23902.821	55706.909
103783.3753	166120.086	23902.821	55706.909
103832.2606	166120.086	23902.821	55706.909
103881.1458	166120.086	23902.821	55706.909
103930.0311	166120.086	23902.821	55706.909
103978.9163	166120.086	23902.821	55706.909
104027.8016	166120.086	23902.821	55706.909
104076.6868	166120.086	23902.821	55706.909
104125.572	166120.086	23902.821	55706.909
104174.4573	166120.086	23902.821	55706.909
104223.3425	166120.086	23902.821	55706.909
104272.2278	166120.086	23902.821	55706.909
104321.113	166120.086	23902.821	55706.909
104369.9983	166120.086	23902.821	55706.909
104418.8835	166120.086	23902.821	55706.909
104467.7688	166120.086	23902.821	55706.909
104516.654	166120.086	23902.821	55706.909
104565.5392	166120.086	23902.821	55706.909
104614.4245	166120.086	23902.821	55706.909
104663.3097	166120.086	23907.209	55706.909
104712.195	166120.086	23907.209	55706.909
104761.0802	166120.086	23907.209	55706.909
104809.9655	166120.086	23907.209	55706.909
104858.8507	166120.086	23907.209	55706.909
104907.736	166120.086	23907.209	55706.909
104956.6212	166120.086	23907.209	55706.909
105005.5065	166120.086	23907.209	55706.909
105054.3917	166120.086	23907.209	55706.909
105103.2769	166120.086	23907.209	55706.909
105152.1622	166120.086	23907.209	55706.909
105201.0474	166120.086	23907.209	55706.909
105249.9327	166120.086	23902.821	55706.909
105298.8179	166120.086	23902.821	55706.909
105347.7032	166120.086	23900.080	55706.909
105396.5884	166120.086	23900.080	55706.909
105445.4737	166120.086	23896.584	55705.117
105494.3589	166120.086	23896.584	55705.117
105543.2441	166120.086	23896.584	55705.117
105592.1294	166120.086	23897.122	55705.117
105641.0146	166120.086	23900.080	55706.909
105689.8999	166120.086	23900.080	55706.909
105738.7851	166120.086	23900.080	55706.909
105787.6704	166120.086	23900.080	55706.909
105836.5556	166120.086	23900.080	55706.909
105885.4409	166120.086	23897.122	55706.909
105934.3261	166120.086	23897.122	55706.909
105983.2114	166120.086	23897.122	55706.909
106032.0966	166120.086	23900.080	55706.909
106080.9818	166120.086	23900.080	55706.909
106129.8671	166120.086	23907.209	55707.922
106178.7523	166120.086	23907.209	55707.922
106227.6376	166120.086	23907.209	55707.922
106276.5228	166120.086	23902.821	55709.569
106325.4081	166120.086	23907.209	55713.408
106374.2933	166120.086	23907.209	55713.408
106423.1786	166120.086	23907.209	55713.408
106472.0638	166120.086	23902.821	55713.408
106520.9491	166120.086	23902.821	55713.408
106569.8343	166120.086	23900.080	55713.408
106618.7195	166120.086	23900.080	55713.408
106667.6048	166120.086	23902.821	55715.473
106716.49	166120.086	23902.821	55715.473
106765.3753	166120.086	23900.080	55713.408
106814.2605	166120.086	23900.080	55709.569
106863.1458	166120.086	23900.080	55709.569
106912.031	166120.086	23900.080	55709.569
106960.9163	166120.086	23900.080	55709.569
107009.8015	166120.086	23902.821	55713.408
107058.6867	166120.086	23902.821	55713.408
107107.572	166120.086	23900.080	55713.408
107156.4572	166120.086	23900.080	55713.408
107205.3425	166120.086	23900.080	55713.408
107254.2277	166120.086	23900.080	55709.569
107303.113	166120.086	23897.122	55707.922
107351.9982	166120.086	23897.122	55707.922
107400.8835	166120.086	23897.122	55707.922
107449.7687	166120.086	23896.584	55707.922
107498.654	166120.086	23896.584	55707.922
107547.5392	166120.086	23896.584	55707.922
107596.4244	166120.086	23896.584	55707.922
107645.3097	166120.086	23897.122	55709.569
107694.1949	166120.086	23896.584	55707.922
107743.0802	166120.086	23896.584	55706.909
107791.9654	166120.086	23896.584	55706.909
107840.8507	166120.086	23896.584	55707.922
107889.7359	166120.086	23896.584	55707.922
107938.6212	166120.086	23897.122	55707.922
107987.5064	166120.086	23897.122	55707.922
108036.3916	166120.086	23897.122	55707.922
108085.2769	166120.086	23896.584	55706.909
108134.1621	166120.086	23896.584	55706.909
108183.0474	166120.086	23893.083	55706.909
108231.9326	166120.086	23893.083	55707.922
108280.8179	166120.086	23893.083	55707.922
108329.7031	166120.086	23885.430	55706.909
108378.5884	166120.086	23885.430	55706.909
108427.4736	166120.086	23896.584	55707.922
108476.3589	166120.086	23896.584	55707.922
108525.2441	166120.086	23896.584	55707.922
108574.1293	166120.086	23897.122	55707.922
108623.0146	166120.086	23896.584	55707.922
108671.8998	166120.086	23896.584	55707.922
108720.7851	166120.086	23896.584	55707.922
108769.6703	166120.086	23897.122	55709.569
108818.5556	166120.086	23896.584	55707.922
108867.4408	166120.086	23893.083	55706.909
108916.3261	166120.086	23893.083	55706.909
108965.2113	166120.086	23873.207	55705.117
109014.0966	166120.086	23873.207	55706.909
109062.9818	166120.086	23885.430	55707.922
109111.867	166120.086	23885.430	55707.922
109160.7523	166120.086	23874.161	55706.909
109209.6375	166169.854	23885.430	55707.922
109258.5228	166120.086	23874.161	55706.909
109307.408	166120.086	23874.161	55706.909
109356.2933	166120.086	23885.430	55706.909
109405.1785	166120.086	23874.161	55706.909
109454.0638	166120.086	23874.161	55706.909
109502.949	166120.086	23868.106	55705.117
109551.8342	166120.086	23868.106	55706.909
109600.7195	166120.086	23868.106	55706.909
109649.6047	166120.086	23868.106	55706.909
109698.49	166120.086	23868.106	55706.909
109747.3752	166120.086	23854.504	55706.909
109796.2605	166120.086	23854.504	55706.909
109845.1457	166120.086	23873.207	55707.922
109894.031	166120.086	23873.207	55707.922
109942.9162	166120.086	23873.207	55709.569
109991.8015	166120.086	23868.106	55713.408
110040.6867	166120.086	23873.207	55715.473
110089.5719	166120.086	23868.106	55713.408
110138.4572	166120.086	23868.106	55713.408
110187.3424	166120.086	23874.161	55713.408
110236.2277	166120.086	23874.161	55715.473
110285.1129	166120.086	23873.207	55715.473
110333.9982	166120.086	23873.207	55713.408
110382.8834	166120.086	23873.207	55713.408
110431.7687	166120.086	23868.106	55709.569
110480.6539	166120.086	23854.504	55707.922
110529.5391	166120.086	23854.504	55707.922
110578.4244	166120.086	23854.504	55707.922
110627.3096	166120.086	23847.706	55707.922
110676.1949	166120.086	23854.504	55707.922
110725.0801	166120.086	23854.504	55707.922
110773.9654	166120.086	23854.504	55709.569
110822.8506	166120.086	23873.207	55713.408
110871.7359	166120.086	23873.207	55713.408
110920.6211	166120.086	23868.106	55715.473
110969.5064	166120.086	23854.504	55715.473
111018.3916	166120.086	23854.504	55715.473
111067.2768	166120.086	23847.706	55715.473
111116.1621	166120.086	23845.823	55715.473
111165.0473	166120.086	23842.377	55715.473
111213.9326	166120.086	23836.159	55715.473
111262.8178	166120.086	23836.159	55715.997
111311.7031	166120.086	23836.212	55715.997
111360.5883	166120.086	23836.159	55715.473
111409.4736	166120.086	23829.964	55715.473
111458.3588	166120.086	23836.212	55715.997
111507.2441	166120.086	23836.159	55715.997
111556.1293	166120.086	23836.159	55715.473
111605.0145	166120.086	23836.159	55715.473
111653.8998	166120.086	23836.159	55715.473
111702.785	166120.086	23836.159	55715.473
111751.6703	166120.086	23836.212	55715.997
111800.5555	166169.854	23829.964	55716.157
111849.4408	166169.854	23820.651	55715.997
111898.326	166169.854	23820.651	55715.997
111947.2113	166169.854	23818.158	55715.997
111996.0965	166169.854	23818.158	55715.997
112044.9817	166169.854	23807.255	55715.997
112093.867	166169.854	23820.651	55716.157
112142.7522	166169.854	23818.158	55717.420
112191.6375	166169.854	23802.017	55716.157
112240.5227	166169.854	23802.017	55716.157
112289.408	166169.854	23807.255	55716.157
112338.2932	166169.854	23802.017	55716.157
112387.1785	166169.854	23802.017	55716.157
112436.0637	166169.854	23802.017	55716.157
112484.949	166169.854	23802.017	55717.420
112533.8342	166120.086	23818.158	55717.420
112582.7194	166120.086	23802.017	55717.420
112631.6047	166120.086	23807.255	55717.420
112680.4899	166120.086	23802.017	55717.967
112729.3752	166120.086	23801.246	55717.420
112778.2604	166120.086	23801.246	55716.157
112827.1457	166120.086	23799.349	55715.997
112876.0309	166120.086	23793.833	55715.997
112924.9162	166120.086	23793.833	55715.997
112973.8014	166120.086	23792.766	55713.408
113022.6866	166120.086	23786.902	55709.569
113071.5719	166120.086	23786.902	55713.408
113120.4571	166120.086	23754.844	55709.569
113169.3424	166120.086	23785.782	55713.408
113218.2276	166120.086	23778.853	55713.408
113267.1129	166120.086	23774.225	55715.473
113315.9981	166120.086	23785.782	55715.473
113364.8834	166120.086	23778.853	55715.473
113413.7686	166120.086	23785.782	55715.473
113462.6539	166120.086	23785.782	55715.473
113511.5391	166169.854	23786.902	55715.997
113560.4243	166169.854	23785.782	55715.997
113609.3096	166169.854	23786.902	55715.473
113658.1948	166169.854	23792.766	55716.157
113707.0801	166169.854	23793.833	55717.420
113755.9653	166169.854	23788.760	55716.157
113804.8506	166169.854	23788.760	55716.157
113853.7358	166169.854	23754.844	55715.997
113902.6211	166169.854	23774.225	55715.997
113951.5063	166169.854	23785.782	55716.157
114000.3916	166169.854	23793.833	55719.693
114049.2768	166169.854	23793.833	55718.743
114098.162	166169.854	23799.349	55720.008
114147.0473	166169.854	23799.349	55720.008
114195.9325	166169.854	23792.766	55718.743
114244.8178	166169.854	23786.902	55716.157
114293.703	166169.854	23786.902	55716.157
114342.5883	166169.854	23786.902	55716.157
114391.4735	166208.475	23785.782	55717.420
114440.3588	166208.475	23778.853	55717.967
114489.244	166208.475	23786.902	55718.743
114538.1292	166208.475	23788.760	55719.693
114587.0145	166208.475	23786.902	55719.693
114635.8997	166208.475	23751.780	55718.743
114684.785	166208.475	23712.759	55720.008
114733.6702	166208.475	23725.451	55720.008
114782.5555	166208.475	23725.451	55725.543
114831.4407	166208.475	23754.844	55726.917
114880.326	166208.475	23725.451	55726.917
114929.2112	166208.475	23751.780	55731.478
114978.0965	166208.475	23725.451	55731.478
115026.9817	166208.475	23754.844	55731.478
115075.8669	166208.475	23774.225	55732.637
115124.7522	166208.475	23725.451	55731.478
115173.6374	166208.475	23725.451	55732.637
115222.5227	166208.475	23712.759	55732.637
115271.4079	166208.475	23711.219	55735.112
115320.2932	166208.475	23690.117	55731.478
115369.1784	166208.475	23690.117	55732.637
115418.0637	166222.391	23681.539	55726.917
115466.9489	166222.391	23669.492	55725.543
115515.8341	166222.391	23663.123	55725.543
115564.7194	166222.391	23651.704	55725.250
115613.6046	166222.391	23651.704	55725.543
115662.4899	166222.391	23651.357	55725.250
115711.3751	166222.391	23651.704	55725.543
115760.2604	166222.391	23648.357	55725.250
115809.1456	166222.391	23639.741	55725.250
115858.0309	166222.391	23648.357	55725.250
115906.9161	166222.391	23639.741	55725.250
115955.8014	166222.391	23651.704	55726.917
116004.6866	166222.391	23648.357	55725.543
116053.5718	166222.391	23639.741	55725.543
116102.4571	166222.391	23638.763	55720.008
116151.3423	166222.391	23592.470	55720.008
116200.2276	166417.812	23572.094	55719.693
116249.1128	166417.812	23592.470	55725.250
116297.9981	166417.812	23592.470	55725.250
116346.8833	166417.812	23592.470	55725.250
116395.7686	166417.812	23572.094	55718.743
116444.6538	166417.812	23567.654	55717.420
116493.5391	166417.812	23567.654	55717.420
116542.4243	166417.812	23572.094	55717.420
116591.3095	166417.812	23581.206	55718.743
116640.1948	166417.812	23627.850	55720.008
116689.08	166417.812	23592.470	55719.693
116737.9653	166222.391	23638.763	55725.250
116786.8505	166222.391	23651.704	55725.543
116835.7358	166417.812	23639.741	55725.250
116884.621	166417.812	23638.763	55725.250
116933.5063	166222.391	23639.741	55720.008
116982.3915	166222.391	23648.357	55725.250
117031.2767	166222.391	23648.357	55725.543
117080.162	166222.391	23639.741	55726.917
117129.0472	166222.391	23595.603	55731.478
117177.9325	166222.391	23595.603	55735.112
117226.8177	166222.391	23598.699	55735.112
117275.703	166222.391	23581.206	55735.112
117324.5882	166222.391	23558.892	55731.478
117373.4735	166222.391	23558.892	55735.112
117422.3587	166222.391	23543.058	55740.675
117471.244	166222.391	23525.378	55732.637
117520.1292	166417.812	23522.471	55735.112
117569.0144	166417.812	23522.471	55735.112
117617.8997	166417.812	23527.412	55740.675
117666.7849	166417.812	23528.874	55741.504
117715.6702	166417.812	23549.529	55750.258
117764.5554	166417.812	23558.892	55750.827
117813.4407	166417.812	23579.712	55751.896
117862.3259	166417.812	23581.206	55762.847
117911.2112	166417.812	23581.206	55765.217
117960.0964	166498.128	23579.712	55765.217
118008.9816	166498.128	23567.654	55767.365
118057.8669	166498.128	23527.412	55757.354
118106.7521	166498.128	23549.529	55762.847
118155.6374	166498.128	23543.058	55758.332
118204.5226	166498.128	23549.529	55765.217
118253.4079	166498.128	23558.892	55767.365
118302.2931	166498.128	23579.712	55781.507
118351.1784	166498.128	23572.094	55781.507
118400.0636	166498.128	23543.058	55767.365
118448.9489	166498.128	23529.991	55774.537
118497.8341	166506.398	23527.412	55774.537
118546.7193	166506.398	23528.874	55781.507
118595.6046	166506.398	23528.874	55787.014
118644.4898	166506.398	23525.378	55787.014
118693.3751	166506.398	23527.412	55787.014
118742.2603	166506.398	23527.412	55787.014
118791.1456	166506.398	23527.412	55805.100
118840.0308	166506.398	23505.745	55804.753
118888.9161	166506.398	23486.552	55787.014
118937.8013	166506.398	23486.552	55787.014
118986.6865	166506.398	23486.552	55798.350
119035.5718	166506.398	23447.554	55783.002
119084.457	166506.398	23440.119	55774.537
119133.3423	166506.398	23430.438	55787.014
119182.2275	166506.398	23444.030	55804.753
119231.1128	166506.398	23466.048	55812.926
119279.998	166498.128	23466.048	55811.748
119328.8833	166498.128	23460.763	55804.753
119377.7685	166498.128	23460.085	55787.014
119426.6538	166498.128	23447.554	55783.002
119475.539	166506.398	23466.048	55804.753
119524.4242	166506.398	23477.903	55804.753
119573.3095	166506.398	23478.660	55787.014
119622.1947	166506.398	23466.048	55798.350
119671.08	166506.398	23460.763	55787.014
119719.9652	166506.398	23460.763	55787.014
119768.8505	166506.398	23444.030	55798.350
119817.7357	166548.585	23444.030	55804.753
119866.621	166506.398	23447.554	55804.753
119915.5062	166506.398	23444.030	55811.748
119964.3915	166506.398	23444.030	55812.926
120013.2767	166506.398	23414.440	55814.633
120062.1619	166506.398	23414.440	55815.561
120111.0472	166506.398	23406.711	55834.071
120159.9324	166548.585	23393.145	55836.007
120208.8177	166548.585	23377.081	55849.649
120257.7029	166548.585	23372.150	55849.649
120306.5882	166498.128	23398.312	55850.666
120355.4734	166498.128	23372.150	55836.697
120404.3587	166417.812	23368.385	55822.478
120453.2439	166417.812	23368.385	55822.478
120502.1291	166417.812	23368.385	55836.007
120551.0144	166417.812	23361.598	55836.007
120599.8996	166498.128	23357.920	55836.697
120648.7849	166498.128	23356.598	55839.276
120697.6701	166498.128	23352.370	55839.276
120746.5554	166417.812	23340.904	55836.007
120795.4406	166417.812	23352.370	55836.697
120844.3259	166417.812	23329.531	55836.697
120893.2111	166417.812	23340.904	55849.649
120942.0964	166417.812	23316.318	55839.276
120990.9816	166498.128	23307.622	55836.697
121039.8668	166498.128	23310.372	55849.649
121088.7521	166498.128	23307.622	55851.620
121137.6373	166498.128	23303.495	55850.666
121186.5226	166498.128	23287.077	55850.666
121235.4078	166498.128	23310.372	55851.620
121284.2931	166498.128	23310.372	55857.177
121333.1783	166548.585	23297.512	55857.177
121382.0636	166548.585	23316.318	55870.424
121430.9488	166548.585	23297.512	55867.152
121479.834	166548.585	23266.429	55863.835
121528.7193	166548.585	23245.700	55859.387
121577.6045	166578.246	23244.204	55862.976
121626.4898	166578.246	23266.429	55867.152
121675.375	166622.895	23245.700	55870.806
121724.2603	166578.246	23282.967	55873.447
121773.1455	166578.246	23244.204	55873.070
121822.0308	166578.246	23245.700	55873.447
121870.916	166578.246	23245.700	55873.447
121919.8013	166622.895	23244.204	55873.070
121968.6865	166622.895	23229.650	55884.058
122017.5717	166923.472	23207.909	55893.955
122066.457	166923.472	23200.945	55893.955
122115.3422	166995.593	23266.429	55905.327
122164.2275	166995.593	23244.204	55897.884
122213.1127	167022.650	23266.429	55905.327
122261.998	167022.650	23229.650	55905.105
122310.8832	167022.650	23194.654	55905.105
122359.7685	167022.650	23189.722	55897.884
122408.6537	167022.650	23189.722	55897.884
122457.539	167058.707	23210.369	55908.963
122506.4242	167058.707	23200.945	55905.327
122555.3094	167058.707	23190.191	55905.327
122604.1947	167022.650	23156.159	55897.884
122653.0799	167022.650	23127.726	55895.098
122701.9652	167022.650	23145.383	55897.884
122750.8504	167058.707	23126.797	55908.963
122799.7357	167058.707	23141.884	55911.537
122848.6209	167420.252	23126.797	55914.003
122897.5062	167420.252	23127.726	55914.060
122946.3914	167442.093	23127.726	55921.390
122995.2766	167442.093	23141.884	55915.355
123044.1619	167442.093	23141.884	55915.355
123093.0471	167442.093	23094.506	55914.060
123141.9324	167420.252	23077.274	55912.968
123190.8176	167420.252	23101.130	55915.355
123239.7029	167420.252	23101.130	55914.060
123288.5881	167420.252	23063.163	55915.355
123337.4734	167420.252	23071.590	55921.390
123386.3586	167442.093	23045.141	55914.060
123435.2439	167442.093	23045.141	55915.355
123484.1291	167442.093	23028.911	55914.850
123533.0143	167420.252	23016.036	55914.003
123581.8996	167442.093	23003.650	55914.850
123630.7848	167442.093	22969.361	55914.060
123679.6701	167420.252	22953.104	55914.060
123728.5553	167420.252	22920.047	55912.968
123777.4406	167420.252	22904.379	55911.537
123826.3258	167058.707	22886.694	55905.327
123875.2111	167058.707	22912.229	55908.963
123924.0963	167022.650	22883.386	55905.105
123972.9815	167022.650	22904.379	55911.537
124021.8668	167022.650	22832.326	55897.547
124070.752	166995.593	22837.945	55897.547
124119.6373	166995.593	22881.651	55908.963
124168.5225	166995.593	22883.386	55911.537
124217.4078	166995.593	22883.386	55912.968
124266.293	167022.650	22880.089	55912.968
124315.1783	167022.650	22883.386	55914.850
124364.0635	167022.650	22837.945	55915.710
124412.9488	167022.650	22814.997	55915.710
124461.834	167058.707	22832.326	55934.287
124510.7192	167058.707	22814.997	55934.287
124559.6045	167022.650	22796.988	55923.540
124608.4897	167022.650	22814.997	55934.287
124657.375	167058.707	22776.045	55921.390
124706.2602	167058.707	22771.271	55923.540
124755.1455	167058.707	22694.326	55923.540
124804.0307	167058.707	22681.709	55915.710
124852.916	167058.707	22584.087	55914.060
124901.8012	167420.252	22518.588	55905.105
124950.6865	167420.252	22522.745	55905.105
124999.5717	167420.252	22509.964	55897.884
125048.4569	167420.252	22454.937	55897.547
125097.3422	167442.093	22402.466	55897.547
125146.2274	167442.093	22414.631	55905.327
125195.1127	167442.093	22481.993	55912.968
125243.9979	167420.252	22414.631	55908.963
125292.8832	167442.093	22414.631	55913.030
125341.7684	167442.093	22423.491	55912.968
125390.6537	167442.093	22452.966	55913.030
125439.5389	167544.054	22402.466	55914.060
125488.4241	167629.860	22384.982	55914.850
125537.3094	167629.860	22345.915	55914.060
125586.1946	167544.054	22299.552	55897.884
125635.0799	167544.054	22241.925	55897.884
125683.9651	167544.054	22241.925	55908.963
125732.8504	167544.054	22212.750	55911.537
125781.7356	167544.054	22187.146	55908.963
125830.6209	167629.860	22165.833	55905.327
125879.5061	167629.860	22165.833	55911.537
125928.3914	167629.860	22165.833	55911.537
125977.2766	167663.372	22132.277	55914.060
126026.1618	167663.372	22135.644	55915.355
126075.0471	167663.372	22135.644	55914.060
126123.9323	167680.114	22181.165	55915.710
126172.8176	167680.114	22128.785	55915.355
126221.7028	167680.114	22069.761	55912.968
126270.5881	167721.021	22015.112	55914.003
126319.4733	167680.114	22069.761	55915.355
126368.3586	167663.372	22078.255	55923.540
126417.2438	167680.114	22105.212	55923.540
126466.129	167680.114	22181.165	55937.216
126515.0143	167680.114	22128.785	55937.098
126563.8995	167721.021	22078.255	55937.098
126612.7848	167680.114	22060.073	55937.098
126661.67	167442.093	22015.112	55915.710
126710.5553	167544.054	22003.959	55923.540
126759.4405	167442.093	21943.475	55915.355
126808.3258	167420.252	21897.009	55914.003
126857.211	167442.093	21865.220	55914.060
126906.0963	167442.093	21903.983	55923.540
126954.9815	167442.093	21906.331	55937.098
127003.8667	167442.093	21942.600	55943.171
127052.752	167420.252	21906.331	55937.216
127101.6372	167442.093	21903.983	55927.942
127150.5225	167420.252	21897.009	55915.355
127199.4077	167420.252	21897.723	55914.850
127248.293	167420.252	21903.983	55914.060
127297.1782	167442.093	21903.862	55914.003
127346.0635	167442.093	21894.436	55914.060
127394.9487	167544.054	21897.009	55915.710
127443.834	167544.054	21903.862	55923.540
127492.7192	167544.054	21897.009	55937.216
127541.6044	167629.860	21903.262	55949.614
127590.4897	167629.860	21924.336	55952.391
127639.3749	167544.054	21903.983	55963.265
127688.2602	167629.860	21919.885	55974.870
127737.1454	167629.860	21903.983	55978.444
127786.0307	167629.860	21903.262	55974.870
127834.9159	167663.372	21844.208	55957.176
127883.8012	167629.860	21897.009	55974.870
127932.6864	167663.372	21861.646	55971.013
127981.5716	167629.860	21827.015	55971.013
128030.4569	167629.860	21823.946	55991.817
128079.3421	167544.054	21813.535	55974.870
128128.2274	167442.093	21823.946	55978.444
128177.1126	167442.093	21792.997	55992.764
128225.9979	167442.093	21749.706	55986.472
128274.8831	167442.093	21786.077	56004.279
128323.7684	167442.093	21711.600	56004.279
128372.6536	167544.054	21711.600	56010.781
128421.5389	167544.054	21687.390	56006.565
128470.4241	167544.054	21614.222	56005.116
128519.3093	167544.054	21622.313	56006.565
128568.1946	167442.093	21584.100	56006.565
128617.0798	167442.093	21554.517	56005.116
128665.9651	167442.093	21554.517	56010.781
128714.8503	167544.054	21513.293	56008.644
128763.7356	167544.054	21515.915	56008.644
128812.6208	167629.860	21554.517	56010.781
128861.5061	167629.860	21475.182	55999.371
128910.3913	167629.860	21469.023	55992.764
128959.2765	167629.860	21444.462	55991.817
129008.1618	167663.372	21479.359	56003.829
129057.047	167663.372	21533.541	56006.565
129105.9323	167680.114	21489.149	56003.829
129154.8175	167663.372	21475.182	55998.789
129203.7028	167663.372	21475.182	55998.789
129252.588	167680.114	21444.462	55978.444
129301.4733	167680.114	21444.462	55974.870
129350.3585	167680.114	21474.871	55999.371
129399.2438	167680.114	21474.871	56010.781
129448.129	167721.021	21469.023	56010.781
129497.0142	167900.857	21429.792	56022.002
129545.8995	168001.177	21475.182	56041.335
129594.7847	168149.504	21475.182	56044.924
129643.67	168001.177	21474.875	56044.924
129692.5552	168149.504	21444.462	56046.134
129741.4405	168149.504	21312.057	56046.815
129790.3257	168001.177	21351.343	56046.134
129839.211	168149.504	21300.402	56032.415
129888.0962	168001.177	21256.042	56035.943
129936.9814	167900.857	21256.042	56023.764
129985.8667	167721.021	21193.955	56023.764
130034.7519	167900.857	21129.896	56032.415
130083.6372	167721.021	21126.742	56033.843
130132.5224	167900.857	21050.504	56029.450
130181.4077	167900.857	21050.504	56041.335
130230.2929	167900.857	21074.291	56046.815
130279.1782	167721.021	21051.632	56046.134
130328.0634	167900.857	20985.936	56032.415
130376.9487	167900.857	20940.132	56021.713
130425.8339	167721.021	20981.327	56021.713
130474.7191	167680.114	21050.504	56035.943
130523.6044	167680.114	20874.309	56021.713
130572.4896	167900.857	20871.382	56010.781
130621.3749	167900.857	20890.164	56011.169
130670.2601	167900.857	20764.269	55999.371
130719.1454	167900.857	20806.050	56010.781
130768.0306	168001.177	20890.164	56023.764
130816.9159	167900.857	20912.417	56035.943
130865.8011	168001.177	20781.898	56029.450
130914.6864	168001.177	20805.156	56022.002
130963.5716	168149.504	20871.382	56046.815
131012.4568	168149.504	20871.382	56050.331
131061.3421	168435.628	20890.164	56056.782
131110.2273	168435.628	20973.507	56092.122
131159.1126	168435.628	20940.132	56092.122
131207.9978	168717.519	20781.898	56074.515
131256.8831	168665.473	20787.862	56065.762
131305.7683	168717.519	20699.414	56088.716
131354.6536	168717.519	20562.929	56056.782
131403.5388	168782.146	20541.174	56074.515
131452.424	168782.146	20505.535	56065.762
131501.3093	168800.445	20557.108	56092.979
131550.1945	168782.146	20557.108	56094.193
131599.0798	168815.709	20335.405	56063.195
131647.965	168825.150	20398.182	56092.122
131696.8503	168825.150	20262.934	56092.979
131745.7355	168825.150	20213.815	56094.193
131794.6208	168899.289	20106.059	56100.915
131843.506	168899.289	19774.796	56094.193
131892.3913	169001.004	19662.473	56092.122
131941.2765	169001.004	19499.654	56092.979
131990.1617	169035.345	19437.243	56092.979
132039.047	169131.256	19525.692	56100.915
132087.9322	169035.345	19437.243	56099.145
132136.8175	169131.256	19134.434	56092.979
132185.7027	169169.860	19054.554	56063.195
132234.588	169221.767	18846.607	56062.736
132283.4732	169313.782	18816.479	56065.762
132332.3585	169313.782	18846.607	56099.145
132381.2437	169331.696	18782.068	56114.315
132430.1289	169313.782	18729.846	56098.180
132479.0142	169331.696	18553.510	56088.716
132527.8994	169371.539	18597.469	56088.716
132576.7847	169371.539	18597.469	56094.193
132625.6699	169371.820	18479.939	56092.979
132674.5552	169371.539	18528.358	56092.979
132723.4404	169371.539	18553.510	56099.145
132772.3257	169371.539	18528.358	56116.847
132821.2109	169331.696	18370.234	56130.358
132870.0962	169371.820	18370.234	56160.161
132918.9814	169546.216	18345.559	56163.409
132967.8666	169546.216	18162.358	56151.942
133016.7519	169546.216	17945.415	56180.779
133065.6371	169557.852	17837.353	56205.309
133114.5224	169424.834	17608.367	56203.012
133163.4076	169546.216	17532.407	56197.761
133212.2929	169557.852	17532.407	56220.271
133261.1781	169633.510	17840.610	56234.659
133310.0634	169633.510	17457.448	56226.149
133358.9486	169676.294	17532.407	56234.659
133407.8339	169676.294	17457.448	56238.760
133456.7191	169676.294	17155.354	56232.567
133505.6043	169676.294	17048.632	56232.567
133554.4896	169780.409	17116.191	56234.659
133603.3748	169808.891	17337.774	56240.509
133652.2601	169808.891	17619.162	56255.986
133701.1453	169808.891	17542.370	56257.068
133750.0306	169808.891	17542.370	56255.097
133798.9158	169780.409	17660.239	56255.097
133847.8011	169780.409	17532.407	56273.965
133896.6863	169780.409	17225.283	56257.068
133945.5715	169780.409	17124.520	56255.986
133994.4568	169808.891	17007.227	56240.509
134043.342	169865.223	17002.633	56255.097
134092.2273	169780.409	16845.054	56238.760
134141.1125	169780.409	16935.716	56232.567
134189.9978	169780.409	16931.568	56234.659
134238.883	169780.409	16527.848	56225.984
134287.7683	169808.891	16845.054	56234.131
134336.6535	169865.223	16847.716	56240.998
134385.5388	169865.223	16726.301	56234.131
134434.424	170006.957	16931.572	56241.190
134483.3092	170061.371	16931.572	56238.760
134532.1945	170283.797	17002.633	56257.068
134581.0797	170283.797	17116.191	56273.965
134629.965	170283.797	17025.918	56273.965
134678.8502	170048.302	17002.633	56262.090
134727.7355	170048.302	16931.568	56273.965
134776.6207	170048.302	16931.568	56280.726
134825.506	170006.957	16950.179	56280.726
134874.3912	170006.957	16931.572	56281.135
134923.2764	170006.957	16931.572	56284.864
134972.1617	170048.302	16559.050	56278.431
135021.0469	170048.302	16845.054	56286.472
135069.9322	170061.371	17015.539	56298.072
135118.8174	170061.371	16845.054	56286.472
135167.7027	169865.223	16931.568	56286.472
135216.5879	170048.302	16266.284	56280.726
135265.4732	170048.302	15823.374	56274.180
135314.3584	170048.302	15732.964	56273.965
135363.2437	170061.371	15252.269	56262.090
135412.1289	170048.302	14613.179	56241.190
135461.0141	170048.302	14466.163	56240.998
135509.8994	170061.371	14824.772	56273.965
135558.7846	170283.797	15760.362	56291.788
135607.6699	170061.371	15987.212	56307.164
135656.5551	170283.797	15709.625	56300.396
135705.4404	170283.797	15350.482	56281.135
135754.3256	170283.797	14915.131	56281.135
135803.2109	170283.797	14587.876	56286.472
135852.0961	170061.371	14315.555	56284.864
135900.9814	170283.797	14187.175	56273.965
135949.8666	170342.859	14164.018	56275.102
135998.7518	170342.859	14312.251	56286.100
136047.6371	170455.630	14587.876	56291.770
136096.5223	170283.797	14824.772	56309.464
136145.4076	170061.371	14690.099	56316.895
136194.2928	170283.797	14466.163	56328.290
136243.1781	170283.797	14315.555	56328.970
136292.0633	170283.797	14690.099	56339.968
136340.9486	170455.630	13943.828	56328.290
136389.8338	170283.797	13943.828	56342.950
136438.719	170283.797	13423.117	56339.968
136487.6043	170283.797	12976.771	56351.729
136536.4895	170455.630	12742.366	56351.729
136585.3748	170525.530	12439.206	56370.610
136634.26	170455.630	11837.899	56375.270
136683.1453	170283.797	11814.516	56386.488
136732.0305	170455.630	11924.880	56410.317
136780.9158	170558.493	11900.422	56445.159
136829.801	170558.493	11924.880	56442.312
136878.6863	170558.493	11348.616	56428.850
136927.5715	170646.110	11346.806	56428.850
136976.4567	170646.110	11121.629	56428.850
137025.342	170704.947	11467.584	56478.502
137074.2272	170710.433	10969.456	56466.790
137123.1125	170729.075	10943.851	56462.433
137171.9977	170729.075	10799.269	56460.707
137220.883	170704.947	10943.851	56490.801
137269.7682	170729.075	10704.733	56466.790
137318.6535	170784.802	10501.858	56450.663
137367.5387	170729.075	10408.095	56462.433
137416.4239	170784.802	10501.858	56470.964
137465.3092	170784.802	10232.515	56460.707
137514.1944	170784.802	10070.622	56446.510
137563.0797	170788.463	10501.858	56470.964
137611.9649	170902.346	10619.719	56497.354
137660.8502	170954.014	10501.858	56512.646
137709.7354	171129.456	10388.884	56529.610
137758.6207	170902.346	10186.534	56510.061
137807.5059	170902.346	10341.733	56543.179
137856.3912	170902.346	10501.858	56554.291
137905.2764	170902.346	10356.631	56539.555
137954.1616	171129.456	10625.192	56558.839
138003.0469	171201.537	10341.733	56554.450
138051.9321	171201.537	10070.622	56543.179
138100.8174	171129.456	9881.228	56542.007
138149.7026	170954.014	9467.087	56516.140
138198.5879	170954.014	9521.028	56539.555
138247.4731	171201.537	9452.301	56537.730
138296.3584	171311.434	9146.469	56508.300
138345.2436	171311.434	9146.469	56537.730
138394.1289	171311.434	9251.128	56539.555
138443.0141	171311.434	9144.531	56563.422
138491.8993	171316.108	9138.145	56558.839
138540.7846	171431.103	9146.469	56578.627
138589.6698	171434.072	9109.817	56565.815
138638.5551	171434.072	9521.028	56599.237
138687.4403	171431.103	9467.087	56592.947
138736.3256	171434.072	9138.145	56592.930
138785.2108	171567.088	9109.817	56602.926
138834.0961	171757.996	9467.087	56637.572
138882.9813	171757.996	9242.181	56641.714
138931.8665	171803.446	9242.181	56669.946
138980.7518	171803.446	8960.398	56667.354
139029.637	172178.612	9054.885	56667.354
139078.5223	172198.667	8656.283	56647.685
139127.4075	172198.667	8324.476	56637.572
139176.2928	172116.654	8298.145	56639.470
139225.178	171803.446	8359.735	56624.286
139274.0633	172116.654	8368.234	56667.354
139322.9485	171803.446	8324.476	56667.354
139371.8338	171757.996	8416.927	56669.946
139420.719	171757.996	8460.664	56685.232
139469.6042	171757.996	8339.662	56675.237
139518.4895	171757.996	8416.927	56685.232
139567.3747	171757.996	8339.662	56685.232
139616.26	171803.446	8324.476	56695.797
139665.1452	171434.072	8191.084	56685.232
139714.0305	171567.088	8277.223	56694.682
139762.9157	171567.088	8339.662	56701.124
139811.801	171567.088	8346.412	56701.124
139860.6862	171567.088	8298.145	56701.124
139909.5714	171567.088	8189.610	56709.386
139958.4567	171567.088	8249.116	56724.540
140007.3419	171803.446	8249.116	56724.540
140056.2272	171803.446	8191.084	56715.539
140105.1124	171803.446	8211.520	56701.124
140153.9977	171567.088	8039.928	56693.047
140202.8829	171803.446	7991.120	56692.646
140251.7682	171567.088	8057.522	56695.797
140300.6534	172198.667	8056.970	56701.124
140349.5387	171803.446	8027.163	56710.247
140398.4239	171434.072	8298.145	56732.312
140447.3091	171567.088	8298.145	56732.706
140496.1944	172198.667	8277.223	56735.863
140545.0796	172228.903	8945.161	56790.407
140593.9649	172324.498	8945.161	56790.407
140642.8501	172228.903	8548.637	56768.782
140691.7354	172324.498	8443.953	56761.893
140740.6206	171803.446	8477.461	56791.035
140789.5059	171434.072	8200.390	56791.035
140838.3911	171567.088	7940.826	56756.027
140887.2764	171803.446	8039.928	56784.829
140936.1616	172198.667	8039.928	56791.412
140985.0468	172198.667	7940.826	56791.412
141033.9321	172198.667	7923.690	56804.154
141082.8173	172228.903	7614.272	56804.154
141131.7026	171803.446	7657.602	56804.154
141180.5878	172228.903	7501.907	56800.119
141229.4731	172198.667	7461.985	56811.635
141278.3583	172324.498	7480.983	56831.796
141327.2436	172228.903	7392.641	56831.796
141376.1288	172198.667	7294.473	56823.338
141425.014	172198.667	7292.677	56831.796
141473.8993	172198.667	7167.704	56828.667
141522.7845	172198.667	7066.841	56831.796
141571.6698	172198.667	6696.631	56828.839
141620.555	172198.667	6804.187	56844.796
141669.4403	172198.667	6640.093	56837.486
141718.3255	171567.088	6200.231	56815.235
141767.2108	172198.667	6167.539	56840.435
141816.096	172228.903	6167.539	56844.796
141864.9813	172324.498	6167.539	56846.834
141913.8665	171803.446	6436.100	56840.435
141962.7517	172198.667	6373.202	56846.834
142011.637	171803.446	6167.539	56827.126
142060.5222	171567.088	6227.472	56808.082
142109.4075	171803.446	6137.067	56804.154
142158.2927	171567.088	6053.760	56791.412
142207.178	171803.446	5957.460	56785.589
142256.0632	171803.446	5969.047	56800.119
142304.9485	171431.103	6111.174	56804.154
142353.8337	171354.491	6016.797	56790.407
142402.7189	171354.491	6086.538	56794.289
142451.6042	171316.108	5914.260	56799.012
142500.4894	171354.491	5798.986	56794.289
142549.3747	171434.072	5969.047	56808.082
142598.2599	171567.088	6151.560	56823.338
142647.1452	172198.667	5969.047	56808.082
142696.0304	171567.088	6189.946	56828.667
142744.9157	171567.088	6087.066	56828.839
142793.8009	171567.088	6133.233	56828.839
142842.6862	171567.088	6220.864	56831.796
142891.5714	172324.498	6345.141	56855.806
142940.4566	172324.498	6312.443	56836.542
142989.3419	172228.903	6198.878	56828.839
143038.2271	172324.498	6241.555	56828.667
143087.1124	172886.286	6631.582	56894.888
143135.9976	172949.876	6667.032	56901.551
143184.8829	172949.876	6718.902	56933.755
143233.7681	173333.391	6667.032	56894.888
143282.6534	173351.400	6682.985	56887.621
143331.5386	173353.280	6591.807	56880.250
143380.4238	173351.400	6547.589	56840.435
143429.3091	173353.280	6436.100	56836.542
143478.1943	173353.280	6108.616	56815.235
143527.0796	173495.331	6141.506	56827.126
143575.9648	173495.331	6133.233	56828.839
143624.8501	173559.589	6087.066	56836.542
143673.7353	173559.589	5914.024	56815.235
143722.6206	173732.871	5754.273	56823.338
143771.5058	173732.871	5736.017	56810.353
143820.3911	173732.871	5857.279	56825.259
143869.2763	173764.952	5754.273	56808.082
143918.1615	173985.243	5875.706	56799.012
143967.0468	173764.952	5914.024	56799.012
144015.932	173732.871	5857.279	56791.412
144064.8173	173732.871	5754.273	56804.154
144113.7025	173495.331	5775.039	56808.082
144162.5878	173559.589	5754.273	56828.667
144211.473	173495.331	5745.063	56828.667
144260.3583	173353.280	5775.039	56845.225
144309.2435	173559.589	5864.204	56857.861
144358.1288	173732.871	5809.102	56840.435
144407.014	173732.871	5709.209	56828.667
144455.8992	173732.871	5659.201	56837.486
144504.7845	173764.952	5650.004	56831.796
144553.6697	173764.952	5584.561	56831.796
144602.555	173921.729	5654.685	56845.225
144651.4402	173985.243	5709.209	56845.225
144700.3255	173985.243	5654.685	56846.834
144749.2107	174478.877	5654.726	56855.806
144798.096	174478.877	5654.726	56857.861
144846.9812	174478.877	5605.104	56855.806
144895.8664	174488.952	5475.484	56858.013
144944.7517	174840.428	5442.230	56901.551
144993.6369	174909.347	5452.530	56933.755
145042.5222	174909.347	5442.230	56948.271
145091.4074	174909.347	5406.763	57000.569
145140.2927	174909.347	5197.816	56961.523
145189.1779	175430.000	5197.816	57001.585
145238.0632	175430.000	5005.308	56947.656
145286.9484	175476.014	5115.967	57001.281
145335.8337	175728.777	5010.444	57001.281
145384.7189	175769.452	4974.983	57017.837
145433.6041	175796.724	4974.983	57022.376
145482.4894	175796.724	4831.870	57040.593
145531.3746	175796.724	4925.788	57042.798
145580.2599	175796.724	4623.150	56936.192
145629.1451	175796.724	4761.423	56961.523
145678.0304	175863.000	4618.317	56961.523
145726.9156	175863.000	4623.150	56947.656
145775.8009	175796.724	4761.290	57001.281
145824.6861	175796.724	4974.983	57022.376
145873.5713	175796.724	4989.794	57022.376
145922.4566	175863.000	5115.232	57064.268
145971.3418	176019.309	5429.732	57109.864
146020.2271	176452.212	5406.763	57093.738
146069.1123	176505.697	5155.456	57081.110
146117.9976	176505.697	5145.007	57040.593
146166.8828	176737.887	5173.387	57005.628
146215.7681	176505.697	5145.007	57001.585
146264.6533	176541.352	5018.929	57017.837
146313.5386	176737.887	5005.308	57050.310
146362.4238	176737.887	4974.983	57081.110
146411.309	176776.996	4908.801	57091.588
146460.1943	176776.996	4896.518	57109.864
146509.0795	176737.887	4726.942	57076.690
146557.9648	176776.996	4761.423	57094.351
