Time	UpperNe	LowerNe	Ne
0	317897.576	28598.182	108573.226
15.43869171	315932.435	29476.500	109080.547
30.87738342	314417.286	30146.419	109459.887
46.31607513	312416.963	30920.204	109814.751
61.75476684	308199.505	31399.954	110244.858
77.19345855	306629.944	32290.006	110626.369
92.63215026	305281.023	32922.359	111157.519
108.070842	302506.407	33637.113	111627.655
123.5095337	299908.887	34189.603	112095.728
138.9482254	296750.752	34942.180	112695.379
154.3869171	294688.817	35543.876	113331.729
169.8256088	292109.411	36202.196	113842.473
185.2643005	289451.921	36640.171	114303.728
200.7029922	288628.810	37078.964	114723.259
216.1416839	286597.051	37407.333	115287.838
231.5803756	283357.336	38052.890	115886.469
247.0190674	283120.621	38474.533	116423.823
262.4577591	283034.874	39178.207	117010.301
277.8964508	281650.431	39529.047	117523.537
293.3351425	281334.538	40067.567	117993.988
308.7738342	280272.001	40580.656	118578.133
324.2125259	278949.544	41120.375	119128.112
339.6512176	277574.699	41780.206	119878.159
355.0899093	276452.961	42430.899	120555.925
370.528601	275488.783	42935.095	121273.131
385.9672927	274958.687	43232.879	121901.530
401.4059845	274897.018	43941.749	122391.778
416.8446762	274605.882	44451.037	122993.254
432.2833679	274014.566	45156.988	123577.937
447.7220596	274605.882	45397.603	124100.970
463.1607513	274605.882	45932.967	124740.345
478.599443	274938.981	46531.938	125351.264
494.0381347	274498.588	47199.635	126048.340
509.4768264	274958.687	47597.776	126623.754
524.9155181	274958.687	48168.585	127200.545
540.3542098	274904.360	48696.858	127794.640
555.7929016	274938.981	49231.291	128376.171
571.2315933	275875.444	49702.133	129085.634
586.670285	276314.752	50059.625	129733.376
602.1089767	276851.305	50532.510	130187.547
617.5476684	277790.016	51104.164	130739.350
632.9863601	278100.798	51503.157	131334.811
648.4250518	279070.182	51995.734	131872.119
663.8637435	279787.204	52543.817	132358.638
679.3024352	279787.204	53008.654	132768.726
694.7411269	280512.867	53322.764	133306.621
710.1798187	280898.608	53724.533	133839.060
725.6185104	281087.493	54198.758	134324.641
741.0572021	281218.622	54611.587	135018.767
756.4958938	281573.930	54984.165	135550.123
771.9345855	282536.181	55480.916	136051.384
787.3732772	283151.666	55978.224	136584.204
802.8119689	283649.184	56408.852	136990.223
818.2506606	285231.459	56693.967	137538.514
833.6893523	285467.987	57193.614	137907.475
849.128044	286075.031	57704.419	138287.676
864.5667358	287142.530	58237.647	138694.278
880.0054275	288018.908	58474.701	139254.601
895.4441192	288370.752	59104.099	139617.691
910.8828109	289393.782	59604.570	140082.298
926.3215026	289737.156	59870.723	140570.568
941.7601943	290632.015	60426.274	140943.662
957.198886	291650.277	60831.902	141380.439
972.6375777	292867.123	61415.029	141911.813
988.0762694	293069.600	61843.157	142173.819
1003.514961	294096.900	62255.627	142662.445
1018.953653	295132.118	62761.475	143093.988
1034.392345	295471.846	63177.567	143539.796
1049.831036	295977.059	63874.957	143971.480
1065.269728	295962.885	64484.150	144492.406
1080.70842	296769.029	64795.184	144833.767
1096.147111	297885.122	65468.023	145210.265
1111.585803	298912.858	65747.792	145591.983
1127.024495	299969.813	66080.661	145993.233
1142.463187	300682.376	66486.413	146309.723
1157.901878	302148.031	66946.338	146697.575
1173.34057	302197.079	67234.656	147037.505
1188.779262	302330.564	67600.725	147314.958
1204.217953	302741.746	68007.743	147756.174
1219.656645	303893.539	68378.035	148174.442
1235.095337	304691.911	68874.891	148568.347
1250.534029	305090.384	69318.417	148924.583
1265.97272	305904.267	69763.475	149252.705
1281.411412	306793.296	70070.540	149661.096
1296.850104	307057.222	70386.401	149989.336
1312.288795	307287.930	70827.004	150254.175
1327.727487	308747.784	71045.627	150524.961
1343.166179	309030.003	71397.129	150833.720
1358.60487	309056.344	71764.684	151136.654
1374.043562	309396.834	72044.861	151460.518
1389.482254	309820.735	72448.290	151768.554
1404.920946	310467.658	72621.089	152008.497
1420.359637	310631.506	73087.066	152404.971
1435.798329	310866.726	73275.158	152713.119
1451.237021	312802.383	73564.005	153061.462
1466.675712	312854.451	74037.230	153395.639
1482.114404	313996.541	74274.584	153722.525
1497.553096	314122.146	74731.343	154011.645
1512.991788	314395.767	75063.668	154260.151
1528.430479	315356.845	75378.799	154539.975
1543.869171	315356.845	75713.182	154731.311
1559.307863	316001.370	76330.947	154941.695
1574.746554	316316.513	76612.987	155356.317
1590.185246	316905.400	77019.035	155609.831
1605.623938	317622.679	77221.325	155890.153
1621.06263	318097.805	77511.510	156089.945
1636.501321	318217.983	77854.248	156331.300
1651.940013	318252.344	78004.916	156580.423
1667.378705	318856.187	78377.073	156863.010
1682.817396	319753.842	78616.025	157036.508
1698.256088	320363.427	78947.945	157244.045
1713.69478	320978.401	79387.306	157473.126
1729.133472	321953.030	79827.136	157689.768
1744.572163	322941.361	79975.206	157916.779
1760.010855	323383.620	80326.754	158172.388
1775.449547	324421.147	80670.675	158475.895
1790.888238	324957.574	81012.161	158650.858
1806.32693	325855.854	81460.908	158820.435
1821.765622	326219.317	81743.426	159052.101
1837.204313	326772.851	81971.959	159272.800
1852.643005	327657.418	82408.713	159437.111
1868.081697	328376.823	82550.671	159673.747
1883.520389	328820.737	82935.711	159885.900
1898.95908	328877.751	83435.604	160110.558
1914.397772	329291.441	83704.950	160354.335
1929.836464	329970.241	83772.344	160563.318
1945.275155	330310.761	84286.965	160748.481
1960.713847	330469.526	84484.145	160992.365
1976.152539	330721.587	84846.641	161197.504
1991.591231	331694.362	85348.639	161431.271
2007.029922	332232.098	85581.091	161692.235
2022.468614	332806.023	85901.026	161917.468
2037.907306	333345.244	86148.207	162049.521
2053.345997	333942.273	86320.903	162276.358
2068.784689	334286.629	86393.871	162402.654
2084.223381	334640.738	86421.322	162515.480
2099.662073	335030.802	86798.100	162743.265
2115.100764	335461.014	87138.876	162869.783
2130.539456	335832.136	87502.407	163074.800
2145.978148	336138.883	87697.545	163189.778
2161.416839	336431.264	87863.766	163325.979
2176.855531	337551.071	88084.017	163494.897
2192.294223	337570.464	88262.218	163660.045
2207.732915	338602.287	88308.708	163831.101
2223.171606	339425.327	88460.771	163992.129
2238.610298	339977.501	88552.692	164140.261
2254.04899	340340.803	88886.695	164434.543
2269.487681	340651.604	89034.666	164546.417
2284.926373	341306.915	89360.648	164721.624
2300.365065	342033.383	89570.733	164924.932
2315.803756	342041.063	89594.047	165084.143
2331.242448	342383.208	89682.555	165248.689
2346.68114	342528.347	89779.771	165383.869
2362.119832	343201.294	89943.440	165525.346
2377.558523	343796.661	89993.195	165744.121
2392.997215	344344.495	90282.315	165892.525
2408.435907	344745.002	90608.475	165977.892
2423.874598	344869.641	90708.475	166054.740
2439.31329	345180.585	90969.958	166243.984
2454.751982	345610.323	91077.108	166341.257
2470.190674	345945.728	91194.483	166547.861
2485.629365	346202.484	91402.065	166678.095
2501.068057	346611.647	91505.808	166862.975
2516.506749	346611.647	91602.109	166953.685
2531.94544	347028.855	91762.650	167089.476
2547.384132	347478.518	91857.381	167212.126
2562.822824	348402.554	92072.724	167334.033
2578.261516	348861.292	92152.799	167484.987
2593.700207	349549.749	92331.100	167573.314
2609.138899	350305.912	92378.736	167698.634
2624.577591	350395.592	92640.790	167881.513
2640.016282	350553.320	92786.383	167958.600
2655.454974	350836.627	92836.453	168066.547
2670.893666	351446.027	93053.717	168208.555
2686.332358	351446.027	93156.041	168329.310
2701.771049	352682.127	93221.317	168482.183
2717.209741	353349.371	93363.921	168672.814
2732.648433	353754.131	93496.565	168864.811
2748.087124	353939.319	93585.783	168933.095
2763.525816	354725.299	93605.267	169171.097
2778.964508	356249.798	93817.115	169255.155
2794.4032	356975.292	93945.105	169390.258
2809.841891	357743.904	94146.321	169563.534
2825.280583	357989.754	94252.332	169693.770
2840.719275	358500.809	94266.960	169834.053
2856.157966	358758.639	94266.960	169960.749
2871.596658	359064.403	94434.716	170096.992
2887.03535	359889.264	94666.797	170216.982
2902.474041	360663.313	94681.960	170297.171
2917.912733	360796.577	94777.075	170449.978
2933.351425	361043.493	94914.574	170548.296
2948.790117	362467.567	95049.213	170640.673
2964.228808	362907.341	95215.652	170740.122
2979.6675	363066.639	95251.156	170826.063
2995.106192	364323.448	95411.815	170885.336
3010.544883	365266.629	95446.189	170992.787
3025.983575	366814.472	95525.681	171085.262
3041.422267	366928.794	95611.371	171168.784
3056.860959	367370.673	95695.016	171252.042
3072.29965	367892.418	95782.521	171345.945
3087.738342	367982.841	95921.308	171425.048
3103.177034	368004.252	96045.703	171485.123
3118.615725	368157.542	96074.036	171592.377
3134.054417	368157.542	96135.788	171700.611
3149.493109	368297.344	96223.468	171832.851
3164.931801	369137.400	96426.347	171885.399
3180.370492	369300.807	96457.195	171986.940
3195.809184	369300.807	96588.532	172050.850
3211.247876	369635.905	96711.217	172104.200
3226.686567	370575.487	96828.798	172208.766
3242.125259	370575.487	96836.957	172279.408
3257.563951	371114.669	96815.614	172353.024
3273.002643	371250.966	96828.798	172383.843
3288.441334	371362.527	96905.604	172548.265
3303.880026	371379.483	96905.604	172602.065
3319.318718	371379.483	97012.811	172708.467
3334.757409	371721.449	97017.461	172786.081
3350.196101	372065.118	96997.686	172879.228
3365.634793	372333.855	97032.229	172960.518
3381.073484	372366.403	97063.970	173007.370
3396.512176	372905.836	97120.652	173082.650
3411.950868	372560.818	97109.659	173085.406
3427.38956	372905.836	97243.886	173163.857
3442.828251	373521.604	97297.895	173260.078
3458.266943	373762.724	97352.764	173294.212
3473.705635	374606.459	97415.483	173375.750
3489.144326	374787.895	97441.411	173431.768
3504.583018	374787.895	97441.487	173404.086
3520.02171	374951.660	97509.926	173438.976
3535.460402	375007.799	97572.483	173520.365
3550.899093	375133.985	97596.156	173586.471
3566.337785	375839.905	97596.156	173671.752
3581.776477	375878.631	97596.156	173723.103
3597.215168	376020.730	97596.156	173762.492
3612.65386	376155.298	97691.438	173774.034
3628.092552	377181.382	97775.563	173854.719
3643.531244	377767.779	97789.636	173909.372
3658.969935	377886.751	97775.563	173969.413
3674.408627	377946.601	97720.654	174055.983
3689.847319	378594.382	97720.654	174096.023
3705.28601	378722.169	97857.187	174144.539
3720.724702	379268.882	97903.311	174233.544
3736.163394	379354.311	97903.311	174268.425
3751.602086	379930.807	97991.745	174344.513
3767.040777	380047.692	97991.745	174392.964
3782.479469	380047.692	97990.981	174412.625
3797.918161	380093.003	97919.475	174490.177
3813.356852	380126.596	97990.981	174544.524
3828.795544	380126.596	97885.403	174566.495
3844.234236	380300.337	97919.475	174573.129
3859.672927	380766.331	97991.745	174681.580
3875.111619	380766.331	97887.161	174703.589
3890.550311	382029.400	97857.187	174772.554
3905.989003	382049.321	97887.161	174856.774
3921.427694	382397.665	97919.475	174928.878
3936.866386	382488.576	97919.475	174999.156
3952.305078	383441.964	97991.745	175034.542
3967.743769	383825.629	98149.484	175097.283
3983.182461	383831.139	98149.484	175102.434
3998.621153	383989.043	98029.228	175136.971
4014.059845	384322.893	97990.981	175203.621
4029.498536	384676.712	97990.981	175272.750
4044.937228	384700.953	97919.475	175304.555
4060.37592	384792.507	97885.403	175304.555
4075.814611	384986.422	97885.403	175371.761
4091.253303	385432.144	97885.403	175407.639
4106.691995	386265.030	97885.403	175507.922
4122.130687	386611.264	97887.161	175554.917
4137.569378	386611.264	97903.311	175661.704
4153.00807	386521.907	97903.311	175690.584
4168.446762	386521.907	97919.475	175738.593
4183.885453	386611.264	97943.778	175793.573
4199.324145	386797.930	97885.403	175804.601
4214.762837	386882.211	97857.187	175827.884
4230.201529	386944.750	97857.187	175914.454
4245.64022	386944.750	97691.438	175935.523
4261.078912	387091.401	97720.654	176026.137
4276.517604	387163.231	97714.330	176104.631
4291.956295	387163.231	97714.330	176192.385
4307.394987	387163.231	97715.286	176238.733
4322.833679	387572.685	97683.251	176293.570
4338.272371	387602.668	97684.576	176375.655
4353.711062	387940.014	97714.330	176458.276
4369.149754	388418.639	97683.251	176498.362
4384.588446	388917.534	97572.483	176516.741
4400.027137	389491.592	97510.571	176552.665
4415.465829	389503.489	97566.694	176571.127
4430.904521	389961.818	97441.411	176590.105
4446.343212	389715.663	97390.290	176638.091
4461.781904	389961.818	97374.481	176655.494
4477.220596	390217.652	97352.764	176669.240
4492.659288	390217.652	97352.177	176703.859
4508.097979	390827.271	97352.764	176730.064
4523.536671	390960.820	97352.177	176802.134
4538.975363	391200.052	97257.314	176865.656
4554.414054	391259.000	97136.259	176907.631
4569.852746	391325.551	97101.572	176949.344
4585.291438	392249.493	97109.659	177009.512
4600.73013	392497.681	97169.603	177038.025
4616.168821	392645.031	97109.659	177069.800
4631.607513	392906.548	97071.132	177063.851
4647.046205	393506.323	97063.970	177097.795
4662.484896	393691.478	97071.132	177123.547
4677.923588	393691.478	97071.132	177145.831
4693.36228	393875.618	97063.970	177155.660
4708.800972	394088.621	97017.461	177155.660
4724.239663	394253.588	96967.356	177169.296
4739.678355	394253.588	96910.501	177200.495
4755.117047	395041.382	96847.197	177212.931
4770.555738	395163.412	96756.764	177224.027
4785.99443	395163.412	96711.217	177265.067
4801.433122	394983.970	96711.217	177327.338
4816.871814	394983.970	96635.425	177351.107
4832.310505	394983.970	96644.568	177361.366
4847.749197	396036.851	96614.973	177363.322
4863.187889	396038.270	96574.267	177371.419
4878.62658	396036.851	96495.584	177420.009
4894.065272	396038.270	96444.016	177417.108
4909.503964	396061.926	96444.016	177440.384
4924.942655	396061.926	96306.714	177440.384
4940.381347	396451.261	96264.662	177476.582
4955.820039	396451.261	96264.662	177498.344
4971.258731	396552.012	96177.031	177519.561
4986.697422	396327.638	96264.662	177559.855
5002.136114	396738.291	96137.754	177578.462
5017.574806	396825.698	96137.754	177633.584
5033.013497	396825.698	96137.754	177672.549
5048.452189	397339.152	96122.134	177696.119
5063.890881	397650.730	96119.688	177677.219
5079.329573	398058.166	95998.996	177677.219
5094.768264	398279.813	95997.002	177706.371
5110.206956	398881.590	95954.043	177732.657
5125.645648	399014.168	95921.308	177765.093
5141.084339	399014.168	95945.353	177742.639
5156.523031	399235.873	95945.353	177736.450
5171.961723	399254.633	95777.156	177779.920
5187.400415	399314.179	95609.666	177789.711
5202.839106	399454.616	95593.679	177852.011
5218.277798	399532.638	95516.124	177853.013
5233.71649	399910.144	95487.466	177905.281
5249.155181	400241.824	95484.734	177970.913
5264.593873	400247.114	95265.506	178026.677
5280.032565	400454.735	95184.069	178032.096
5295.471257	400324.458	95228.530	178002.710
5310.909948	400324.458	95150.465	177998.584
5326.34864	400454.735	95082.612	178031.869
5341.787332	400699.960	95032.684	178070.372
5357.226023	400741.480	94983.931	178052.036
5372.664715	401113.606	94945.275	178052.036
5388.103407	401113.606	94843.233	178032.096
5403.542098	401695.485	94776.741	178052.036
5418.98079	402231.815	94638.400	178066.314
5434.419482	402231.815	94600.292	178087.440
5449.858174	402333.872	94539.260	178080.327
5465.296865	402389.569	94447.847	178072.230
5480.735557	402389.569	94276.245	178070.372
5496.174249	402399.689	94146.321	178070.648
5511.61294	402402.467	94014.543	178070.648
5527.051632	402781.157	93813.091	178072.230
5542.490324	402781.157	93766.605	178068.081
5557.929016	402674.727	93699.623	178026.677
5573.367707	402674.727	93672.700	177987.851
5588.806399	402674.727	93556.762	177967.376
5604.245091	402674.727	93514.398	177981.836
5619.683782	402924.234	93487.493	178005.036
5635.122474	403355.739	93427.881	178031.869
5650.561166	404231.220	93427.881	178052.036
5665.999858	404393.571	93283.085	178032.096
5681.438549	404446.343	93201.327	178032.096
5696.877241	404870.786	92968.226	178052.036
5712.315933	404960.131	92761.363	178002.710
5727.754624	405468.667	92580.915	177988.282
5743.193316	405673.141	92448.550	178002.710
5758.632008	405724.899	92350.567	177998.660
5774.0707	406460.045	92270.720	177998.660
5789.509391	406490.596	92152.799	178002.710
5804.948083	406533.651	91944.482	177959.594
5820.386775	406638.454	91871.007	177984.588
5835.825466	406691.663	91738.842	177981.836
5851.264158	406691.663	91579.151	177930.740
5866.70285	406691.663	91505.808	177905.281
5882.141542	406691.663	91444.851	177896.093
5897.580233	406762.703	91414.956	177940.823
5913.018925	407024.009	91320.512	177959.215
5928.457617	407087.906	91168.031	177967.376
5943.896308	407132.050	91039.488	177930.740
5959.335	407132.050	90941.743	177930.740
5974.773692	407360.904	90769.297	177896.093
5990.212383	407669.279	90496.200	177940.823
6005.651075	407949.568	90237.395	177951.893
6021.089767	407949.568	90230.418	177951.893
6036.528459	408047.648	90086.453	177940.823
6051.96715	408047.648	89755.655	177894.872
6067.405842	408047.648	89726.688	177855.797
6082.844534	408047.648	89648.188	177855.797
6098.283225	408047.648	89386.076	177833.464
6113.721917	408047.648	88944.105	177833.464
6129.160609	407949.568	88779.473	177819.532
6144.599301	408467.034	88746.165	177817.187
6160.037992	408378.130	88566.625	177780.961
6175.476684	408467.034	88503.367	177789.711
6190.915376	408378.130	88337.542	177815.210
6206.354067	408378.130	88095.826	177767.267
6221.792759	408378.130	87878.654	177742.639
6237.231451	408378.130	87764.376	177739.609
6252.670143	408047.648	87530.810	177706.371
6268.108834	408378.130	87434.714	177676.042
6283.547526	408676.484	87118.125	177657.273
6298.986218	408938.065	86798.100	177633.584
6314.424909	409002.148	86592.901	177598.243
6329.863601	408938.065	86332.695	177578.462
6345.302293	408938.065	86064.225	177507.748
6360.740985	408865.594	85876.510	177498.344
6376.179676	408938.065	85765.164	177498.344
6391.618368	408865.594	85332.954	177488.402
6407.05706	408938.065	85211.643	177488.997
6422.495751	409002.148	85036.040	177485.027
6437.934443	409221.133	84774.562	177427.605
6453.373135	409240.880	84399.218	177376.181
6468.811826	409240.880	84288.455	177375.501
6484.250518	409002.148	84060.058	177373.391
6499.68921	409002.148	83384.429	177327.338
6515.127902	408938.065	83133.577	177296.324
6530.566593	409002.148	82696.997	177276.724
6546.005285	409002.148	82525.379	177224.027
6561.443977	409240.880	82241.397	177224.027
6576.882668	409221.133	81920.392	177188.601
6592.32136	409240.880	81310.775	177167.862
6607.760052	409240.880	80963.459	177145.831
6623.198744	409343.366	80651.485	177123.547
6638.637435	409423.543	80402.598	177086.762
6654.076127	409458.729	80030.300	177057.766
6669.514819	409458.729	79800.344	177032.279
6684.95351	409423.543	79556.688	176999.220
6700.392202	409548.812	79296.641	176961.526
6715.830894	409593.774	78712.569	176949.344
6731.269586	409548.812	78055.788	176841.831
6746.708277	409788.213	77679.535	176792.930
6762.146969	409783.101	77030.160	176730.064
6777.585661	409840.378	76688.152	176714.967
6793.024352	409783.101	76359.856	176600.473
6808.463044	409783.101	75876.339	176536.275
6823.901736	409548.812	75363.785	176433.017
6839.340428	409548.812	75047.260	176375.655
6854.779119	409548.812	74137.316	176310.858
6870.217811	409548.812	73724.460	176238.733
6885.656503	409458.729	72898.654	176222.454
6901.095194	409458.729	72041.349	176208.961
6916.533886	409423.543	71437.290	176182.880
6931.972578	409343.366	71027.199	176118.838
6947.411269	409343.366	70540.575	175982.838
6962.849961	409240.880	70197.293	175942.006
6978.288653	409221.133	70080.817	175906.358
6993.727345	409221.133	69790.862	175813.516
7009.166036	409221.133	69282.879	175793.573
7024.604728	409343.366	68840.764	175734.704
7040.04342	409423.543	68283.453	175554.917
7055.482111	409458.729	67042.417	175545.798
7070.920803	408865.594	65820.554	175417.684
7086.359495	408865.594	65508.329	175384.471
7101.798187	408938.065	64989.278	175252.028
7117.236878	408938.065	63955.548	175173.491
7132.67557	408865.594	63662.792	175077.642
7148.114262	408938.065	62928.917	175034.542
7163.552953	409240.880	61958.466	174991.718
7178.991645	408865.594	61489.782	174896.265
7194.430337	409240.880	60655.412	174856.774
7209.869029	408938.065	59951.225	174819.436
7225.30772	408938.065	59580.984	174797.956
7240.746412	409240.880	59080.309	174703.589
7256.185104	408865.594	58624.034	174608.535
7271.623795	408865.594	58116.029	174553.984
7287.062487	408475.404	57227.225	174471.354
7302.501179	408467.034	56574.686	174450.385
7317.939871	408047.648	56034.631	174373.823
7333.378562	408467.034	55559.934	174349.261
7348.817254	408475.404	54695.862	174313.190
7364.255946	408467.034	54057.979	174212.542
7379.694637	408467.034	53314.859	174144.539
7395.133329	408378.130	52784.764	174066.103
7410.572021	408047.648	52315.638	173986.951
7426.010713	408047.648	51368.824	173930.987
7441.449404	408378.130	50638.645	173854.719
7456.888096	408624.903	49658.802	173806.637
7472.326788	408865.594	48829.672	173730.757
7487.765479	408676.484	47129.845	173659.895
7503.204171	408676.484	46389.746	173586.471
7518.642863	408676.484	45460.099	173512.101
7534.081554	408624.903	44489.199	173431.768
7549.520246	408475.404	43428.249	173311.355
7564.958938	408467.034	42902.808	173251.795
7580.39763	408467.034	42227.330	173144.514
7595.836321	408475.404	41196.361	173083.623
7611.275013	408865.594	40140.806	173000.334
7626.713705	408624.903	39157.678	172888.804
7642.152396	408378.130	38090.487	172786.081
7657.591088	408047.648	37519.403	172685.978
7673.02978	407649.063	36748.747	172497.885
7688.468472	407649.063	35265.917	172396.182
7703.907163	407326.521	33988.782	172282.572
7719.345855	407132.050	33063.918	172133.376
7734.784547	406800.526	32241.110	172039.891
7750.223238	407062.797	31203.948	171940.720
7765.66193	407326.521	30584.275	171766.841
7781.100622	407326.521	29525.456	171614.362
7796.539314	407326.521	27766.727	171490.055
7811.978005	407062.797	26742.134	171388.300
7827.416697	407295.604	26301.464	171331.304
7842.855389	407295.604	25349.792	171197.641
7858.29408	407062.797	24876.999	171038.461
7873.732772	407062.797	23897.063	170886.552
7889.171464	407062.797	22763.213	170704.460
7904.610156	406800.526	21897.630	170561.073
7920.048847	407062.797	21495.393	170519.506
7935.487539	407295.604	20566.767	170327.625
7950.926231	407295.604	19787.370	170187.758
7966.364922	407326.521	18471.133	170013.475
7981.803614	407295.604	17601.314	169882.081
7997.242306	407295.604	17095.491	169735.445
8012.680997	407062.797	16486.190	169561.875
8028.119689	406800.526	15466.795	169385.669
8043.558381	406762.703	14861.311	169224.841
8058.997073	406762.703	14165.226	168991.475
8074.435764	406762.703	13821.777	168830.853
8089.874456	406638.454	13511.095	168628.200
8105.313148	406592.889	13096.423	168450.163
8120.751839	406592.889	12660.610	168296.202
8136.190531	406592.889	12220.153	168036.508
8151.629223	406592.889	11810.079	167863.646
8167.067915	406638.454	11393.392	167668.504
8182.506606	406638.454	11114.761	167546.281
8197.945298	406638.454	10863.876	167446.761
8213.38399	406592.889	10694.030	167260.378
8228.822681	406490.596	10436.125	167074.690
8244.261373	406533.651	9994.093	166818.962
8259.700065	406013.228	9870.043	166667.365
8275.138757	406030.278	9673.628	166408.478
8290.577448	406013.228	9418.089	166169.842
8306.01614	405736.450	9237.557	165910.113
8321.454832	405673.141	8989.431	165636.913
8336.893523	405588.738	8841.557	165384.792
8352.332215	405468.667	8669.158	165140.019
8367.770907	404960.131	8535.643	164839.127
8383.209599	404960.131	8323.475	164597.326
8398.64829	404870.786	8152.812	164213.756
8414.086982	404785.574	8047.239	163917.946
8429.525674	404231.220	7951.376	163647.150
8444.964365	403355.739	7852.736	163401.627
8460.403057	402674.727	7764.268	163124.137
8475.841749	402333.872	7709.808	162810.898
8491.28044	402117.321	7540.909	162488.023
8506.719132	400699.960	7422.215	162232.740
8522.157824	401263.748	7302.062	162026.511
8537.596516	401263.748	7172.362	161804.972
8553.035207	401432.397	7043.286	161569.889
8568.473899	400638.469	6980.198	161140.911
8583.912591	400454.735	6890.272	160761.235
8599.351282	400278.427	6774.055	160405.806
8614.789974	400241.824	6728.433	160113.723
8630.228666	400087.765	6693.165	159716.978
8645.667358	399014.168	6588.461	159374.586
8661.106049	398279.813	6508.383	159040.630
8676.544741	397956.771	6445.429	158677.989
8691.983433	397339.152	6350.157	158409.959
8707.422124	396738.291	6267.431	157873.269
8722.860816	396036.851	6175.987	157487.811
8738.299508	396152.139	6134.439	157072.555
8753.7382	395995.322	6096.961	156643.365
8769.176891	395712.356	6024.041	156253.324
8784.615583	394363.344	5943.603	155850.378
8800.054275	393691.478	5906.209	155503.223
8815.492966	393097.946	5833.494	154944.902
8830.931658	392906.548	5744.805	154634.243
8846.37035	392497.681	5675.659	154333.814
8861.809042	392163.345	5542.590	153932.715
8877.247733	391409.047	5472.265	153333.749
8892.686425	391200.052	5448.973	152972.251
8908.125117	390006.301	5421.450	152538.115
8923.563808	389650.417	5355.091	152047.425
8939.0025	389503.489	5312.203	151555.061
8954.441192	388300.931	5256.273	151080.741
8969.879884	387848.697	5196.818	150411.337
8985.318575	387785.955	5163.181	149961.287
9000.757267	387572.685	5123.725	149400.037
9016.195959	387572.685	5079.489	148954.911
9031.63465	386882.211	5046.756	148458.582
9047.073342	386611.773	5015.351	147870.516
9062.512034	386293.783	5019.011	147196.925
9077.950725	386257.073	4962.535	146573.018
9093.389417	385987.909	4922.058	146050.974
9108.828109	385908.143	4890.577	145409.152
9124.266801	385044.099	4864.030	144901.312
9139.705492	384986.422	4820.041	144260.180
9155.144184	384987.979	4799.914	143743.315
9170.582876	384425.210	4748.004	143040.676
9186.021567	383989.043	4717.497	142341.423
9201.460259	383825.629	4682.853	141589.538
9216.898951	383825.629	4641.299	140886.517
9232.337643	382923.255	4603.751	140146.116
9247.776334	382488.576	4554.072	139315.925
9263.215026	380951.410	4536.206	138671.857
9278.653718	380766.331	4490.804	138157.628
9294.092409	380757.551	4459.697	137562.368
9309.531101	379930.807	4427.886	136834.243
9324.969793	379334.127	4394.786	135767.521
9340.408485	378977.162	4375.143	134833.537
9355.847176	378594.382	4346.057	133882.595
9371.285868	377946.601	4314.460	132779.791
9386.72456	377771.279	4305.437	131963.281
9402.163251	377115.126	4275.123	131207.949
9417.601943	376764.600	4275.123	130298.265
9433.040635	376764.600	4259.256	129344.745
9448.479327	376023.955	4236.204	128060.580
9463.918018	375706.894	4212.278	126817.109
9479.35671	375184.701	4165.811	125644.811
9494.795402	375007.799	4146.545	124268.509
9510.234093	374061.647	4130.031	123140.548
9525.672785	373176.732	4115.688	121992.978
9541.111477	372140.241	4105.580	120761.075
9556.550168	370771.903	4093.326	119358.674
9571.98886	370229.068	4083.999	118109.610
9587.427552	369338.749	4055.023	116325.042
9602.866244	369322.230	4050.024	114742.492
9618.304935	369035.406	4041.113	112987.542
9633.743627	368473.478	4031.593	111338.346
9649.182319	368004.252	4001.171	109887.825
9664.62101	366814.472	3984.794	107565.560
9680.059702	366373.263	3957.763	105610.333
9695.498394	364884.470	3945.218	103028.033
9710.937086	363905.261	3915.602	100639.043
9726.375777	363355.713	3903.421	98477.366
9741.814469	363343.448	3894.028	96224.848
9757.253161	361832.656	3879.786	93478.528
9772.691852	360809.857	3872.457	90230.418
9788.130544	358987.389	3857.231	87322.653
9803.569236	358251.640	3834.363	83897.901
9819.007928	357742.292	3816.176	80757.885
9834.446619	357287.274	3790.875	77406.718
9849.885311	356423.830	3767.480	74000.587
9865.324003	356423.830	3745.088	70705.972
9880.762694	355468.698	3743.267	67681.226
9896.201386	354761.495	3740.054	64435.357
9911.640078	353311.760	3730.896	61899.072
9927.07877	352774.880	3704.286	58805.785
9942.517461	352627.248	3681.083	56142.611
9957.956153	352050.641	3661.823	53326.759
9973.394845	350835.643	3653.848	50813.019
9988.833536	349844.565	3630.821	48285.982
10004.27223	349664.489	3601.774	45604.041
10019.71092	348541.864	3589.350	43253.977
10035.14961	347972.461	3564.422	41002.962
10050.5883	346436.150	3549.866	38985.501
10066.02699	345945.728	3538.770	36909.417
10081.46569	345304.579	3522.828	34975.623
10096.90438	344019.811	3509.546	32933.556
10112.34307	342747.759	3490.098	30887.209
10127.78176	342311.120	3487.566	29162.156
10143.22045	341177.765	3481.078	27876.981
10158.65915	338769.917	3472.798	26568.413
10174.09784	337570.464	3462.158	24951.125
10189.53653	336483.235	3455.812	23665.820
10204.97522	335701.520	3464.435	22493.558
10220.41391	335492.916	3440.836	21635.957
10235.8526	335135.331	3417.179	20579.654
10251.2913	334473.574	3410.804	19780.253
10266.72999	333468.847	3394.530	19051.076
10282.16868	332198.672	3394.530	18143.626
10297.60737	331976.794	3382.871	17240.528
10313.04606	330782.964	3383.677	16594.253
10328.48475	329804.842	3382.607	16012.719
10343.92345	328030.468	3367.965	15528.683
10359.36214	326403.617	3343.979	15000.613
10374.80083	325455.836	3331.279	14497.184
10390.23952	324457.177	3315.645	14061.903
10405.67821	323445.926	3315.078	13685.410
10421.1169	323098.370	3307.924	13363.293
10436.5556	322207.455	3300.450	12988.838
10451.99429	321341.156	3299.965	12721.037
10467.43298	320211.538	3297.467	12485.534
10482.87167	319604.374	3277.462	12256.168
10498.31036	318890.121	3272.631	12047.970
10513.74905	318228.111	3258.637	11836.848
10529.18775	316994.279	3253.860	11654.098
10544.62644	316994.279	3255.986	11492.827
10560.06513	316337.894	3243.520	11307.584
10575.50382	315356.845	3224.569	11129.516
10590.94251	314368.538	3224.034	10959.797
10606.3812	312452.364	3204.760	10811.175
10621.8199	310705.885	3198.140	10693.803
10637.25859	309776.775	3183.465	10581.284
10652.69728	308692.484	3177.059	10467.180
10668.13597	307640.106	3166.973	10366.068
10683.57466	306574.103	3162.827	10267.370
10699.01336	305246.858	3164.889	10119.990
10714.45205	304105.878	3164.278	10023.817
10729.89074	303012.436	3151.862	9937.448
10745.32943	301083.349	3140.128	9849.169
10760.76812	299441.071	3136.817	9778.451
10776.20681	296793.595	3133.603	9683.784
10791.64551	294673.838	3130.130	9603.799
10807.0842	292814.897	3113.823	9511.110
10822.52289	291820.893	3113.823	9445.183
10837.96158	291090.485	3109.730	9383.569
10853.40027	290373.045	3102.778	9314.961
10868.83896	289320.112	3099.113	9262.544
10884.27766	287115.282	3078.433	9182.840
10899.71635	286621.361	3093.973	9117.343
10915.15504	285844.598	3083.217	9038.223
10930.59373	284739.435	3078.433	8992.768
10946.03242	282872.260	3092.846	8926.712
10961.47111	281796.213	3092.846	8859.810
10976.90981	280111.131	3105.877	8811.734
10992.3485	279141.328	3092.846	8765.275
11007.78719	278206.501	3089.845	8706.081
11023.22588	277779.092	3082.354	8666.886
11038.66457	277052.917	3065.837	8627.372
11054.10326	275695.141	3056.210	8582.878
11069.54196	273815.814	3052.239	8529.285
11084.98065	272190.689	3054.125	8495.683
11100.41934	271494.907	3064.825	8460.902
11115.85803	270903.806	3056.210	8410.212
11131.29672	270367.635	3058.521	8375.273
11146.73541	269163.925	3052.239	8330.656
11162.17411	267904.053	3050.494	8292.384
11177.6128	267128.902	3037.944	8253.598
11193.05149	266222.350	3037.138	8218.483
11208.49018	264816.608	3021.243	8185.071
11223.92887	264204.734	3020.795	8152.174
11239.36756	263870.519	3015.581	8116.354
11254.80626	262761.172	3015.581	8087.544
11270.24495	261965.197	3012.610	8047.482
11285.68364	261180.652	3007.611	8026.240
11301.12233	259262.374	3006.188	7998.337
11316.56102	258265.570	3009.973	7971.385
11331.99972	253829.023	3003.297	7943.676
11347.43841	253374.618	3001.388	7918.406
11362.8771	252056.327	3010.199	7895.467
11378.31579	249443.975	3004.992	7873.545
11393.75448	247124.490	2996.391	7851.064
11409.19317	245559.953	2996.391	7824.554
11424.63187	244640.267	2993.354	7800.484
11440.07056	243507.568	2987.797	7778.003
11455.50925	242268.702	2973.211	7751.905
11470.94794	241093.157	2975.537	7728.220
11486.38663	240313.565	2973.745	7709.808
11501.82532	238200.388	2972.852	7693.772
11517.26402	236462.815	2973.745	7673.292
11532.70271	236096.951	2975.537	7652.246
11548.1414	235272.148	2983.252	7628.757
11563.58009	234097.385	2987.797	7609.043
11579.01878	233089.592	2990.734	7600.923
11594.45747	231672.493	2985.551	7576.232
11609.89617	229908.787	2975.366	7553.790
11625.33486	228007.447	2975.366	7535.451
11640.77355	226232.598	2973.351	7516.158
11656.21224	224620.292	2974.400	7497.392
11671.65093	223330.117	2968.072	7474.400
11687.08962	222146.737	2970.455	7456.752
11702.52832	220391.359	2961.559	7438.679
11717.96701	219617.884	2959.644	7424.763
11733.4057	218478.379	2951.444	7408.171
11748.84439	217283.781	2949.130	7393.109
11764.28308	215661.659	2949.225	7380.344
11779.72177	214724.461	2951.444	7362.766
11795.16047	212749.889	2952.976	7345.420
11810.59916	211414.458	2948.561	7322.428
11826.03785	210610.022	2948.561	7312.331
11841.47654	209461.884	2944.435	7303.042
11856.91523	207551.859	2944.712	7295.171
11872.35392	206483.992	2943.728	7280.858
11887.79262	205440.043	2943.728	7268.258
11903.23131	204216.766	2943.728	7260.236
11918.67	202876.422	2943.728	7250.884
11934.10869	201134.639	2944.577	7238.694
11949.54738	199116.390	2948.561	7227.516
11964.98608	197183.770	2949.130	7216.621
11980.42477	194032.527	2948.606	7208.489
11995.86346	193569.512	2948.677	7192.040
12011.30215	192036.929	2948.606	7184.902
12026.74084	188259.151	2950.120	7174.073
12042.17953	187064.049	2948.546	7159.669
12057.61823	185346.835	2948.677	7151.369
12073.05692	183554.756	2948.546	7140.153
12088.49561	180887.912	2948.677	7131.998
12103.9343	178932.450	2949.130	7124.649
12119.37299	176152.059	2949.130	7116.209
12134.81168	174797.956	2948.546	7110.178
12150.25038	173155.114	2944.435	7096.941
12165.68907	171618.757	2944.435	7089.349
12181.12776	170297.171	2948.050	7082.652
12196.56645	169292.594	2944.712	7073.387
12212.00514	167752.631	2935.228	7059.306
12227.44383	164870.197	2935.228	7052.066
12242.88253	164298.742	2932.021	7043.086
12258.32122	162733.475	2934.939	7037.702
12273.75991	161111.093	2935.257	7033.517
12289.1986	158511.389	2937.124	7024.786
12304.63729	157510.979	2935.228	7014.236
12320.07598	154535.358	2933.423	7004.893
12335.51468	152008.061	2933.927	6997.894
12350.95337	149820.432	2930.361	6994.540
12366.39206	145266.243	2928.776	6984.179
12381.83075	143364.056	2929.680	6978.906
12397.26944	138060.723	2926.692	6964.461
12412.70813	135052.200	2926.692	6961.094
12428.14683	131454.081	2929.337	6957.869
12443.58552	127415.676	2929.680	6947.309
12459.02421	124228.866	2931.982	6941.882
12474.4629	117955.157	2928.845	6933.317
12489.90159	114178.398	2929.680	6927.778
12505.34029	109882.209	2930.361	6924.529
12520.77898	106199.958	2930.361	6920.076
12536.21767	102258.979	2931.982	6917.842
12551.65636	99299.417	2932.878	6913.570
12567.09505	96157.515	2932.606	6904.749
12582.53374	88468.690	2929.680	6899.972
12597.97244	84648.363	2928.476	6896.217
12613.41113	83228.233	2928.776	6893.243
12628.84982	78734.951	2929.337	6887.000
12644.28851	74148.538	2929.680	6880.536
12659.7272	70126.422	2929.680	6875.069
12675.16589	65136.777	2930.361	6870.985
12690.60459	63119.592	2931.982	6866.043
12706.04328	60926.676	2932.606	6862.095
12721.48197	57557.812	2931.982	6857.162
12736.92066	54392.781	2932.606	6852.492
12752.35935	52300.449	2932.878	6850.487
12767.79804	49808.472	2930.361	6847.007
12783.23674	47347.388	2929.337	6846.431
12798.67543	46410.133	2929.680	6844.862
12814.11412	43148.178	2931.982	6840.907
12829.55281	41749.091	2932.606	6840.293
12844.9915	40146.189	2932.606	6836.304
12860.43019	37773.458	2934.939	6832.272
12875.86889	36683.277	2935.110	6829.883
12891.30758	35040.208	2934.939	6829.883
12906.74627	33367.027	2935.110	6826.652
12922.18496	31785.839	2935.110	6824.252
12937.62365	30747.998	2935.228	6821.609
12953.06234	29729.143	2936.780	6815.222
12968.50104	28807.625	2944.435	6813.628
12983.93973	28005.819	2944.435	6810.764
12999.37842	27783.686	2948.050	6806.307
13014.81711	27465.582	2948.050	6806.046
13030.2558	26068.459	2944.712	6800.361
13045.69449	25273.720	2948.561	6799.398
13061.13319	24612.606	2948.561	6796.800
13076.57188	23902.878	2945.276	6791.054
13092.01057	23418.973	2948.050	6789.976
13107.44926	22927.616	2948.546	6787.593
13122.88795	22692.831	2948.606	6783.226
13138.32665	22158.555	2950.120	6785.414
13153.76534	21683.837	2950.120	6783.226
13169.20403	21592.678	2950.553	6782.642
13184.64272	21204.967	2952.119	6779.645
13200.08141	21091.875	2952.119	6777.727
13215.5201	20810.060	2950.137	6773.826
13230.9588	20498.608	2952.976	6772.969
13246.39749	20353.380	2952.976	6770.857
13261.83618	20267.233	2953.853	6771.058
13277.27487	19989.051	2956.564	6769.044
13292.71356	19865.863	2954.680	6766.501
13308.15225	19618.659	2954.540	6763.862
13323.59095	19578.180	2954.680	6763.252
13339.02964	19338.534	2959.644	6761.975
13354.46833	19187.457	2957.492	6760.822
13369.90702	19121.631	2956.840	6760.899
13385.34571	18795.701	2954.680	6758.543
13400.7844	18544.544	2954.540	6755.210
13416.2231	18445.123	2956.564	6753.686
13431.66179	18220.257	2956.564	6752.942
13447.10048	18109.665	2957.492	6752.942
13462.53917	18029.630	2956.564	6750.937
13477.97786	17883.486	2956.564	6750.853
13493.41655	17802.532	2956.840	6750.937
13508.85525	17715.295	2959.644	6752.627
13524.29394	17572.253	2956.564	6750.832
13539.73263	17553.348	2956.840	6752.269
13555.17132	17500.316	2959.644	6751.885
13570.61001	17440.268	2959.801	6750.830
13586.0487	17408.889	2960.516	6750.765
13601.4874	17324.118	2965.378	6750.773
13616.92609	17251.479	2968.072	6748.484
13632.36478	17180.933	2969.593	6748.194
13647.80347	17149.883	2971.082	6749.676
13663.24216	17135.592	2971.082	6749.493
13678.68086	17040.320	2969.593	6749.026
13694.11955	17024.500	2969.593	6749.072
13709.55824	16949.583	2969.593	6747.010
13724.99693	16906.802	2970.455	6745.557
13740.43562	16879.493	2970.765	6746.700
13755.87431	16815.104	2968.072	6744.835
13771.31301	16788.278	2971.082	6743.124
13786.7517	16758.584	2971.082	6742.693
13802.19039	16694.418	2970.455	6741.358
13817.62908	16619.635	2969.593	6740.870
13833.06777	16605.823	2969.593	6740.270
13848.50646	16563.380	2969.593	6739.861
13863.94516	16549.503	2970.992	6740.868
13879.38385	16445.910	2970.765	6739.861
13894.82254	16427.775	2970.992	6739.703
13910.26123	16405.818	2971.340	6738.257
13925.69992	16386.222	2971.626	6738.257
13941.13861	16350.891	2971.340	6736.881
13956.57731	16324.870	2971.340	6734.737
13972.016	16302.877	2971.340	6735.185
13987.45469	16239.253	2971.626	6736.319
14002.89338	16200.908	2972.852	6737.533
14018.33207	16140.415	2971.902	6736.319
14033.77076	16109.366	2971.082	6736.319
14049.20946	16081.305	2971.082	6736.960
14064.64815	16072.199	2970.455	6736.319
14080.08684	16047.757	2971.082	6738.257
14095.52553	16025.163	2971.626	6738.998
14110.96422	16008.224	2972.695	6739.703
14126.40291	15994.105	2971.902	6738.998
14141.84161	15980.345	2972.695	6737.533
14157.2803	15968.265	2971.340	6738.257
14172.71899	15922.519	2971.082	6736.960
14188.15768	15912.524	2971.082	6736.960
14203.59637	15877.659	2971.340	6736.319
14219.03506	15872.173	2971.340	6736.960
14234.47376	15858.345	2972.695	6738.211
14249.91245	15828.622	2972.852	6737.327
14265.35114	15826.076	2972.875	6737.533
14280.78983	15798.563	2972.852	6736.960
14296.22852	15763.668	2972.695	6733.489
14311.66722	15712.679	2972.695	6732.770
14327.10591	15672.106	2972.852	6732.318
14342.5446	15666.852	2975.366	6733.165
14357.98329	15644.063	2975.366	6733.165
14373.42198	15596.947	2975.537	6733.165
14388.86067	15586.325	2975.537	6732.061
14404.29937	15585.001	2975.985	6731.641
14419.73806	15557.049	2975.725	6731.654
14435.17675	15557.049	2976.859	6732.318
14450.61544	15555.644	2976.925	6733.178
14466.05413	15551.581	2981.201	6733.178
14481.49282	15541.349	2981.201	6733.178
14496.93152	15552.021	2980.661	6733.489
14512.37021	15555.644	2983.252	6735.996
14527.8089	15541.349	2980.661	6733.612
14543.24759	15541.349	2980.661	6735.185
14558.68628	15519.604	2978.743	6734.056
14574.12497	15519.604	2977.870	6733.489
14589.56367	15525.437	2980.661	6736.319
14605.00236	15518.354	2980.661	6736.319
14620.44105	15504.522	2976.925	6734.262
14635.87974	15516.756	2977.870	6734.262
14651.31843	15512.726	2980.661	6735.270
14666.75712	15504.522	2983.252	6735.185
14682.19582	15512.711	2986.119	6736.319
14697.63451	15498.329	2986.119	6736.567
14713.0732	15482.481	2983.252	6735.996
14728.51189	15471.588	2981.201	6734.737
14743.95058	15482.481	2983.252	6735.185
14759.38927	15460.313	2981.201	6733.489
14774.82797	15449.356	2983.252	6734.737
14790.26666	15429.601	2986.119	6735.996
14805.70535	15429.601	2989.274	6736.960
14821.14404	15428.330	2990.734	6737.304
14836.58273	15412.742	2990.697	6737.327
14852.02143	15371.488	2990.734	6738.257
14867.46012	15371.488	2993.354	6739.861
14882.89881	15352.796	2993.354	6739.518
14898.3375	15351.126	2993.276	6738.998
14913.77619	15351.126	2993.043	6738.998
14929.21488	15356.572	2993.043	6739.518
14944.65358	15352.796	2993.276	6738.257
14960.09227	15341.093	2993.276	6737.533
14975.53096	15351.126	2993.276	6736.960
14990.96965	15352.796	2993.276	6738.211
15006.40834	15356.572	2993.354	6738.998
15021.84703	15352.796	2993.043	6738.998
15037.28573	15365.649	2993.043	6739.703
15052.72442	15352.796	2993.276	6739.861
15068.16311	15352.796	2993.043	6741.156
15083.6018	15374.427	2993.043	6741.596
15099.04049	15356.572	2993.276	6742.478
15114.47918	15365.649	2993.276	6743.077
15129.91788	15374.427	2993.043	6744.835
15145.35657	15365.649	2990.734	6744.558
15160.79526	15365.649	2990.734	6744.835
15176.23395	15385.483	2990.697	6745.557
15191.67264	15365.649	2990.697	6744.558
15207.11133	15356.572	2989.274	6745.906
15222.55003	15352.796	2989.274	6745.295
15237.98872	15352.796	2989.274	6744.935
15253.42741	15371.488	2989.274	6745.906
15268.8661	15352.796	2990.734	6744.835
15284.30479	15351.126	2989.274	6745.295
15299.74348	15352.796	2993.043	6745.295
15315.18218	15352.796	2993.043	6746.820
15330.62087	15371.488	2990.697	6747.907
15346.05956	15400.411	2990.697	6747.907
15361.49825	15400.411	2990.734	6749.493
15376.93694	15416.555	2990.734	6749.493
15392.37563	15416.555	2993.043	6749.026
15407.81433	15416.555	2993.043	6748.484
15423.25302	15416.555	2993.276	6747.907
15438.69171	15412.742	2993.276	6749.026
15454.1304	15412.742	2993.276	6748.484
15469.56909	15412.742	2993.043	6747.010
15485.00779	15400.411	2993.043	6746.700
15500.44648	15385.483	2993.043	6745.557
15515.88517	15400.411	2993.043	6745.906
15531.32386	15385.483	2993.276	6746.700
15546.76255	15385.483	2993.276	6745.906
15562.20124	15371.488	2993.276	6745.906
15577.63994	15365.649	2993.276	6745.295
15593.07863	15365.649	2993.354	6744.935
15608.51732	15385.483	2993.354	6746.700
15623.95601	15385.483	2993.276	6747.726
15639.3947	15385.483	2993.043	6747.113
15654.83339	15356.572	2993.043	6747.113
15670.27209	15351.126	2990.697	6748.484
15685.71078	15356.572	2990.697	6749.072
15701.14947	15341.093	2990.697	6749.493
15716.58816	15335.313	2990.697	6748.484
15732.02685	15335.313	2990.697	6747.726
15747.46554	15333.620	2990.734	6747.052
15762.90424	15335.313	2990.734	6747.907
15778.34293	15348.361	2990.697	6749.493
15793.78162	15348.361	2990.734	6749.072
15809.22031	15341.093	2990.734	6749.676
15824.659	15341.093	2990.734	6749.950
15840.09769	15341.093	2990.734	6750.206
15855.53639	15348.361	2990.697	6750.243
15870.97508	15351.126	2990.697	6750.765
15886.41377	15351.126	2989.274	6750.631
15901.85246	15351.126	2989.274	6750.773
15917.29115	15351.126	2989.274	6750.765
15932.72984	15348.361	2989.274	6750.773
15948.16854	15356.572	2988.150	6750.786
15963.60723	15365.649	2987.797	6750.786
15979.04592	15371.488	2987.797	6750.773
15994.48461	15351.126	2987.797	6750.602
16009.9233	15351.126	2988.150	6750.765
16025.36199	15371.488	2989.274	6750.853
16040.80069	15385.483	2988.150	6750.832
16056.23938	15356.572	2988.150	6750.830
16071.67807	15356.572	2988.150	6750.786
16087.11676	15356.572	2987.797	6750.832
16102.55545	15365.649	2987.797	6750.832
16117.99415	15356.572	2987.797	6751.471
16133.43284	15365.649	2986.119	6752.083
16148.87153	15371.488	2983.252	6752.855
16164.31022	15400.411	2983.252	6753.686
16179.74891	15385.483	2986.119	6753.686
16195.1876	15385.483	2986.119	6753.686
16210.6263	15385.483	2986.119	6754.784
16226.06499	15412.742	2986.119	6754.418
16241.50368	15412.742	2986.119	6754.418
16256.94237	15420.674	2986.119	6755.210
16272.38106	15416.555	2986.119	6755.302
16287.81975	15429.601	2986.119	6757.743
16303.25845	15439.472	2986.119	6757.167
16318.69714	15429.601	2983.252	6756.551
16334.13583	15443.099	2983.252	6757.167
16349.57452	15445.996	2983.252	6757.167
16365.01321	15445.996	2983.252	6757.167
16380.4519	15449.356	2983.252	6757.974
16395.8906	15456.338	2981.201	6757.980
16411.32929	15460.313	2983.252	6758.543
16426.76798	15475.162	2983.252	6759.134
16442.20667	15497.103	2983.252	6759.134
16457.64536	15482.481	2983.252	6759.132
16473.08405	15482.481	2981.201	6759.134
16488.52275	15497.103	2981.201	6759.132
16503.96144	15497.103	2981.201	6759.614
16519.40013	15497.103	2981.201	6760.003
16534.83882	15497.765	2983.252	6760.711
16550.27751	15497.103	2983.252	6760.899
16565.7162	15497.103	2983.252	6761.351
16581.1549	15482.481	2983.252	6761.351
16596.59359	15482.481	2983.252	6761.599
16612.03228	15482.481	2983.252	6761.975
16627.47097	15475.162	2983.252	6762.082
16642.90966	15475.162	2983.252	6762.082
16658.34836	15497.103	2986.119	6762.082
16673.78705	15498.329	2986.119	6762.082
16689.22574	15501.211	2987.797	6761.975
16704.66443	15504.522	2986.119	6762.505
16720.10312	15512.711	2986.119	6762.618
16735.54181	15512.711	2987.797	6763.547
16750.98051	15512.711	2988.150	6763.862
16766.4192	15504.522	2988.150	6764.228
16781.85789	15504.522	2987.797	6764.228
16797.29658	15504.522	2986.119	6763.547
16812.73527	15504.522	2986.119	6763.547
16828.17396	15512.711	2986.119	6763.547
16843.61266	15512.711	2986.119	6764.228
16859.05135	15512.726	2986.119	6764.299
16874.49004	15516.756	2986.119	6764.299
16889.92873	15512.726	2986.119	6764.299
16905.36742	15516.756	2986.119	6764.299
16920.80611	15525.437	2986.119	6764.228
16936.24481	15516.756	2986.119	6763.862
16951.6835	15519.604	2987.797	6763.862
16967.12219	15519.604	2987.797	6764.687
16982.56088	15516.756	2987.797	6764.687
16997.99957	15519.604	2987.797	6764.858
17013.43826	15525.437	2987.797	6765.746
17028.87696	15525.437	2987.797	6765.746
17044.31565	15533.396	2986.119	6766.680
17059.75434	15533.396	2986.119	6766.680
17075.19303	15540.674	2986.119	6768.057
17090.63172	15541.349	2986.119	6768.057
17106.07041	15555.644	2986.119	6768.057
17121.50911	15555.648	2986.119	6768.113
17136.9478	15557.049	2986.119	6768.149
17152.38649	15572.846	2986.119	6768.149
17167.82518	15572.846	2986.119	6768.149
17183.26387	15570.268	2986.119	6768.294
17198.70256	15557.049	2986.119	6769.044
17214.14126	15557.049	2986.119	6769.525
17229.57995	15557.049	2986.119	6770.082
17245.01864	15557.049	2986.119	6769.525
17260.45733	15570.268	2986.119	6770.082
17275.89602	15582.903	2986.119	6769.180
17291.33472	15584.733	2986.119	6769.180
17306.77341	15586.325	2987.797	6769.525
17322.2121	15586.325	2987.797	6770.268
17337.65079	15585.001	2987.797	6771.941
17353.08948	15586.325	2987.797	6772.853
17368.52817	15586.325	2986.119	6771.941
17383.96687	15586.325	2986.119	6771.771
17399.40556	15586.325	2986.119	6771.941
17414.84425	15587.756	2986.119	6771.941
17430.28294	15589.103	2987.797	6772.969
17445.72163	15594.000	2987.797	6772.969
17461.16032	15594.000	2987.797	6772.853
17476.59902	15594.000	2986.119	6772.853
17492.03771	15589.922	2983.252	6771.771
17507.4764	15589.103	2983.252	6771.941
17522.91509	15589.922	2983.252	6771.771
17538.35378	15594.000	2983.252	6771.941
17553.79247	15594.000	2986.119	6771.771
17569.23117	15594.000	2987.797	6771.941
17584.66986	15594.000	2988.150	6772.969
17600.10855	15596.385	2988.150	6772.969
17615.54724	15596.947	2988.150	6772.853
17630.98593	15596.947	2988.150	6772.853
17646.42462	15597.420	2986.119	6772.853
17661.86332	15613.188	2986.119	6772.969
17677.30201	15629.036	2983.252	6771.941
17692.7407	15639.839	2983.252	6771.771
17708.17939	15639.839	2983.252	6771.771
17723.61808	15639.839	2981.201	6771.771
17739.05677	15629.036	2978.743	6771.771
17754.49547	15626.970	2978.743	6771.941
17769.93416	15604.236	2977.870	6771.771
17785.37285	15613.188	2977.870	6771.941
17800.81154	15629.036	2977.870	6773.671
17816.25023	15626.970	2977.870	6773.671
17831.68893	15629.036	2977.870	6774.179
17847.12762	15629.036	2977.870	6774.179
17862.56631	15629.036	2977.870	6774.055
17878.005	15626.970	2977.870	6773.826
17893.44369	15626.970	2977.870	6774.354
17908.88238	15626.970	2977.263	6774.432
17924.32108	15629.036	2977.262	6776.536
17939.75977	15644.467	2977.262	6777.268
17955.19846	15658.739	2976.925	6777.268
17970.63715	15658.739	2976.925	6776.536
17986.07584	15658.739	2976.859	6777.105
18001.51453	15658.739	2975.985	6777.105
18016.95323	15658.739	2975.985	6777.582
18032.39192	15658.739	2975.985	6777.425
18047.83061	15658.739	2975.725	6777.707
18063.2693	15654.774	2975.537	6777.582
18078.70799	15654.774	2975.537	6777.582
18094.14668	15654.774	2975.537	6777.582
18109.58538	15664.145	2975.537	6777.425
18125.02407	15664.145	2975.537	6777.268
18140.46276	15666.852	2975.537	6777.105
18155.90145	15666.852	2975.366	6776.536
18171.34014	15667.957	2975.366	6777.105
18186.77883	15671.338	2975.366	6776.536
18202.21753	15667.957	2972.875	6776.536
18217.65622	15671.338	2972.875	6774.888
18233.09491	15671.338	2972.852	6776.536
18248.5336	15672.106	2972.695	6776.536
18263.97229	15678.495	2971.902	6776.536
18279.41098	15682.450	2971.902	6777.707
18294.84968	15694.732	2971.902	6777.582
18310.28837	15708.873	2971.902	6777.727
18325.72706	15702.066	2972.695	6777.582
18341.16575	15702.066	2971.902	6777.425
18356.60444	15702.066	2971.902	6777.707
18372.04313	15735.078	2971.902	6777.425
18387.48183	15702.066	2971.902	6777.425
18402.92052	15735.359	2971.902	6777.425
18418.35921	15755.080	2971.902	6777.268
18433.7979	15755.080	2971.902	6777.268
18449.23659	15755.080	2971.902	6777.425
18464.67529	15755.080	2971.902	6777.425
18480.11398	15755.080	2971.626	6777.268
18495.55267	15755.080	2971.626	6777.425
18510.99136	15761.593	2971.626	6777.425
18526.43005	15761.593	2971.626	6777.425
18541.86874	15763.668	2971.626	6777.582
18557.30744	15763.668	2971.626	6777.727
18572.74613	15763.668	2972.695	6778.703
18588.18482	15763.668	2971.902	6778.703
18603.62351	15767.247	2971.902	6779.135
18619.0622	15767.247	2971.902	6779.410
18634.50089	15767.308	2971.902	6780.009
18649.93959	15777.520	2971.902	6780.009
18665.37828	15777.520	2971.902	6780.009
18680.81697	15777.520	2971.902	6780.009
18696.25566	15777.520	2972.695	6780.218
18711.69435	15777.520	2971.902	6780.218
18727.13304	15777.520	2972.695	6780.218
18742.57174	15777.520	2972.695	6780.218
18758.01043	15777.520	2972.695	6780.218
18773.44912	15779.316	2972.695	6780.218
18788.88781	15779.316	2972.695	6780.218
18804.3265	15779.316	2972.695	6780.218
18819.76519	15779.316	2972.695	6780.218
18835.20389	15805.278	2972.695	6780.926
18850.64258	15807.094	2972.695	6780.926
18866.08127	15816.377	2971.902	6780.941
18881.51996	15818.242	2971.902	6781.612
18896.95865	15818.242	2971.902	6781.794
18912.39734	15818.242	2972.852	6782.488
18927.83604	15818.242	2972.852	6782.488
18943.27473	15818.242	2972.852	6782.488
18958.71342	15818.242	2972.695	6782.488
18974.15211	15818.242	2972.695	6782.305
18989.5908	15818.242	2972.695	6781.794
19005.02949	15818.242	2972.695	6782.305
19020.46819	15818.242	2972.695	6782.642
19035.90688	15837.750	2972.852	6782.954
19051.34557	15837.750	2971.902	6782.841
19066.78426	15837.750	2971.902	6783.194
19082.22295	15837.750	2971.902	6783.569
19097.66165	15837.750	2971.902	6784.190
19113.10034	15837.750	2972.695	6784.807
19128.53903	15844.516	2972.695	6784.914
19143.97772	15844.516	2972.695	6785.414
19159.41641	15845.778	2972.695	6785.414
19174.8551	15845.778	2972.695	6786.671
19190.2938	15845.778	2972.695	6786.988
19205.73249	15850.789	2972.695	6787.378
19221.17118	15845.778	2972.695	6786.988
19236.60987	15845.778	2972.695	6787.390
19252.04856	15845.778	2972.695	6787.390
19267.48725	15850.789	2972.695	6787.390
19282.92595	15850.789	2972.695	6787.390
19298.36464	15845.778	2972.695	6787.390
19313.80333	15845.778	2972.695	6787.593
19329.24202	15850.789	2972.695	6788.376
19344.68071	15850.789	2972.695	6789.909
19360.1194	15845.778	2972.695	6789.909
19375.5581	15851.313	2972.695	6790.289
19390.99679	15851.313	2972.852	6790.012
19406.43548	15861.141	2972.695	6790.481
19421.87417	15861.141	2972.695	6790.481
19437.31286	15861.141	2972.695	6790.484
19452.75155	15861.141	2972.695	6790.484
19468.19025	15869.604	2972.695	6790.481
19483.62894	15869.604	2972.852	6790.481
19499.06763	15872.173	2972.852	6790.484
19514.50632	15872.173	2972.852	6790.815
19529.94501	15872.173	2972.852	6790.815
19545.3837	15872.173	2972.852	6790.815
19560.8224	15872.173	2972.852	6791.056
19576.26109	15883.422	2972.852	6791.203
19591.69978	15912.524	2972.852	6791.244
19607.13847	15912.524	2972.852	6791.244
19622.57716	15922.519	2972.852	6791.244
19638.01586	15922.519	2972.852	6791.244
19653.45455	15922.519	2972.852	6791.736
19668.89324	15922.519	2972.852	6792.016
19684.33193	15912.524	2972.852	6792.145
19699.77062	15912.524	2972.852	6791.736
19715.20931	15912.524	2972.852	6791.736
19730.64801	15912.524	2972.852	6791.736
19746.0867	15912.524	2972.852	6791.736
19761.52539	15912.524	2972.852	6791.244
19776.96408	15912.524	2972.852	6791.244
19792.40277	15883.422	2972.852	6791.736
19807.84146	15883.422	2972.875	6791.244
19823.28016	15883.422	2972.875	6791.244
19838.71885	15883.422	2972.875	6791.244
19854.15754	15883.422	2972.875	6791.203
19869.59623	15883.422	2972.875	6791.203
19885.03492	15883.422	2972.852	6791.203
19900.47361	15883.422	2972.852	6791.203
19915.91231	15912.524	2972.852	6791.736
19931.351	15922.519	2972.852	6792.016
19946.78969	15922.519	2972.852	6792.016
19962.22838	15923.212	2971.902	6791.736
19977.66707	15938.992	2971.902	6791.736
19993.10576	15938.992	2971.902	6791.736
20008.54446	15938.992	2971.902	6792.016
20023.98315	15938.992	2972.695	6791.736
20039.42184	15938.992	2972.695	6792.016
20054.86053	15943.358	2972.695	6792.145
20070.29922	15943.358	2972.695	6792.788
20085.73791	15945.745	2972.695	6792.788
20101.17661	15945.745	2972.695	6792.788
20116.6153	15945.745	2972.695	6792.788
20132.05399	15945.745	2972.695	6792.788
20147.49268	15945.745	2972.695	6792.788
20162.93137	15945.745	2972.695	6792.788
20178.37006	15954.066	2972.695	6793.259
20193.80876	15954.066	2972.695	6793.305
20209.24745	15962.179	2972.695	6793.350
20224.68614	15962.179	2972.695	6793.350
20240.12483	15962.179	2972.695	6793.350
20255.56352	15965.756	2972.695	6793.529
20271.00222	15965.756	2972.695	6793.529
20286.44091	15965.756	2972.695	6793.529
20301.8796	15962.179	2972.695	6793.305
20317.31829	15962.179	2972.695	6793.305
20332.75698	15962.179	2972.695	6793.350
20348.19567	15962.179	2972.695	6793.350
20363.63437	15965.756	2972.695	6793.350
20379.07306	15965.756	2972.695	6793.529
20394.51175	15968.357	2972.852	6794.281
20409.95044	15968.357	2972.852	6794.281
20425.38913	15968.357	2972.852	6794.281
20440.82782	15968.357	2972.852	6794.623
20456.26652	15968.357	2972.852	6794.191
20471.70521	15980.345	2972.852	6794.191
20487.1439	15980.345	2972.852	6794.191
20502.58259	15980.345	2972.852	6794.623
20518.02128	15980.345	2972.852	6794.281
20533.45997	15980.345	2972.852	6794.623
20548.89867	15980.345	2972.852	6794.623
20564.33736	15988.170	2972.852	6795.081
20579.77605	15989.511	2972.695	6795.774
20595.21474	15989.511	2971.902	6795.237
20610.65343	15989.511	2971.902	6795.237
20626.09212	15989.511	2971.902	6795.237
20641.53082	15989.511	2971.902	6795.774
20656.96951	15993.412	2971.902	6795.937
20672.4082	15993.412	2971.902	6795.774
20687.84689	15994.101	2971.626	6795.237
20703.28558	15994.101	2971.626	6795.237
20718.72427	15994.105	2971.626	6795.774
20734.16297	15994.105	2971.626	6795.237
20749.60166	15994.105	2971.626	6795.237
20765.04035	15995.649	2971.626	6795.774
20780.47904	15995.649	2971.626	6795.774
20795.91773	15995.649	2971.340	6795.774
20811.35643	15995.649	2971.340	6795.774
20826.79512	15995.649	2971.340	6795.774
20842.23381	15995.649	2970.765	6795.237
20857.6725	15995.649	2970.765	6795.237
20873.11119	15995.649	2970.765	6795.237
20888.54988	15995.649	2970.765	6795.237
20903.98858	15995.649	2970.765	6795.081
20919.42727	15995.649	2970.765	6795.081
20934.86596	15995.649	2970.765	6795.237
20950.30465	16005.949	2970.765	6795.237
20965.74334	16005.949	2970.765	6795.237
20981.18203	16005.949	2970.765	6795.774
20996.62073	16005.949	2970.765	6795.774
21012.05942	16005.949	2970.455	6795.237
21027.49811	16005.949	2970.455	6795.237
21042.9368	16005.949	2970.455	6795.237
21058.37549	16005.949	2970.455	6795.774
21073.81418	16005.949	2970.455	6795.774
21089.25288	16005.949	2970.455	6795.774
21104.69157	16005.949	2970.455	6795.774
21120.13026	16008.224	2970.765	6795.237
21135.56895	16008.224	2970.765	6795.081
21151.00764	16008.224	2970.765	6795.237
21166.44633	16008.887	2970.765	6795.237
21181.88503	16008.887	2970.765	6795.237
21197.32372	16008.887	2970.765	6795.237
21212.76241	16008.887	2970.765	6795.237
21228.2011	16009.580	2970.765	6795.237
21243.63979	16009.580	2970.765	6794.630
21259.07848	16009.580	2970.765	6795.081
21274.51718	16011.192	2970.765	6795.081
21289.95587	16011.192	2970.765	6795.081
21305.39456	16015.749	2970.765	6795.081
21320.83325	16015.749	2970.765	6795.237
21336.27194	16028.240	2970.765	6795.955
21351.71063	16038.569	2970.765	6795.955
21367.14933	16038.569	2970.765	6795.955
21382.58802	16043.972	2970.765	6795.937
21398.02671	16043.972	2970.765	6795.964
21413.4654	16043.972	2970.765	6795.964
21428.90409	16043.972	2970.765	6795.964
21444.34279	16043.972	2970.765	6795.964
21459.78148	16043.972	2970.765	6795.964
21475.22017	16046.200	2970.765	6795.964
21490.65886	16046.200	2970.455	6795.964
21506.09755	16046.200	2970.455	6795.964
21521.53624	16046.200	2970.455	6796.278
21536.97494	16046.200	2970.455	6796.774
21552.41363	16046.200	2969.593	6796.774
21567.85232	16046.200	2969.593	6796.774
21583.29101	16046.200	2969.593	6796.774
21598.7297	16046.200	2969.593	6796.774
21614.16839	16046.200	2969.593	6796.774
21629.60709	16046.200	2969.593	6796.774
21645.04578	16046.200	2969.593	6796.774
21660.48447	16046.200	2969.593	6797.450
21675.92316	16046.200	2969.593	6797.450
21691.36185	16047.757	2969.593	6797.450
21706.80054	16059.027	2969.593	6797.450
21722.23924	16059.027	2969.593	6796.278
21737.67793	16059.027	2969.593	6796.278
21753.11662	16059.027	2970.455	6796.774
21768.55531	16059.027	2970.455	6796.774
21783.994	16059.027	2970.455	6796.774
21799.43269	16059.027	2970.455	6796.774
21814.87139	16059.027	2970.455	6795.955
21830.31008	16059.027	2970.455	6795.964
21845.74877	16059.027	2970.455	6795.964
21861.18746	16059.027	2970.455	6796.278
21876.62615	16072.010	2970.455	6796.774
21892.06484	16072.010	2970.455	6796.278
21907.50354	16072.010	2970.455	6796.774
21922.94223	16072.010	2970.455	6796.774
21938.38092	16072.010	2970.455	6797.450
21953.81961	16073.721	2970.455	6797.735
21969.2583	16073.721	2970.455	6797.450
21984.697	16072.199	2970.455	6797.450
22000.13569	16072.199	2970.455	6797.450
22015.57438	16072.199	2970.455	6797.450
22031.01307	16072.199	2970.455	6797.450
22046.45176	16072.199	2970.455	6797.450
22061.89045	16072.199	2970.455	6797.735
22077.32915	16072.199	2970.455	6797.735
22092.76784	16072.199	2970.455	6797.735
22108.20653	16072.199	2970.455	6797.735
22123.64522	16072.199	2970.455	6797.853
22139.08391	16072.199	2970.455	6797.853
22154.5226	16072.199	2970.455	6797.853
22169.9613	16072.199	2970.455	6798.125
22185.39999	16072.199	2970.455	6798.125
22200.83868	16072.199	2970.455	6798.256
22216.27737	16072.199	2970.455	6798.735
22231.71606	16072.199	2970.455	6798.735
22247.15475	16072.199	2970.455	6798.735
22262.59345	16072.199	2970.455	6798.735
22278.03214	16072.199	2970.455	6798.735
22293.47083	16072.199	2970.455	6798.735
22308.90952	16072.199	2970.455	6798.742
22324.34821	16072.199	2970.455	6798.742
22339.7869	16072.199	2969.593	6798.742
22355.2256	16072.199	2969.593	6798.742
22370.66429	16073.721	2969.593	6798.929
22386.10298	16074.213	2969.593	6798.929
22401.54167	16074.213	2969.593	6798.929
22416.98036	16074.213	2969.593	6798.970
22432.41905	16079.171	2969.593	6798.970
22447.85775	16079.171	2969.593	6798.970
22463.29644	16079.171	2969.593	6798.970
22478.73513	16081.305	2969.593	6799.058
22494.17382	16081.305	2969.593	6799.329
22509.61251	16081.305	2969.593	6799.058
22525.0512	16081.305	2969.593	6799.058
22540.4899	16083.165	2969.593	6799.058
22555.92859	16083.165	2970.455	6799.058
22571.36728	16083.165	2970.455	6799.058
22586.80597	16083.165	2970.455	6799.329
22602.24466	16083.165	2970.455	6799.329
22617.68336	16084.738	2970.455	6799.329
22633.12205	16084.738	2970.455	6799.329
22648.56074	16100.966	2970.455	6799.450
22663.99943	16100.966	2969.593	6799.377
22679.43812	16100.966	2969.593	6799.450
22694.87681	16100.966	2969.593	6799.450
22710.31551	16100.966	2969.593	6799.925
22725.7542	16100.966	2969.593	6799.925
22741.19289	16100.966	2968.740	6799.450
22756.63158	16100.966	2969.593	6799.925
22772.07027	16100.966	2969.593	6799.925
22787.50896	16100.966	2969.593	6799.925
22802.94766	16100.966	2969.593	6799.925
22818.38635	16100.966	2969.593	6799.925
22833.82504	16100.966	2970.455	6799.936
22849.26373	16100.966	2970.455	6799.936
22864.70242	16100.966	2970.455	6799.936
22880.14111	16100.966	2970.455	6800.036
22895.57981	16100.966	2970.455	6800.036
22911.0185	16100.966	2970.455	6800.361
22926.45719	16109.366	2970.455	6800.361
22941.89588	16109.366	2970.765	6800.361
22957.33457	16130.936	2970.765	6800.553
22972.77326	16134.260	2970.765	6800.808
22988.21196	16134.260	2970.765	6800.808
23003.65065	16134.260	2970.765	6801.451
23019.08934	16137.306	2970.765	6801.548
23034.52803	16137.306	2970.765	6801.548
23049.96672	16140.415	2970.455	6801.548
23065.40541	16140.415	2970.455	6801.613
23080.84411	16140.415	2970.455	6801.710
23096.2828	16140.415	2970.455	6802.109
23111.72149	16140.415	2970.455	6802.191
23127.16018	16140.415	2969.593	6802.191
23142.59887	16140.415	2969.593	6802.191
23158.03756	16140.415	2969.593	6802.191
23173.47626	16140.415	2969.593	6802.191
23188.91495	16143.715	2968.740	6802.191
23204.35364	16143.715	2968.740	6802.191
23219.79233	16143.715	2968.740	6802.191
23235.23102	16143.715	2968.740	6802.191
23250.66972	16143.715	2968.740	6802.191
23266.10841	16143.715	2968.740	6802.311
23281.5471	16143.715	2968.740	6802.431
23296.98579	16143.715	2968.740	6802.431
23312.42448	16143.715	2968.740	6802.522
23327.86317	16154.477	2968.740	6802.522
23343.30187	16154.477	2968.740	6802.522
23358.74056	16154.477	2968.740	6802.522
23374.17925	16154.477	2969.593	6802.522
23389.61794	16154.477	2969.593	6802.522
23405.05663	16154.477	2969.593	6802.522
23420.49532	16154.477	2969.593	6802.743
23435.93402	16154.477	2969.593	6802.743
23451.37271	16154.477	2969.593	6802.743
23466.8114	16154.477	2969.593	6802.743
23482.25009	16154.477	2969.593	6802.743
23497.68878	16166.759	2969.593	6802.743
23513.12747	16166.759	2969.593	6802.749
23528.56617	16166.759	2969.593	6803.103
23544.00486	16166.759	2969.593	6803.210
23559.44355	16166.759	2969.593	6803.210
23574.88224	16166.759	2969.593	6803.210
23590.32093	16166.759	2969.593	6803.210
23605.75962	16166.759	2968.740	6803.210
23621.19832	16166.759	2968.740	6803.210
23636.63701	16166.759	2968.740	6803.103
23652.0757	16166.759	2968.740	6803.103
23667.51439	16172.753	2968.740	6802.908
23682.95308	16185.428	2968.740	6802.908
23698.39177	16186.630	2968.740	6802.908
23713.83047	16186.630	2968.740	6802.908
23729.26916	16193.585	2968.740	6802.908
23744.70785	16193.585	2968.740	6802.908
23760.14654	16193.585	2968.740	6802.908
23775.58523	16193.585	2968.740	6803.103
23791.02393	16193.585	2968.740	6803.103
23806.46262	16193.585	2968.740	6802.908
23821.90131	16193.585	2968.740	6802.908
23837.34	16193.585	2968.740	6802.908
23852.77869	16193.585	2968.740	6802.908
23868.21738	16193.585	2968.740	6803.103
23883.65608	16193.585	2968.740	6803.210
23899.09477	16193.585	2968.740	6803.210
23914.53346	16193.585	2969.593	6803.622
23929.97215	16193.585	2970.455	6803.622
23945.41084	16193.585	2970.455	6804.904
23960.84953	16193.585	2970.455	6804.904
23976.28823	16193.585	2970.455	6804.904
23991.72692	16193.585	2970.455	6804.904
24007.16561	16193.585	2970.765	6804.904
24022.6043	16193.585	2970.765	6804.904
24038.04299	16193.585	2970.765	6804.904
24053.48168	16193.585	2970.765	6804.904
24068.92038	16186.630	2970.765	6803.622
24084.35907	16186.630	2970.765	6803.622
24099.79776	16186.630	2971.340	6803.956
24115.23645	16186.630	2971.340	6803.622
24130.67514	16186.630	2971.340	6803.622
24146.11383	16186.630	2971.340	6803.622
24161.55253	16186.630	2971.340	6803.622
24176.99122	16186.630	2971.626	6803.956
24192.42991	16186.630	2971.340	6803.622
24207.8686	16186.630	2971.340	6803.622
24223.30729	16186.630	2971.340	6803.622
24238.74598	16186.630	2971.340	6804.904
24254.18468	16193.585	2971.340	6804.904
24269.62337	16193.585	2971.340	6804.904
24285.06206	16202.048	2971.626	6804.904
24300.50075	16204.045	2971.626	6804.904
24315.93944	16221.729	2971.626	6804.904
24331.37813	16221.729	2971.626	6804.904
24346.81683	16236.944	2971.626	6804.904
24362.25552	16236.944	2971.626	6804.904
24377.69421	16236.944	2971.902	6806.046
24393.1329	16239.253	2971.626	6806.046
24408.57159	16239.253	2971.626	6806.046
24424.01029	16239.253	2971.626	6806.046
24439.44898	16239.253	2971.626	6806.046
24454.88767	16239.253	2971.626	6806.046
24470.32636	16239.253	2971.626	6804.904
24485.76505	16239.253	2971.626	6804.904
24501.20374	16239.253	2971.626	6804.904
24516.64244	16239.253	2971.626	6804.904
24532.08113	16239.253	2971.626	6804.904
24547.51982	16239.253	2971.626	6804.904
24562.95851	16239.253	2971.626	6804.904
24578.3972	16246.219	2971.626	6806.046
24593.83589	16246.551	2971.626	6804.904
24609.27459	16246.551	2971.626	6804.904
24624.71328	16246.551	2971.626	6804.904
24640.15197	16246.551	2971.626	6804.904
24655.59066	16246.551	2971.626	6804.904
24671.02935	16246.551	2971.902	6806.046
24686.46804	16246.551	2971.902	6806.307
24701.90674	16246.551	2971.902	6806.307
24717.34543	16246.551	2971.902	6806.307
24732.78412	16246.551	2971.902	6806.307
24748.22281	16246.551	2971.902	6806.307
24763.6615	16246.551	2971.902	6807.072
24779.10019	16246.551	2971.902	6807.072
24794.53889	16246.551	2971.902	6807.072
24809.97758	16246.551	2971.902	6806.307
24825.41627	16246.551	2971.902	6806.307
24840.85496	16246.551	2971.902	6806.307
24856.29365	16246.551	2971.902	6806.307
24871.73234	16246.551	2971.902	6806.307
24887.17104	16246.551	2971.902	6806.278
24902.60973	16246.551	2971.902	6806.278
24918.04842	16246.551	2971.902	6806.278
24933.48711	16246.551	2971.902	6806.307
24948.9258	16246.551	2972.695	6807.072
24964.3645	16246.551	2972.695	6807.072
24979.80319	16246.551	2972.695	6807.072
24995.24188	16246.551	2972.695	6807.072
25010.68057	16253.777	2972.695	6806.307
25026.11926	16253.777	2972.852	6806.307
25041.55795	16253.777	2972.852	6806.307
25056.99665	16253.777	2972.852	6806.307
25072.43534	16253.777	2972.852	6806.307
25087.87403	16253.777	2972.852	6806.307
25103.31272	16256.440	2972.852	6806.307
25118.75141	16256.440	2972.875	6806.307
25134.1901	16256.440	2972.875	6807.072
25149.6288	16256.440	2972.875	6807.072
25165.06749	16256.440	2972.875	6807.072
25180.50618	16256.440	2972.875	6807.072
25195.94487	16256.440	2972.875	6807.072
25211.38356	16258.993	2975.537	6807.374
25226.82225	16258.993	2975.537	6807.380
25242.26095	16258.993	2975.537	6807.374
25257.69964	16258.993	2975.537	6807.380
25273.13833	16274.941	2975.537	6808.212
25288.57702	16274.941	2975.537	6808.212
25304.01571	16274.941	2975.537	6808.212
25319.4544	16274.941	2975.537	6808.212
25334.8931	16274.941	2975.537	6808.212
25350.33179	16274.941	2975.537	6808.497
25365.77048	16274.941	2975.537	6808.497
25381.20917	16288.002	2975.537	6808.497
25396.64786	16288.002	2975.537	6809.126
25412.08655	16290.258	2975.537	6809.645
25427.52525	16290.258	2975.537	6809.645
25442.96394	16290.258	2975.537	6809.126
25458.40263	16290.258	2975.537	6809.126
25473.84132	16290.258	2975.537	6809.126
25489.28001	16290.258	2975.537	6809.126
25504.7187	16294.291	2975.537	6809.645
25520.1574	16294.291	2975.537	6809.126
25535.59609	16294.291	2975.537	6809.126
25551.03478	16294.291	2975.537	6808.497
25566.47347	16294.291	2975.537	6808.497
25581.91216	16294.291	2975.725	6809.645
25597.35086	16294.291	2975.725	6809.645
25612.78955	16294.291	2975.725	6809.645
25628.22824	16294.291	2972.875	6809.126
25643.66693	16303.636	2975.537	6809.645
25659.10562	16303.636	2975.537	6809.645
25674.54431	16303.636	2975.537	6809.645
25689.98301	16303.636	2975.537	6809.645
25705.4217	16303.636	2975.537	6809.126
25720.86039	16303.636	2975.537	6809.126
25736.29908	16306.942	2975.537	6809.645
25751.73777	16306.942	2975.537	6809.695
25767.17646	16306.942	2975.537	6809.695
25782.61516	16306.942	2975.537	6809.695
25798.05385	16306.942	2975.537	6809.695
25813.49254	16306.942	2975.537	6809.695
25828.93123	16306.942	2975.537	6810.446
25844.36992	16310.320	2975.537	6810.446
25859.80861	16310.320	2975.537	6810.446
25875.24731	16310.320	2975.537	6810.792
25890.686	16310.320	2975.537	6810.872
25906.12469	16310.320	2975.537	6810.872
25921.56338	16310.320	2975.537	6811.032
25937.00207	16310.320	2975.725	6811.092
25952.44076	16310.320	2975.725	6811.192
25967.87946	16310.320	2975.725	6811.192
25983.31815	16310.320	2975.985	6811.192
25998.75684	16310.320	2976.859	6811.440
26014.19553	16310.320	2976.859	6811.502
26029.63422	16310.320	2976.859	6811.502
26045.07291	16310.320	2976.859	6811.502
26060.51161	16310.320	2976.859	6811.502
26075.9503	16310.320	2976.859	6811.762
26091.38899	16310.320	2976.859	6811.762
26106.82768	16310.320	2976.859	6812.302
26122.26637	16310.320	2976.925	6812.302
26137.70507	16310.320	2976.925	6812.532
26153.14376	16310.320	2977.262	6812.638
26168.58245	16310.320	2977.262	6812.638
26184.02114	16310.320	2977.262	6812.638
26199.45983	16310.320	2977.262	6812.638
26214.89852	16310.320	2977.262	6812.763
26230.33722	16317.331	2977.262	6812.763
26245.77591	16317.331	2977.262	6812.763
26261.2146	16325.066	2977.262	6812.997
26276.65329	16325.066	2977.262	6812.997
26292.09198	16325.066	2977.262	6812.997
26307.53067	16325.066	2977.262	6813.140
26322.96937	16325.066	2977.262	6813.140
26338.40806	16325.066	2977.263	6813.375
26353.84675	16325.066	2977.870	6813.375
26369.28544	16325.066	2978.743	6813.656
26384.72413	16317.331	2978.743	6813.656
26400.16282	16317.331	2978.743	6813.772
26415.60152	16317.331	2978.743	6813.772
26431.04021	16310.320	2978.743	6813.772
26446.4789	16310.320	2978.743	6813.772
26461.91759	16310.320	2978.743	6813.772
26477.35628	16317.331	2978.743	6814.348
26492.79497	16317.331	2978.743	6814.348
26508.23367	16317.331	2978.743	6814.352
26523.67236	16317.331	2978.743	6814.352
26539.11105	16317.331	2978.743	6814.348
26554.54974	16317.331	2980.661	6814.348
26569.98843	16317.331	2980.661	6814.352
26585.42712	16317.331	2980.661	6814.463
26600.86582	16317.331	2981.201	6814.840
26616.30451	16310.320	2981.201	6814.840
26631.7432	16310.320	2981.201	6814.840
26647.18189	16310.320	2981.201	6814.840
26662.62058	16310.320	2981.201	6814.840
26678.05927	16310.320	2981.201	6814.840
26693.49797	16310.320	2983.252	6815.222
26708.93666	16310.320	2983.252	6815.821
26724.37535	16310.320	2981.201	6816.262
26739.81404	16310.320	2981.201	6816.262
26755.25273	16310.320	2981.201	6816.262
26770.69143	16310.320	2980.661	6816.262
26786.13012	16317.331	2980.661	6816.480
26801.56881	16317.331	2980.661	6816.480
26817.0075	16317.331	2980.661	6816.480
26832.44619	16317.331	2980.661	6816.262
26847.88488	16325.066	2980.661	6816.262
26863.32358	16325.066	2980.661	6816.262
26878.76227	16325.066	2980.661	6816.262
26894.20096	16325.066	2980.661	6816.262
26909.63965	16325.066	2980.661	6816.262
26925.07834	16325.066	2980.661	6816.262
26940.51703	16325.066	2980.661	6816.262
26955.95573	16325.066	2981.201	6816.262
26971.39442	16325.066	2981.201	6816.262
26986.83311	16325.066	2986.119	6816.909
27002.2718	16328.072	2986.119	6816.909
27017.71049	16328.072	2983.252	6816.854
27033.14918	16328.072	2983.252	6816.909
27048.58788	16328.072	2983.252	6816.909
27064.02657	16328.072	2986.119	6817.086
27079.46526	16328.072	2986.119	6817.322
27094.90395	16328.072	2986.119	6817.322
27110.34264	16328.072	2986.119	6817.322
27125.78133	16328.072	2986.119	6817.526
27141.22003	16328.072	2986.119	6817.526
27156.65872	16328.072	2986.119	6818.049
27172.09741	16328.072	2986.119	6818.049
27187.5361	16338.709	2986.119	6818.502
27202.97479	16338.709	2986.119	6818.049
27218.41348	16338.709	2986.119	6818.502
27233.85218	16338.709	2986.119	6818.049
27249.29087	16338.709	2981.201	6818.049
27264.72956	16338.709	2981.201	6818.049
27280.16825	16338.709	2981.201	6818.049
27295.60694	16338.709	2981.201	6818.502
27311.04563	16338.709	2981.201	6818.502
27326.48433	16338.709	2981.201	6818.841
27341.92302	16338.709	2981.201	6819.096
27357.36171	16340.393	2983.252	6820.017
27372.8004	16340.393	2983.252	6820.017
27388.23909	16341.688	2983.252	6820.078
27403.67779	16341.688	2983.252	6820.078
27419.11648	16341.688	2986.119	6820.078
27434.55517	16341.688	2986.119	6820.078
27449.99386	16343.533	2986.119	6820.078
27465.43255	16343.533	2986.119	6820.078
27480.87124	16343.533	2986.119	6820.078
27496.30994	16343.533	2986.119	6820.623
27511.74863	16343.533	2987.797	6820.078
27527.18732	16343.533	2987.797	6820.078
27542.62601	16343.533	2987.797	6820.623
27558.0647	16343.533	2987.797	6820.623
27573.50339	16343.533	2988.150	6821.218
27588.94209	16343.533	2988.150	6821.218
27604.38078	16343.533	2988.230	6821.218
27619.81947	16343.533	2988.230	6821.218
27635.25816	16346.077	2988.230	6821.218
27650.69685	16346.077	2988.230	6821.218
27666.13554	16346.077	2988.230	6821.609
27681.57424	16350.891	2988.230	6821.773
27697.01293	16350.891	2988.230	6821.773
27712.45162	16350.891	2989.274	6821.812
27727.89031	16350.891	2990.734	6822.109
27743.329	16350.891	2990.734	6822.109
27758.76769	16350.891	2993.276	6822.311
27774.20639	16350.891	2993.276	6822.630
27789.64508	16350.891	2993.276	6822.630
27805.08377	16350.891	2993.276	6822.630
27820.52246	16350.891	2993.276	6822.630
27835.96115	16350.891	2993.276	6822.970
27851.39984	16350.891	2993.276	6822.970
27866.83854	16350.891	2993.276	6822.970
27882.27723	16350.891	2993.276	6822.970
27897.71592	16350.891	2993.276	6822.970
27913.15461	16350.891	2993.276	6823.066
27928.5933	16350.891	2993.276	6822.970
27944.032	16350.891	2993.441	6823.066
27959.47069	16350.891	2993.441	6823.477
27974.90938	16350.891	2993.441	6823.477
27990.34807	16350.891	2994.659	6823.477
28005.78676	16371.622	2994.659	6824.007
28021.22545	16371.622	2994.659	6824.092
28036.66415	16371.622	2994.659	6824.092
28052.10284	16371.622	2994.659	6824.252
28067.54153	16371.622	2994.669	6824.264
28082.98022	16371.622	2994.669	6824.264
28098.41891	16371.622	2994.669	6824.264
28113.8576	16371.622	2995.036	6824.568
28129.2963	16371.622	2995.036	6824.568
28144.73499	16371.622	2995.036	6824.568
28160.17368	16371.622	2995.036	6824.705
28175.61237	16371.622	2995.036	6824.837
28191.05106	16371.622	2995.036	6825.204
28206.48975	16371.622	2996.296	6825.204
28221.92845	16371.622	2996.296	6825.256
28237.36714	16371.622	2996.296	6825.323
28252.80583	16371.622	2997.053	6825.508
28268.24452	16372.710	2997.430	6825.508
28283.68321	16372.710	2997.430	6825.830
28299.1219	16372.710	2997.430	6825.830
28314.5606	16372.710	2997.430	6825.830
28329.99929	16372.710	2997.430	6825.830
28345.43798	16372.710	2997.430	6825.830
28360.87667	16372.710	2997.430	6825.830
28376.31536	16382.079	2997.430	6825.830
28391.75405	16382.079	2999.482	6825.830
28407.19275	16382.079	3001.388	6826.108
28422.63144	16382.079	3001.388	6826.108
28438.07013	16382.079	3001.388	6826.158
28453.50882	16382.079	3002.497	6826.652
28468.94751	16382.079	3003.039	6826.966
28484.3862	16382.079	3003.039	6826.966
28499.8249	16382.079	3003.039	6827.013
28515.26359	16382.079	3003.039	6827.271
28530.70228	16384.694	3003.039	6827.812
28546.14097	16384.694	3003.039	6827.852
28561.57966	16384.694	3003.039	6827.852
28577.01836	16387.410	3003.039	6827.852
28592.45705	16387.410	3003.039	6827.852
28607.89574	16387.410	3003.039	6827.852
28623.33443	16387.410	3003.039	6828.152
28638.77312	16387.410	3009.963	6829.883
28654.21181	16394.491	3009.963	6830.010
28669.65051	16394.491	3009.973	6830.044
28685.0892	16394.491	3009.973	6830.010
28700.52789	16394.491	3009.973	6830.010
28715.96658	16394.491	3009.973	6830.044
28731.40527	16394.491	3010.131	6830.186
28746.84396	16400.727	3009.973	6830.293
28762.28266	16400.727	3010.131	6830.293
28777.72135	16400.727	3010.131	6830.654
28793.16004	16400.727	3010.131	6830.654
28808.59873	16400.727	3010.131	6830.654
28824.03742	16400.727	3010.131	6830.654
28839.47611	16402.524	3011.689	6831.381
28854.91481	16402.524	3011.689	6831.009
28870.3535	16400.727	3013.428	6831.381
28885.79219	16400.727	3013.428	6831.574
28901.23088	16400.727	3015.044	6831.648
28916.66957	16400.727	3015.044	6831.648
28932.10826	16400.727	3015.044	6831.654
28947.54696	16400.727	3015.044	6831.654
28962.98565	16400.727	3015.200	6831.712
28978.42434	16400.727	3015.200	6832.272
28993.86303	16400.727	3015.581	6832.272
29009.30172	16400.727	3015.581	6832.272
29024.74041	16400.727	3015.581	6832.357
29040.17911	16400.727	3016.044	6832.374
29055.6178	16400.727	3016.044	6832.646
29071.05649	16400.727	3016.706	6833.122
29086.49518	16400.727	3016.706	6833.122
29101.93387	16400.727	3016.706	6833.477
29117.37257	16400.727	3017.752	6833.477
29132.81126	16400.727	3018.429	6833.677
29148.24995	16402.524	3018.429	6834.281
29163.68864	16402.524	3018.429	6834.281
29179.12733	16402.524	3018.429	6835.247
29194.56602	16402.524	3022.202	6835.278
29210.00472	16402.524	3022.202	6835.360
29225.44341	16402.524	3022.202	6835.360
29240.8821	16402.524	3022.202	6835.360
29256.32079	16402.524	3022.202	6835.360
29271.75948	16402.524	3022.202	6835.409
29287.19817	16402.524	3022.202	6835.409
29302.63687	16404.320	3023.443	6836.286
29318.07556	16404.320	3023.443	6836.286
29333.51425	16405.818	3023.443	6835.481
29348.95294	16405.818	3023.443	6835.481
29364.39163	16405.818	3023.443	6835.481
29379.83032	16405.818	3023.443	6836.286
29395.26902	16405.818	3024.123	6836.304
29410.70771	16405.818	3028.242	6836.443
29426.1464	16405.818	3028.242	6836.443
29441.58509	16405.818	3028.242	6836.443
29457.02378	16405.818	3028.242	6837.541
29472.46247	16405.818	3030.931	6837.541
29487.90117	16405.818	3030.931	6837.852
29503.33986	16405.818	3031.510	6837.985
29518.77855	16405.818	3031.510	6837.985
29534.21724	16405.818	3031.594	6837.985
29549.65593	16405.818	3031.594	6837.985
29565.09462	16405.818	3031.594	6838.044
29580.53332	16405.818	3032.322	6838.044
29595.97201	16405.818	3033.235	6838.345
29611.4107	16405.818	3033.235	6838.345
29626.84939	16405.818	3033.235	6838.688
29642.28808	16412.535	3033.235	6838.983
29657.72677	16414.255	3034.128	6839.288
29673.16547	16414.255	3034.128	6839.844
29688.60416	16414.255	3034.473	6839.844
29704.04285	16414.255	3034.473	6839.853
29719.48154	16414.255	3034.473	6840.021
29734.92023	16414.255	3034.473	6840.293
29750.35893	16414.255	3034.473	6840.463
29765.79762	16414.255	3036.204	6840.463
29781.23631	16414.255	3036.204	6840.907
29796.675	16414.255	3036.204	6840.907
29812.11369	16414.255	3036.896	6840.907
29827.55238	16412.535	3036.896	6841.656
29842.99108	16412.535	3037.944	6841.656
29858.42977	16412.535	3037.944	6841.845
29873.86846	16412.535	3037.944	6841.969
29889.30715	16412.535	3037.944	6842.077
29904.74584	16412.535	3036.896	6842.077
29920.18453	16414.255	3036.896	6842.382
29935.62323	16414.255	3036.896	6842.382
29951.06192	16414.255	3037.944	6842.382
29966.50061	16414.255	3039.767	6842.476
29981.9393	16414.255	3040.563	6842.540
29997.37799	16414.255	3040.563	6842.922
30012.81668	16414.255	3040.563	6842.922
30028.25538	16414.255	3040.563	6842.922
30043.69407	16414.255	3040.563	6842.922
30059.13276	16414.255	3040.563	6843.479
30074.57145	16414.255	3040.563	6843.532
30090.01014	16414.255	3040.563	6844.011
30105.44883	16414.255	3040.563	6844.011
30120.88753	16414.255	3040.578	6844.367
30136.32622	16414.255	3041.093	6844.367
30151.76491	16414.255	3041.093	6844.862
30167.2036	16414.255	3041.093	6844.862
30182.64229	16414.255	3041.093	6844.579
30198.08098	16414.255	3043.246	6844.862
30213.51968	16414.255	3044.170	6844.862
30228.95837	16417.519	3046.693	6845.830
30244.39706	16417.519	3046.693	6845.830
30259.83575	16421.900	3046.693	6845.830
30275.27444	16421.900	3046.693	6845.830
30290.71313	16421.900	3046.693	6846.009
30306.15183	16421.900	3046.769	6847.007
30321.59052	16421.900	3046.769	6847.007
30337.02921	16427.775	3046.769	6847.532
30352.4679	16427.775	3046.992	6847.532
30367.90659	16427.775	3049.844	6848.156
30383.34529	16427.775	3049.844	6848.276
30398.78398	16427.775	3049.844	6847.532
30414.22267	16427.775	3051.367	6848.329
30429.66136	16427.775	3053.416	6848.329
30445.10005	16427.775	3054.898	6848.770
30460.53874	16427.775	3054.898	6848.770
30475.97744	16429.970	3054.898	6848.889
30491.41613	16436.010	3054.898	6848.889
30506.85482	16436.010	3054.898	6848.889
30522.29351	16445.910	3054.898	6849.233
30537.7322	16445.910	3054.898	6848.893
30553.17089	16445.910	3054.898	6849.233
30568.60959	16445.910	3054.898	6849.420
30584.04828	16445.910	3056.670	6849.581
30599.48697	16445.910	3056.670	6849.420
30614.92566	16445.910	3056.670	6849.581
30630.36435	16449.313	3057.720	6849.681
30645.80304	16454.249	3057.720	6849.681
30661.24174	16454.249	3057.720	6849.777
30676.68043	16454.249	3057.720	6849.822
30692.11912	16454.249	3057.720	6849.777
30707.55781	16454.249	3057.720	6849.822
30722.9965	16454.249	3058.310	6849.928
30738.43519	16454.249	3058.310	6850.060
30753.87389	16454.249	3057.720	6850.060
30769.31258	16471.094	3057.720	6850.382
30784.75127	16471.094	3058.310	6851.075
30800.18996	16471.094	3058.310	6851.075
30815.62865	16471.094	3058.310	6850.903
30831.06734	16471.094	3058.409	6851.342
30846.50604	16471.094	3058.409	6851.342
30861.94473	16471.094	3059.779	6851.904
30877.38342	16471.094	3059.779	6852.492
30892.82211	16471.094	3059.779	6852.747
30908.2608	16471.094	3060.827	6853.067
30923.6995	16471.094	3060.827	6853.162
30939.13819	16471.094	3060.827	6853.162
30954.57688	16471.094	3060.827	6854.577
30970.01557	16471.094	3060.827	6854.577
30985.45426	16471.094	3061.149	6854.965
31000.89295	16471.094	3061.149	6854.965
31016.33165	16487.924	3061.924	6855.234
31031.77034	16487.924	3061.924	6855.234
31047.20903	16487.924	3061.924	6855.924
31062.64772	16487.924	3064.825	6856.644
31078.08641	16487.924	3065.520	6856.644
31093.5251	16487.924	3065.520	6856.795
31108.9638	16498.232	3065.520	6857.070
31124.40249	16498.232	3065.520	6857.162
31139.84118	16498.232	3065.520	6857.162
31155.27987	16498.232	3065.520	6857.516
31170.71856	16498.232	3065.520	6857.984
31186.15725	16498.232	3065.520	6857.984
31201.59595	16509.161	3065.651	6858.991
31217.03464	16509.161	3065.926	6858.991
31232.47333	16509.161	3065.926	6859.722
31247.91202	16509.161	3065.926	6859.722
31263.35071	16509.161	3065.926	6860.210
31278.7894	16509.161	3065.926	6860.210
31294.2281	16509.161	3065.926	6860.543
31309.66679	16509.161	3067.922	6860.821
31325.10548	16509.161	3067.922	6860.906
31340.54417	16509.161	3067.922	6861.021
31355.98286	16509.161	3067.922	6861.021
31371.42155	16509.161	3068.521	6861.376
31386.86025	16509.161	3068.521	6861.376
31402.29894	16503.417	3069.664	6861.784
31417.73763	16503.417	3069.664	6861.784
31433.17632	16509.161	3068.521	6861.867
31448.61501	16509.161	3069.664	6862.082
31464.0537	16509.161	3069.664	6862.082
31479.4924	16509.161	3069.664	6862.082
31494.93109	16509.161	3069.664	6862.095
31510.36978	16509.161	3076.028	6863.768
31525.80847	16509.161	3076.028	6863.816
31541.24716	16509.161	3080.040	6864.152
31556.68586	16509.161	3080.387	6864.493
31572.12455	16509.161	3082.196	6865.360
31587.56324	16510.584	3082.196	6865.361
31603.00193	16510.584	3083.747	6865.361
31618.44062	16510.584	3085.334	6865.659
31633.87931	16510.584	3085.334	6865.659
31649.31801	16510.584	3088.125	6865.986
31664.7567	16540.680	3088.881	6866.023
31680.19539	16540.680	3088.125	6866.042
31695.63408	16540.680	3088.125	6866.023
31711.07277	16540.680	3088.881	6866.042
31726.51146	16540.680	3089.238	6866.129
31741.95016	16540.680	3089.238	6866.129
31757.38885	16540.680	3089.238	6866.129
31772.82754	16540.680	3088.996	6866.129
31788.26623	16540.680	3088.996	6866.129
31803.70492	16546.550	3089.238	6867.403
31819.14361	16546.550	3090.137	6867.403
31834.58231	16546.550	3091.431	6868.417
31850.021	16549.503	3091.431	6868.435
31865.45969	16549.503	3091.431	6868.435
31880.89838	16549.503	3090.137	6868.417
31896.33707	16549.503	3091.431	6869.220
31911.77576	16549.503	3092.312	6869.600
31927.21446	16549.503	3092.312	6869.817
31942.65315	16549.503	3093.616	6869.838
31958.09184	16549.503	3093.616	6869.817
31973.53053	16549.503	3093.616	6869.817
31988.96922	16549.503	3095.030	6869.838
32004.40791	16563.225	3095.810	6870.198
32019.84661	16563.225	3095.810	6870.198
32035.2853	16563.225	3099.039	6870.378
32050.72399	16563.225	3099.039	6871.136
32066.16268	16563.225	3099.644	6871.739
32081.60137	16563.225	3100.781	6872.332
32097.04007	16563.225	3100.781	6871.888
32112.47876	16563.225	3101.473	6872.332
32127.91745	16563.225	3101.473	6872.453
32143.35614	16563.225	3101.473	6872.453
32158.79483	16563.225	3102.408	6873.046
32174.23352	16563.380	3102.778	6873.637
32189.67222	16563.380	3102.851	6875.080
32205.11091	16563.380	3102.851	6875.080
32220.5496	16563.380	3102.851	6875.080
32235.98829	16563.380	3102.851	6875.284
32251.42698	16563.380	3102.851	6875.284
32266.86567	16563.380	3103.084	6875.284
32282.30437	16563.380	3103.084	6875.515
32297.74306	16563.380	3103.084	6875.781
32313.18175	16563.380	3103.084	6875.781
32328.62044	16563.380	3103.229	6875.836
32344.05913	16563.380	3103.229	6876.285
32359.49782	16564.020	3103.229	6876.376
32374.93652	16564.020	3103.722	6876.613
32390.37521	16579.961	3104.824	6876.761
32405.8139	16579.961	3104.989	6878.519
32421.25259	16579.961	3107.347	6878.615
32436.69128	16579.961	3109.242	6879.609
32452.12997	16590.082	3111.616	6879.943
32467.56867	16590.082	3111.755	6879.943
32483.00736	16590.082	3111.755	6880.378
32498.44605	16593.238	3111.755	6880.536
32513.88474	16596.030	3111.755	6881.035
32529.32343	16597.279	3113.814	6881.084
32544.76212	16597.279	3113.814	6881.882
32560.20082	16597.279	3113.814	6881.882
32575.63951	16597.279	3113.814	6881.882
32591.0782	16597.279	3113.814	6881.883
32606.51689	16597.279	3113.814	6883.043
32621.95558	16605.823	3111.755	6883.661
32637.39427	16608.692	3111.755	6883.661
32652.83297	16616.010	3113.814	6883.770
32668.27166	16616.010	3113.814	6883.791
32683.71035	16616.010	3113.814	6883.817
32699.14904	16616.010	3113.814	6884.926
32714.58773	16616.010	3117.745	6886.188
32730.02643	16616.010	3118.751	6886.222
32745.46512	16608.692	3118.918	6886.885
32760.90381	16616.010	3119.464	6886.908
32776.3425	16616.010	3124.335	6888.279
32791.78119	16616.010	3125.148	6887.866
32807.21988	16616.010	3125.724	6888.279
32822.65858	16616.010	3125.724	6888.292
32838.09727	16616.010	3125.724	6888.989
32853.53596	16616.010	3126.093	6889.094
32868.97465	16618.396	3125.724	6889.641
32884.41334	16618.396	3126.093	6890.358
32899.85203	16618.396	3126.789	6891.967
32915.29073	16618.396	3130.130	6892.802
32930.72942	16618.396	3131.045	6893.243
32946.16811	16618.396	3131.045	6893.605
32961.6068	16618.396	3131.227	6893.947
32977.04549	16618.396	3131.227	6894.774
32992.48418	16619.635	3131.227	6895.054
33007.92288	16619.635	3131.227	6895.406
33023.36157	16619.635	3132.388	6895.486
33038.80026	16619.635	3132.388	6895.791
33054.23895	16619.635	3132.388	6895.870
33069.67764	16619.635	3132.388	6895.870
33085.11633	16619.635	3132.388	6896.060
33100.55503	16619.635	3132.388	6896.217
33115.99372	16625.969	3132.388	6897.726
33131.43241	16625.969	3133.838	6898.176
33146.8711	16625.969	3133.838	6898.176
33162.30979	16625.969	3133.838	6898.947
33177.74848	16625.969	3133.838	6899.610
33193.18718	16625.969	3137.462	6900.544
33208.62587	16625.969	3137.462	6900.949
33224.06456	16625.969	3137.984	6901.274
33239.50325	16650.185	3137.984	6901.312
33254.94194	16650.185	3137.984	6902.170
33270.38064	16650.185	3137.984	6902.395
33285.81933	16650.185	3137.984	6902.724
33301.25802	16650.185	3138.908	6903.112
33316.69671	16650.185	3140.378	6903.503
33332.1354	16650.185	3140.492	6904.003
33347.57409	16650.185	3141.319	6904.048
33363.01279	16659.711	3141.663	6904.823
33378.45148	16659.711	3141.663	6905.950
33393.89017	16659.711	3141.663	6905.950
33409.32886	16659.711	3142.338	6906.210
33424.76755	16659.711	3143.198	6907.278
33440.20624	16659.711	3143.301	6907.679
33455.64494	16659.711	3143.301	6908.295
33471.08363	16659.711	3143.301	6908.429
33486.52232	16664.464	3143.198	6909.277
33501.96101	16664.464	3143.301	6909.510
33517.3997	16664.464	3143.853	6909.932
33532.83839	16664.464	3143.853	6910.573
33548.27709	16664.464	3144.717	6911.072
33563.71578	16664.464	3144.820	6911.323
33579.15447	16675.239	3144.717	6911.323
33594.59316	16675.239	3145.272	6912.322
33610.03185	16675.239	3146.613	6912.680
33625.47054	16675.239	3146.613	6912.680
33640.90924	16675.239	3146.613	6913.034
33656.34793	16675.239	3146.874	6913.253
33671.78662	16675.239	3146.874	6913.570
33687.22531	16675.239	3148.855	6913.598
33702.664	16675.239	3146.874	6913.844
33718.10269	16676.819	3146.874	6914.391
33733.54139	16676.819	3151.876	6914.844
33748.98008	16676.819	3151.876	6914.844
33764.41877	16676.819	3153.385	6915.201
33779.85746	16676.819	3153.392	6915.876
33795.29615	16678.911	3153.385	6915.900
33810.73484	16678.911	3153.392	6916.917
33826.17354	16678.911	3154.631	6917.842
33841.61223	16678.911	3159.701	6918.173
33857.05092	16676.819	3159.701	6918.173
33872.48961	16676.819	3160.603	6918.831
33887.9283	16678.911	3159.991	6918.753
33903.367	16678.911	3160.603	6918.831
33918.80569	16678.911	3160.994	6919.244
33934.24438	16678.911	3160.994	6919.244
33949.68307	16678.911	3160.994	6920.076
33965.12176	16678.911	3161.304	6920.157
33980.56045	16680.152	3162.400	6921.071
33995.99915	16686.171	3163.482	6921.827
34011.43784	16686.171	3163.693	6922.227
34026.87653	16686.171	3163.693	6922.794
34042.31522	16686.171	3163.693	6924.036
34057.75391	16686.171	3163.693	6924.058
34073.1926	16686.171	3163.693	6924.058
34088.6313	16686.171	3163.994	6924.058
34104.06999	16686.317	3163.994	6924.071
34119.50868	16686.317	3163.994	6924.071
34134.94737	16686.317	3163.994	6924.076
34150.38606	16686.317	3163.994	6924.406
34165.82475	16686.317	3163.994	6924.787
34181.26345	16686.317	3163.994	6924.787
34196.70214	16686.317	3166.641	6925.127
34212.14083	16690.692	3166.580	6925.216
34227.57952	16690.692	3166.641	6925.216
34243.01821	16690.692	3169.843	6925.774
34258.4569	16690.692	3169.843	6925.774
34273.8956	16690.692	3171.203	6926.253
34289.33429	16690.692	3171.204	6926.266
34304.77298	16692.931	3172.295	6926.765
34320.21167	16692.931	3172.295	6926.811
34335.65036	16692.931	3172.295	6927.206
34351.08905	16692.931	3174.944	6927.778
34366.52775	16692.931	3174.944	6927.423
34381.96644	16694.418	3174.026	6928.930
34397.40513	16694.418	3174.026	6929.993
34412.84382	16692.931	3174.944	6929.993
34428.28251	16692.931	3174.953	6930.170
34443.7212	16692.931	3174.953	6930.228
34459.1599	16692.931	3174.953	6930.918
34474.59859	16692.931	3174.953	6931.203
34490.03728	16694.418	3175.219	6933.665
34505.47597	16694.418	3175.219	6933.673
34520.91466	16694.418	3175.219	6935.526
34536.35336	16694.418	3176.464	6935.608
34551.79205	16694.418	3176.464	6935.608
34567.23074	16694.418	3176.464	6935.954
34582.66943	16694.418	3176.464	6936.409
34598.10812	16694.418	3176.464	6936.267
34613.54681	16694.418	3176.464	6936.267
34628.98551	16694.418	3176.464	6936.965
34644.4242	16697.832	3175.570	6937.755
34659.86289	16697.832	3175.570	6937.755
34675.30158	16697.832	3175.570	6937.784
34690.74027	16697.832	3177.059	6939.142
34706.17896	16697.832	3177.209	6939.520
34721.61766	16702.429	3177.209	6940.049
34737.05635	16704.313	3179.942	6941.938
34752.49504	16704.313	3179.942	6942.810
34767.93373	16704.313	3179.942	6943.153
34783.37242	16704.313	3179.942	6942.810
34798.81111	16710.167	3179.942	6943.511
34814.24981	16710.167	3183.918	6943.746
34829.6885	16710.167	3185.212	6944.389
34845.12719	16710.167	3186.611	6945.558
34860.56588	16710.167	3186.611	6945.675
34876.00457	16710.167	3186.643	6946.147
34891.44326	16712.215	3186.611	6946.990
34906.88196	16712.215	3186.643	6947.271
34922.32065	16712.215	3187.623	6947.479
34937.75934	16712.215	3187.623	6948.356
34953.19803	16712.215	3187.623	6948.683
34968.63672	16712.215	3187.623	6948.999
34984.07541	16737.025	3188.138	6950.423
34999.51411	16737.025	3188.138	6951.022
35014.9528	16737.025	3188.138	6952.009
35030.39149	16737.025	3188.138	6953.776
35045.83018	16737.025	3188.391	6953.776
35061.26887	16753.354	3188.138	6954.072
35076.70757	16753.354	3188.138	6956.553
35092.14626	16753.354	3188.391	6956.579
35107.58495	16753.354	3188.391	6957.120
35123.02364	16755.537	3188.391	6958.664
35138.46233	16755.537	3189.112	6959.959
35153.90102	16753.354	3189.464	6959.999
35169.33972	16753.354	3189.464	6961.094
35184.77841	16753.354	3189.112	6961.317
35200.2171	16755.537	3189.112	6961.359
35215.65579	16755.537	3189.112	6961.359
35231.09448	16755.537	3189.464	6962.054
35246.53317	16755.537	3189.619	6962.485
35261.97187	16755.537	3194.215	6963.176
35277.41056	16756.530	3194.215	6963.543
35292.84925	16756.530	3194.215	6963.569
35308.28794	16756.530	3194.215	6964.461
35323.72663	16756.530	3195.171	6966.412
35339.16532	16758.316	3195.583	6966.477
35354.60402	16758.316	3195.583	6966.780
35370.04271	16758.316	3195.819	6967.727
35385.4814	16758.316	3195.953	6967.742
35400.92009	16758.316	3195.819	6969.368
35416.35878	16766.701	3195.953	6970.108
35431.79747	16766.701	3195.953	6970.706
35447.23617	16766.701	3195.953	6971.200
35462.67486	16758.316	3196.317	6972.208
35478.11355	16766.701	3196.317	6973.274
35493.55224	16766.701	3196.317	6973.746
35508.99093	16766.701	3196.317	6974.291
35524.42962	16766.701	3196.317	6974.843
35539.86832	16766.701	3196.317	6974.291
35555.30701	16771.926	3199.559	6974.972
35570.7457	16771.926	3200.340	6975.993
35586.18439	16771.926	3200.340	6976.207
35601.62308	16771.926	3201.995	6977.306
35617.06177	16776.869	3203.590	6979.733
35632.50047	16776.869	3204.015	6979.837
35647.93916	16776.869	3204.760	6980.727
35663.37785	16776.869	3205.891	6982.559
35678.81654	16782.083	3207.020	6983.987
35694.25523	16782.083	3207.020	6984.222
35709.69393	16782.083	3207.309	6985.162
35725.13262	16782.083	3207.696	6985.848
35740.57131	16788.278	3209.930	6986.672
35756.01	16788.278	3209.930	6987.581
35771.44869	16788.278	3211.571	6989.344
35786.88738	16788.278	3212.835	6989.344
35802.32608	16788.278	3212.835	6989.748
35817.76477	16788.278	3212.835	6989.960
35833.20346	16789.490	3212.835	6992.976
35848.64215	16789.490	3213.061	6992.976
35864.08084	16789.490	3213.061	6994.379
35879.51953	16807.092	3213.061	6995.076
35894.95823	16807.092	3213.061	6995.669
35910.39692	16807.092	3213.061	6996.267
35925.83561	16807.092	3215.697	6997.382
35941.2743	16810.308	3215.697	6997.747
35956.71299	16810.308	3218.795	6997.894
35972.15168	16807.092	3219.951	6998.332
35987.59038	16807.092	3222.237	6998.863
36003.02907	16810.308	3228.044	7000.108
36018.46776	16810.308	3228.044	7000.161
36033.90645	16810.308	3230.240	7000.366
36049.34514	16810.308	3230.835	7001.285
36064.78383	16812.323	3230.942	7001.604
36080.22253	16812.323	3230.980	7001.604
36095.66122	16812.323	3230.980	7002.893
36111.09991	16812.323	3231.149	7003.233
36126.5386	16812.323	3236.636	7004.526
36141.97729	16815.104	3236.636	7004.893
36157.41598	16815.104	3236.636	7004.994
36172.85468	16815.104	3241.033	7005.160
36188.29337	16815.104	3241.766	7006.017
36203.73206	16817.851	3241.766	7006.017
36219.17075	16817.851	3241.766	7006.144
36234.60944	16817.851	3241.766	7006.415
36250.04814	16817.851	3243.520	7007.513
36265.48683	16817.851	3244.664	7009.512
36280.92552	16817.851	3244.664	7009.545
36296.36421	16834.731	3244.664	7009.657
36311.8029	16834.731	3244.664	7010.563
36327.24159	16834.731	3244.664	7010.587
36342.68029	16834.731	3246.041	7011.687
36358.11898	16838.587	3246.041	7012.830
36373.55767	16838.587	3246.924	7013.505
36388.99636	16834.731	3246.924	7013.200
36404.43505	16834.731	3246.041	7013.934
36419.87374	16838.587	3246.924	7014.715
36435.31244	16838.587	3247.985	7015.760
36450.75113	16838.587	3250.985	7016.165
36466.18982	16842.450	3250.985	7017.946
36481.62851	16842.450	3250.985	7017.960
36497.0672	16842.450	3252.248	7019.006
36512.50589	16842.450	3252.494	7019.006
36527.94459	16845.934	3253.621	7019.040
36543.38328	16847.191	3253.710	7019.591
36558.82197	16847.191	3253.819	7019.785
36574.26066	16847.191	3263.041	7022.239
36589.69935	16852.469	3263.041	7024.525
36605.13804	16847.191	3263.041	7025.361
36620.57674	16847.191	3264.461	7026.059
36636.01543	16852.469	3263.041	7026.284
36651.45412	16852.469	3264.461	7027.658
36666.89281	16852.469	3264.461	7027.658
36682.3315	16852.469	3270.480	7027.750
36697.77019	16856.773	3270.480	7028.217
36713.20889	16856.773	3270.480	7029.139
36728.64758	16856.773	3270.480	7029.699
36744.08627	16856.773	3270.480	7029.889
36759.52496	16856.773	3264.461	7031.657
36774.96365	16856.773	3270.480	7032.029
36790.40234	16852.469	3270.480	7033.440
36805.84104	16852.469	3271.402	7034.541
36821.27973	16856.773	3274.698	7035.076
36836.71842	16856.773	3275.406	7036.100
36852.15711	16856.773	3275.406	7036.500
36867.5958	16856.773	3274.698	7037.237
36883.0345	16856.773	3275.406	7038.770
36898.47319	16856.773	3276.572	7040.432
36913.91188	16856.971	3276.425	7040.432
36929.35057	16856.971	3276.572	7041.806
36944.78926	16856.971	3277.582	7042.490
36960.22795	16858.169	3278.178	7042.598
36975.66665	16870.479	3277.582	7042.598
36991.10534	16870.479	3277.582	7043.139
37006.54403	16870.479	3278.178	7043.436
37021.98272	16870.479	3278.178	7044.408
37037.42141	16877.729	3278.178	7045.818
37052.8601	16877.729	3278.669	7046.332
37068.2988	16879.493	3278.178	7047.280
37083.73749	16879.493	3278.178	7047.791
37099.17618	16877.729	3278.178	7049.035
37114.61487	16877.729	3280.287	7049.506
37130.05356	16879.493	3278.669	7051.381
37145.49225	16879.493	3278.669	7052.011
37160.93095	16879.493	3278.669	7051.699
37176.36964	16879.493	3278.669	7052.011
37191.80833	16879.493	3278.669	7052.011
37207.24702	16879.493	3278.669	7052.897
37222.68571	16879.984	3278.669	7055.190
37238.1244	16879.984	3278.669	7055.495
37253.5631	16879.984	3278.669	7056.224
37269.00179	16879.984	3280.684	7057.290
37284.44048	16889.317	3280.424	7057.629
37299.87917	16889.317	3281.086	7059.306
37315.31786	16889.317	3281.644	7060.795
37330.75655	16894.850	3281.086	7062.267
37346.19525	16894.850	3281.086	7062.463
37361.63394	16894.850	3281.086	7064.637
37377.07263	16894.850	3281.644	7064.619
37392.51132	16906.802	3281.086	7064.637
37407.95001	16906.802	3281.644	7065.564
37423.38871	16906.802	3281.644	7065.982
37438.8274	16930.382	3282.154	7066.679
37454.26609	16930.382	3282.154	7067.854
37469.70478	16930.382	3282.154	7069.790
37485.14347	16930.382	3282.570	7070.210
37500.58216	16930.382	3282.646	7070.750
37516.02086	16930.382	3283.825	7073.387
37531.45955	16933.978	3283.825	7074.760
37546.89824	16933.978	3283.825	7074.792
37562.33693	16933.978	3283.825	7075.021
37577.77562	16933.978	3283.825	7075.021
37593.21431	16938.441	3285.052	7076.241
37608.65301	16938.441	3285.682	7077.254
37624.0917	16948.866	3285.052	7077.070
37639.53039	16948.866	3285.682	7078.041
37654.96908	16948.866	3289.618	7078.375
37670.40777	16949.583	3289.618	7079.556
37685.84646	16949.583	3290.040	7081.991
37701.28516	16949.583	3290.040	7082.195
37716.72385	16949.832	3295.470	7085.213
37732.16254	16949.832	3295.470	7085.520
37747.60123	16950.661	3299.025	7086.294
37763.03992	16958.390	3299.091	7089.293
37778.47861	16958.390	3303.063	7089.875
37793.91731	16967.010	3303.063	7090.623
37809.356	16967.010	3304.022	7091.160
37824.79469	16967.010	3304.022	7092.610
37840.23338	16967.010	3304.022	7092.845
37855.67207	16967.010	3305.668	7093.934
37871.11076	16958.390	3305.668	7094.155
37886.54946	16950.661	3309.774	7096.179
37901.98815	16958.390	3309.774	7098.112
37917.42684	16950.661	3310.451	7098.621
37932.86553	16950.661	3311.500	7098.875
37948.30422	16949.832	3311.439	7099.247
37963.74291	16950.661	3311.439	7100.318
37979.18161	16950.661	3311.749	7101.140
37994.6203	16958.390	3311.749	7101.496
38010.05899	16958.390	3311.749	7101.620
38025.49768	16950.661	3311.749	7101.653
38040.93637	16950.661	3311.749	7101.882
38056.37507	16950.661	3312.047	7104.278
38071.81376	16950.661	3312.759	7107.843
38087.25245	16950.661	3312.759	7108.600
38102.69114	16950.661	3313.498	7108.526
38118.12983	16958.390	3313.498	7108.526
38133.56852	16950.661	3313.498	7107.843
38149.00722	16950.661	3313.498	7108.385
38164.44591	16949.832	3315.215	7108.792
38179.8846	16950.661	3315.455	7109.256
38195.32329	16950.661	3315.455	7110.206
38210.76198	16949.832	3315.455	7110.206
38226.20067	16950.661	3315.215	7111.070
38241.63937	16950.661	3315.645	7111.603
38257.07806	16950.661	3317.582	7111.603
38272.51675	16950.661	3315.645	7111.033
38287.95544	16958.390	3315.645	7111.433
38303.39413	16958.390	3317.582	7111.578
38318.83282	16967.010	3320.219	7112.562
38334.27152	16958.390	3322.943	7114.009
38349.71021	16958.390	3322.943	7114.889
38365.1489	16967.010	3323.763	7115.534
38380.58759	16967.010	3327.463	7116.105
38396.02628	16967.010	3328.749	7116.209
38411.46497	16967.726	3329.023	7116.500
38426.90367	16967.726	3329.023	7116.692
38442.34236	16978.739	3328.749	7116.500
38457.78105	16978.739	3328.749	7116.692
38473.21974	16978.739	3328.749	7116.973
38488.65843	16978.739	3328.749	7117.315
38504.09712	16985.348	3329.023	7118.239
38519.53582	16985.348	3329.023	7118.854
38534.97451	16991.299	3329.023	7119.848
38550.4132	16991.299	3330.747	7119.848
38565.85189	16991.373	3332.196	7119.955
38581.29058	16991.299	3332.196	7120.401
38596.72927	16991.373	3335.029	7121.083
38612.16797	16991.373	3335.029	7121.427
38627.60666	16991.373	3335.029	7122.048
38643.04535	16991.299	3335.184	7122.191
38658.48404	16991.373	3335.029	7123.620
38673.92273	16991.373	3336.834	7123.661
38689.36143	16991.373	3337.282	7123.620
38704.80012	16995.097	3336.834	7124.078
38720.23881	16995.097	3338.534	7124.078
38735.6775	16995.097	3341.350	7124.787
38751.11619	17013.358	3344.601	7125.731
38766.55488	17013.358	3347.281	7126.160
38781.99358	17013.358	3348.838	7127.541
38797.43227	17018.226	3350.545	7130.312
38812.87096	17018.226	3351.210	7130.524
38828.30965	17024.500	3354.607	7132.240
38843.74834	17024.500	3354.741	7132.644
38859.18703	17024.500	3354.741	7133.879
38874.62573	17028.748	3357.407	7135.748
38890.06442	17028.748	3357.642	7137.571
38905.50311	17040.320	3357.642	7137.058
38920.9418	17040.320	3357.695	7137.571
38936.38049	17040.320	3358.457	7138.090
38951.81918	17044.217	3358.613	7138.582
38967.25788	17040.320	3359.724	7140.089
38982.69657	17044.217	3359.724	7141.098
38998.13526	17044.217	3364.679	7141.159
39013.57395	17040.320	3366.596	7142.216
39029.01264	17044.217	3365.867	7142.182
39044.45133	17044.217	3365.867	7142.851
39059.89003	17055.251	3368.123	7144.205
39075.32872	17055.251	3368.759	7145.374
39090.76741	17055.486	3368.759	7145.758
39106.2061	17055.486	3371.464	7146.242
39121.64479	17055.486	3371.464	7147.058
39137.08348	17056.214	3371.464	7147.058
39152.52218	17056.214	3372.079	7148.277
39167.96087	17085.129	3373.803	7149.634
39183.39956	17056.214	3375.058	7150.459
39198.83825	17085.129	3375.988	7151.324
39214.27694	17085.129	3377.652	7152.557
39229.71564	17056.214	3383.677	7152.557
39245.15433	17085.129	3377.652	7153.890
39260.59302	17085.129	3377.652	7153.998
39276.03171	17085.129	3387.847	7154.301
39291.4704	17091.855	3391.545	7155.280
39306.90909	17085.129	3391.811	7155.565
39322.34779	17085.129	3391.545	7156.600
39337.78648	17091.855	3391.811	7156.845
39353.22517	17091.855	3391.811	7156.921
39368.66386	17102.822	3392.997	7157.288
39384.10255	17102.822	3395.285	7158.356
39399.54124	17102.822	3396.318	7159.338
39414.97994	17117.402	3396.318	7161.026
39430.41863	17117.402	3396.465	7161.567
39445.85732	17117.402	3399.229	7162.334
39461.29601	17117.402	3398.636	7163.702
39476.7347	17117.402	3400.099	7164.098
39492.17339	17117.402	3402.040	7164.210
39507.61209	17124.632	3402.040	7166.435
39523.05078	17124.632	3402.499	7166.435
39538.48947	17124.632	3404.597	7167.985
39553.92816	17135.592	3404.485	7169.174
39569.36685	17135.592	3405.347	7170.751
39584.80554	17135.592	3406.503	7170.751
39600.24424	17137.463	3406.966	7173.517
39615.68293	17137.463	3407.542	7174.079
39631.12162	17137.463	3406.966	7175.903
39646.56031	17150.876	3408.268	7176.954
39661.999	17150.876	3408.862	7177.250
39677.43769	17174.255	3408.268	7177.372
39692.87639	17174.255	3408.862	7179.411
39708.31508	17174.255	3409.162	7181.447
39723.75377	17179.428	3412.581	7183.823
39739.19246	17174.255	3412.581	7184.902
39754.63115	17179.428	3415.023	7187.201
39770.06984	17179.428	3415.745	7188.150
39785.50854	17181.172	3416.046	7189.855
39800.94723	17179.428	3416.046	7190.092
39816.38592	17174.255	3416.046	7191.314
39831.82461	17179.428	3420.262	7192.923
39847.2633	17179.428	3420.262	7193.069
39862.702	17181.172	3420.537	7194.021
39878.14069	17181.172	3420.537	7195.960
39893.57938	17185.883	3420.262	7195.960
39909.01807	17185.883	3420.553	7198.432
39924.45676	17185.883	3420.537	7199.085
39939.89545	17200.025	3420.553	7200.908
39955.33415	17205.845	3420.553	7200.908
39970.77284	17206.521	3420.537	7203.188
39986.21153	17206.521	3420.537	7204.730
40001.65022	17206.521	3421.685	7206.435
40017.08891	17238.194	3420.692	7206.861
40032.5276	17238.194	3422.036	7208.417
40047.9663	17240.528	3422.625	7211.182
40063.40499	17240.528	3422.625	7211.332
40078.84368	17240.528	3422.625	7212.445
40094.28237	17243.653	3422.625	7213.846
40109.72106	17243.653	3422.799	7213.992
40125.15975	17251.479	3424.668	7214.333
40140.59845	17251.479	3425.278	7215.298
40156.03714	17251.479	3425.683	7216.928
40171.47583	17251.479	3426.059	7220.258
40186.91452	17251.479	3426.330	7221.782
40202.35321	17251.479	3427.024	7223.294
40217.7919	17251.479	3428.420	7223.447
40233.2306	17251.479	3428.420	7223.441
40248.66929	17251.479	3428.420	7224.734
40264.10798	17251.479	3428.420	7226.334
40279.54667	17262.907	3427.024	7227.832
40294.98536	17262.907	3428.420	7229.474
40310.42405	17269.854	3430.152	7231.331
40325.86275	17269.854	3430.777	7231.456
40341.30144	17275.769	3431.620	7231.613
40356.74013	17275.769	3431.978	7232.695
40372.17882	17275.769	3431.978	7231.644
40387.61751	17278.883	3431.877	7232.719
40403.05621	17278.883	3431.978	7235.346
40418.4949	17283.365	3431.978	7236.524
40433.93359	17283.365	3433.353	7237.070
40449.37228	17285.335	3433.353	7237.818
40464.81097	17285.335	3433.353	7239.068
40480.24966	17285.335	3433.353	7239.132
40495.68836	17285.335	3433.353	7239.624
40511.12705	17285.335	3433.353	7241.259
40526.56574	17296.233	3434.143	7243.513
40542.00443	17296.233	3438.330	7245.645
40557.44312	17296.233	3439.381	7245.841
40572.88181	17296.233	3438.330	7245.670
40588.32051	17301.927	3439.381	7245.841
40603.7592	17301.927	3441.689	7246.710
40619.19789	17301.927	3446.755	7247.733
40634.63658	17317.347	3446.755	7250.968
40650.07527	17317.347	3447.396	7252.479
40665.51396	17317.347	3447.396	7255.598
40680.95266	17317.347	3450.436	7257.916
40696.39135	17323.815	3450.436	7259.031
40711.83004	17323.815	3450.436	7259.031
40727.26873	17323.815	3450.436	7258.564
40742.70742	17324.118	3450.436	7260.245
40758.14611	17324.118	3450.436	7262.199
40773.58481	17324.118	3450.618	7263.130
40789.0235	17324.118	3451.689	7265.119
40804.46219	17324.118	3450.944	7266.564
40819.90088	17324.118	3451.689	7267.533
40835.33957	17324.118	3451.887	7267.627
40850.77826	17324.118	3453.704	7268.915
40866.21696	17324.118	3453.704	7267.627
40881.65565	17337.646	3451.887	7268.258
40897.09434	17324.118	3454.326	7269.297
40912.53303	17324.118	3454.326	7271.499
40927.97172	17323.815	3455.095	7271.810
40943.41041	17317.347	3456.459	7273.638
40958.84911	17317.347	3456.459	7274.062
40974.2878	17317.347	3459.501	7274.602
40989.72649	17323.815	3459.501	7276.025
41005.16518	17323.815	3461.602	7277.884
41020.60387	17324.118	3462.382	7280.275
41036.04257	17324.118	3463.424	7280.275
41051.48126	17324.118	3465.660	7281.798
41066.91995	17337.646	3465.660	7281.798
41082.35864	17337.646	3469.938	7282.205
41097.79733	17338.571	3469.938	7283.987
41113.23602	17338.571	3472.895	7285.984
41128.67472	17348.545	3472.895	7286.756
41144.11341	17348.545	3473.329	7288.369
41159.5521	17348.545	3472.895	7289.543
41174.99079	17348.545	3473.543	7290.773
41190.42948	17349.803	3473.543	7290.684
41205.86817	17349.803	3473.543	7293.170
41221.30687	17349.817	3473.804	7293.680
41236.74556	17349.817	3473.804	7295.001
41252.18425	17349.817	3473.804	7295.171
41267.62294	17364.982	3474.233	7297.332
41283.06163	17364.982	3475.649	7297.898
41298.50032	17371.530	3475.649	7298.658
41313.93902	17371.530	3476.124	7298.847
41329.37771	17371.530	3476.124	7299.902
41344.8164	17382.735	3478.715	7299.902
41360.25509	17382.735	3481.804	7302.822
41375.69378	17383.635	3482.416	7303.042
41391.13247	17382.735	3482.732	7303.899
41406.57117	17383.635	3482.416	7304.216
41422.00986	17382.735	3482.732	7306.310
41437.44855	17382.735	3488.403	7308.763
41452.88724	17383.635	3488.403	7309.626
41468.32593	17383.635	3488.403	7310.847
41483.76462	17413.938	3488.403	7311.518
41499.20332	17413.938	3488.644	7311.753
41514.64201	17420.213	3488.403	7311.968
41530.0807	17420.213	3488.644	7312.331
41545.51939	17420.213	3491.676	7312.795
41560.95808	17421.736	3490.835	7313.225
41576.39677	17420.213	3491.676	7315.706
41591.83547	17421.736	3490.835	7316.718
41607.27416	17440.268	3491.777	7317.398
41622.71285	17440.268	3492.561	7317.398
41638.15154	17440.268	3494.111	7317.826
41653.59023	17440.268	3494.155	7318.354
41669.02893	17440.268	3495.860	7320.057
41684.46762	17441.889	3497.226	7321.414
41699.90631	17441.889	3499.693	7322.382
41715.345	17450.438	3501.226	7322.382
41730.78369	17441.889	3501.226	7323.811
41746.22238	17450.438	3499.693	7324.704
41761.66108	17441.889	3501.226	7324.978
41777.09977	17450.438	3501.292	7324.978
41792.53846	17450.438	3501.292	7327.429
41807.97715	17450.438	3504.174	7327.787
41823.41584	17451.139	3509.846	7328.795
41838.85453	17450.438	3512.839	7329.349
41854.29323	17450.438	3512.839	7330.945
41869.73192	17450.438	3512.839	7331.825
41885.17061	17450.438	3512.484	7331.874
41900.6093	17441.889	3513.594	7331.874
41916.04799	17441.889	3513.594	7335.053
41931.48668	17450.438	3513.814	7335.934
41946.92538	17450.438	3515.628	7338.080
41962.36407	17451.139	3513.814	7342.721
41977.80276	17450.438	3513.814	7344.543
41993.24145	17451.139	3513.814	7344.543
42008.68014	17451.139	3513.814	7349.189
42024.11883	17451.139	3515.628	7350.304
42039.55753	17451.139	3515.628	7351.280
42054.99622	17451.139	3515.931	7352.308
42070.43491	17457.405	3521.353	7354.058
42085.8736	17458.966	3523.934	7356.576
42101.31229	17458.966	3526.877	7358.838
42116.75098	17471.251	3523.934	7360.000
42132.18968	17471.251	3526.877	7360.244
42147.62837	17471.251	3526.877	7361.948
42163.06706	17471.251	3526.877	7362.766
42178.50575	17471.251	3523.934	7363.729
42193.94444	17471.251	3526.877	7363.729
42209.38314	17500.316	3523.934	7364.495
42224.82183	17471.251	3523.934	7365.451
42240.26052	17500.316	3526.877	7365.534
42255.69921	17500.316	3526.877	7366.554
42271.1379	17500.428	3526.877	7368.389
42286.57659	17500.428	3528.298	7369.826
42302.01529	17500.428	3528.298	7369.472
42317.45398	17500.428	3529.283	7371.631
42332.89267	17500.428	3529.283	7372.221
42348.33136	17500.428	3528.298	7373.940
42363.77005	17500.428	3529.283	7374.690
42379.20874	17517.789	3529.283	7375.730
42394.64744	17517.789	3530.037	7376.241
42410.08613	17500.428	3531.759	7375.699
42425.52482	17500.428	3531.759	7378.370
42440.96351	17500.428	3535.626	7380.753
42456.4022	17500.428	3538.458	7380.753
42471.84089	17500.428	3539.709	7382.892
42487.27959	17500.428	3541.793	7383.372
42502.71828	17500.428	3541.793	7383.741
42518.15697	17500.428	3545.236	7384.787
42533.59566	17500.428	3545.236	7386.029
42549.03435	17500.428	3547.295	7388.584
42564.47304	17500.428	3547.782	7388.059
42579.91174	17500.428	3547.295	7390.339
42595.35043	17500.428	3554.044	7391.262
42610.78912	17500.428	3554.044	7391.300
42626.22781	17517.789	3550.280	7393.383
42641.6665	17537.304	3550.280	7394.637
42657.10519	17537.304	3554.044	7396.928
42672.54389	17537.734	3554.044	7398.218
42687.98258	17537.734	3558.978	7398.612
42703.42127	17537.734	3561.817	7401.000
42718.85996	17541.411	3560.879	7402.570
42734.29865	17537.734	3561.817	7402.570
42749.73734	17541.411	3560.879	7402.824
42765.17604	17541.411	3560.879	7402.978
42780.61473	17542.915	3560.879	7403.066
42796.05342	17599.402	3565.222	7402.978
42811.49211	17599.402	3565.222	7403.486
42826.9308	17599.402	3565.222	7405.413
42842.3695	17599.402	3569.870	7407.460
42857.80819	17599.402	3569.870	7408.171
42873.24688	17599.402	3570.549	7409.036
42888.68557	17615.735	3570.549	7409.729
42904.12426	17615.735	3571.726	7410.954
42919.56295	17618.991	3571.726	7411.735
42935.00165	17618.991	3572.294	7412.314
42950.44034	17629.621	3571.726	7413.748
42965.87903	17629.621	3572.939	7412.935
42981.31772	17634.078	3573.639	7415.157
42996.75641	17634.078	3573.926	7414.830
43012.1951	17629.621	3573.926	7415.157
43027.6338	17629.621	3573.926	7414.830
43043.07249	17634.078	3574.301	7417.687
43058.51118	17629.621	3574.977	7419.051
43073.94987	17629.621	3575.307	7419.162
43089.38856	17634.078	3575.307	7421.436
43104.82725	17641.193	3575.307	7425.943
43120.26595	17641.193	3577.722	7426.206
43135.70464	17641.193	3577.722	7428.265
43151.14333	17641.193	3577.722	7430.879
43166.58202	17629.621	3575.724	7431.963
43182.02071	17629.621	3575.307	7432.364
43197.4594	17618.991	3575.307	7433.238
43212.8981	17618.991	3577.722	7436.267
43228.33679	17629.621	3582.349	7439.086
43243.77548	17629.621	3588.930	7440.694
43259.21417	17618.991	3589.173	7441.667
43274.65286	17618.991	3594.651	7445.700
43290.09155	17629.621	3592.723	7446.465
43305.53025	17629.621	3596.208	7446.465
43320.96894	17629.621	3597.193	7447.070
43336.40763	17629.621	3601.056	7450.468
43351.84632	17634.078	3598.083	7452.135
43367.28501	17634.078	3598.083	7452.135
43382.72371	17641.193	3597.193	7453.389
43398.1624	17641.193	3597.193	7454.669
43413.60109	17641.270	3597.193	7454.718
43429.03978	17641.270	3601.542	7455.918
43444.47847	17641.270	3602.098	7457.954
43459.91716	17671.644	3602.894	7458.769
43475.35586	17671.644	3604.498	7459.710
43490.79455	17671.644	3604.689	7460.475
43506.23324	17690.651	3604.689	7460.878
43521.67193	17690.651	3604.498	7462.040
43537.11062	17690.651	3604.498	7460.878
43552.54931	17695.927	3603.170	7461.913
43567.98801	17695.927	3604.498	7462.040
43583.4267	17695.927	3604.498	7464.020
43598.86539	17715.295	3604.689	7466.213
43614.30408	17715.295	3606.591	7466.340
43629.74277	17717.091	3604.689	7467.535
43645.18146	17724.227	3606.591	7468.317
43660.62016	17724.227	3606.591	7468.742
43676.05885	17724.731	3606.591	7470.037
43691.49754	17724.731	3615.219	7472.258
43706.93623	17724.731	3615.219	7473.367
43722.37492	17736.841	3618.817	7475.511
43737.81361	17758.373	3618.817	7475.746
43753.25231	17758.373	3622.600	7477.306
43768.691	17774.628	3618.817	7479.411
43784.12969	17774.628	3625.675	7480.150
43799.56838	17785.652	3631.280	7482.174
43815.00707	17785.652	3631.280	7482.289
43830.44576	17802.532	3630.821	7482.704
43845.88446	17802.532	3630.821	7484.166
43861.32315	17802.532	3630.821	7484.503
43876.76184	17810.018	3627.217	7484.933
43892.20053	17810.018	3630.821	7485.713
43907.63922	17813.162	3627.217	7486.672
43923.07791	17813.162	3627.217	7486.672
43938.51661	17814.962	3630.821	7490.662
43953.9553	17813.162	3632.136	7490.807
43969.39399	17814.962	3631.280	7491.242
43984.83268	17813.162	3632.136	7492.798
44000.27137	17813.162	3632.136	7493.050
44015.71007	17813.162	3632.136	7495.562
44031.14876	17814.962	3634.058	7499.099
44046.58745	17814.962	3634.058	7500.886
44062.02614	17839.075	3634.058	7502.819
44077.46483	17839.075	3638.041	7503.264
44092.90352	17862.305	3638.966	7503.948
44108.34222	17862.305	3639.104	7508.600
44123.78091	17872.176	3638.966	7508.600
44139.2196	17872.176	3639.104	7509.805
44154.65829	17862.305	3644.463	7510.142
44170.09698	17872.176	3646.118	7511.778
44185.53567	17883.486	3647.289	7513.959
44200.97437	17883.486	3649.295	7515.928
44216.41306	17912.749	3647.289	7515.928
44231.85175	17912.749	3649.295	7517.021
44247.29044	17912.749	3647.289	7523.020
44262.72913	17883.486	3651.131	7523.690
44278.16782	17883.486	3651.131	7523.690
44293.60652	17912.749	3649.295	7526.887
44309.04521	17912.749	3652.808	7529.069
44324.4839	17912.749	3652.808	7529.441
44339.92259	17883.486	3661.133	7529.109
44355.36128	17912.749	3661.133	7529.650
44370.79997	17872.176	3668.370	7531.618
44386.23867	17883.486	3667.904	7531.618
44401.67736	17883.486	3668.370	7533.151
44417.11605	17912.749	3668.370	7534.091
44432.55474	17912.749	3668.370	7535.675
44447.99343	17883.486	3668.370	7536.917
44463.43212	17912.749	3668.370	7537.221
44478.87082	17912.749	3669.148	7540.291
44494.30951	17931.537	3668.370	7541.021
44509.7482	17931.537	3668.370	7542.207
44525.18689	17934.654	3673.466	7545.169
44540.62558	17934.654	3673.466	7547.845
44556.06428	17934.654	3670.626	7548.163
44571.50297	17934.654	3670.626	7550.373
44586.94166	17936.213	3668.370	7551.305
44602.38035	17936.213	3675.350	7553.451
44617.81904	17946.866	3675.350	7551.947
44633.25773	17936.213	3675.399	7553.641
44648.69643	17936.213	3675.991	7553.656
44664.13512	17936.213	3675.991	7555.799
44679.57381	17946.866	3675.991	7557.359
44695.0125	17946.866	3676.288	7557.663
44710.45119	17946.866	3676.288	7562.161
44725.88988	17960.927	3677.815	7562.366
44741.32858	17972.308	3676.288	7563.719
44756.76727	17972.308	3681.770	7566.531
44772.20596	17990.632	3681.770	7566.310
44787.64465	17990.632	3681.770	7566.745
44803.08334	17990.632	3688.004	7569.635
44818.52203	17993.054	3688.331	7571.987
44833.96073	17993.054	3688.973	7572.450
44849.39942	17993.054	3688.973	7573.737
44864.83811	17993.054	3689.207	7576.569
44880.2768	17993.054	3690.191	7581.927
44895.71549	18003.492	3690.191	7581.927
44911.15418	18003.492	3690.191	7583.039
44926.59288	18003.492	3690.191	7584.006
44942.03157	18021.328	3691.187	7587.361
44957.47026	18021.328	3691.187	7585.837
44972.90895	18030.042	3693.222	7585.837
44988.34764	18030.042	3694.533	7589.798
45003.78633	18039.358	3694.533	7590.450
45019.22503	18039.358	3694.533	7589.972
45034.66372	18039.358	3694.533	7590.038
45050.10241	18059.312	3697.551	7593.018
45065.5411	18039.358	3700.944	7592.588
45080.97979	18059.312	3700.944	7593.678
45096.41848	18059.312	3702.247	7594.893
45111.85718	18080.382	3702.247	7596.987
45127.29587	18059.312	3702.904	7597.317
45142.73456	18080.382	3707.192	7598.923
45158.17325	18080.382	3707.192	7598.956
45173.61194	18109.665	3707.286	7601.309
45189.05064	18109.665	3713.412	7604.046
45204.48933	18120.426	3712.079	7604.475
45219.92802	18120.426	3713.412	7604.488
45235.36671	18121.275	3712.079	7604.475
45250.8054	18121.275	3713.412	7604.475
45266.24409	18122.458	3716.385	7605.786
45281.68279	18122.458	3716.140	7606.347
45297.12148	18122.458	3717.241	7607.168
45312.56017	18122.458	3722.157	7607.377
45327.99886	18133.971	3722.157	7609.626
45343.43755	18133.971	3728.463	7611.581
45358.87624	18145.804	3724.325	7611.581
45374.31494	18145.804	3724.325	7613.315
45389.75363	18155.768	3723.047	7613.543
45405.19232	18155.768	3724.325	7613.717
45420.63101	18155.768	3724.325	7613.717
45436.0697	18158.418	3728.463	7616.572
45451.50839	18158.418	3733.048	7619.552
45466.94709	18175.733	3736.869	7620.645
45482.38578	18175.733	3740.888	7621.261
45497.82447	18176.401	3739.968	7621.866
45513.26316	18176.401	3741.913	7622.323
45528.70185	18188.348	3741.913	7622.358
45544.14054	18188.348	3741.913	7624.072
45559.57924	18176.401	3742.141	7624.615
45575.01793	18188.348	3742.436	7626.121
45590.45662	18188.348	3744.735	7626.121
45605.89531	18188.348	3744.735	7627.936
45621.334	18188.348	3744.735	7630.685
45636.77269	18188.348	3742.436	7630.541
45652.21139	18188.348	3742.436	7632.384
45667.65008	18176.401	3744.735	7631.124
45683.08877	18175.733	3749.153	7634.344
45698.52746	18176.401	3749.241	7635.335
45713.96615	18176.401	3751.979	7638.662
45729.40484	18188.348	3751.979	7639.440
45744.84354	18188.348	3752.284	7640.927
45760.28223	18188.348	3751.979	7645.924
45775.72092	18188.348	3751.979	7646.306
45791.15961	18202.790	3751.979	7647.947
45806.5983	18220.257	3751.979	7649.481
45822.037	18220.257	3753.221	7651.249
45837.47569	18220.257	3753.221	7652.239
45852.91438	18231.981	3755.672	7653.769
45868.35307	18231.981	3755.672	7654.459
45883.79176	18240.033	3757.748	7654.757
45899.23045	18231.981	3757.748	7655.860
45914.66915	18240.033	3760.151	7657.297
45930.10784	18231.981	3760.587	7657.860
45945.54653	18240.033	3760.587	7659.465
45960.98522	18220.257	3762.334	7659.697
45976.42391	18220.257	3764.367	7664.377
45991.8626	18220.257	3764.906	7665.698
46007.3013	18231.981	3764.906	7665.698
46022.73999	18231.981	3764.906	7666.316
46038.17868	18240.033	3764.906	7665.698
46053.61737	18231.981	3766.201	7666.620
46069.05606	18240.033	3767.340	7666.316
46084.49475	18240.033	3767.847	7667.210
46099.93345	18240.909	3767.847	7669.883
46115.37214	18240.909	3767.847	7671.150
46130.81083	18240.909	3772.971	7671.550
46146.24952	18250.003	3767.847	7672.147
46161.68821	18250.003	3774.426	7674.118
46177.1269	18257.782	3776.042	7677.694
46192.5656	18257.782	3776.346	7680.854
46208.00429	18257.782	3776.346	7680.974
46223.44298	18257.782	3778.539	7681.894
46238.88167	18279.023	3776.346	7685.409
46254.32036	18279.023	3778.539	7686.237
46269.75905	18280.182	3778.539	7691.879
46285.19775	18280.182	3778.539	7693.863
