"","prog","source","bre_code","country","yy","mm","dd","bre_site","cluster","notes","X1","Y1","dup","bio1_current","bio7_current","bio12_current","bio15_current","bio1_LIG","bio7_LIG","bio12_LIG","bio15_LIG","bio1_LGM","bio7_LGM","bio12_LGM","bio15_LGM","bio1_MH","bio7_MH","bio12_MH","bio15_MH","bio1_gfdlesm4_370","bio7_gfdlesm4_370","bio12_gfdlesm4_370","bio15_gfdlesm4_370","bio1_gfdlesm4_585","bio7_gfdlesm4_585","bio12_gfdlesm4_585","bio15_gfdlesm4_585","bio1_ukesm1_370","bio7_ukesm1_370","bio12_ukesm1_370","bio15_ukesm1_370","bio1_ukesm1_585","bio7_ukesm1_585","bio12_ukesm1_585","bio15_ukesm1_585"
"0",562,"eBird","C3","China",2018,5,5,1,"e",NA,90.52754,43.83801,5400828,51.801110903422,489.913323720296,111.666666666667,62.8801021575928,42.763671875,629.586588541667,96.3826497395833,63.6598307291667,-7.16666666666667,489.666666666667,80.1666666666667,56,42.8333333333333,547.166666666667,116.833333333333,59.1666666666667,78.5930776596069,401.965001424154,269.134841918945,58.5829823811849,83.0393242835999,398.635571797689,279.594879150391,60.7165921529134,99.2007287343343,399.031016031901,278.905685424805,63.7244084676107,105.974206924438,411.890786488851,276.803975423177,62.0713450113932
"1",563,"eBird","C3","China",2018,5,10,1,"e",NA,90.64566,44.0169,5380111,60.4758334159851,512.17999458313,92.5,63.2745780944824,53.16748046875,642.94287109375,82.0009765625,63.308837890625,3.25,499.75,71,53,53,557,100.25,54.5,90.2589464187622,442.170543670654,193.395156860352,48.3432598114014,99.7545909881592,440.513877868652,198.519561767578,49.6597089767456,111.038451194763,442.540979385376,201.43383026123,53.8465366363525,120,454.50496673584,197.96577835083,51.6415185928345
"2",564,"eBird","C4","China",2021,7,23,1,"e",NA,81.88759,42.99879,5509401,48.1458338101705,456.566664377848,252.833333333333,56.0377833048503,36.4713541666667,605.828450520833,264.47216796875,87.0970052083333,-1.5,448.333333333333,179.333333333333,62.1666666666667,39.6666666666667,484.833333333333,309.833333333333,73.5,54.362788995107,396.598409016927,588.698486328125,66.851998647054,57.9429817199707,389.466807047526,611.320343017578,69.715768178304,71.8631283442179,380.916964213053,620.261901855469,68.4435602823893,75.4830288887024,403.35610071818,635.080261230469,66.2172037760417
"3",745,"eBird","C3","Kazakhstan",2019,5,25,1,"e",NA,79.12685,43.22052,5478255,80.0012493133545,413.919992446899,466,39.7466793060303,47.3134765625,606.108642578125,381.668701171875,59.185546875,16.75,415,317,34,59.5,459,423.75,42.25,75.2734351158142,431.012802124023,410.970962524414,39.998254776001,78.4412145614624,420.036783218384,429.528244018555,44.1425256729126,93.6082053184509,410.294246673584,432.371421813965,37.0151453018188,98.7468862533569,426.204280853271,439.242088317871,37.78005027771
"4",750,"eBird","C4","Kazakhstan",2018,6,8,1,"e",NA,79.19814,43.14532,5488616,52.6893329620361,393.136001586914,583.4,41.1562873840332,24.6625,599.926953125,413.7794921875,62.151953125,-6.4,409,339.4,39.6,36,453.2,465,50.8,46.9368705749512,427.931381225586,500.359497070312,42.2923294067383,50.8291711807251,417.771629333496,522.962164306641,46.5989860534668,65.5234518051147,404.258018493652,525.822924804688,39.3698089599609,71.5329504013062,420,534.385522460938,39.8096603393555
"5",751,"eBird","C2","Kazakhstan",2019,5,20,1,"e",NA,79.11884,43.37207,5462714,100.894334793091,413.975997924805,376.8,37.6824897766113,62.398828125,613.7419921875,347.224609375,57.783203125,31.8,419.8,293,31,74.2,463.8,383.8,35.8,103.384380340576,439.265617370605,360.091094970703,37.8306312561035,106.443494796753,424.85432434082,376.933312988281,42.1491859436035,121.728916168213,419.265617370605,380.336560058594,34.8531433105469,126.835809707642,429.863021850586,386.186297607422,35.8737434387207
"6",775,"eBird","C3","Mongolia",2020,5,25,1,"e",NA,92.01202,47.85916,4903584,9.31500005722046,557.728004455566,105.6,92.2825286865234,4.3609375,755.20703125,84.194140625,120.4759765625,-44.2,567.6,72.6,109,3,612.6,91.2,94.2,66.1312780380249,449.910278320312,115.546194458008,101.337228393555,67.8023452758789,448.89527130127,115.90980682373,101.594218444824,77.0450754165649,461.078369140625,117.368510437012,100.927433776855,82.5435056686401,471.007385253906,116.993276977539,101.846492004395
"7",776,"eBird","C4","Mongolia",2020,6,11,1,"e",NA,92.03243,46.05731,5126324,17.6346664428711,509.07999420166,100,72.2698089599609,20.0078125,723.6435546875,71.122265625,78.0291015625,-30.6,545.4,73.8,76.4,21.4,594.6,82.8,69.2,57.3579368591309,473.398780822754,116.427377319336,60.5589645385742,60.080493927002,474.993301391602,116.571228027344,59.2576507568359,70.3626575469971,480,122.728468322754,62.5337394714355,76.4976625442505,490,120.427418518066,60.2904411315918
"8",777,"eBird","C4","Mongolia",2014,4,27,1,"e",NA,107.19935,43.19582,5484108,68.2510004043579,473.200012207031,101,111.544960021973,38.85703125,626.46796875,192.54921875,118.6267578125,-8.6,497.8,61.8,91.6,41.4,510.2,122.4,112.8,96.3167476654053,480.117088317871,115.857379150391,105.708729553223,96.5203876495361,490.117088317871,107.545915222168,100.867401123047,104.749578475952,500.80477142334,131.851245117187,111.510389709473,109.959638595581,505.644393920898,142.245889282227,117.872229003906
"9",778,"eBird","C4","Mongolia",2014,5,1,1,"e",NA,107.19946,43.04564,5499648,68.0666666030884,470.008010864258,96.6,117.784648132324,39.9326171875,623.7818359375,192.0873046875,118.955078125,-6.8,496,62.8,93.2,42.2,508.4,124.8,113.4,96.2109508514404,485.957450866699,119.657565307617,104.292144775391,97.7960662841797,494.979469299316,110.253964233398,99.0487350463867,103.929292678833,505.963577270508,135.309259033203,110,110,509.474655151367,145.512493896484,116.282409667969
"10",779,"eBird","C4","Mongolia",2016,7,29,1,"e",NA,106.63068,42.71719,5541075,73.4500007629395,486.13599395752,87.8,116.311590576172,50.264453125,623.350390625,180.1701171875,120.1232421875,3.6,497.4,56,96,52.4,510.2,111.4,111,100,495.670486450195,103.358003234863,106.077630615234,101.783824920654,501.659080505371,93.8141586303711,99.0266403198242,110,515.670486450195,117.23899230957,110.915350341797,119.762214660645,518.264259338379,124.979873657227,118
"11",780,"eBird","C4","Mongolia",1999,6,29,1,"e",NA,113.76492,49.29836,4722806,-3.52166657646497,522.000007629395,333.333333333333,124.861090342204,-4.23714192708333,660.8857421875,275.192708333333,113.532552083333,-78.8333333333333,560.833333333333,197.5,106.666666666667,-12.3333333333333,570.833333333333,279.5,116.333333333333,25.1107188065847,524.010944366455,330.003229777018,116.344511667887,26.5189051628113,518.475691477458,337.001825968424,117.173628489176,42.1712585290273,521.504376729329,366.033513387044,112.619340260824,53.4840679168701,519.658533732096,361.315338134766,112.05619430542
"12",781,"eBird","C4","Mongolia",2018,6,21,1,"e",NA,108.64503,45.72304,5168163,13.8374990224838,493.919982910156,144.25,120.457550048828,10.33837890625,657.8330078125,170.48974609375,120.51220703125,-45,504,90,102,8.75,518,164,118.75,56.401424407959,503.398199081421,150.279724121094,107.90668296814,56.9689643383026,509.777336120605,158.038932800293,111.751588821411,60.4045867919922,530.839462280273,176.863651275635,116.904455184937,68.8287031650543,530,179.466026306152,118.243070602417
"13",782,"eBird","C4","Mongolia",2017,5,15,1,"e",NA,101.17033,44.7109,5292304,25.7870835065842,474.849996566772,150.75,111.90824508667,6.28466796875,611.941650390625,185.551513671875,116.099365234375,-38.5,453.5,92.75,108.25,10.5,490,170.5,115,61.1685109138489,449.322929382324,146.352973937988,92.7084045410156,62.9059755802155,455.108442306519,154.321136474609,92.9682350158691,68.8447880744934,458.714056015015,178.683876037598,108.195983886719,74.7036945819855,463.177814483643,181.014427185059,107.257246017456
"14",963,"RU-BIRDS.RU",NA,"Russia",2009,5,23,0,"e",NA,95.05608,50.02405,4634297,-37.6009998321533,601.200004577637,212.8,86.9600997924805,-43.603515625,780.74921875,190.641015625,110.45859375,-103.8,608,194.8,80.6,-50.6,643.4,229,74.2,19.6303386688232,520,293.595953369141,83.3622177124023,20,519.916656494141,293.255352783203,82.8309310913086,36.4225106239319,540,294.369201660156,82.2623977661133,45.5602626800537,549.95832824707,287.303601074219,80.5016250610352
"15",964,"RU-BIRDS.RU",NA,"Russia",2009,6,5,0,"e",NA,94.5234,50.229,4608384,-26.7623333930969,610.800003051758,227,79.0465637207031,-36.3572265625,784.1529296875,203.1796875,101.923046875,-95.6,615,201.8,76.6,-43.2,646.6,247.4,70,26.6747455596924,541.787002563477,268.908978271484,79.3237182617188,28.2322082519531,538.725547790527,270.515008544922,80.754150390625,46.7263174057007,555.862060546875,264.100567626953,76.6259384155273,56.9268379211426,563.116584777832,258.014465332031,75.2289306640625
"16",965,"RU-BIRDS.RU",NA,"Russia",2012,6,7,0,"e",NA,86.62639,50.45167,4582295,5.49666665494442,442.293338775635,405.666666666667,74.8661244710286,0.631184895833333,603.26025390625,328.442545572917,80.8946940104167,-52.3333333333333,456.166666666667,329.5,73.6666666666667,1.83333333333333,487.5,374.833333333333,65.3333333333333,47.7993869781494,400,385.110753377279,61.50235303243,50.8396414915721,394.725163777669,390.727355957031,63.1141446431478,66.8277327219645,424.725163777669,389.144719441732,60.9814961751302,75.4890664418538,436.365000406901,381.423126220703,58.7475566864014
"17",966,"RU-BIRDS.RU",NA,"Russia",2014,5,25,0,"e",NA,86.49571,50.59217,4561571,3.58055611451467,441.340001424154,426,74.9290339152018,-1.13297526041667,599.827962239583,340.704427083333,81.0646158854167,-53.3333333333333,454.666666666667,337.333333333333,74,0.5,484.5,387,66.6666666666667,40.7052409648895,406.906032562256,443.490468343099,65.5072174072266,44.2463739713033,401.221771240234,450.869455973307,67.6074994405111,59.6950276692708,432.908668518066,446.30869547526,64.7369709014893,67.8203654289246,442.203763326009,437.491607666016,62.5532150268555
"18",967,"RU-BIRDS.RU",NA,"Russia",2014,5,25,0,"e",NA,87.81319,50.23918,4608223,-31.4175005753835,486.513328552246,306.5,74.7377891540527,-27.2586263020833,601.810221354167,227.515462239583,89.0740559895833,-79.6666666666667,442.833333333333,235.333333333333,72,-27,480,280.5,65.5,-13.7375328068932,419.344011942546,422.81608581543,72.7842903137207,-10.4134347413977,416.444664001465,426.158727010091,75.6685676574707,4.8077134291331,444.800910949707,426.958847045898,68.9825236002604,13.257026920716,456.063378651937,419.060145060221,67.0677007039388
"19",968,"RU-BIRDS.RU",NA,"Russia",2014,5,27,0,"e",NA,87.98852,50.18742,4613407,-29.16100025177,519.440010070801,259.8,81.6230667114258,-18.866796875,609.8296875,190.1111328125,95.4984375,-71.2,449.4,203.6,74.4,-19,487,241.4,67.8,-1.28800849430263,417.877410888672,328.508581542969,79.2871429443359,5.89894634485245,414.264404296875,330.853259277344,82.2164901733398,17.8711197376251,440.843193054199,333.247668457031,76.1149597167969,27.2431201934814,450.889930725098,327.827630615234,74.7477966308594
"20",969,"RU-BIRDS.RU",NA,"Russia",2014,5,25,0,"e",NA,87.95868,50.21386,4608227,-26.8791667620341,522.820002237956,267.166666666667,80.1070124308268,-18.2467447916667,610.030110677083,195.490234375,94.5771484375,-70.5,449.666666666667,208.333333333333,74.3333333333333,-18.3333333333333,487.5,247.5,67.8333333333333,-0.189191183696191,420.385621388753,349.086608886719,77.7871068318685,6.46161881585916,417.237148284912,351.706288655599,80.6803220113118,17.9485495885213,443.955160776774,353.834879557292,74.492135365804,27.3557539780935,454.756266276042,348.004994710286,72.9572601318359
"21",970,"RU-BIRDS.RU",NA,"Russia",2014,5,25,0,"e",NA,87.26671,50.36011,4592670,-22.9106667041779,404.815994262695,409.6,69.9224273681641,-25.279296875,596.6068359375,319.1111328125,79.09609375,-77,441.8,314,70.6,-23.2,478.2,367.2,63.2,3.82126080989838,407.76944732666,573.340747070313,60.1100166320801,6.72178024053574,400,579.453112792969,61.9602523803711,22.3906553983688,430.354286193848,581.264636230469,57.8888824462891,31.3885717391968,440.354286193848,571.203063964844,55.7501159667969
"22",971,"RU-BIRDS.RU",NA,"Russia",2014,5,27,0,"e",NA,87.86121,50.2419,4608224,-29.0622226397196,499.553330739339,298.5,76.100959777832,-24.65771484375,604.163736979167,218.826497395833,90.44091796875,-77,444.833333333333,227.666666666667,72.5,-24.3333333333333,482.166666666667,272.166666666667,66.1666666666667,-10.0517221912742,420.61487197876,414.168233235677,74.0230026245117,-6.57180462032557,418.028163909912,417.424270629883,76.9329388936361,7.97620306412379,446.365979512533,418.501556396484,70.3268686930339,16.5040875971317,457.363141377767,410.964213053385,68.4774958292643
"23",972,"RU-BIRDS.RU",NA,"Russia",2014,5,29,0,"e",NA,87.96811,50.25334,4603047,-31.9283330440521,507.780005137126,287,76.2633590698242,-28.1448567708333,604.290201822917,205.468912760417,92.58544921875,-79.6666666666667,444.166666666667,213.333333333333,73.8333333333333,-27.8333333333333,482,258,67.1666666666667,-14.2021684100231,424.828567504883,456.377019246419,77.4012883504232,-9.68681457142035,420,459.92583211263,80.2019805908203,4.55140374600887,447.97129313151,462.632603963216,74.1533978780111,13.4025134642919,458.431250254313,455.376866658529,72.5650100708008
"24",974,"RU-BIRDS.RU",NA,"Russia",2015,5,24,0,"e",NA,50.01101,51.41974,4457096,61.426944732666,465.473327636719,370.833333333333,23.9633630116781,39.9772135416667,611.925944010417,342.59912109375,47.2548828125,-47.6666666666667,613.333333333333,257.833333333333,26,44.3333333333333,505.166666666667,375.333333333333,24.1666666666667,90,410,370.091354370117,24.9823780059814,100,400,368.708867390951,20.462574005127,110,400,367.017562866211,15.8790809313456,120,410,378.709920247396,19.7994025548299
"25",975,"RU-BIRDS.RU",NA,"Kazakhstan",2016,5,28,0,"e",NA,78.32403,45.02404,5255495,83.2366676330566,449.92000579834,352.4,30.7223526000977,53.968359375,678.8095703125,341.04453125,35.2474609375,23.6,463,273.8,29.4,68,490.4,367.4,29.4,106.852161407471,433.761817932129,444.428784179688,27.8660907745361,108.230304718018,425.920562744141,451.765869140625,27.343083190918,126.329635620117,410.329559326172,491.178112792969,28.9904296875,128.51989364624,421.176307678223,489.782702636719,26
"26",976,"RU-BIRDS.RU",NA,"Kazakhstan",2016,6,24,0,"e",NA,82.23622,45.96466,5136449,73.4850001335144,512.01332728068,217.333333333333,38.009890238444,46.5948893229167,698.292805989583,239.946940104167,37.5042317708333,7.5,500,196.333333333333,27,54.1666666666667,533.833333333333,263.333333333333,25,111.169033050537,400,201.924458821615,25.8303972880046,116.328121821086,390.423946380615,203.945434570312,24.2559769948324,121.474939982096,408.050161997477,213.300186157227,23.3391278584798,127.930744489034,416.319675445557,212.843722025553,20.114652633667
"27",977,"RU-BIRDS.RU",NA,"Russia",2019,6,17,0,"e",NA,61.04557,53.87706,4151741,26.5650003296988,451.965713500977,384.428571428571,49.7839284624372,10.0924944196429,604.2607421875,351.357979910714,76.9783761160714,-64.2857142857143,583.571428571429,249,38.4285714285714,12,504.428571428571,399.714285714286,52,70,420,419.050515311105,40.052419934954,70,420,401.823582240513,37.5238156999861,80,420,444.155648367746,46.1753071376256,99.4646794455392,420,448.564596993583,44.0596607753209
"28",979,"RU-BIRDS.RU",NA,"Kazakhstan",2021,5,29,0,"e",NA,70.86833,51.02155,4509396,26.2783326421465,487.42856161935,282.571428571429,37.1365759713309,7.21554129464286,669.215122767857,240.697963169643,57.9380580357143,-49.8571428571429,563.142857142857,179.714285714286,37.1428571428571,10.2857142857143,531.857142857143,293,39.2857142857143,60,449.713919503348,367.999219621931,38.6551878792899,70,420,370.857722691127,34.8704714093889,80,428.647777012416,373.278324672154,31.687803540911,96.5841211591448,436.029472351074,376.575866699219,33.1136905125209
"29",980,"RU-BIRDS.RU",NA,"Russia",2021,6,11,0,"e",NA,105.71766,50.60364,4562033,-6.65833282470703,550.056015014648,370.6,101.60352935791,-3.5451171875,670.6330078125,363.928515625,93.76796875,-71,546.8,285.4,84.6,-9.8,555,404.8,92.6,29.7894616127014,535.634353637695,341.400366210937,101.424398803711,36.4533462524414,528.276145935059,357.435284423828,103.561907958984,50.8474092483521,549.700149536133,354.398034667969,97.8833862304687,65.5757274627686,548.276145935059,356.396838378906,98.470442199707
"30",1629,"genetics",NA,"Kazakhstan",1993,NA,NA,1,"e",NA,47.339118,47.979422,4886972,90.1093330383301,425.503997802734,250,17.2423274993896,78.1833984375,584.0533203125,207.5259765625,53.016015625,-1,685,213.2,43.4,81.2,458.6,237,16.8,120,408.435409545898,257.404913330078,19.0495506286621,130,410,252.843453979492,17,140,395.211799621582,274.844683837891,17,150,400,271.96552734375,14.5705455780029
"31",1634,"genetics",NA,"Mongolia",2019,NA,NA,1,"e","Khoyor Delger (B. Daavasuren)",110.618,48.423,4831510,-15.7186667919159,517.608009338379,319.4,117.436708068848,-24.631640625,665.801953125,325.888671875,114.5533203125,-88.6,532.6,245.4,109.6,-29.8,548.6,358.4,114.4,22.954044342041,548.291984558105,329.793518066406,108.27440032959,20.7279505729675,546.218528747559,347.260308837891,110.641744995117,39.6670594215393,539.271507263184,365.981127929687,108.128204345703,50.0687389373779,540.486373901367,369.632025146484,107.80121307373
"32",1640,"genetics",NA,"Mongolia",2019,NA,NA,1,"e","coordinates from original message by B. Nyambayar",107.315278,42.860556,5525551,73.8741672039032,491.109981536865,96,116.051773071289,48.3916015625,626.008544921875,186.050048828125,121.552490234375,1.25,501,61.75,90.5,50.25,512,122.25,114.25,100,496.779270172119,112.890901565552,104.964828491211,100,500,102.979837417603,98,110,518.561058044434,126.821516036987,110.502952575684,120,520,136.087242126465,116.663831710815
"33",1659,"genetics",NA,"Russia",2019,NA,NA,1,"e",NA,94.58332,50.47495,4577305,-25.355832974116,609.559987386068,247.666666666667,79.56494140625,-37.2501627604167,782.346028645833,225.100423177083,96.6402994791667,-97.5,613.833333333333,225.5,74.6666666666667,-44.6666666666667,643.333333333333,275,68.1666666666667,39.4266792138418,498.410663604736,311.218541463216,72.0361048380534,39.8834709326426,496.08154296875,314.014358520508,73.3366940816243,59.378936290741,515.219332377116,305.099716186523,67.7880719502767,69.60342725118,520.849742889404,298.269236246745,66.2892710367839
"34",1678,"GBIF",NA,NA,2018,5,24,0,"e",NA,117.587,47.6459,4930098,5.36645792424679,548.970003128052,239.75,114.790413856506,1.8372802734375,671.02783203125,270.543090820312,116.480102539062,-76,596,177.625,107.375,-8.125,597.625,257.375,112.875,50,544.177632331848,231.587621688843,105.032760620117,50,539.913249015808,239.481967926025,112.590000152588,60,549.913249015808,276.672519683838,116.07609462738,70,532.357473373413,279.699726104736,118.110166549683
"35",1679,"GBIF",NA,NA,2013,5,16,0,"e",NA,108.706,45.5655,5188884,17.7786667346954,492.800003051758,133.4,124.531535339355,12.7494140625,657.2287109375,169.614453125,118.594140625,-42.2,505.4,86.2,95.4,11,519,156.6,117,60,500.49178314209,165.904391479492,106.173828125,60,509.979675292969,173.812338256836,110.057705688477,62.0808267593384,530,194.226943969727,114.949769592285,70.0401048660278,528.033660888672,198.609515380859,117.215922546387
"36",1681,"GBIF",NA,NA,2017,5,29,0,"e",NA,107.104,43.0218,5504826,67.3106670379639,469.960006713867,96.8,117.691474914551,39.5255859375,623.3875,193.1677734375,118.1083984375,-7.4,496,62.8,93.2,41.8,507.6,125,112.8,93.3190689086914,482.169326782227,119.259127807617,104.867245483398,95.244197845459,490.455444335938,109.551528930664,99.3419921875,101.137266159058,501.966079711914,134.850698852539,109.984231567383,109.409660339355,505.614250183105,144.872485351562,116.453176879883
"37",1682,"GBIF",NA,NA,2014,6,24,0,"e",NA,104.771,43.3773,5458150,53.6733325322469,488.053340911865,110.833333333333,98.5581525166829,39.1466471354167,635.884440104167,184.823893229167,111.695475260417,-6.83333333333333,498.333333333333,62,82,43,522.5,116.333333333333,105.333333333333,90,470.495058695475,107.782262166341,97.1141891479492,90,479.389998118083,100.769082387288,89.8496424357096,100,471.500542958577,124.960294087728,98.4802385965983,109.568516413371,479.605045318604,130.476609547933,102.87487411499
"38",1684,"GBIF",NA,NA,2006,6,15,0,"e",NA,104.125,43.7544,5411515,46.8599998950958,489.000005722046,121.25,98.8573379516602,31.906494140625,642.869384765625,188.8095703125,109.184814453125,-13,493.75,72,76,36,523.25,133.5,99.75,80,455.277347564697,158.39111328125,93.6727161407471,80.0618577003479,459.698905944824,152.124549865723,86.744478225708,94.3120551109314,454.857425689697,186.582939147949,97.3965244293213,99.9397802352905,460.193758010864,190.86795425415,100.151947021484
"39",1691,"GBIF",NA,NA,2012,6,2,0,"e",NA,104.076,43.4887,5447773,9.83000010251999,446.65599822998,166.6,105.431562805176,-8.8982421875,606.7681640625,254.27734375,109.4025390625,-53.8,461.8,107.4,88.2,-4.6,490.2,201.2,106.8,23.9530253410339,438.155876159668,217.434140014648,98.3418167114258,25.7069129943848,440,207.00087890625,91.5714157104492,38.9806008338928,430.597724914551,256.854241943359,101.037161254883,43.3038058280945,440,264.029525756836,104.721794128418
"40",1702,"GBIF",NA,NA,2010,6,1,0,"e",NA,104.048,43.5196,5442593,15.4963334798813,450.592002868652,159.8,105.692515563965,-3.7634765625,610.9666015625,245.6017578125,109.1833984375,-48.2,465.2,102.8,89.8,0.8,494,191.8,106.2,30.6439385414124,437.776321411133,211.350506591797,98.0751754760742,32.4480686187744,440.02449798584,201.462506103516,91.2544387817383,46.0169463157654,431.448295593262,249.906210327148,100.906367492676,50.0941696166992,440,256.585000610352,104.501287841797
"41",1703,"GBIF",NA,NA,2006,6,14,0,"e",NA,102.248,43.7779,5411469,53.0726661682129,521.167991638184,106,100.451358032227,36.0677734375,634.81015625,153.2232421875,110.3982421875,-8.6,479.8,61.8,83,40.4,517.8,113.4,105.4,83.9306907653809,478.251197814941,102.108473205566,85.7544342041016,86.7896366119385,481.848785400391,102.911198425293,83.4329528808594,97.6761016845703,473.970199584961,124.365922546387,97.2805419921875,103.620273590088,478.66527557373,124.919931030273,96.3445678710937
"42",1710,"GBIF",NA,NA,2015,5,31,0,"e",NA,101.525,43.6648,5426992,42.7408333619436,474.853331247966,108,116.194070180257,22.6228841145833,621.906901041667,160.96142578125,115.236165364583,-22.3333333333333,461.666666666667,68,101.333333333333,26.8333333333333,501.166666666667,126.5,117.666666666667,65.9460242589315,488.611456553141,103.793436686198,90.7486673990885,68.7176211675008,490,105.316580454508,89.153694152832,81.910986105601,480,128.603315989176,105.910996754964,88.1589198112488,482.309290568034,127.548891703288,102.859662373861
"43",1712,"GBIF",NA,NA,2001,5,31,0,"e",NA,95.25,50.25,4608402,-36.5345829725266,611.25,212.75,92.4421157836914,-45.3203125,780.6484375,201.91064453125,108.162109375,-106,608,208,81.75,-52.75,643.5,244.5,73.25,23.4341239929199,485.399532318115,372.751304626465,82.3821544647217,25.8836597204208,480.870599746704,374.166244506836,82.383358001709,43.0936336517334,509.927530288696,374.463233947754,79.4346904754639,54.1213130950928,516.821098327637,363.382873535156,77.2767925262451
"44",1717,"GBIF",NA,NA,2014,6,22,0,"e",NA,94.851283,50.562509,4566952,-30.6340003013611,590.47200012207,252,81.2207534790039,-43.6986328125,777.6806640625,242.0857421875,96.394921875,-104.4,609,241.2,75.4,-51.4,639.8,289.4,69.2,30.0837960243225,460.987838745117,487.781854248047,77.8156341552734,33.1442656517029,457.579231262207,491.115142822266,78.8583938598633,49.6520118713379,480.368713378906,480.916485595703,73.798095703125,60.3241519927979,486.690971374512,469.229235839844,72.0023391723633
"45",1719,"GBIF",NA,NA,2003,6,6,0,"e",NA,94.75,50.25,4608390,-30.3837502002716,610.669984817505,233.75,83.6298198699951,-42.05078125,780.5009765625,212.82568359375,101.215576171875,-102,609.25,213.25,78.75,-49.75,642,258,70.75,25.1792985200882,523.849487304688,306.687782287598,81.990442276001,27.9021483659744,519.699897766113,308.075370788574,83.2654209136963,44.3861842155457,541.143169403076,301.954093933105,79.057638168335,55.2431190013885,546.677055358887,294.31086730957,77.3060131072998
"46",1721,"GBIF",NA,NA,2003,6,6,0,"e",NA,94.75,50.75,4546230,-63.6374992132187,501.349992752075,394.25,73.8926048278809,-80.598876953125,742.564331054688,365.13134765625,87.2574462890625,-141.75,576.375,335.75,74.25,-88.875,604.625,413.375,68.5,-24.1125995665789,430.684466362,849.357772827148,75.466160774231,-21.5933179110289,429.343852996826,855.536140441895,76.2603311538696,-5.50037484616041,450.319895744324,837.703521728516,71.8205642700195,5.01239259727299,455.180311203003,820.603088378906,70.0572662353516
"47",1723,"GBIF",NA,NA,2003,6,18,0,"e",NA,94.75,51.25,4484070,-20.129791945219,570.999999046326,276,80.33567237854,-32.73046875,771.552124023438,299.198120117188,82.972900390625,-94.125,611.625,284.375,69.25,-41,635.5,362.125,64.125,26.3750782608986,507.004699707031,410.159496307373,67.4879007339478,29.0893536806107,505.538311004639,412.758243560791,68.0042285919189,43.0851763486862,539.715847969055,409.495338439941,64.8333749771118,54.7383332252502,544.863982200623,403.120964050293,63.5529112815857
"48",1727,"GBIF",NA,NA,2014,6,25,0,"e",NA,94.735349,50.25524,4603209,-28.9844445387522,612.559986114502,231,82.937816619873,-40.3889973958333,781.67236328125,209.745279947917,101.486653645833,-100.333333333333,610.5,209.833333333333,78.3333333333333,-47.8333333333333,643.333333333333,255.166666666667,70.8333333333333,26.7861990133921,526.045010884603,292.848917643229,81.7650477091471,28.6548062165578,522.210788726807,294.210530598958,83.0127080281575,46.2574561436971,543.345508575439,288.189875284831,78.7745196024577,56.8287460009257,549.272816975911,280.910237630208,77.0973968505859
"49",1730,"GBIF",NA,NA,2014,6,25,0,"e",NA,94.67542,50.22595,4608388,-26.8176665306091,617.015991210938,222.8,81.5867492675781,-36.4791015625,784.5123046875,199.434375,102.197265625,-96.4,614,200.2,77.8,-43.4,646.4,244.2,70.6,29.3887486457825,535.771942138672,260.118740844727,80.5924880981445,30.8106980323792,533.087730407715,261.293353271484,81.7281005859375,48.9420194625854,552.774696350098,256.032803344727,77.9733520507812,59.3211727142334,558.204795837402,249.744088745117,76.3836410522461
"50",1732,"GBIF",NA,NA,2014,6,23,0,"e",NA,94.515778,50.4379,4582484,-25.4446668624878,611.160003662109,246.6,79.2791458129883,-37.0947265625,782.8494140625,223.7548828125,96.5513671875,-97,614.2,223.2,74,-44.6,643.6,273.4,68.2,38.3858523368835,507.294639587402,294.398675537109,70.9454666137695,39.2401251792908,504.604293823242,297.080944824219,72.3134811401367,58.4355907440186,522.898162841797,288.553875732422,66.7045455932617,68.7409229278564,529.574035644531,282.137445068359,65.3262496948242
"51",1733,"GBIF",NA,NA,2014,6,23,0,"e",NA,94.454067,50.283706,4603202,-33.4069450696309,592.346668243408,256,79.218879699707,-46.6966145833333,775.57861328125,232.254069010417,97.4052734375,-106.833333333333,605.666666666667,229,75.5,-54.8333333333333,636.5,279.5,70,18.0915953715642,525.194886525472,339.428080240885,77.7604637145996,20.7807014385859,522.716077168783,341.958841959635,79.2910499572754,38.1202479203542,541.275018056234,332.698613484701,74.4693298339844,48.9608454704285,546.453774770101,325.234583536784,73.2155990600586
"52",1735,"GBIF",NA,NA,2003,6,8,0,"e",NA,94.25,52.25,4359738,-44.7185409069061,491.660003662109,533.875,63.5186152458191,-54.44775390625,724.577758789062,614.413452148438,60.3304443359375,-118.125,574.375,534,56.375,-61.25,591.25,688.125,53.5,-0.0434910506010056,435.582432746887,836.453102111816,62.0457367897034,2.40385091863573,439.03712272644,838.918670654297,61.4897050857544,20.500857681036,469.75248336792,831.50806427002,54.2112708091736,30.8624231815338,478.129787445068,819.753692626953,52.6452302932739
"53",1737,"GBIF",NA,NA,2014,6,30,0,"e",NA,93.910887,50.71723,4546209,-27.3803329467773,597.023994445801,287.2,74.7694610595703,-39.04609375,775.243359375,267.822265625,86.284765625,-98.4,611.4,255,66.8,-47.4,637.6,323.8,65,29.0674040317535,502.34065246582,335.049047851562,67.0448059082031,31.3316252231598,497.620765686035,337.786859130859,67.6425033569336,48.8283410072327,516.130798339844,326.536437988281,62.4566200256348,59.5416345596313,517.704116821289,320.827557373047,61.4675704956055
"54",1738,"GBIF",NA,NA,2001,5,24,0,"e",NA,93.75,52.25,4359726,-40.5216667056084,515.345001220703,594.5,58.0928030014038,-45.313720703125,724.760864257812,658.357788085938,55.334228515625,-109.375,575.875,576.75,51.25,-51.75,589.625,733.875,49.5,4.07353081012843,461.810774803162,735.479949951172,55.23291015625,6.50272026658058,463.922762870789,740.120765686035,54.11669921875,25.8363689482212,499.09161567688,721.896774291992,46.6578936576843,36.3313290476799,504.553956985474,712.591728210449,45.0907387733459
"55",1749,"GBIF",NA,NA,2001,6,7,0,"e",NA,93.25,50.75,4546194,-34.38874989748,603.049993515015,309.5,73.9406957626343,-46.0926513671875,766.390991210938,280.11865234375,83.67431640625,-102.125,601.125,248.5,66.25,-53.25,629.25,334.5,65,23.7147372215986,471.30307674408,386.67106628418,75.5385713577271,27.7647021412849,467.031536102295,388.897415161133,76.1057014465332,43.6339244246483,482.430949211121,372.663265228271,70.258768081665,55.2930182218552,482.430949211121,365.411804199219,69.5164813995361
"56",1752,"GBIF",NA,NA,2010,5,30,0,"e",NA,92.8036,51.5313,4447763,-19.1813892126083,610.460001627604,353,74.1344261169434,-15.42041015625,756.548665364583,314.23486328125,70.7771809895833,-71.5,601.833333333333,283.5,55.5,-21.1666666666667,623,388.166666666667,57.3333333333333,59.3236645062765,452.602513631185,357.560348510742,78.4497337341309,59.7241751352946,450,360.018122355143,78.4056879679362,79.1499384244283,480,351.908279418945,74.3946278889974,89.2940425872803,480,347.614446004232,74.132573445638
"57",1753,"GBIF",NA,NA,2017,6,28,0,"e",NA,92.751686,51.525875,4447762,-20.1361111799876,611.106669108073,358.333333333333,74.4568951924642,-17.5865885416667,754.66357421875,317.59375,70.890625,-73.6666666666667,601,286,55.6666666666667,-23.3333333333333,621.5,392.5,57.8333333333333,55.7402936617533,450.612188975016,363.853459676107,78.4805081685384,56.68505748113,448.679485321045,366.289260864258,78.3858121236165,74.9465918540955,478.672981262207,357.824335734049,74.4381764729818,85.7402944564819,477.937107086182,353.480784098307,74.0449727376302
"58",1756,"GBIF",NA,NA,2014,5,31,0,"e",NA,90.571679,53.778455,4167989,6.7186114192009,480.986671447754,451.5,65.9875335693359,1.66764322916667,658.193684895833,292.153157552083,73.56103515625,-63.1666666666667,537.166666666667,280.333333333333,62.8333333333333,-2.83333333333333,532.333333333333,402.833333333333,59,49.6363027890523,416.713002522786,373.485824584961,96.0271937052409,50,418.596560160319,376.37619527181,94.6956405639648,64.5074144999186,464.470024108887,331.426747639974,84.0876731872559,74.4495884577433,472.201118469238,334.352864583333,83.7668228149414
"59",1757,"GBIF",NA,NA,2014,5,30,0,"e",NA,90.445263,53.796362,4162806,3.17500038693349,465.539989471436,497.5,61.5640589396159,-5.4677734375,652.938151041667,317.746256510417,70.728515625,-70,532,299.5,61.6666666666667,-9.83333333333333,527.333333333333,428.5,57.6666666666667,39.1921126842499,405.788148244222,435.14914449056,93.5995699564616,42.462956905365,405.721104939779,438.840362548828,92.2473271687825,55.5184165636698,454.642213185628,386.873229980469,80.9738273620605,65.4847804705302,464.493554433187,390.517206827799,80.5018666585286
"60",1760,"GBIF",NA,NA,2016,6,29,0,"e",NA,88.4205,50.0732,4628958,-43.0902783075968,516.693331400553,192.166666666667,87.2125752766927,-32.7229817708333,605.497721354167,135.191731770833,106.121419270833,-83.6666666666667,442.166666666667,145.166666666667,77.8333333333333,-32.6666666666667,481.333333333333,176.333333333333,71.3333333333333,-14.261650343736,430.007082621257,248.197580973307,90.0554644266764,-11.5560629467169,424.456704457601,248.917104085286,92.4356282552083,3.17160611351331,451.230576833089,256.041618347168,88.969357808431,9.51002418994904,459.037799835205,254.485349019368,88.9044977823893
"61",1761,"GBIF",NA,NA,2015,6,19,0,"e",NA,88.3521,47.3634,4965656,48.8988884290059,534.306666056315,156.166666666667,34.9886430104574,35.3317057291667,680.39306640625,133.605305989583,45.3859049479167,-15.8333333333333,516.166666666667,136,38.3333333333333,35.6666666666667,562.5,164.666666666667,23.5,80,493.872521718343,252.19704691569,30.2943242390951,80.4512659708659,490.168940226237,253.96124013265,32.4129320780436,90,509.489192962646,261.204612731934,28.6190687815348,98.630805015564,510.168940226237,254.300384521484,26.4228264490763
"62",1762,"GBIF",NA,NA,2018,6,25,0,"e",NA,88.242,47.6191,4934573,45.8196659088135,523.951995849609,164.8,35.974919128418,34.7451171875,675.3529296875,139.09609375,45.372265625,-17,510.2,144.2,37.6,34.8,556.8,172,23.2,79.082350730896,473.579376220703,309.024493408203,30,80,469.085472106934,310.268585205078,32,88.2630786895752,488.012046813965,321.682940673828,29.2994926452637,90.3699245452881,490.95866394043,312.198425292969,26.7664539337158
"63",1763,"GBIF",NA,NA,2018,6,25,0,"e",NA,88.1674,47.4121,4960472,52.3216664791107,531.919994354248,155,35.4733476638794,38.139404296875,677.7314453125,133.628662109375,44.427978515625,-12.5,513.75,133.5,36,38.5,559.75,164.25,23.5,80,495.262641906738,239.740230560303,31.3458404541016,88.2469320297241,490.072755813599,241.295909881592,33.3989810943604,90,509.816074371338,249.213489532471,29.9072046279907,100,511.284475326538,242.075073242188,27.7338824272156
"64",1764,"GBIF",NA,NA,2015,6,20,0,"e",NA,88.1667,47.639,4929392,46.7419441541036,520.673332214355,168,35.1200110117594,34.2228190104167,673.280436197917,142.020345052083,44.6435546875,-17.1666666666667,508.333333333333,145.833333333333,35.8333333333333,34.1666666666667,554.166666666667,175.5,23.8333333333333,78.7708735466003,470.533358256022,312.967514038086,30.0007813771566,80,466.716435750326,314.209884643555,32,87.5673246383667,486.083927154541,326.271245320638,29.4683183034261,90.4790910085042,489.027080535889,316.307332356771,26.898224512736
"65",1765,"GBIF",NA,NA,2014,5,20,0,"e",NA,88.0229,47.6429,4929388,47.6529998779297,518.815994262695,171.4,34.9303817749023,35.3037109375,670.500390625,141.8171875,45.1830078125,-15.8,505.4,143.2,35.4,35.8,551.6,174,23.8,80,468.311462402344,293.628100585937,30.9115707397461,81.0283451080322,461.820877075195,294.878515625,32.5349899291992,89.7273426055908,484.504867553711,307.243432617188,29.9998050689697,95.8408432006836,488.492683410645,297.202777099609,27.1939918518066
"66",1776,"GBIF",NA,NA,2016,6,28,0,"e",NA,87.9345,50.2209,4608226,-27.1447229385376,524.626668294271,266.5,80.9212188720703,-17.2819010416667,610.244954427083,197.543619791667,94.2693684895833,-69.6666666666667,449.833333333333,210.333333333333,74.1666666666667,-17.5,487.833333333333,249.5,67.8333333333333,0.948059999694427,418.850021362305,331.474049886068,77.4834620157878,7.93522576491038,415.727195739746,333.964640299479,80.3943430582682,18.9134655396144,442.931722005208,335.793619791667,74.1039835611979,28.5923759142558,453.761475880941,330.101109822591,72.5443267822266
"67",1777,"GBIF",NA,NA,2018,6,7,0,"e",NA,87.9167,50.1845,4613406,-30.4572224617004,517.399991353353,265.5,81.4404258728027,-18.333984375,608.75,198.122395833333,94.0164388020833,-71.1666666666667,448.5,211.166666666667,74.1666666666667,-18.6666666666667,486.5,248.666666666667,67.3333333333333,-0.265732094024618,413.615665435791,301.953282674154,77.9306335449219,5.18599207202594,409.956652323405,304.096079508464,80.8703702290853,18.8222630818685,438.575604756673,305.838150024414,74.5374514261882,28.2156034310659,447.975673675537,300.437774658203,73.0804201761882
"68",1784,"GBIF",NA,NA,2019,6,21,0,"e",NA,87.8144,47.3709,4965643,58.5899996757507,511.38666788737,149.333333333333,35.3997859954834,44.4637044270833,673.209798177083,121.335774739583,53.9095052083333,-5.66666666666667,509.5,117.333333333333,40.6666666666667,44.8333333333333,555.5,152.166666666667,28,90,499.788525899251,150.352780659993,35.0184733072917,90,496.293900807699,151.719965616862,36.7898921966553,100,517.979539235433,157.52229309082,33.9575398763021,106.913674672445,519.975477854411,152.33238474528,31.9599142074585
"69",1789,"GBIF",NA,NA,2018,5,15,0,"e",NA,87.6688,43.621,5431840,63.0924987792969,461.059999465942,211.25,48.0827388763428,52.0234375,620.074951171875,192.935302734375,58.9228515625,4.25,475,148.25,38.5,52,518,225,48,82.4599075317383,411.143941879272,298.65389251709,45.3360815048218,89.6510219573975,410,305.926498413086,46.9540643692017,95.5820941925049,420.690670013428,306.686889648438,47.0690679550171,100,440,312.547218322754,48.8064393997192
"70",1793,"GBIF",NA,NA,2017,6,6,0,"e",NA,87.6542,43.61,5431839,62.8209991455078,461.319999694824,212,48.0979278564453,52.1013671875,619.676953125,192.7384765625,58.86015625,4.4,474.6,148.4,38.6,52,517.4,225,48.2,82.0573959350586,411.620346069336,299.178198242187,45.6131523132324,89.2876281738281,410,306.535083007812,47.2536331176758,95.0188522338867,421.179077148438,307.219122314453,47.3940979003906,99.9424495697021,440,313.146368408203,49.1246200561523
"71",1794,"GBIF",NA,NA,2018,6,7,0,"e",NA,87.5853,50.3103,4597858,-27.0355556408564,437.253335316976,351.833333333333,73.2441190083822,-26.666015625,599.562337239583,270.375162760417,83.5499674479167,-79.3333333333333,442.333333333333,271.333333333333,71.1666666666667,-26.1666666666667,479.166666666667,320.833333333333,64.5,-7.21841925134261,408.504797617594,475.416514078776,66.8553759256999,-3.97893756628036,403.396841684977,479.72612508138,69.3853034973145,11.1754752943913,435.467128753662,480.000722249349,63.1728986104329,19.8752369483312,444.413757324219,470.82009379069,60.9285825093587
"72",1796,"GBIF",NA,NA,2018,6,26,0,"e",NA,87.5687,47.6993,4924197,55.1366670926412,508.640003204346,173,37.2841447194417,42.1531575520833,664.351399739583,126.485026041667,57.7112630208333,-7.83333333333333,499.666666666667,125.666666666667,39.8333333333333,43,544.5,157.833333333333,26.8333333333333,89.3554957707723,469.094308217367,236.451515197754,31.0302673975627,89.9550676345825,465.180931091309,237.875155131022,32.7524344126383,98.6853313446045,488.9022509257,249.139162699382,29.7615156173706,105.816377003988,495.708808898926,239.934033711751,27.3314123153687
"73",1797,"GBIF",NA,NA,2017,6,9,0,"e",NA,87.4385,43.8177,5405934,68.482917547226,490.870008468628,206.75,44.4070167541504,61.934814453125,629.645751953125,188.505859375,57.654541015625,15,483.25,146,36.5,61.75,525.25,220.75,43.5,96.6555786132812,438.645505905151,312.246917724609,40.7283840179443,100.09073972702,435.574226379395,318.728759765625,41.8902006149292,108.012018203735,451.858720779419,320.738693237305,39.9837779998779,113.167071342468,466.722755432129,325.217407226562,42.0661020278931
"74",1802,"GBIF",NA,NA,2018,6,24,0,"e",NA,87.3052,47.1023,4996711,58.554666519165,502.751998901367,140.4,45.8226692199707,49.3654296875,664.6173828125,104.85390625,70.0033203125,-0.4,504.2,96.4,43.8,49.6,547.6,133,36,90,484.763343811035,149.319415283203,46.365364074707,100,479.848686218262,151.778744506836,48.614005279541,100,500.29736328125,157.996636962891,48.4656921386719,110,505.677238464355,152.810122680664,46.5290107727051
"75",1804,"GBIF",NA,NA,2014,5,22,0,"e",NA,87.1474,48.4926,4825767,-22.9824994007746,411.526654561361,303.666666666667,54.2345561981201,-17.6764322916667,602.603841145833,239.993001302083,72.85546875,-66.6666666666667,441.666666666667,235.833333333333,62.1666666666667,-14.1666666666667,486.5,266.166666666667,45,-0.443940783540408,420.261669158936,767.533274332682,34.6249605814616,3.65130377312501,419.661394755046,760.801493326823,35.7099793752035,15.1328521470229,430.537592569987,776.905771891276,33.9447288513184,23.6613965034485,440.741360982259,743.320953369141,33.162743250529
"76",1805,"GBIF",NA,NA,2013,6,30,0,"e",NA,87.0566,50.353,4592665,-12.2486667633057,395.744003295898,404.4,71.644660949707,-14.884375,599.8330078125,324.052734375,79.6302734375,-67.4,447.2,321,71.6,-13.6,481.4,370.6,64,18.159051656723,405.864242553711,499.738519287109,56.7752426147461,20.8146488666534,400.179573059082,505.395874023438,58.2564018249512,37.0035729408264,431.23233795166,507.220892333984,55.3293060302734,45.3576326370239,440.521377563477,498.310339355469,53.2902954101562
"77",1806,"GBIF",NA,NA,2018,6,27,0,"e",NA,87.0162,48.2537,4851664,6.57166659832001,455.29333114624,271.833333333333,44.5571378072103,5.59602864583333,618.544759114583,205.610677083333,65.6521809895833,-45.3333333333333,458.666666666667,203,52.8333333333333,6.83333333333333,501.333333333333,236.333333333333,38.1666666666667,33.4490501880646,439.952042897542,610.742462158203,32.0618120829264,35.8470253149668,438.574015299479,606.725036621094,33.1339724858602,46.9127821922302,449.928061167399,621.606333414714,30.9552179972331,55.7334264119466,460,594.707977294922,30.006121635437
"78",1807,"GBIF",NA,NA,2016,5,19,0,"e",NA,86.868628,50.404339,4587480,-5.93027776417633,396.526660919189,411.166666666667,72.2834434509277,-10.3030598958333,600.294921875,335.649251302083,79.5279947916667,-61.5,450.333333333333,331.5,71.6666666666667,-7.5,484.166666666667,379.5,64.3333333333333,26.4000658194224,406.471106211344,521.390925089518,59.0494302113851,29.5860242843628,400.319474538167,527.809504191081,60.4926363627116,45.7269990444183,431.361529032389,528.09711710612,58.3419977823893,54.5760663350423,440.334453582764,518.43989054362,56.2026227315267
"79",1808,"GBIF",NA,NA,2011,5,25,0,"e",NA,86.851,47.7019,4924180,55.4530564943949,484.986680348714,195.166666666667,38.0030174255371,42.5397135416667,651.599772135417,125.293619791667,60.6328125,-7.16666666666667,492.5,121.833333333333,36.8333333333333,43.8333333333333,531.5,154.5,29.8333333333333,90,479.608860015869,168.967997233073,30.0142383575439,96.3195435206095,477.667719523112,170.580917358398,31.3706531524658,99.459547996521,506.798261006673,178.011311848958,28.6142876942952,104.400747617086,508.745485941569,172.173884073893,26.7350584665934
"80",1811,"GBIF",NA,NA,2015,6,15,0,"e",NA,86.8406,47.7246,4919000,55.3110008239746,484.112014770508,195.6,38.0088890075684,42.3509765625,651.4796875,125.4876953125,60.7130859375,-7.4,492.4,122,37,43.6,531.4,154.6,29.8,90,479.40771484375,169.844494628906,29.9995838165283,96.2105770111084,477.201263427734,171.46286315918,31.2461898803711,99.3514575958252,506.34748840332,178.871054077148,28.4849552154541,104.88768196106,508.494583129883,173.011715698242,26.6075386047363
"81",1816,"GBIF",NA,NA,2018,6,28,0,"e",NA,86.8382,47.7996,4908640,53.7103338241577,480.631996154785,204.6,37.8977874755859,41.714453125,650.7177734375,127.1701171875,61.5314453125,-8.6,491.2,126.2,39.6,43.4,531.2,158.4,29,90,479.796249389648,183.757736206055,30,94.4364757537842,474.384376525879,185.123266601563,31.0057807922363,99.95924949646,501.01831817627,192.686642456055,27.7857173919678,107.296598434448,507.488311767578,186.101309204102,26.0950080871582
"82",1817,"GBIF",NA,NA,2010,5,30,0,"e",NA,86.8356,47.9205,4893100,53.3506669998169,487.256004333496,231.6,36.4841423034668,40.598046875,649.147265625,133.9998046875,58.6529296875,-9.8,490,134.2,38,42,530,166,28.4,89.9593544006348,470.484870910645,238.237854003906,30,90.7250957489014,463.44930267334,239.017456054688,31,99.9796772003174,490.288124084473,247.510980224609,27.6998020172119,109.695411682129,498.055168151855,238.442681884766,26
"83",1818,"GBIF",NA,NA,2017,6,11,0,"e",NA,86.812,47.4244,4955259,52.4949995676676,482.740014394124,191.5,43.9491443634033,34.3955078125,642.809733072917,127.591959635417,66.6290690104167,-15.5,482.833333333333,121.333333333333,45.1666666666667,35.3333333333333,522.5,156.666666666667,34.5,83.8655726114909,450.434805552165,198.959798177083,40.987579981486,87.8213024139404,444.506397247314,202.069038391113,42.4933859507243,90.9223477045695,472.092768351237,211.71492767334,43.7911103566488,96.5718523661296,476.191075642904,205.426668802897,41.6934229532878
"84",1819,"GBIF",NA,NA,2018,6,5,0,"e",NA,86.7952,50.4054,4587479,-1.90472146806618,407.280006408691,408.166666666667,72.7904853820801,-6.10725911458333,601.652018229167,332.89208984375,79.9462890625,-57.1666666666667,451.833333333333,329.333333333333,72.1666666666667,-3.33333333333333,485.5,376,65,32.8109061717987,401.058820088704,499.74435933431,59.7008717854818,35.8681885401408,400,506.221491495768,61.2352606455485,52.1242578824361,430,505.732172648112,59.1649920145671,60.4682366053263,440,496.222106933594,56.977352142334
"85",1821,"GBIF",NA,NA,2016,6,7,0,"e",NA,86.790848,50.406043,4587478,-1.90472146806618,407.280006408691,408.166666666667,72.7904853820801,-6.10725911458333,601.652018229167,332.89208984375,79.9462890625,-57.1666666666667,451.833333333333,329.333333333333,72.1666666666667,-3.33333333333333,485.5,376,65,32.8109061717987,401.058820088704,499.74435933431,59.7008717854818,35.8681885401408,400,506.221491495768,61.2352606455485,52.1242578824361,430,505.732172648112,59.1649920145671,60.4682366053263,440,496.222106933594,56.977352142334
"86",1822,"GBIF",NA,NA,2012,6,7,0,"e",NA,86.75,50.25,4608198,-15.4333335906267,385.800008773804,426.5,68.3419342041016,-16.6015625,595.03369140625,349.138671875,76.836181640625,-68.75,444.25,344,69.75,-15,478.5,389.5,61.75,19.030786305666,397.444410324097,628.442741394043,61.6702098846436,21.5672397240996,390.440330505371,636.774101257324,63.4233541488647,38.3322086930275,421.305084228516,635.528625488281,60.8636665344238,46.8768030405045,432.491140365601,622.633117675781,58.8267335891724
"87",1824,"GBIF",NA,NA,2017,6,11,0,"e",NA,86.7276,47.2638,4975977,51.1963329315186,482.856002807617,194.8,44.4094131469727,36.2130859375,643.190234375,122.76328125,69.8755859375,-13.6,483.2,114.8,48.2,37.2,521.6,151.4,38.2,86.2080402374268,443.072814941406,225.745068359375,50.5346946716309,90.3190174102783,435.736717224121,229.923831176758,52.417626953125,92.7619743347168,464.799606323242,240.870568847656,54.5126609802246,99.9864711761475,468.78059387207,234.141137695312,52.4306289672852
"88",1826,"GBIF",NA,NA,2018,6,29,0,"e",NA,86.6631,47.1952,4986335,44.2500009536743,457.928001403809,212.4,46.9129577636719,27.6533203125,632.9498046875,134.45625,72.40859375,-22.4,472.6,123,53,28.6,511,162.6,42.6,75.7414255142212,423.971481323242,262.686444091797,56.1392486572266,81.8656129837036,417.809494018555,268.126446533203,58.1820083618164,83.3978881835938,446.158836364746,281.15791015625,60.4794372558594,91.5601501464844,449.868354797363,273.500933837891,58.3652328491211
"89",1829,"GBIF",NA,NA,2012,5,28,0,"e",NA,86.651998,50.408562,4587475,4.65027739604314,436.893342336019,402.833333333333,74.2945416768392,0.58642578125,603.594563802083,326.67431640625,80.7648111979167,-52,456.333333333333,328,73,2.16666666666667,488,371.5,65.1666666666667,45.0520892937978,400,380.955744425456,61.0106716156006,48.6912743250529,394.110158284505,386.491139729818,62.6073500315348,64.4768969217936,424.110158284505,385.098810831706,60.4970226287842,73.2830993334452,435.888042449951,377.452835083008,58.3269297281901
"90",1835,"GBIF",NA,NA,2017,5,26,0,"e",NA,86.5645,50.499283,4577113,7.17194507519404,447.846660614014,407,75.5654525756836,1.64078776041667,602.595540364583,330.234700520833,81.2672526041667,-50.5,456.666666666667,328.333333333333,73.8333333333333,3.5,487.166666666667,375.333333333333,66,48.906942208608,400.084883371989,381.789978027344,62.9531428019206,52.1749552090963,394.174372355143,387.58610534668,64.7403882344564,67.8516840934753,424.174372355143,385.337692260742,62.5047829945882,76.0919205347697,435.83049138387,377.656183878581,60.1830050150553
"91",1836,"GBIF",NA,NA,2015,6,15,0,"e",NA,86.53693,50.565854,4566752,3.30472269405921,436.413332621257,427.666666666667,74.03173828125,-2.58610026041667,599.721028645833,343.2734375,80.6259765625,-54.5,453.666666666667,339,73.8333333333333,-0.666666666666667,484.333333333333,388.666666666667,66.1666666666667,40.8555098374685,405.969530741374,469.00515238444,64.3800919850667,43.9856096108754,401.3134765625,476.491302490234,66.3445879618327,59.6969723701477,432.92885462443,472.390767415365,63.7374954223633,67.5290091832479,442.425899505615,463.178985595703,61.5256468454997
"92",1838,"GBIF",NA,NA,2015,6,14,0,"e",NA,86.4106,46.8982,5022589,30.9813332557678,439.416000366211,256.6,50.9659866333008,18.7369140625,618.2267578125,143.6654296875,83.7583984375,-31.4,457.8,124.8,65.6,19.6,494.4,171,55,60.3024635314941,387.555374145508,439.109564208984,66.6840072631836,65.766261100769,379.490119934082,450.780828857422,69.7848007202148,70.1212062835693,406.425308227539,474.422412109375,71.3110153198242,77.1682405471802,412.405410766602,462.855108642578,69.2462982177734
"93",1839,"GBIF",NA,NA,2017,6,12,0,"e",NA,86.3997,48.0615,4877549,50.3859996795654,467.807991027832,245.8,38.3098403930664,34.9021484375,646.0455078125,150.253515625,57.6033203125,-16.4,483.8,146,38.2,36.2,521.2,181.6,31.2,89.9796772003174,447.544372558594,252.825967407227,30.221635055542,92.8910484313965,441.044898986816,253.163482666016,31,100,463.01725769043,258.585430908203,26.6794586181641,110,471.84056854248,248.895663452148,26
"94",1841,"GBIF",NA,NA,2019,5,21,0,"e",NA,86.1145,44.1706,5359282,76.2191661198934,498.486677805583,161.5,53.9152215321859,73.47900390625,640.775716145833,126.908203125,77.7527669270833,31.1666666666667,481.666666666667,98.8333333333333,46.6666666666667,74.3333333333333,526.666666666667,161.333333333333,54.1666666666667,95.7277329762777,455.702641805013,301.072428385417,41.9712753295898,100.922120412191,449.670753479004,303.062586466471,43.3998858133952,107.027842203776,475.395361582438,311.585622151693,39.883778889974,113.75942548116,486.570275624593,312.703740437826,42.0038375854492
"95",1842,"GBIF",NA,NA,2014,5,26,0,"e",NA,86.074,44.5222,5317841,84.0929985046387,519.575996398926,142.4,44.8108062744141,87.478125,665.1095703125,103.787890625,76.2166015625,44.6,500.6,87.4,39,87.6,549.4,134.8,43.6,110,529.980491638184,192.942050170898,37.3213920593262,119.856782913208,520,193.358853149414,38.452214050293,120,550,199.51516418457,34.0092155456543,130,560,199.269790649414,35.8041236877441
"96",1843,"GBIF",NA,NA,2011,6,21,0,"e",NA,85.9964,44.1157,5369639,70.1256675720215,500.175994873047,167.6,59.7210784912109,65.9265625,633.2330078125,135.6203125,80.1533203125,23.6,473.4,104,50.2,66.8,517.6,170.6,58.6,87.484712600708,423.41340637207,366.9732421875,48.4931968688965,95.3842887878418,415.49178314209,370.880224609375,50.3686111450195,101.727792739868,438.553413391113,380.814019775391,48.0950302124023,106.906820297241,451.740013122559,382.053863525391,49.5070297241211
"97",1844,"GBIF",NA,NA,2019,5,20,0,"e",NA,85.9952,44.4306,5328199,85.2293338775635,513.527992248535,136.4,45.6063209533691,88.0755859375,663.151953125,103.2177734375,76.16953125,45.4,499.8,85.8,37.8,88.6,547.6,135,44.6,110,521.272872924805,211.684313964844,38.6461952209473,110.284767150879,516.180992126465,212.023599243164,39.8739234924316,120,540.567642211914,218.389120483398,35.5161155700684,130,553.010688781738,218.245190429688,37.5251777648926
"98",1845,"GBIF",NA,NA,2011,6,21,0,"e",NA,85.9276,44.1546,5364458,69.7616662979126,496.688003540039,167.8,57.75927734375,64.8490234375,634.5103515625,136.1521484375,79.378515625,22.2,473.6,105.2,51.6,65.4,518.2,172,59.2,86.6756401062012,430.628608703613,365.436755371094,46.6356178283691,92.0832672119141,422.992935180664,368.608758544922,48.3881149291992,99.3139915466309,445.710273742676,378.331036376953,45.6352767944336,105.335023880005,459.152061462402,379.144451904297,47.182861328125
"99",1847,"GBIF",NA,NA,2016,6,17,0,"e",NA,85.5904,51.0601,4504570,-19.3904765163149,385.217143467494,611.571428571429,60.3135457720075,-32.3356584821429,570.033900669643,492.044782366071,64.4529854910714,-81.8571428571429,436.714285714286,423.857142857143,60.7142857142857,-29.1428571428571,461.285714285714,536.285714285714,53.7142857142857,0.178942871945245,390.41015625,928.366141183036,74.993764604841,3.04610432488386,368.323173522949,948.318411690848,76.7650647844587,20.9934750625065,413.171392168318,900.909327915737,68.1095657348633,30.7147356442043,428.461036682129,888.083783830915,67.0021078927176
"100",1848,"GBIF",NA,NA,2018,6,24,0,"e",NA,85.5348,45.9593,5136528,87.7516682942708,533.800004323324,131.333333333333,49.8782202402751,73.1370442708333,690.104654947917,94.5758463541667,71.5377604166667,25,524.166666666667,88.8333333333333,49,74.5,559.5,119.333333333333,48.3333333333333,120,530.019963582357,63.7324746449788,39.917683283488,120.071938832601,521.53564453125,63.9108276367188,42.6896527608236,130,540,66.7560431162516,38.3927822113037,140,550,65.9814682006836,37.4218908945719
"101",1849,"GBIF",NA,NA,2015,6,6,0,"e",NA,85.25,48.25,4856802,38.5329163074493,464.630002975464,344,44.3421220779419,15.867919921875,653.638916015625,230.9169921875,52.659423828125,-33.5,491.25,200,38.25,18.75,518.25,262.25,34.5,74.1353702545166,435.533294677734,402.179321289062,33,79.1034412384033,422.479457855225,404.399711608887,32.2430629730225,89.7810220718384,443.653936386108,405.34253692627,30,99.3757438659668,459.138431549072,392.519454956055,26.9060416221619
"102",1853,"GBIF",NA,NA,2018,6,6,0,"e",NA,84.9377,44.4424,5328174,86.9391655921936,519.549980163574,150.25,44.0461254119873,81.75,675.376708984375,115.066162109375,77.8984375,40,509,97.5,40,83,554.25,147,43.25,110,476.892166137695,212.220092773438,47.7673320770264,119.610364437103,469.040145874023,214.550601959229,49.7033643722534,125.353672504425,490.417451858521,219.58122253418,46.2884521484375,130,502.42847442627,218.714073181152,47.1107015609741
"103",1854,"GBIF",NA,NA,2015,6,4,0,"e",NA,84.75,48.25,4856790,32.7870827913284,454.229984283447,364,40.4853401184082,7.83837890625,658.885498046875,289.307373046875,51.104736328125,-40.5,493,238.5,40.25,11.5,518.5,318.25,36,73.1865537166595,426.80588722229,480.280426025391,31.0257482528687,76.4186978340149,412.650279998779,481.883880615234,29.8086256980896,85.6924724578857,434.432344436646,486.018966674805,27.0519309043884,95.4525518417358,449.240913391113,472.015548706055,24.0632090568542
"104",1857,"GBIF",NA,NA,2015,6,9,0,"e",NA,84.25,47.75,4918938,47.056667804718,489.289999008179,277.75,37.0942068099976,35.461669921875,699.293701171875,249.418212890625,43.81201171875,-10.75,523.75,205.25,31.25,40.75,548.5,271.25,31,83.3500099182129,448.255825042725,217.647163391113,33.573616027832,90,439.101686477661,220.78345489502,33.0390777587891,90,470.291500091553,225.70539855957,28.259831905365,100,474.77840423584,220.520359039307,25.9060893058777
"105",1859,"GBIF",NA,NA,2018,6,18,0,"e",NA,83.5599,44.5398,5317781,88.4463882446289,522.020003000895,165.166666666667,48.3451137542725,68.9435221354167,688.462239583333,98.5349934895833,90.68505859375,31.6666666666667,519.166666666667,79.8333333333333,43,72.8333333333333,562.666666666667,127,45.1666666666667,112.343443234762,457.957630157471,279.315444946289,63.513671875,117.237151463826,448.107382456462,287.224792480469,65.3069985707601,124.853825569153,468.691883087158,288.428029378255,63.4625511169434,128.357021013896,484.500255584717,289.625534057617,62.600746790568
"106",1860,"GBIF",NA,NA,2018,5,30,0,"e",NA,83.3539,46.8357,5027696,50.834166208903,456.920007069906,269.833333333333,42.215030670166,27.59130859375,683.890299479167,285.911458333333,41.6940104166667,-15.3333333333333,492.833333333333,234.5,30.1666666666667,34.8333333333333,518.833333333333,302.666666666667,29.3333333333333,90.4814704259237,398.399836222331,555.229253133138,41.4284229278564,95.4768498738607,385.680885314941,566.448415120443,43.3505744934082,100.743619600932,403.519306182861,593.124450683594,38.0052661895752,109.669404029846,411.217250823975,586.949178059896,36.5160258611043
"107",1862,"GBIF",NA,NA,2016,6,4,0,"e",NA,83.25,48.25,4856754,34.8262494802475,505.77000617981,289,27.7274045944214,22.155029296875,702.807373046875,290.178955078125,34.7744140625,-23.25,531.25,228.75,24,28,552.5,316,26,85.5146408081055,439.696588516235,223.221717834473,31.4675145149231,90,427.109546661377,222.941925048828,29.461003780365,100,457.146005630493,229.567222595215,25.66632604599,110,460.510234832764,226.409164428711,23.8859848976135
"108",1863,"GBIF",NA,NA,2005,6,25,0,"e",NA,82.75,48.75,4794582,17.664583325386,525.550003051758,307.25,27.3805050849915,3.141357421875,706.0869140625,305.941650390625,36.252197265625,-43.5,547.25,245.25,24.75,8.25,563.5,335.75,26,80,468.822364807129,358.253036499023,34.9383058547974,80,454.235458374023,358.108734130859,34.4801940917969,90,488.430433273315,363.572074890137,33.8332529067993,100,493.808193206787,360.354194641113,31.7683091163635
"109",1865,"GBIF",NA,NA,2006,6,8,0,"e",NA,81.3881,46.2052,5110529,77.8500000635783,475.926672617594,243.166666666667,28.799173672994,51.0442708333333,718.109049479167,271.9638671875,29.8798828125,14,509,215,26.3333333333333,60.3333333333333,540,292.5,25.5,116.770491600037,392.034371693929,244.23503112793,42.7893454233805,120,381.403834025065,244.019297281901,39.6559689839681,130,390.867137908936,271.446334838867,45.5881894429525,140,400.145460764567,269.469324747721,43.734769821167
"110",1866,"GBIF",NA,NA,2010,6,4,0,"e",NA,81.2733,43.892,5395426,87.0579171180725,483.140001296997,242,24.0418667793274,78.79345703125,624.021484375,219.353759765625,56.546875,43.75,450.5,157.75,21.5,85.75,490,240.5,26.25,140,394.821939468384,291.638694763184,25.3700518608093,147.270703315735,386.508817672729,300.978538513184,28.5905032157898,158.315136432648,389.763355255127,312.056060791016,22.8699688911438,160,404.448738098145,315.392158508301,21.8130359649658
"111",1868,"GBIF",NA,NA,2005,6,28,0,"e",NA,81.25,49.75,4670226,32.4220830202103,486.370000839233,355.5,25.7581534385681,11.165771484375,674.1357421875,307.69775390625,39.583740234375,-40,544.25,239,22.75,14,549.5,345.5,20,78.1606829166412,459.239768981934,347.534057617188,39.9299631118774,80,439.66212272644,339.002243041992,35.9816083908081,90,459.66212272644,340.027114868164,31.1674256324768,100,471.253452301025,343.688140869141,31.0661554336548
"112",1871,"GBIF",NA,NA,2015,6,13,0,"e",NA,81.25,47.75,4918866,23.7658333778381,476.079978942871,336.5,29.6197280883789,-7.2333984375,715.935302734375,382.845947265625,29.16064453125,-49,523.5,289.5,24.75,1.25,542.5,404.25,24,60.3198194503784,405.798759460449,505.593185424805,30.051251411438,67.9785764217377,386.394319534302,512.702011108398,31,72.6381695270538,398.594160079956,520.287040710449,25,79.9166691303253,411.547174453735,522.279029846191,22.6115384101868
"113",1872,"GBIF",NA,NA,2015,6,15,0,"e",NA,81.25,48.25,4856706,21.7275005578995,479.660005569458,339.75,27.384605884552,-6.92431640625,713.86279296875,348.3388671875,33.41064453125,-50.5,533.25,265.75,25,0.5,550.5,371,25,60,433.241539001465,406.220169067383,34.3068494796753,63.5887932777405,419.775562286377,407.896064758301,34.2190074920654,79.0809094905853,440,407.009468078613,28.6826071739197,89.2037963867188,440.118999481201,412.085159301758,28.3806524276733
"114",1874,"GBIF",NA,NA,2002,5,17,0,"e",NA,81.199951,45.706179,5172684,0.725000351667404,404.66667175293,405.333333333333,41.12686475118,-25.0281575520833,665.48828125,427.11962890625,51.9479166666667,-59.8333333333333,456.666666666667,312.666666666667,45,-15.6666666666667,492.333333333333,454.666666666667,42.3333333333333,31.8035574754079,347.923170725505,704.617553710938,26.4725424448649,37.3295740286509,337.061093648275,714.947458902995,27.9440921147664,43.0823004245758,339.102210998535,760.365356445312,23.7341918945312,48.8812375068665,355.245978037516,758.130238850911,20.3245725631714
"115",1875,"GBIF",NA,NA,2018,6,19,0,"e",NA,81.1482,44.7999,5281463,17.5822220742702,418.67333094279,377.166666666667,43.4525712331136,-10.4659830729167,632.456380208333,410.557291666667,63.1414388020833,-43.6666666666667,438,302,50,-0.833333333333333,479.333333333333,451,59.3333333333333,33.9863516887029,370.471076965332,413.307759602865,55.3575096130371,38.2257215181986,362.422873179118,425.327168782552,57.4313488006592,44.677103360494,371.018517812093,439.453206380208,49.37060546875,50.7941778500875,385.203253428141,438.444279988607,48.9519475301107
"116",1876,"GBIF",NA,NA,2018,6,20,0,"e",NA,81.1179,42.9996,5509382,36.2012493610382,482.82000541687,283.75,46.1155395507812,37.34765625,597.3681640625,374.001708984375,83.7041015625,1.75,440,244.75,60.75,42.75,472.75,416.5,74,50,409.540796279907,451.136344909668,59.9145259857178,56.1135578155518,400,466.514762878418,63.4480400085449,69.9882805347443,399.326419830322,479.014030456543,60.0110931396484,70.0852811336517,419.677047729492,490.995071411133,59.0432825088501
"117",1877,"GBIF",NA,NA,2005,6,29,0,"e",NA,80.75,49.75,4670214,36.2095832824707,483.860006332397,316,28.6669158935547,15.46533203125,675.321533203125,270.100341796875,45.8271484375,-35.75,541.75,212,23.25,18.25,549.25,309.75,21.25,79.9632167816162,455.564393997192,326.921485900879,49.2594184875488,80,438.059139251709,317.163040161133,44.5353374481201,90,463.850021362305,320.345443725586,39.483736038208,100,477.198638916016,324.092231750488,39.3764085769653
"118",1878,"GBIF",NA,NA,2002,5,22,0,"e",NA,80.669861,47.017716,5006912,63.9856662750244,507.047996520996,286,28.5836498260498,32.6169921875,731.1251953125,309.59375,28.08671875,-5.4,521.8,235,27.6,43,544.8,332.2,28,100,441.060707092285,345.346411132812,33.854557800293,109.017332077026,429.417694091797,348.708123779297,32.7615898132324,117.679462432861,441.027297973633,375.661334228516,36.0943206787109,124.239603042603,449.931205749512,375.990539550781,33.7095001220703
"119",1879,"GBIF",NA,NA,2009,6,20,0,"e",NA,80.25,49.25,4732362,33.1325000524521,482.170009613037,322.5,29.6088008880615,9.813232421875,688.35205078125,264.27587890625,47.255615234375,-38,534.75,205.25,27,14.75,546,298.5,24.5,70,440,316.891166687012,50.3288555145264,80,422.998123168945,308.272109985352,46,89.9155306816101,450,308.443367004395,41.9661293029785,99.9155306816101,460,314.193534851074,42.3532304763794
"120",1880,"GBIF",NA,NA,2014,6,3,0,"e",NA,79.75,47.75,4918830,46.3691675662994,487.969989776611,296,27.5996174812317,17.848388671875,719.927734375,275.789794921875,37.899169921875,-24.5,521.75,211.5,27.5,25.5,540,304.5,27,81.2218070030212,441.253395080566,277.40461730957,29.0212936401367,88.0432033538818,426.331329345703,281.824157714844,31.1928329467773,90.3261637687683,444.399871826172,284.849128723145,26.7728252410889,100,449.534177780151,289.340431213379,25.0185570716858
"121",1882,"GBIF",NA,NA,2014,6,12,0,"e",NA,79.75,46.75,5043150,69.6650004386902,512.069988250732,271.5,27.9541397094727,41.93994140625,724.90625,271.130859375,31.146484375,5.5,517.75,197,26,53,538.75,290.75,27.5,110,467.639226913452,225.026763916016,29.8243050575256,110,450.111837387085,227.633632659912,30.0655956268311,120,460.260953903198,237.05135345459,29.1222062110901,130,470,240.126560211182,27.5708899497986
"122",1883,"GBIF",NA,NA,2010,5,31,0,"e",NA,79.6764,46.9469,5017248,66.5503330230713,501.232002258301,273.2,27.9237106323242,39.232421875,726.6931640625,267.5158203125,31.1720703125,1.4,518.6,195.8,26.2,49.6,540.6,287.8,28,110,460,215.109567260742,31,110,450,218.09631652832,31.9948436737061,120,460.342735290527,225.64553527832,30.1535358428955,130,470,228.449026489258,29
"123",1886,"GBIF",NA,NA,2006,5,16,0,"e",NA,79.4147,43.537,5442001,109.75124835968,430.660009384155,293.25,34.849871635437,77.585205078125,617.0107421875,282.36572265625,61.2109375,46,426,248.5,27.25,89,471.25,316.75,32.25,133.774847984314,420.86877822876,316.23127746582,34.2114601135254,136.0586810112,409.330396652222,331.4267578125,38.3209314346313,151.637954711914,402.702255249023,335.870681762695,31.4897756576538,156.960682868958,413.703718185425,339.850288391113,32.1486496925354
"124",1887,"GBIF",NA,NA,2010,5,15,0,"e",NA,79.3412,46.6367,5053500,71.1600008010864,510.000007629395,268,28.4100811004639,44.8890625,721.033984375,262.8650390625,31.2587890625,7.4,514.6,190.8,25.6,55,534.8,284.2,27,110,453.956504821777,225.622286987305,27.4391128540039,110,439.971267700195,228.47673034668,26.9535778045654,120,449.463996887207,236.01823425293,26.4641380310059,130,457.205474853516,239.863909912109,25.2517314910889
"125",1889,"GBIF",NA,NA,2013,5,31,0,"e",NA,79.33819,47.12315,4996520,63.8003330230713,504.863983154297,273.8,26.9875171661377,36.3341796875,723.6419921875,256.1955078125,33.5017578125,-3.6,517,193.2,25,45.6,537.4,284.8,26.2,102.914793014526,460,198.329656982422,30,110,449.896484375,201.981140136719,32.0610260009766,114.216474533081,460,206.529489135742,29.7513259887695,120,469.120330810547,208.68291015625,27.2387882232666
"126",1890,"GBIF",NA,NA,2008,5,20,0,"e",NA,79.2706,42.9938,5509338,47.1341665585836,397.173341115316,572.666666666667,42.4858423868815,22.7101236979167,594.095540364583,407.749186197917,64.728515625,-8.16666666666667,408.5,325,41.5,34.1666666666667,452.5,457.333333333333,53.8333333333333,38.6521526177724,419.952487945557,460.740539550781,52.8871358235677,42.6050559679667,408.687273661296,482.237803141276,56.9827740987142,58.2884256045024,399.670066833496,482.238006591797,49.9918778737386,66.3571977615356,418.665358225505,490.779149373372,50.1197643280029
"127",1891,"GBIF",NA,NA,2009,6,5,0,"e",NA,79.25,47.25,4980978,59.247499704361,506.300001144409,272,26.4194803237915,33.456298828125,722.698486328125,256.6826171875,34.88720703125,-7.5,519,193.75,25,42.5,537.25,284.75,26,100,460,198.915176391602,30.0084471702576,109.127912521362,448.774003982544,202.754955291748,32.9914989471436,110,460,206.233200073242,29.2463459968567,120,470,208.228698730469,26.6581034660339
"128",1892,"GBIF",NA,NA,2017,5,18,0,"e",NA,79.2237,43.016,5504157,47.5304174423218,399.280004501343,575,41.8450527191162,24.4248046875,595.483642578125,408.05712890625,63.833984375,-6.5,408.75,327.25,40.75,35.75,452.5,459,52.75,39.6530133485794,420.062313079834,450.40161895752,51.3376750946045,45.9123861789703,409.899597167969,471.115341186523,55.4755163192749,59.4777011871338,399.990243911743,471.670738220215,48.468111038208,68.5502576828003,419.844102859497,480.021049499512,48.652419090271
"129",1894,"GBIF",NA,NA,2016,5,24,0,"e",NA,79.2231,43.0542,5498977,44.745334148407,400.768005371094,583.8,41.9516250610352,23.521875,596.532421875,411.014453125,63.3505859375,-8.2,408.4,331.6,40.8,34,452.4,463.6,52.8,38.8192362785339,420.839431762695,481.379418945313,49.2011695861816,46.1982116699219,410.518608093262,503.576275634766,53.358683013916,58.0793790817261,400.01717376709,504.514233398438,46.3082534790039,66.8881683349609,420,513.342169189453,46.5603912353516
"130",1896,"GBIF",NA,NA,2004,5,15,0,"e",NA,79.2142,43.4935,5447177,108.341667175293,422.927993774414,327.4,35.8007598876953,71.3400390625,617.589453125,312.8517578125,58.7890625,40.2,422,271.2,29,83,467.8,349,33,122.802261352539,435.650077819824,320.750921630859,35.9639877319336,126.254022598267,419.758857727051,335.866613769531,40.0571235656738,141.544706344604,416.724456787109,340.276495361328,33.1116416931152,146.844785690308,424.632125854492,344.783575439453,33.9418395996094
"131",1910,"GBIF",NA,NA,2017,5,18,0,"e",NA,79.119,43.2163,5478254,81.2029991149902,415.07999420166,460.8,39.7806945800781,48.4564453125,606.5142578125,379.77109375,59.0173828125,18,415.2,315.4,33.8,60.6,459.2,421.4,41.8,76.7875213623047,432.014167785645,408.190600585937,39.9986038208008,79.8217449188232,420.763511657715,426.610308837891,44.1951118469238,95.1641902923584,411.485382080078,429.424200439453,37.0440673828125,100.066282272339,426.963424682617,436.254052734375,37.821590423584
"132",1911,"GBIF",NA,NA,2003,5,26,0,"e",NA,79.0812,43.354,5462713,96.9066651662191,411.646664937337,400,37.6005401611328,58.6546223958333,612.539876302083,358.701171875,57.5208333333333,28,418.333333333333,301.833333333333,31.3333333333333,70.6666666666667,462.166666666667,396.833333333333,36.8333333333333,96.1055485407511,439.89236831665,367.861724853516,38.2414538065592,99.5461670557658,428.401050567627,384.828623453776,42.5949001312256,114.58270072937,419.878050486247,388.124827067057,35.3278388977051,120.302982330322,430,394.218007405599,36.2365627288818
"133",1913,"GBIF",NA,NA,2013,6,12,0,"e",NA,79.006333,49.232333,4732332,38.2049999237061,481.671997070312,304.4,32.5725357055664,12.3841796875,684.3451171875,225.7267578125,58.000390625,-35.4,528.4,173.2,30,17.6,539.4,264.6,29.8,70,446.845062255859,282.733435058594,61.6065010070801,73.4009284973145,425.317039489746,274.408990478516,56.6293182373047,88.5715942382812,443.400833129883,276.028533935547,56.9076698303223,98.9725074768066,449.716003417969,282.793786621094,57.5886436462402
"134",1914,"GBIF",NA,NA,2012,6,24,0,"e",NA,78.8383,44.0033,5379828,103.586249351501,434.210004806519,332.75,30.4240622520447,69.576416015625,639.977783203125,316.527099609375,50.497802734375,39,428,278,27.5,82.25,471.75,348.25,28.25,140.727741718292,414.276704788208,218.608192443848,37.2975225448608,144.430458545685,404.809446334839,227.013374328613,40.8840188980103,159.491398334503,393.130369186401,236.523262023926,35.2388954162598,165.878376960754,405.357151031494,236.728050231934,34.5608062744141
"135",1915,"GBIF",NA,NA,2009,6,16,0,"e",NA,78.75,48.25,4856646,31.0808330774307,475.269985198975,302,30.1329507827759,4.796142578125,702.47412109375,262.110107421875,47.25048828125,-39.25,515.25,202,30.25,11.75,529,298.5,27.5,68.1382858753204,429.373683929443,295.699401855469,37.9668951034546,70,411.426382064819,295.796096801758,39.0084466934204,80.6264448165894,426.103925704956,294.571319580078,34.9190912246704,90.5419731140137,429.458150863647,302.813278198242,34.984016418457
"136",1922,"GBIF",NA,NA,2009,6,19,0,"e",NA,78.75,48.75,4794486,18.037084043026,464.450006484985,339,32.3829822540283,-6.689697265625,689.31787109375,274.923583984375,51.130126953125,-52,516.25,206.5,32.75,-0.75,529.25,309.25,30.75,49.8881638050079,419.813604354858,363.9482421875,55.9322967529297,53.088184595108,399.888162612915,361.401596069336,55.8495626449585,67.9046058654785,414.072217941284,358.140258789062,52.841854095459,77.9046058654785,419.888162612915,367.465339660645,53.4006595611572
"137",1924,"GBIF",NA,NA,2004,5,16,0,"e",NA,78.6764,43.4472,5452344,79.6636657714844,421.111999511719,474,34.3786567687988,48.5359375,620.369921875,390.590234375,53.3005859375,19.4,414.4,328.6,31.8,62.2,458.4,433.6,36.4,94.4848175048828,431.687614440918,347.200708007813,36.1399047851562,96.2413787841797,419.894096374512,363.359661865234,40.9550567626953,113.10214805603,407.655059814453,368.332427978516,33.611043548584,116.855194091797,420.509735107422,373.458245849609,34.3155387878418
"138",1925,"GBIF",NA,NA,2019,5,20,0,"e",NA,78.657466,43.192187,5483423,75.4959993362427,414.96800994873,530.2,38.886548614502,43.5228515625,613.0470703125,404.201171875,54.755859375,14.4,410.4,332.2,33.8,57.4,454,449.8,41,78.247953414917,404.061393737793,482.675189208984,44.5045783996582,81.0074396133423,394.450569152832,504.299951171875,48.9552040100098,97.2109889984131,380.753715515137,506.947204589844,42.0932983398437,102.234142303467,395.364486694336,515.486248779297,42.5660377502441
"139",1926,"GBIF",NA,NA,2003,5,25,0,"e",NA,78.6199,43.4221,5452342,79.736665725708,417.527984619141,486.6,35.0235221862793,47.6640625,620.365625,394.301953125,53.0421875,18.2,414,329.2,32.4,61.2,457.4,437.8,36.8,93.784496307373,418.10481262207,370.048388671875,37.9636436462402,95.8493061065674,407.486335754395,387.604138183594,42.8396873474121,112.532432556152,394.305229187012,392.225708007812,35.5961158752441,116.43406867981,407.389068603516,397.809130859375,36.2517166137695
"140",1927,"GBIF",NA,NA,2006,6,6,0,"e",NA,78.5577,45.2158,5229601,73.6127781867981,449.439996083577,368.5,28.8593705495199,44.0198567708333,680.7607421875,347.5517578125,34.9415690104167,11.8333333333333,465.666666666667,275.5,27.8333333333333,56.1666666666667,491.833333333333,374.333333333333,28.1666666666667,97.1188100179036,406.915721893311,542.924402872721,27.816440264384,101.799141565959,399.249070485433,551.615544637044,27.6800899505615,115.321380297343,385.396092732747,599.462158203125,28,121.878132820129,396.235148111979,596.950805664062,24.9931205113729
"141",1928,"GBIF",NA,NA,2015,6,27,0,"e",NA,78.5024,43.551,5436800,100.814168453217,414.580011367798,393.25,33.7518072128296,66.598876953125,629.801513671875,350.229736328125,51.44873046875,38.25,419.5,291.25,29.5,81,463.25,384,30.75,122.499995231628,416.562595367432,315.143821716309,34.3822660446167,125.1495885849,405.311183929443,329.9892578125,39.0702352523804,141.422846317291,393.192882537842,336.644073486328,31.941819190979,146.155264377594,404.150724411011,340.51895904541,32.3347535133362
"142",1929,"GBIF",NA,NA,2013,5,23,0,"e",NA,78.378733,48.665465,4804837,19.703888297081,478.413333892822,317,32.9040279388428,-2.10693359375,691.597493489583,259.02978515625,53.4181315104167,-47.1666666666667,516,195.166666666667,32.8333333333333,4.5,527.5,295.666666666667,31,50.7607332865397,425.591481526693,302.751744588216,49.4427019755046,60,409.431368509928,301.75200398763,49.4733416239421,70,420.03319422404,299.407648722331,46.3395315806071,80,428.034496307373,307.485346476237,46.9048881530762
"143",1930,"GBIF",NA,NA,2013,6,11,0,"e",NA,78.368109,49.349536,4716776,33.386332988739,468.231994628906,310,34.5993835449219,5.915234375,678.9294921875,224.5521484375,61.0248046875,-41.8,525.2,172.8,33.4,10.6,534.2,266.4,33.2,62.1682443618774,429.040481567383,300.033856201172,62.8698577880859,69.9867219924927,406.722412109375,294.576153564453,59.7743515014648,80.0020866394043,422.04581451416,292.725018310547,57.9066917419434,90.0020866394043,433.480354309082,300.192785644531,58.213306427002
"144",1931,"GBIF",NA,NA,2013,5,23,0,"e",NA,78.340307,48.618037,4810016,20.0579996109009,481.247993469238,317,32.4554500579834,-0.8482421875,692.6693359375,256.4294921875,52.9533203125,-46,515.6,194,32.6,5.6,527.2,294,31,55.1140308380127,429.233680725098,294.458148193359,47.5502456665039,60,410,293.618798828125,47.6419372558594,70,420.526557922363,291.578948974609,44.5435752868652,80,429.955726623535,299.612725830078,45.0616493225098
"145",1932,"GBIF",NA,NA,2014,6,1,0,"e",NA,78.339273,48.693935,4799656,18.757000207901,477.751983642578,320.4,33.3045936584473,-2.83828125,690.288671875,259.00234375,53.8404296875,-47.8,516.2,195.2,32.8,3.8,527.2,295.6,31,50,427.138038635254,300.310186767578,50.963591003418,59.8471298217773,409.424415588379,299.291473388672,50.8676391601563,70,420,296.92841796875,47.8412590026855,80,429.070510864258,304.879937744141,48.3133934020996
"146",1934,"GBIF",NA,NA,2013,5,24,0,"e",NA,78.319259,48.546938,4815195,23.5649995009104,478.073329925537,303,32.1461737950643,0.754231770833333,694.320963541667,255.114420572917,52.3289388020833,-43.6666666666667,514.166666666667,193,32.8333333333333,7.16666666666667,527.333333333333,292.5,30.3333333333333,59.8620875676473,430.168940226237,287.224075317383,44.5123329162598,60.3167239824931,412.231070200602,286.395329793294,44.806973139445,74.5552611351013,425.533351898193,284.782979329427,41.6287384033203,85.1053921381633,430.598290761312,292.907262166341,42.1948833465576
"147",1935,"GBIF",NA,NA,2013,5,22,0,"e",NA,78.294425,48.862259,4778935,17.9500005642573,477.200005849202,323.5,34.2402369181315,-2.91682942708333,685.9541015625,253.77099609375,55.8289388020833,-48.8333333333333,516.666666666667,189.5,36,3,528,291,32.6666666666667,50,426.641407012939,304.273986816406,56.9058163960775,59.3028283119202,408.375155131022,302.632151285807,56.189551671346,70,419.920247395833,300.020355224609,53.591375986735,80,429.10000483195,307.673187255859,53.9805990854899
"148",1936,"GBIF",NA,NA,2013,5,24,0,"e",NA,78.292875,48.532392,4820375,23.9386101563772,478.493334452311,301.666666666667,32.2903172175089,1.12337239583333,694.3828125,254.035970052083,52.2146809895833,-43.3333333333333,514.166666666667,192.166666666667,33.1666666666667,7.5,527.166666666667,291.5,30.3333333333333,59.8620875676473,430.757033030192,283.579299926758,44.3718802134196,60.6678446133932,413.705863952637,282.77533976237,44.6373100280762,75.7427446047465,426.853624979655,281.192545572917,41.5216617584229,86.1713520685832,431.233259836833,289.284754435221,42.0809930165609
"149",1937,"GBIF",NA,NA,2013,6,11,0,"e",NA,78.291069,49.352742,4716774,30.576110680898,468.893337249756,313.666666666667,35.2995834350586,3.80436197916667,678.268880208333,227.568522135417,61.1520182291667,-44,524.333333333333,175.5,34.3333333333333,8.16666666666667,533.5,270.333333333333,33.6666666666667,60.2336724599202,425.119088490804,304.20002746582,62.9900175730387,68.70880762736,402.680066426595,299.156631469727,59.9580192565918,80,418.265705108643,296.945500691732,58.1342309315999,90,428.798491160075,304.56162516276,58.548126856486
"150",1938,"GBIF",NA,NA,2004,5,23,0,"e",NA,77.0624,43.1447,5488565,8.82833313941956,349.808006286621,477.4,52.872917175293,-18.3400390625,634.0107421875,364.9224609375,69.1361328125,-41,404,283.8,54.4,-0.2,446.2,407.2,58.2,30.7993477582932,348.34260559082,1487.82619628906,47.657763671875,33.9404799938202,341.648330688477,1540.15883789062,52.2694076538086,48.9946449995041,323.599914550781,1567.47404785156,43.2057312011719,54.6501221656799,339.34935760498,1578.68488769531,45.310391998291
"151",1939,"GBIF",NA,NA,2004,5,18,0,"e",NA,76.9821,43.0784,5498923,-10.6050000588099,353.166656494141,477.333333333333,57.7243684132894,-36.06591796875,634.7802734375,355.936848958333,72.5320638020833,-58,403.333333333333,280.833333333333,58.6666666666667,-17.3333333333333,446.166666666667,399.5,63,12.1146788199743,347.809060414632,1520.08125813802,46.7332013448079,15.0860423098008,341.09655380249,1572.21740722656,51.2344252268473,30.1144707296044,322.747675577799,1604.3540242513,42.2144718170166,35.8865074316661,340.726203918457,1612.03114827474,44.2689539591471
"152",1941,"GBIF",NA,NA,2011,6,27,0,"e",NA,76.9482,43.2812,5473022,97.3196678161621,416.863990783691,521,44.8612342834473,56.483984375,636.447265625,548.6384765625,55.485546875,34.8,402.6,417.2,45.4,74.8,444.6,581.8,43.4,119.033643722534,402.575653076172,904.681481933594,50.5680618286133,119.493001937866,396.063064575195,938.368139648437,55.7057678222656,138.476758956909,377.570327758789,951.325073242188,46.3044525146484,140.458307266235,391.73893737793,960.339575195312,48.8303321838379
"153",1942,"GBIF",NA,NA,2019,5,18,0,"e",NA,76.6052,43.0606,5498914,38.8036680221558,364.13599395752,381,50.9477638244629,3.669140625,638.24140625,311.7494140625,70.9205078125,-15,403.6,250.2,54.4,24.8,447,346.6,56.2,63.6419477462769,346.414604187012,877.67998046875,48.0351333618164,66.6282711029053,339.294418334961,911.899951171875,52.7692230224609,82.528528213501,322.956790924072,928.353234863281,43.4916191101074,87.544150352478,337.896606445312,929.16767578125,45.5693786621094
"154",1943,"GBIF",NA,NA,2005,5,22,0,"e",NA,76.2295,44.8062,5281345,90.3625011444092,479.610004425049,271.5,32.2123250961304,58.78076171875,685.043212890625,252.911865234375,41.4775390625,29,474.5,201.75,32.25,75,484,279.75,34.5,130,464.705028533936,202.881046295166,23.6100635528564,130,460,209.433116912842,25.0007157325745,150,439.899091720581,223.370281219482,25,150.541973114014,443.241586685181,223.820407867432,21.7174029350281
"155",1944,"GBIF",NA,NA,2003,5,28,0,"e",NA,76.0855,44.0422,5374582,94.0087509155273,487.550010681152,355.25,39.6869735717773,55.351318359375,663.123291015625,345.349365234375,49.27587890625,34,436.75,250.75,41.5,74.5,465.25,372.75,42,130,436.109161376953,296.644943237305,27.346911907196,130.044932365417,429.285669326782,306.698066711426,30.8789649009705,150,406.85751914978,324.220039367676,26.6968922615051,152.434413433075,418.078680038452,324.061904907227,25.0265135765076
"156",1945,"GBIF",NA,NA,2014,6,7,0,"e",NA,75.851406,44.134742,5364216,95.5733315149943,509.14000193278,338.166666666667,38.562063852946,56.7696940104167,667.081217447917,323.88427734375,47.9099934895833,34.6666666666667,441.833333333333,238,40.8333333333333,76.1666666666667,467.166666666667,352.166666666667,41.3333333333333,129.95670636495,429.529654184977,275.031763712565,26.9714307785034,136.00953578949,421.231962839762,283.269744873047,30.7157675425212,149.141526222229,399.223728179932,300.171101888021,27.4479688008626,157.278407414754,407.667020161947,299.944498697917,25.3060922622681
"157",1946,"GBIF",NA,NA,2003,5,30,0,"e",NA,75.7414,43.6616,5426373,90.0926666259766,451.096000671387,387.2,41.6029693603516,51.3232421875,653.465234375,369.122265625,52.4806640625,32.6,418.4,264,45.2,71.6,455.6,395,44.2,122.044599533081,429.838829040527,348.212603759766,31.7882289886475,127.116676330566,422.49488067627,362.822839355469,36.6239616394043,141.081148147583,400,384.826397705078,31.5441596984863,149.985939025879,410.09684753418,380.395080566406,30.6328384399414
"158",1947,"GBIF",NA,NA,2005,5,21,0,"e",NA,75.6934,44.5614,5312412,97.0329990386963,502.743995666504,271.8,33.8127967834473,61.4775390625,679.6630859375,256.6548828125,43.3580078125,34.6,466.6,203.6,37.4,79.6,477.8,287.2,38,140,460,183.883071899414,25.1118705749512,140,450,188.137167358398,26.1042942047119,150,430,199.776412963867,26.5579074859619,160,436.947319030762,201.21276550293,24.1859062194824
"159",1948,"GBIF",NA,NA,2019,5,22,0,"e",NA,75.539,43.8065,5405648,81.8633346557617,448.664001464844,387.6,40.0828880310059,44.7814453125,655.7390625,354.775,50.926953125,26.2,421.6,249.8,45.4,65.4,455.8,383,44,118.279773712158,420,334.881207275391,30.1106075286865,120,416.324806213379,349.410766601562,35.9751289367676,136.131278991699,389.959251403809,368.824645996094,29.3895458221436,140.11358833313,400,364.973010253906,28.1977535247803
"160",1949,"GBIF",NA,NA,2005,5,18,0,"e",NA,75.5037,44.3285,5343488,98.4229159355164,502.790002822876,292.75,36.7970409393311,63.96923828125,673.072509765625,275.730224609375,45.011962890625,39.75,454.75,209.25,40.75,83.25,472,305,40.75,140,441.784887313843,190.347278594971,29.0107412338257,144.364969730377,433.552589416504,194.597061157227,29.980740070343,160,411.437587738037,206.244762420654,30.1567807197571,164.8579454422,419.778509140015,207.154987335205,28.6386938095093
"161",1950,"GBIF",NA,NA,2019,5,25,0,"e",NA,75.2555,45.0649,5250242,82.9116668701172,467.695999145508,217.8,29.9995338439941,58.30234375,692.2244140625,187.6869140625,39.3216796875,25.2,492.4,160.8,32.8,74.6,490,223.4,36,125.827005386353,457.78589630127,158.183697509766,23.9970176696777,130,450,162.735171508789,25,140,430.621429443359,169.381115722656,23.9880706787109,150,440,170.63332824707,20.2087440490723
"162",1954,"GBIF",NA,NA,2003,5,29,0,"e",NA,75.0586,45.0524,5250237,84.0523319244385,464.215995788574,210.2,29.3349018096924,59.3146484375,691.0091796875,179.3728515625,39.55859375,26.4,491.4,154.6,36,75.8,489.4,216,37.2,128.933547973633,458.891082763672,156.054776000977,24.8910625457764,130,450,160.247589111328,25.9970573425293,140,430,167.028363037109,24.6496524810791,150,440,168.301254272461,21.7131294250488
"163",1955,"GBIF",NA,NA,2009,5,15,0,"e",NA,75.0215,44.9856,5260596,87.0683312416077,472.140007019043,211.75,30.480836391449,60.15625,690.054443359375,183.06640625,39.85400390625,27.75,490.5,157,36,77,489.25,218.5,38.25,130,460,155.742660522461,25.0701456069946,130,450,159.846031188965,26.0062999725342,140.747787952423,430.006999969482,166.969333648682,25.2705249786377,150,440,168.371959686279,22.4878129959106
"164",1956,"GBIF",NA,NA,2013,5,26,0,"e",NA,74.5119,44.7597,5286484,89.8036670684814,484.351997375488,215.4,32.943758392334,65.6962890625,683.6189453125,178.2021484375,41.9970703125,36.2,479,149.6,40,83.4,484.2,217,41.8,130,460,154.263012695313,28.9215320587158,140,460,157.161959838867,29.2642593383789,150,436.967514038086,165.492465209961,28.4522499084473,160,440,166.675341796875,27.0239562988281
"165",1957,"GBIF",NA,NA,2017,6,24,0,"e",NA,72.75,49.25,4732182,35.099583864212,468.780002593994,264.75,26.6080522537231,12.387939453125,683.2490234375,216.037841796875,44.3115234375,-31.5,529.5,175.5,31.5,20.5,519,267.5,25,70,446.687250137329,368.754539489746,31.0537872314453,70,418.234434127808,368.992813110352,27.1990065574646,89.7465896606445,412.85120010376,370.484718322754,26.0081720352173,98.0060744285583,420.372791290283,383.312782287598,24.0765562057495
"166",1958,"GBIF",NA,NA,2017,6,27,0,"e",NA,72.25,49.25,4732170,36.4329171180725,470.620002746582,254,25.6339740753174,13.343505859375,689.809814453125,209.97509765625,44.64794921875,-32,537,168,30.75,20.5,525.25,262.75,25.5,70,449.023694992065,355.045425415039,29.9816899299622,78.6156129837036,420,354.905494689941,25.1903047561646,90,412.224702835083,356.745574951172,24.6049399375916,100,422.224702835083,368.97412109375,22.4669361114502
"167",1959,"GBIF",NA,NA,2019,5,21,0,"e",NA,66.911,39.2902,5970061,104.32874917984,344.589996337891,496.5,71.6385459899902,76.689208984375,496.854736328125,478.24072265625,71.943603515625,44,375,331.5,69.25,85.75,406.5,468.25,71.75,111.762564182281,381.68646812439,749.817779541016,74.6570110321045,113.791530132294,375.319223403931,752.097152709961,74.5221691131592,127.397320270538,335.217180252075,867.842346191406,76.8118591308594,134.467313289642,342.635555267334,860.002166748047,73.1090221405029
"168",1964,"GBIF",NA,NA,2017,6,9,0,"e",NA,61.25,48.75,4794066,57.9908335208893,517.799987792969,172.5,21.245325088501,38.1142578125,681.076171875,185.0341796875,46.015380859375,-23.5,643,122.25,29,44,570.5,193.5,23.5,100,462.943315505981,180.006145477295,28,100,465.056743621826,186.9348487854,30.0945777893066,120,436.620645523071,189.640159606934,24.0158038139343,130,460,190.597633361816,21.7748465538025
"169",1965,"GBIF",NA,NA,2017,6,10,0,"e",NA,60.75,48.75,4794054,55.8820831775665,516.439981460571,189.75,21.412070274353,37.472412109375,676.497802734375,191.357666015625,42.673828125,-24.5,639.25,128.75,31.75,43.5,566.75,197,23.25,99.9627208709717,460,186.009498596191,27.6562256813049,100,460,194.532802581787,30.6540741920471,120,434.195604324341,197.509490966797,24.0072751045227,129.888164997101,458.981227874756,198.623386383057,21.261239528656
"170",1967,"GBIF",NA,NA,2017,6,10,0,"e",NA,60.25,48.75,4794042,54.0037500858307,519.619998931885,194.25,15.4050943851471,35.744384765625,672.6630859375,198.054443359375,40.365478515625,-27,637.75,132.75,33.75,41.75,563.5,205,22,100,460,198.743728637695,26.7324185371399,100,460,207.931308746338,30.3997149467468,120,430,211.704425811768,24,130,452.795028686523,213.401142120361,20.9926266670227
"171",1969,"GBIF",NA,NA,2006,5,15,0,"e",NA,59.75,48.25,4856190,57.5216674804688,515.379981994629,189.75,13.6021018028259,40.73046875,653.82177734375,194.944580078125,32.62353515625,-23.5,634.25,132.5,34,45.5,560.25,200.5,21.25,100,455.963068008423,215.55700302124,26,105.796580314636,460,227.920459747314,29.9927248954773,120,420,227.891227722168,23.6931495666504,130,445.448608398438,233.737144470215,21.8675193786621
"172",1970,"GBIF",NA,NA,2012,5,18,0,"e",NA,58.75,48.25,4856166,60.3558337688446,492.879981994629,208.25,12.8710255622864,39.325439453125,644.39208984375,216.234130859375,29.2861328125,-25.75,633,149.75,38.5,43.5,554.25,222.75,24,100,447.908592224121,288.455177307129,23.4582891464233,100,450,304.264717102051,26,120,410,309.619186401367,23.0513653755188,130,438.808307647705,317.305221557617,21
"173",1971,"GBIF",NA,NA,2015,6,11,0,"e",NA,58.540822,48.769941,4788820,57.856040596962,460.319995880127,242,13.5602689981461,28.1270751953125,660.401000976562,250.868774414062,29.714111328125,-36.75,632,171.625,36.375,33.5,555.5,259,22.25,88.7912392616272,435.809063911438,315.184577941895,23.0551786422729,90,437.862043380737,329.227439880371,24.0495069026947,109.271385669708,400.641298294067,339.426445007324,21.2216567993164,117.22503900528,424.927558898926,346.286563873291,18.8523862361908
"174",1972,"GBIF",NA,NA,2012,5,17,0,"e",NA,58.513932,48.418942,4830260,57.9588890075684,468.986670176188,228.333333333333,14.4171228408813,30.2296549479167,648.3173828125,240.946126302083,26.9495442708333,-34.8333333333333,633.166666666667,165,38.3333333333333,34.6666666666667,554.833333333333,247.166666666667,23.3333333333333,89.7790781656901,432.750021616618,340.365493774414,24,91.5918318430583,436.655527750651,357.782775878906,25.6065444946289,109.950846036275,397.413679758708,366.192011515299,23.9517183303833,119.52507019043,423.004671732585,374.209849039714,21.4189360936483
"175",1975,"GBIF",NA,NA,2012,5,16,0,"e",NA,58.258833,48.687056,4799174,61.9449987411499,469.559997558594,232.6,14.0557188034058,35.3169921875,654.2904296875,241.54453125,30.195703125,-29.8,631,167,39,40.6,553.8,248.8,24,90,440,299.003161621094,24.0127857208252,100,441.663124084473,312.380560302734,25.4464546203613,110.44934463501,410,320.610650634766,21.7646389007568,120,430.028129577637,328.368646240234,19.0996185302734
"176",1976,"GBIF",NA,NA,2012,5,17,0,"e",NA,58.25,48.25,4856154,64.1970825195312,476.690006256104,214.75,14.214373588562,40.1416015625,639.064697265625,224.764404296875,28.841064453125,-26,632.75,154.5,39.75,44.25,552.25,232.5,25,100,440,312.271308898926,24.0084471702576,100,448.86739730835,327.934593200684,25.1103973388672,120,409.491672515869,332.962379455566,22,129.850885868073,430,342.025466918945,20
"177",1980,"GBIF",NA,NA,2012,6,1,0,"e",NA,58.25,48.75,4793994,61.2787508964539,471.940002441406,233,14.1529741287231,35.578369140625,655.836181640625,242.66796875,30.71875,-29.25,631.5,168,37.75,40.75,553.5,250.5,24,90.273265838623,440.767068862915,283.140518188477,24.3641495704651,100,444.143447875977,295.513725280762,25.9497866630554,112.396411895752,409.814434051514,303.450759887695,21.7323250770569,120,430.767068862915,310.895965576172,19.4872093200684
"178",1982,"GBIF",NA,NA,2012,6,14,0,"e",NA,57.75,51.25,4483182,36.0991677641869,460.774998664856,380.25,20.4160192012787,11.9127197265625,682.064819335938,324.094116210938,46.16943359375,-52.375,614,222.375,28.5,19.875,532.125,349.75,24,70.0422352552414,438.561902046204,440.406173706055,12.1543701887131,79.4126152992249,421.309251785278,428.536201477051,12,90.4415559768677,402.607197761536,443.377998352051,13.9716649055481,100.441555976868,415.591940879822,459.256046295166,10
"179",1990,"GBIF",NA,NA,2012,6,4,0,"e",NA,54.75,50.25,4607430,50.855416059494,469.07000541687,283.25,19.6862630844116,37.376220703125,653.963134765625,267.0498046875,48.464111328125,-37.25,627,187.75,29.5,41.5,532,287,20,90,435.578622817993,325.252708435059,24.0513653755188,98.36505651474,430.706701278687,321.820854187012,20,110,409.053859710693,330.368614196777,20.2708024978638,120,421.384410858154,340.969482421875,17.9571957588196
"180",2107,"GBIF",NA,NA,2013,6,18,0,"e",NA,48.033056,48.969746,4762668,79.4309997558594,439.73600769043,260.4,17.2102195739746,65.3001953125,592.4154296875,214.8814453125,49.9501953125,-20.6,660,186.8,26,69.4,483.8,245.8,16,110,410,279.024249267578,16.0836059570312,120,410,276.312097167969,13.0052339553833,130,391.671432495117,293.204382324219,13.9985801696777,140,409.855346679688,291.539508056641,12
"181",2111,"GBIF",NA,NA,2010,5,25,0,"e",NA,46.922157,48.086094,4871422,89.2675002415975,423.226668039958,261.166666666667,17.4197146097819,77.662109375,586.113118489583,220.687174479167,52.5831705729167,-3.5,646.833333333333,201.5,30.8333333333333,81.1666666666667,462.166666666667,252.166666666667,18.1666666666667,120,400,280.380752563477,18.1714159647624,130,400,274.620040893555,15.9943687121073,140,389.714635213216,296.735936482747,15.0214104652405,150,391.319154103597,294.096501668294,12.0732707977295
"182",2181,"RU-BIRDS.RU","Confirmed breeding",NA,2016,6,13,1,"e",NA,88.369679,50.014006,4634136,-42.1925004323324,527.606665293376,181.333333333333,91.6392389933268,-29.9475911458333,606.213704427083,130.05029296875,106.1689453125,-82.6666666666667,441.833333333333,143.666666666667,77.6666666666667,-31.5,481.5,171.833333333333,71.1666666666667,-10.5318732062976,430.32309850057,191.174570719401,91.532480875651,-6.34617922827601,426.711393992106,191.494873046875,93.8500162760417,6.98777607331673,452.003993988037,197.470019022624,90.6403350830078,14.2339949806531,459.662685394287,196.357058207194,90.9048296610514
"183",2185,"RU-BIRDS.RU","Probable breeding",NA,2016,6,7,1,"e",NA,86.698967,50.403536,4587476,3.9866662574932,431.456008911133,404,73.33525390625,0.233984375,603.8193359375,325.3482421875,80.7044921875,-52,455.8,325.6,73.2,2,488.4,370.2,65.2,43.7854528427124,400,404.063311767578,60.3832374572754,46.990234375,397.837966918945,409.661743164062,62.0685470581055,63.0898971557617,427.837966918945,408.587072753906,60.038703918457,71.888201713562,438.862564086914,400.617425537109,57.9586929321289
"184",2187,"RU-BIRDS.RU",NA,"Kazakhstan",2020,5,31,0,"e",NA,78.21086,43.49155,5447153,98.5208344459534,412.119989395142,393,34.6024503707886,67.96240234375,632.6123046875,356.474365234375,50.879150390625,40.75,418.25,286.75,31.5,83,460.75,388,31.5,123.877272605896,389.976873397827,402.615341186523,38.403528213501,128.137226104736,378.973617553711,422.848945617676,43.5252094268799,143.571772575378,365.571279525757,428.739692687988,35.6388959884644,150.072441101074,377.06072807312,434.276481628418,36.4167776107788
"185",2188,"RU-BIRDS.RU",NA,"Kazakhstan",2020,5,31,0,"e",NA,78.2905511,43.5067134,5441974,98.3120822906494,411.699991226196,400.75,34.96009349823,66.641845703125,630.923583984375,358.205322265625,51.50390625,38.75,418.5,291,31,80.75,460.75,391,32,122.518172264099,393.448505401611,376.629043579102,38.1245288848877,125.061693191528,382.415142059326,395.436332702637,43.1964015960693,142.029731273651,368.113632202148,401.439880371094,35.4899778366089,146.762247085571,380.408191680908,406.575744628906,36.1572751998901
"186",2190,"RU-BIRDS.RU",NA,"Russia",2019,5,30,0,"e",NA,87.66045,50.2624,4603039,-34.7825006643931,452.066663106283,336.5,73.7743988037109,-30.5275065104167,598.271484375,254.859049479167,84.9905598958333,-83.8333333333333,439.333333333333,260,71.1666666666667,-30.8333333333333,476.333333333333,307.166666666667,64.3333333333333,-15.1323012510935,411.951363881429,435.660232543945,68.7849388122559,-12.1474126974742,407.254308064779,439.298258463542,71.47087987264,3.210234567523,438.718732198079,439.791051228841,64.928113301595,11.7924758791924,448.997834523519,431.214721679688,62.8410135904948
"187",2193,"RU-BIRDS.RU",NA,"Kazakhstan",2017,5,28,0,"e",NA,78.30815456,45.04658263,5250315,82.9058345158895,450.140005747477,353.333333333333,30.4740997950236,53.18212890625,678.8056640625,341.183919270833,35.1883138020833,22.8333333333333,463,273.833333333333,29.3333333333333,67.1666666666667,490.166666666667,367.5,29.3333333333333,105.881541570028,434.030628204346,449.003265380859,27.801123936971,107.515465418498,426.268603006999,456.452072143555,27.2859026590983,125.11798063914,410.689729054769,496.214497884115,28.9920247395833,127.92627175649,421.479784647624,494.791778564453,26
"188",2194,"RU-BIRDS.RU",NA,"Kazakhstan",2017,5,28,0,"e",NA,47.68647335,48.13070687,4866260,88.5711097717285,429.033336639404,244.333333333333,15.8179626464844,76.92431640625,584.535319010417,198.63818359375,54.525390625,-3.16666666666667,692.833333333333,205.5,42.6666666666667,80,463.333333333333,230.166666666667,17.3333333333333,120,409.966042836507,249.291511535645,20,130,410,245.09166208903,17.0101232528687,140,390.627059936523,265.435592651367,18,150,400,263.545043945312,15.1757690111796
"189",2197,"RU-BIRDS.RU",NA,"Kazakhstan",2014,5,27,0,"e",NA,77.03346133,43.96364062,5384964,94.2823333740234,464.671997070312,359.4,37.5157554626465,58.298828125,656.8646484375,360.16640625,49.8123046875,34.8,430.6,261.4,38.6,74.8,464.6,389,37.6,131.69158744812,436.259147644043,326.055590820312,30.3327518463135,136.338718414307,429.513771057129,336.537023925781,32.810595703125,151.339357376099,410.854263305664,351.896850585938,27.9499458312988,159.682661056519,419.942939758301,352.735052490234,27.0337745666504
"190",2199,"RU-BIRDS.RU",NA,"Kazakhstan",2016,5,27,0,"e",NA,77.42635868,49.25158262,4727114,23.9897215366364,460.619996388753,309.666666666667,38.1370328267415,-3.17106119791667,676.360677083333,235.96044921875,62.7884114583333,-49.3333333333333,519.333333333333,177,40,2.33333333333333,526.333333333333,277.833333333333,37.3333333333333,51.1177444458008,424.323838551839,307.708501180013,67.5041287740072,57.6137908299764,398.13710530599,308.4453125,66.0079104105632,68.5594002405802,406.342239379883,301.161051432292,63.7827364603678,78.5594002405802,422.35424041748,310.640803019206,62.9875106811523
"191",2205,"RU-BIRDS.RU",NA,"Kazakhstan",2014,5,25,0,"e",NA,78.25216323,43.49576181,5447154,98.6462497711182,412.189989089966,395.75,34.866888999939,67.5107421875,631.8154296875,356.78955078125,51.222900390625,40,418.25,288.5,31.25,82,460.75,389,31.75,123.412177562714,391.503391265869,387.832916259766,38.3395233154297,127.110896110535,380.714998245239,407.225303649902,43.4412813186646,143.058824539185,366.442022323608,413.198692321777,35.6733331680298,148.811628818512,378.260269165039,418.460174560547,36.3670625686646
"192",2208,"RU-BIRDS.RU",NA,"Kazakhstan",2019,5,20,0,"e",NA,78.97902,43.15986,5488611,73.8224991162618,409.526672363281,514.833333333333,40.3721383412679,42.4007161458333,606.347330729167,395.391927083333,58.21533203125,12.1666666666667,412.166666666667,325.833333333333,34.8333333333333,54.6666666666667,456.166666666667,439.833333333333,43.8333333333333,67.4149107933044,429.888305664062,430.519861857096,42.2988510131836,70.9345865249634,419.937966664632,449.380086263021,46.659060160319,85.9577878316243,408.739255269368,451.850118001302,39.5282758076986,91.7114782333374,424.620297749837,459.339207967122,40.0803922017415
"193",2210,"RU-BIRDS.RU",NA,"Russia",2020,5,20,0,"e",NA,107.4925298,51.71362877,4422215,-8.00999969244003,537.98667271932,264.166666666667,110.023798624674,-14.6642252604167,675.514973958333,248.722330729167,100.531901041667,-86.5,576.666666666667,189.166666666667,97.3333333333333,-22,579.5,282.833333333333,98.8333333333333,26.3954595724742,523.970165252686,313.746892293294,105.764761606852,27.1306983629862,521.399663289388,323.820821126302,107.724620819092,45.7427994410197,551.115830739339,306.354359944661,99.3066698710124,56.4540529251099,550.470759073893,306.317698160807,98.7975196838379
"194",2211,"RU-BIRDS.RU",NA,"Russia",2014,5,20,0,"e",NA,91.82263094,51.28055363,4478819,-30.768666267395,565.975997924805,330,78.7835388183594,-37.0134765625,726.4576171875,271.1041015625,81.60625,-89.8,566.2,240.2,63.6,-41.6,591.6,340.6,66.4,26.48246717453,453.89200592041,375.927850341797,86.4770538330078,29.6906728744507,451.935722351074,377.220593261719,86.3292037963867,45.3087339401245,473.223648071289,364.468560791016,83.5257125854492,54.4617118835449,479.094314575195,362.857562255859,83.2699081420898
"195",2213,"RU-BIRDS.RU",NA,"Kazakhstan",2016,5,19,0,"e",NA,79.2093374,43.17939459,5483437,59.9620842933655,394.250001907349,556.75,40.3471441268921,29.534912109375,600.61376953125,407.6962890625,61.550048828125,-1.5,410.25,336,38.25,40.75,454.75,457.5,49,53.6334562301636,425.357723236084,497.952217102051,40.862681388855,56.7364192008972,415.324850082397,520.385665893555,45.1533708572388,72.0453822612762,402.82693862915,523.707176208496,37.8212337493896,77.3046052455902,420,532.02294921875,38.3897819519043
"196",2214,"RU-BIRDS.RU",NA,"Russia",2020,5,18,0,"e",NA,106.2572875,50.96678778,4515426,-1.66799956560135,538.176002502441,356.8,97.6882995605469,-1.57578125,661.893359375,342.0275390625,91.301953125,-69.8,545.6,261.8,84.2,-8.6,551.6,381.6,91.2,39.9458422660828,515.876510620117,269.917196655273,102.196917724609,40,512.84383392334,281.34658203125,104.810412597656,59.9268379211426,535.675086975098,271.104132080078,98.9452529907227,70,535.207893371582,272.186926269531,98.9528961181641
"197",2215,"RU-BIRDS.RU",NA,"Russia",2017,5,18,0,"e",NA,107.0921035,51.11692486,4499906,-8.45166683197021,557.453320821126,303.333333333333,106.387607574463,-11.2578125,672.356608072917,286.549967447917,99.61572265625,-80.3333333333333,564.5,218.666666666667,94.8333333333333,-18.1666666666667,569.666666666667,328,97.6666666666667,32.8533732891083,519.708773295085,263.341356913249,109.80952835083,34.1144279638926,517.064100901286,276.428960164388,113.369682312012,51.7825134595235,543.300603230794,262.859321594238,105.412698109945,63.7098073959351,542.553215026855,264.333053588867,105.381004333496
"198",2216,"RU-BIRDS.RU",NA,"Russia",2014,5,15,0,"e",NA,86.16896349,50.75335141,4540844,-2.37833315506577,457.193323771159,440.5,75.038646697998,-5.6494140625,592.36474609375,359.768391927083,79.9026692708333,-56.1666666666667,450.833333333333,344,73.5,-2.83333333333333,478,404,66.1666666666667,33.5346825917562,405.288219451904,457.764266967773,73.6867485046387,36.2011345227559,395.13500213623,467.433893839518,76.2011858622233,52.370495001475,427.666123708089,454.863779703776,70.735600789388,61.1321870485942,439.08987681071,446.265289306641,69.0041109720866
"199",2217,"RU-BIRDS.RU",NA,"Kazakhstan",2014,5,15,0,"e",NA,68.73997372,48.30887435,4846045,40.1189999580383,513.71199798584,192.2,17.949390411377,19.9017578125,712.57578125,170.692578125,41.0005859375,-29,581,132.8,25.4,24.8,554.2,216.6,18.4,80,464.564292907715,223.700140380859,31.774817276001,87.4929752349854,441.413551330566,228.397399902344,31.7281227111816,100,422.225471496582,228.176556396484,29.5969818115234,110,437.522804260254,235.242572021484,27.7001712799072
"200",2219,"RU-BIRDS.RU",NA,"Kazakhstan",2020,6,4,0,"e",NA,73.32713944,51.58645076,4436935,27.3711109161377,461.806666056315,307.166666666667,37.5181306203206,5.91129557291667,645.0830078125,258.4912109375,57.1905924479167,-51,551.166666666667,190,33.3333333333333,10.3333333333333,520.166666666667,309.833333333333,38.1666666666667,60,434.248275756836,373.595397949219,47.3453591664632,69.444678624471,406.251627604167,382.681330362956,42.6256281534831,80,426.251627604167,385.771458943685,43.0145893096924,90,433.918635050456,388.391810099284,42.0458799997965
"201",2220,"RU-BIRDS.RU",NA,"Kazakhstan",2018,6,9,0,"e",NA,59.31253034,47.48180797,4949419,66.4266653060913,505.984001159668,179.4,19.0637897491455,50.9708984375,624.0490234375,179.0494140625,30.3404296875,-14,632.2,125.2,41.2,54,552.4,185.8,25,107.110834121704,442.590980529785,190.839920043945,28.3165901184082,110,450.78263092041,203.970373535156,31.0972610473633,120,410.883697509766,201.213647460937,26.0452068328857,130,439.863548278809,208.71559753418,24.8278160095215
"202",2221,"RU-BIRDS.RU",NA,"Kazakhstan",2020,6,23,0,"e",NA,78.75180029,44.24200167,5353926,75.1808321475983,411.430006027222,430.75,31.7004928588867,37.04443359375,643.193115234375,384.8564453125,48.04541015625,7,422.75,336.5,29.75,50.25,467,425.75,30.75,103.503048419952,363.882913589478,483.416015625,41.6395692825317,107.84515619278,355.60525894165,498.339561462402,44.7023735046387,122.675259113312,336.65961265564,524.038757324219,38.9691715240479,129.275665283203,354.528436660767,524.140403747559,38.5060014724731
"203",2222,"RU-BIRDS.RU",NA,"Kazakhstan",2020,6,30,0,"e",NA,79.56027899,44.20731163,5359125,89.9877770741781,421.413332621257,312,31.4181400934855,54.7931315104167,633.671061197917,304.690592447917,55.1826171875,23.1666666666667,427,277.666666666667,26.5,66.8333333333333,473.333333333333,338.666666666667,33.6666666666667,118.310699462891,396.798445383708,307.342910766602,45.2273451487223,121.716615358988,386.088072458903,319.768407185872,48.5687465667725,136.949055989583,373.359228769938,331.349553426107,42.1957340240479,142.463464736938,388.198420206706,329.232182820638,41.0641339619954
"204",2223,"RU-BIRDS.RU",NA,"Kazakhstan",2014,6,26,0,"e",NA,78.80193293,43.0327999,5504147,54.7370004653931,385.487998962402,628,40.455152130127,26.713671875,604.10390625,421.4193359375,58.96015625,-2.4,407.4,341.4,38.6,39.8,450.2,472,50,50.1543741226196,408.156509399414,515.9884765625,45.3414703369141,53.0702753067017,398.412712097168,536.899768066406,49.6850601196289,68.4438333511353,385.375663757324,539.957653808594,42.8093566894531,73.3756132125854,402.853538513184,549.757800292969,43.0872619628906
"205",2227,"RU-BIRDS.RU",NA,"Kazakhstan",2014,6,26,0,"e",NA,78.9406997,43.12804221,5488610,56.2669440110525,394.813334147135,594.666666666667,41.8951511383057,28.3748372395833,604.18408203125,413.408854166667,59.7483723958333,-2.66666666666667,408.833333333333,339.333333333333,38.5,39.6666666666667,453,464.166666666667,48.8333333333333,50.100138982137,424.383920033773,500.130401611328,44.861780166626,52.3640366395315,415.644003550212,521.979044596354,49.1769377390544,68.787743250529,402.105147043864,524.122675577799,42.1945692698161,73.2659594217936,419.547017415365,533.11919148763,42.6084715525309
"206",2230,"RU-BIRDS.RU",NA,"Russia",2020,6,18,0,"e",NA,87.70008247,50.23688508,4608220,-32.7140007019043,462.479995727539,322.6,74.7795318603516,-27.2509765625,600.7359375,245.27109375,86.2740234375,-79.6,442,251.4,71.6,-26.6,479.4,297.2,64.8,-12.9542697668076,413.237770080566,414.971398925781,69.5469345092773,-9.80817270278931,408.290519714355,418.313238525391,72.3211303710937,5.42097970843315,439.116752624512,418.846136474609,65.6795379638672,14.0438933372498,449.645690917969,410.654156494141,63.6433921813965
"207",2237,"RU-BIRDS.RU",NA,"Russia",2019,6,18,0,"e",NA,85.57169342,50.24562414,4608169,-2.69749996562799,473.953329722087,469,65.1096789042155,-2.04964192708333,589.23486328125,393.409505208333,70.2062174479167,-52,447.666666666667,368.833333333333,63.6666666666667,1.5,478.333333333333,427.833333333333,55.1666666666667,42.5557331244151,386.180159250895,436.768854777018,53.6911919911702,45.13325770696,370.893185933431,440.194330851237,54.6990699768066,63.7881811459859,409.998683929443,436.077784220378,48.199603398641,73.7384756406148,421.06149037679,424.78603108724,46.7756334940592
"208",2239,"RU-BIRDS.RU",NA,"Russia",2019,6,26,0,"e",NA,106.1560822,50.96427503,4515423,-1.78611089785894,530.073337554932,373.333333333333,97.143133799235,-3.87353515625,659.835611979167,363.480305989583,90.3401692708333,-72,543.166666666667,277.166666666667,84.5,-10.6666666666667,548.666666666667,404.5,90.3333333333333,37.9578904310862,509.272829691569,304.659851074219,100.794064839681,38.6664076646169,506.79786046346,317.667729695638,103.431096394857,57.5975489616394,528.570925394694,306.328323364258,97.2974599202474,68.5125533739726,527.869758605957,307.469650268555,97.2991841634115
"209",2240,"RU-BIRDS.RU",NA,"Russia",2019,6,26,0,"e",NA,106.1118985,50.94058238,4520602,-2.26933348178864,525.352005004883,382,96.8641036987305,-5.6423828125,658.7333984375,374.94296875,90.108984375,-74.2,541.8,286,84.4,-12.6,547.2,416.8,90.2,35.4995083808899,506.098968505859,323.030798339844,100.285101318359,36.4872512817383,503.190292358398,336.749847412109,102.952238464355,55.0320520401001,525.243133544922,324.988708496094,96.7415588378906,66.2823038101196,524.22087097168,326.182373046875,96.7735778808594
"210",2241,"RU-BIRDS.RU",NA,"Kazakhstan",2016,6,24,0,"e",NA,82.18049727,45.67437991,5172708,80.2688876787821,492.839997609456,205.333333333333,41.0675067901611,53.0616861979167,696.535319010417,207.599772135417,46.6912434895833,15.3333333333333,500.666666666667,167,31,60.5,537.166666666667,231.833333333333,29.5,114.08300558726,398.58455657959,177.917198181152,30.1581252415975,118.117787043254,388.617655436198,181.361595153809,31.7633860905965,123.190625508626,401.142717997233,185.286618550618,26.7726052602132,126.57266775767,418.061122894287,185.784797668457,25.286153793335
"211",2242,"RU-BIRDS.RU",NA,"Kazakhstan",2018,6,4,0,"e",NA,85.65376424,49.18649155,4737671,14.7673332989216,414.767997741699,457.4,52.908073425293,-0.5302734375,611.034765625,364.5970703125,63.5001953125,-50.6,456.6,328.6,55.4,1.4,493,395.4,46.4,35.5847196578979,369.023078918457,549.714123535156,41.5558296203613,39.0797801017761,360.059646606445,547.914880371094,41.0346069335938,53.8938512802124,393.964149475098,546.071765136719,34.9402954101563,62.842041015625,405.446556091309,534.497760009766,34.6158737182617
"212",2243,"RU-BIRDS.RU",NA,"Kazakhstan",2015,6,17,0,"e",NA,84.13618166,48.06214277,4877495,43.4813318252563,484.231986999512,291,35.2393669128418,30.7263671875,692.1447265625,262.6513671875,43.2228515625,-15.8,520.8,213.2,30,35.6,544.4,286.4,31.4,90,431.472648620605,216.582965087891,31.7241836547852,98.6794357299805,420.402076721191,217.952691650391,30.0154418945312,100,447.892578125,221.937579345703,25.9635921478271,110,458.875015258789,216.453955078125,23.1234588623047
"213",2244,"RU-BIRDS.RU",NA,"Kazakhstan",2018,6,20,0,"e",NA,71.23222973,42.91700941,5514325,111.420000394185,425.579999287923,317,48.7038466135661,79.9392903645833,625.49755859375,314.486002604167,47.3553059895833,56.1666666666667,423.666666666667,253.5,44,98,459.833333333333,346,46.5,129.887062708537,432.840919494629,363.711619059245,42.4223187764486,130.012793540955,424.050223032633,379.706298828125,43.0230611165365,149.811876614889,391.165218353271,410.838689168294,44.2575956980387,154.510846138,397.7521387736,407.284378051758,42.8527514139811
"214",2245,"RU-BIRDS.RU",NA,"Russia",2018,6,19,0,"e",NA,94.73590105,50.24798977,4608389,-28.9844445387522,612.559986114502,231,82.937816619873,-40.3889973958333,781.67236328125,209.745279947917,101.486653645833,-100.333333333333,610.5,209.833333333333,78.3333333333333,-47.8333333333333,643.333333333333,255.166666666667,70.8333333333333,26.7861990133921,526.045010884603,292.848917643229,81.7650477091471,28.6548062165578,522.210788726807,294.210530598958,83.0127080281575,46.2574561436971,543.345508575439,288.189875284831,78.7745196024577,56.8287460009257,549.272816975911,280.910237630208,77.0973968505859
"215",2251,"Nyamba",NA,"Mongolia",NA,NA,NA,1,"e","Personal Observation B. Davaasuren",107.165183,43.031248,5504827,67.8750002384186,469.590015411377,96.25,118.160970687866,39.769775390625,623.707763671875,192.43115234375,118.22705078125,-7,496,63,94,42,508.25,124.75,113.25,95.6546068191528,484.473962783813,118.973766326904,104.457838058472,97.6195955276489,492.632331848145,109.558195114136,99.1295833587646,102.527334690094,504.423513412476,134.529537200928,110,110,509.298410415649,144.634281158447,116.332450866699
"216",2252,"Nyamba",NA,"Mongolia",NA,NA,NA,1,"e","Personal Observation B. Davaasuren",107.531298,42.712798,5541096,71.9883337020874,488.072006225586,105.8,109.239663696289,50.009765625,623.7703125,185.23671875,122.447265625,3,500.2,65.2,96,51.4,510.4,128.4,113.6,100,491.711067199707,114.786950683594,106.493376159668,109.130113601685,500,103.985707092285,98.8332885742188,113.248914718628,513.002876281738,128.736204528809,112.88366394043,120,515.167045593262,137.442477416992,118.399082946777
"217",2253,"Nyamba",NA,"Mongolia",NA,NA,NA,1,"e","Personal Observation B. Davaasuren",108.627554,45.763318,5162983,14.5026657581329,497.279991149902,144.6,120.539532470703,11.430859375,659.5265625,169.509765625,120.8193359375,-43.6,504.6,90,101.8,9.8,519.6,163.6,118.4,57.3875312805176,506.037269592285,144.128799438477,107.591471862793,57.8052520751953,509.890098571777,151.732458496094,111.259272766113,61.226092338562,531.88582611084,169.800341796875,116.578167724609,69.2629852294922,530,171.904312133789,117.70920715332
"218",2254,"Nyamba",NA,"Mongolia",NA,NA,NA,1,"e","Personal Observation B. Davaasuren",91.921346,47.886805,4898402,6.351666867733,552.464012145996,121.2,92.0399536132813,-3.24453125,740.200390625,97.0802734375,117.912890625,-52.4,553.2,84.4,112.2,-5,597,104.4,97.8,49.9356899261475,443.745346069336,133.807301330566,103.054400634766,52.1920738220215,442.997924804688,134.15676574707,103.411401367187,61.1918296813965,460.032745361328,136.04376373291,102.578094482422,67.1707029342651,466.357696533203,135.726597595215,103.538798522949
"219",2255,"Nyamba",NA,"Mongolia",NA,NA,NA,1,"e","Personal Observation B. Davaasuren",93.706578,50.134967,4618724,-26.4305555820465,630.780010223389,226.166666666667,77.9104868570964,-35.18408203125,785.972981770833,188.698893229167,101.10693359375,-93,614.5,183.666666666667,76.1666666666667,-43.1666666666667,645.333333333333,234.166666666667,71.1666666666667,29.9425148963928,529.998124440511,279.048940022786,81.6683680216471,30.1018754641215,525.013783772786,280.392364501953,83.127192179362,49.9761390686035,538.786080678304,267.259043375651,79.0747439066569,59.995227654775,539.697424570719,262.410558064779,78.3724594116211
"220",2256,"Nyamba",NA,"Mongolia",NA,NA,NA,1,"e","Personal Observation B. Davaasuren",105.76067,46.162271,5116294,11.4266667763392,506.340007781982,170.333333333333,120.757153828939,3.71891276041667,676.429524739583,177.544759114583,127.93505859375,-49.1666666666667,511.166666666667,104.666666666667,99.6666666666667,2.83333333333333,532.166666666667,186.333333333333,113.666666666667,48.5665146509806,496.328862508138,149.648401896159,113.776823679606,48.7210361162821,499.90686416626,152.70809173584,111.933836619059,51.6067345937093,510.209738413493,177.779660542806,121.674162546794,59.9920813242594,510.991051991781,180.592219034831,122.576635996501
"221",2257,"Nyamba",NA,"Mongolia",NA,NA,NA,1,"e","Personal Observation B. Davaasuren",106.302531,48.456761,4831407,-7.24694470564524,540.473333994547,284.666666666667,115.179355621338,-12.85986328125,714.42626953125,224.625162760417,118.383951822917,-72,556.666666666667,179.5,105.333333333333,-16.8333333333333,575.666666666667,269.666666666667,109.5,34.7546136379242,489.451522827148,309.92790222168,106.323196411133,35.1689970493317,483.956445058187,321.356450398763,106.249483744303,53.2378737131755,489.592145284017,331.188120524089,102.788099924723,64.2581820487976,488.247254689534,337.866511027018,105.211612701416
"222",2258,"Nyamba",NA,"Mongolia",NA,NA,NA,1,"e","Personal Observation B. Davaasuren",114.658058,49.52866,4696927,-0.0293341539800167,545.143997192383,301.6,124.503134155273,-1.7291015625,655.652734375,315.087890625,119.692578125,-79.8,565,221.2,117.2,-10.8,571.6,317,124.6,40,530,264.388446044922,116.756237792969,40,520,277.658453369141,120.782350158691,50,540,284.795776367188,112.055256652832,60,540,286.862750244141,113.407525634766
"223",2259,"Nyamba",NA,"Mongolia",2009,NA,NA,1,"e","Nyambayar Batbayar and Tseveenmyadag Natsagdorj eds. (2009)",91.24,46.03,5131485,25.41233253479,503.391998291016,109.4,63.4700531005859,16.4435546875,700.4763671875,81.5435546875,69.3552734375,-34.4,527.6,86,62.8,17.2,581,98.4,47.4,62.3148794174194,481.376502990723,110.413052368164,45.9240539550781,67.626015663147,482.899513244629,111.651483154297,45.945531463623,76.5004997253418,491.414649963379,116.388996887207,47.160546875,81.9108438491821,500,113.602508544922,45.4631683349609
"224",2260,"Nyamba",NA,"Mongolia",2009,NA,NA,1,"e","Nyambayar Batbayar and Tseveenmyadag Natsagdorj eds. (2009)",90.32,49.3,4722243,-0.322221644843618,467.273330688477,120.833333333333,116.297393798828,-13.29248046875,640.62744140625,105.7451171875,127.953450520833,-65,467,101,104.833333333333,-13.3333333333333,509.166666666667,121.166666666667,102,19.6660325924555,467.229290008545,130.601001739502,121.020357767741,23.3920723199844,468.78911336263,129.746439615885,122.261796315511,39.5255196094513,479.928061167399,127.526475270589,117.722587585449,46.0930474599202,488.202234903971,129.325163523356,120.465218861898
"225",2261,"Nyamba",NA,"Mongolia",2009,NA,NA,1,"e","Nyambayar Batbayar and Tseveenmyadag Natsagdorj eds. (2009)",90.57,50.07,4629009,-50.0873341560364,431.568008422852,206,97.594856262207,-63.7916015625,630.9349609375,191.25703125,111.131640625,-113.8,464,174,87.4,-64.2,499.4,232.8,86.4,-32.1124475002289,427.192031860352,199.492990112305,97.9650512695312,-29.0494413375854,420.847801208496,200.175793457031,99.2662139892578,-13.0019007995725,440.666954040527,196.29016418457,94.6857284545898,-5.88939599692822,448.298286437988,194.286544799805,94.9945709228516
"226",2262,"Nyamba",NA,"Mongolia",2009,NA,NA,1,"e","Nyambayar Batbayar and Tseveenmyadag Natsagdorj eds. (2009)",92.17,50.12,4623868,-27.6833319664001,635.519996643066,162.2,89.5038238525391,-30.4908203125,793.9490234375,115.8814453125,111.8921875,-79.2,615.8,98.6,84.2,-35.2,654.4,147.2,79.6,50,484.033584594727,129.87922668457,81.1368240356445,50,479.522102355957,130.748522949219,82.5041793823242,70,492.084312438965,125.923600769043,77.2784652709961,80,493.867347717285,123.686480712891,78.0481094360352
"227",2263,"Nyamba",NA,"Mongolia",2009,NA,NA,1,"e","Nyambayar Batbayar and Tseveenmyadag Natsagdorj eds. (2009)",92.24,47.56,4939849,11.9608332713445,574.353345235189,94.1666666666667,90.3665491739909,7.091796875,765.755045572917,77.146484375,106.441243489583,-41,577.333333333333,69.3333333333333,108.666666666667,5.83333333333333,622.333333333333,84.6666666666667,86.6666666666667,70.9969480832418,430.537026723226,126.553044637044,101.371760050456,74.2659497261047,430.581963857015,127.570223490397,101.66440709432,81.0194222132365,450,128.805615743001,101.620287577311,88.1859540939331,460,128.539246877035,102.172824859619
"228",2264,"Nyamba",NA,"Mongolia",2009,NA,NA,1,"e","Nyambayar Batbayar and Tseveenmyadag Natsagdorj eds. (2009)",93.4,48.13,4867357,6.0863887766997,576.833343505859,86.6666666666667,101.533022562663,-2.22265625,780.21826171875,78.9186197916667,121.803385416667,-50.8333333333333,595.666666666667,68.8333333333333,110.5,-4.83333333333333,637,86.8333333333333,91.5,60,510.92903137207,80.940549214681,117.62612024943,60.0852878888448,510.570685068766,79.8078829447428,116.246617635091,80,510.159778594971,82.0540784200033,118.434560139974,90,518.714694976807,80.8702901204427,118.510144551595
"229",2265,"Nyamba",NA,"Mongolia",2009,NA,NA,1,"e","Nyambayar Batbayar and Tseveenmyadag Natsagdorj eds. (2009)",96.66,49.17,4737935,-62.3613890012105,578.646672566732,208.833333333333,99.3664690653483,-57.2511393229167,756.132486979167,163.328776041667,134.835774739583,-118.833333333333,578.833333333333,172,99.8333333333333,-63.8333333333333,626.666666666667,189.833333333333,92.5,-0.047324172531565,520.079752604167,252.10075378418,98.1120020548503,0,520,245.182749430339,94.443177541097,10,545.99749883016,269.299011230469,104.632671356201,19.9526758988698,550,270.206197102865,105.916637420654
"230",2266,"Nyamba",NA,"Mongolia",2009,NA,NA,1,"e","Nyambayar Batbayar and Tseveenmyadag Natsagdorj eds. (2009)",99.21,48.56,4815697,-37.0263890425364,513.393325805664,208.666666666667,115.963368733724,-41.24658203125,704.878092447917,178.265462239583,136.411783854167,-100,547.833333333333,144.166666666667,108.166666666667,-45.8333333333333,573.833333333333,204.5,111,2.92215466499329,509.482669830322,236.512056986491,106.694021860758,4.3472761909167,504.689000447591,237.83053334554,105.938137054443,20.3530354301135,500,257.433303833008,112.987197875977,26.605730454127,509.9853515625,265.228571573893,117.172798156738
"231",2267,"Nyamba",NA,"Mongolia",2009,NA,NA,1,"e","Nyambayar Batbayar and Tseveenmyadag Natsagdorj eds. (2009)",95.48,46.45,5079787,24.7527782122294,497.600002288818,79.6666666666667,111.93198521932,16.1583658854167,687.925130208333,88.8343098958333,110.12060546875,-33.1666666666667,512.5,68.1666666666667,104,16.6666666666667,561.833333333333,90.8333333333333,101.666666666667,81.6486748059591,439.735202789307,113.335721333822,97.0650431315104,82.2639004389445,449.747670491536,107.744383494059,91.195566813151,96.3668378194173,442.501029968262,129.578890482585,104.114289601644,101.21661345164,451.443843841553,127.679487864176,101.434282938639
"232",2268,"Nyamba",NA,"Mongolia",2009,NA,NA,1,"e","Nyambayar Batbayar and Tseveenmyadag Natsagdorj eds. (2009)",100.45,45.04,5256026,21.2480554978053,465.993328094482,128.833333333333,120.60645421346,3.849609375,621.940592447917,158.333333333333,116.10205078125,-41.5,463.833333333333,85.5,101.333333333333,8.16666666666667,503,148.333333333333,114.5,68.056222597758,470.113213857015,161.002772013346,101.758689880371,68.3884652455648,477.186768849691,171.714055379232,103.105373382568,76.7119431495667,475.591615041097,194.428469340007,112.926352183024,82.5413759549459,479.695224761963,198.752891540527,112.691527048747
"233",2269,"Nyamba",NA,"Mongolia",2009,NA,NA,1,"e","Nyambayar Batbayar and Tseveenmyadag Natsagdorj eds. (2009)",101.15,47.17,4986683,-27.9547230402629,409.253323872884,326.833333333333,111.519897460938,-29.5460611979167,591.580078125,327.021809895833,119.105305989583,-79.1666666666667,435.333333333333,223.666666666667,103.166666666667,-30.5,468.166666666667,353,112.666666666667,-9.49531810979048,462.93306350708,433.405985514323,103.000780741374,-8.92999277760585,460.016708374023,451.935536702474,103.996451059977,8.64107728004456,460.016708374023,494.245320638021,110.016264597575,15.1618203769128,460.016708374023,500.349680582682,110.943190256755
"234",2270,"Nyamba",NA,"Mongolia",2009,NA,NA,1,"e","Nyambayar Batbayar and Tseveenmyadag Natsagdorj eds. (2009)",99.56,49.56,4691385,-23.1896662712097,504.399993896484,229.4,121.506065368652,-34.7123046875,713.0640625,192.1638671875,140.871484375,-94.2,542.4,167.8,113.8,-42.4,571,225.6,113.2,20.7698352336884,481.09114074707,265.034509277344,121.344686889648,23.0372817516327,484.276008605957,257.154769897461,118.575825500488,36.9559669494629,481.952438354492,270.700158691406,122.996650695801,42.7238645553589,488.145278930664,281.479214477539,126.5296875
"235",2271,"Nyamba",NA,"Mongolia",2009,NA,NA,1,"e","Nyambayar Batbayar and Tseveenmyadag Natsagdorj eds. (2009)",99.27,51.01,4510078,-68.9527781804403,572.8733253479,272.833333333333,115.496050516764,-67.9345703125,745.9658203125,199.701985677083,127.270345052083,-133,572.833333333333,190.333333333333,103.833333333333,-78.8333333333333,597.833333333333,257.666666666667,104,-10.8315203587214,462.476565043132,489.365244547526,115.089192708333,-10.0878403584162,465.231119791667,479.158091227214,114.009156545003,8.32591086626053,473.22135925293,495.27251180013,112.887018839518,17.2505744298299,478.134969075521,500.298914591471,114.956495920817
"236",2272,"Nyamba",NA,"Mongolia",2009,NA,NA,1,"e","Nyambayar Batbayar and Tseveenmyadag Natsagdorj eds. (2009)",101.55,49.31,4722513,0.941110864902536,475.740000406901,287.333333333333,127.596790313721,-4.05550130208333,653.28564453125,233.489420572917,141.746907552083,-59.6666666666667,488.666666666667,190.333333333333,119.166666666667,-9.83333333333333,511.333333333333,267.833333333333,122.666666666667,41.4852074782054,469.122422536214,301.920527140299,127.037989298503,43.3223303159078,460.533568064372,300.483113606771,125.820697784424,57.8058195114136,470,315.219909667969,128.868408203125,64.9265082677205,478.968130747477,332.100992838542,133.341481526693
"237",2273,"Nyamba",NA,"Mongolia",2009,NA,NA,1,"e","Nyambayar Batbayar and Tseveenmyadag Natsagdorj eds. (2009)",101.57,48.55,4815753,-12.9200000564257,436.286659240723,316.333333333333,123.915498097738,-18.16796875,615.95703125,298.221028645833,128.81640625,-72.3333333333333,459.666666666667,226,111,-21.6666666666667,483.5,328.166666666667,116.333333333333,14.7864028811455,476.578712463379,334.236363728841,123.176013946533,16.2502664327621,470,336.640497843424,122.346130371094,32.8200483322144,480,361.527333577474,126.482460021973,39.901419878006,480,380.190704345703,130.630353291829
"238",2274,"Nyamba",NA,"Mongolia",2009,NA,NA,1,"e","Nyambayar Batbayar and Tseveenmyadag Natsagdorj eds. (2009)",102.42,47.46,4950454,-0.759999897330999,481.255989074707,271.8,115.93251953125,-3.556640625,631.9935546875,248.01171875,119.2654296875,-55.4,479.8,174.8,96,-5.4,502.2,269.4,106,37.6276683807373,482.939826965332,253.173620605469,105.826512145996,37.6371703147888,480,263.200610351562,106.308673095703,49.1825799942017,488.726226806641,288.440100097656,111.12794342041,57.5017642974854,488.318031311035,293.229718017578,113.223828125
"239",2275,"Nyamba",NA,"Mongolia",2009,NA,NA,1,"e","Nyambayar Batbayar and Tseveenmyadag Natsagdorj eds. (2009)",104.57,47.26,4976405,1.08600062131882,492.247993469238,251.4,108.913729858398,-4.2138671875,668.3279296875,224.23125,118.2080078125,-58.8,507.8,157,99.8,-6.8,527.2,252.8,107,38.7222123146057,471.127464294434,259.555157470703,106.835598754883,38.7577619552612,467.616905212402,269.83063659668,107.480772399902,44.7741575241089,489.030921936035,308.64287109375,114.009204101563,52.0545120239258,487.085662841797,310.645574951172,114.825044250488
"240",2276,"Nyamba",NA,"Mongolia",2009,NA,NA,1,"e","Nyambayar Batbayar and Tseveenmyadag Natsagdorj eds. (2009)",102.55,43.45,5452917,51.8760004043579,502.536003112793,101.4,109.703428649902,31.3609375,630.1927734375,165.00625,109.2970703125,-13.4,479.2,64,83.4,36,515.8,120,103,73.9218263626099,450,114.869302368164,89.588410949707,75.5304327011108,459.880706787109,113.68190612793,85.7592071533203,88.5398254394531,449.880706787109,139.04367980957,97.8368759155273,94.3485126495361,450.318084716797,140.583422851562,98.2634262084961
"241",2277,"Nyamba",NA,"Mongolia",2009,NA,NA,1,"e","Nyambayar Batbayar and Tseveenmyadag Natsagdorj eds. (2009)",105.3,42.2,5608383,68.7583332061768,478.871994018555,87.2,106.29443359375,53.2201171875,618.3451171875,164.62109375,124.339453125,6.2,492,55.8,88,54.4,512.6,103.2,104.6,100.377498626709,489.228538513184,110.476399230957,104.798805236816,101.366729736328,494.483871459961,101.272889709473,97.1348693847656,113.998544692993,499.932426452637,125.810482788086,106.238983154297,119.267992019653,500,132.961070251465,109.525473022461
"242",2278,"Nyamba",NA,"Mongolia",2009,NA,NA,1,"e","Nyambayar Batbayar and Tseveenmyadag Natsagdorj eds. (2009)",107.4,43.05,5499653,71.4369448026021,474.860000610352,98.1666666666667,115.232728322347,43.9049479166667,626.441569010417,188.349772135417,122.293131510417,-3.5,500.5,61.5,91.3333333333333,46,510.666666666667,123,113.166666666667,99.9856853485107,492.189254760742,117.202777862549,104.407300313314,99.9952284495036,500,108.04364267985,98.9753049214681,109.814910888672,512.883650461833,132.576683044434,110.860669453939,112.046338717143,516.696427663167,142.73285929362,116.835322062174
"243",2279,"Nyamba",NA,"Mongolia",2009,NA,NA,1,"e","Nyambayar Batbayar and Tseveenmyadag Natsagdorj eds. (2009)",107.15,45.45,5204387,25.7366661230723,483.473339080811,122.166666666667,120.967233022054,19.1446940104167,667.072428385417,165.174479166667,129.664388020833,-32.6666666666667,507.166666666667,78.8333333333333,105,19.5,523.5,144.333333333333,121,69.9031082789103,498.658262888591,123.093706766764,106.20348739624,70,500,125.750045776367,106.067110697428,77.7518749237061,519.553521474203,145.374234517415,116.067629496257,80,520,146.861351013184,117.909385681152
"244",2280,"Nyamba",NA,"Mongolia",2009,NA,NA,1,"e","Nyambayar Batbayar and Tseveenmyadag Natsagdorj eds. (2009)",106.53,47.19,4986812,-12.095000743866,497.200004577637,229,121.143920898438,-18.18359375,683.5953125,212.005078125,126.1837890625,-75,514.6,149,108.6,-21.2,535.4,247.6,116,27.5198602676392,466.13793182373,237.359884643555,108.524487304687,27.4173860549927,466.13793182373,251.645278930664,109.570545959473,28.3760004043579,490,287.122686767578,115.664189147949,37.9813275337219,490,295.183502197266,117.834840393066
"245",2281,"Nyamba",NA,"Mongolia",2009,NA,NA,1,"e","Nyambayar Batbayar and Tseveenmyadag Natsagdorj eds. (2009)",105.52,47.42,4955708,-1.67888930688302,501.253337860107,240.833333333333,114.542105356852,-9.43880208333333,685.50341796875,212.96484375,121.916341145833,-66,520.5,150.333333333333,101.333333333333,-12.8333333333333,541.166666666667,246.833333333333,109,29.717564980189,509.32341893514,244.734514872233,103.75984064738,29.3589615821838,509.32341893514,256.524256388346,104.082246144613,34.4978272914886,529.942378997803,293.424728393555,110.690906524658,41.9309906164805,530,294.839345296224,111.383188883464
"246",2282,"Nyamba",NA,"Mongolia",2009,NA,NA,1,"e","Nyambayar Batbayar and Tseveenmyadag Natsagdorj eds. (2009)",106.08,50.12,4624201,-5.57100003957748,556.559989929199,309,111.467332458496,-4.568359375,695.207421875,277.5130859375,110.203125,-70.6,564.2,219.8,101.4,-9.6,573.2,322.8,106.6,39.5484566688538,547.171356201172,318.517864990234,104.440353393555,39.8553442955017,538.863838195801,334.021252441406,105.731787109375,59.5484571456909,558.756034851074,331.119360351562,101.505381774902,69.8553447723389,558.203086853027,335.654107666016,102.726809692383
"247",2283,"Nyamba",NA,"Mongolia",2009,NA,NA,1,"e","Nyambayar Batbayar and Tseveenmyadag Natsagdorj eds. (2009)",108.1,48.48,4826270,-45.7446660995483,514.71199798584,399.6,110.108546447754,-62.6267578125,689.51875,374.0779296875,114.0201171875,-122.8,537.8,294,110.2,-65.2,556.2,418.2,114.2,-35.5614552497864,473.732032775879,609.137646484375,110.137850952148,-35.0295696258545,467.891105651855,638.457458496094,111.804258728027,-16.2369722127914,470.718154907227,664.752282714844,109.20217590332,-5.51197645068169,471.474975585938,658.860083007812,109.652299499512
"248",2284,"Nyamba",NA,"Mongolia",2009,NA,NA,1,"e","Nyambayar Batbayar and Tseveenmyadag Natsagdorj eds. (2009)",107.25,47.57,4940210,-24.6891665458679,510.360012054443,273.166666666667,118.70893351237,-30.7369791666667,681.90380859375,252.1552734375,124.150390625,-89.6666666666667,519.166666666667,184.333333333333,114.333333333333,-33.6666666666667,536.166666666667,296.833333333333,121.166666666667,6.9083496928215,480,299.790084838867,109.912686665853,6.41800085703532,479.233417510986,320.953679402669,111.871518452962,6.91616157690684,500,355.944310506185,115.312838236491,16.3400950034459,500,364.300338745117,117.073123931885
"249",2285,"Nyamba",NA,"Mongolia",2009,NA,NA,1,"e","Nyambayar Batbayar and Tseveenmyadag Natsagdorj eds. (2009)",109.55,46.4,5085305,3.52166683226824,509.567993164062,197.6,121.70082244873,-6.0779296875,676.0796875,204.0111328125,116.117578125,-64,519.8,125.8,105.4,-9.2,535.8,221,117.4,42.4162125587463,480,229.357479858398,107.316271972656,40.9500856399536,477.24259185791,249.418014526367,110.525773620605,40.4788632392883,503.327392578125,273.368188476563,115.049322509766,52.2430362701416,500.756904602051,270.482482910156,113.433815002441
"250",2286,"Nyamba",NA,"Mongolia",2009,NA,NA,1,"e","Nyambayar Batbayar and Tseveenmyadag Natsagdorj eds. (2009)",111.08,49.07,4753821,-16.3041669130325,498.86666615804,356.666666666667,115.557248433431,-15.84814453125,647.871907552083,367.627604166667,110.443359375,-81,527.5,272.5,109.833333333333,-21.1666666666667,542.666666666667,393.333333333333,112,23.2475076119105,518.04957707723,372.89582824707,112.411319732666,22.964519460996,513.910789489746,384.942835489909,113.31196975708,38.4993827342987,519.352963765462,400.264134724935,109.823673248291,48.4745303789775,519.352963765462,404.964060465495,110.061937967936
"251",2287,"Nyamba",NA,"Mongolia",2009,NA,NA,1,"e","Nyambayar Batbayar and Tseveenmyadag Natsagdorj eds. (2009)",112.07,47.38,4961045,-0.816944564382235,514.293340047201,275.5,115.788701375326,-5.71598307291667,661.286295572917,274.066731770833,113.991861979167,-71.6666666666667,533.666666666667,195.833333333333,101.166666666667,-12.6666666666667,545.5,297.666666666667,115.666666666667,29.6461534500122,520,301.499649047852,102.239498138428,29.3499259154002,513.674894968669,317.307520548503,103.36688486735,32.028561035792,540.267944335938,340.920817057292,104.991439819336,43.8448492685954,539.77191289266,341.119384765625,105.97571182251
"252",2288,"Nyamba",NA,"Mongolia",2009,NA,NA,1,"e","Nyambayar Batbayar and Tseveenmyadag Natsagdorj eds. (2009)",113.44,49.17,4738338,-3.25083335240682,519.586671193441,328.833333333333,125.800245920817,-0.0890299479166667,667.575032552083,250.187174479167,111.85205078125,-72.8333333333333,563.333333333333,180,101.333333333333,-8,574.666666666667,256.166666666667,113.166666666667,27.3096470038096,526.236349741618,314.15049235026,115.786270141602,28.3342663447062,519.914735158285,319.930231730143,115.963644663493,44.9319020907084,524.31142171224,351.346059163411,113,56.170965830485,520.040365854899,344.195877075195,111.922999064128
"253",2289,"Nyamba",NA,"Mongolia",2009,NA,NA,1,"e","Nyambayar Batbayar and Tseveenmyadag Natsagdorj eds. (2009)",117.48,47.46,4950815,2.59305559098721,561.426658630371,238,115.92730585734,-1.88590494791667,669.34130859375,274.16943359375,115.431966145833,-79,593.166666666667,179,102.333333333333,-12,595.5,259.166666666667,109.333333333333,50,546.750965118408,241.226674397786,105.850593566895,50,539.976018269857,250.282956441243,114.709369659424,60,550,287.282669067383,116.939467112223,70,535.7568359375,292.828369140625,119.651912689209
"254",2290,"Nyamba",NA,"Mongolia",NA,NA,NA,1,"e","eBird B. Davaasuren (must be breeding)",91.576928,49.663873,4680833,-63.5661101341248,421.720002492269,252.833333333333,95.9856732686361,-74.7618815104167,658.1728515625,214.744466145833,112.760904947917,-122,478.666666666667,167.166666666667,93.1666666666667,-76.6666666666667,518.666666666667,242,92.3333333333333,-48.4370291233063,390.333728790283,671.680867513021,127.63219833374,-44.6895146369934,380.216426849365,670.145589192708,129.068143208822,-28.6386385560036,390.400772094727,657.186676025391,126.14753595988,-22.0190158486366,400.018984476725,660.262247721354,128.617469787598
"255",2291,"Nyamba",NA,"Mongolia",NA,NA,NA,1,"e","eBird B. Davaasuren (must be breeding)",109.40752,46.627396,5054221,5.78833281993866,514.546667734782,216.333333333333,117.796737670898,-6.25,682.723958333333,204.59765625,115.347493489583,-64.3333333333333,526.5,129.5,111.5,-9.66666666666667,541.5,226.5,118.333333333333,40.4537884394328,480.207595825195,228.655453999837,109.055056254069,39.9716877937317,478.945592244466,248.768007914225,112.551155090332,39.9716877937317,509.015045166016,273.549021402995,118.101552327474,49.9811251958211,505.457280476888,269.803426106771,115.73183186849
"256",2292,"Nyamba",NA,"Mongolia",NA,NA,NA,1,"e","eBird B. Davaasuren (must be breeding)",105.3537,44.4047,5333844,39.7630556424459,498.440004984538,103.5,105.409313201904,26.0685221354167,660.780436197917,167.289876302083,114.239583333333,-20.3333333333333,510.833333333333,61.3333333333333,83,29.8333333333333,532.333333333333,112.666666666667,108,76.6399232546488,489.89418665568,113.224538167318,102.157388051351,77.7648282051086,490.053272247314,108.627278645833,98.4087562561035,83.4888315200806,510.96607208252,127.593173980713,108.015454610189,87.5851440429688,520,127.413158416748,108.560152689616
"257",2293,"Nyamba",NA,"Mongolia",NA,NA,NA,1,"e","eBird B. Davaasuren (must be breeding)",92.059848,49.994353,4639405,-29.9191661675771,619.573345184326,149.5,94.5892448425293,-35.1691080729167,791.93359375,107.689453125,113.268229166667,-83.1666666666667,613,88.8333333333333,89,-39.1666666666667,652.833333333333,134.166666666667,83.8333333333333,49.1557884216309,474.137713114421,196.732810974121,89.8264656066895,49.99045530955,470.408948262533,197.627662658691,91.2796236673991,69.8528671264648,478.686898549398,191.03667195638,87.1045201619466,79.5942791302999,482.508894602458,188.969108581543,88.4847793579102
"258",2294,"Nyamba",NA,"Mongolia",NA,NA,NA,1,"e","eBird B. Davaasuren (must be breeding)",101.170133,47.711044,4919344,-7.69266641139984,411.623992919922,318,113.469499206543,-16.241796875,592.422265625,311.405859375,121.2916015625,-68,441.4,221.6,103.4,-18,468.4,339,112.2,7.14123833179474,479.493354797363,318.173901367188,106.480871582031,7.9382284283638,470,328.843084716797,106.661187744141,26.1236519813538,478.114074707031,355.094842529297,112.033906555176,31.8240399360657,479.493354797363,361.468438720703,113.593571472168
"259",2295,"Nyamba",NA,"Mongolia",NA,NA,NA,1,"e","eBird B. Davaasuren (must be breeding)",113.25999,49.412445,4712434,-3.63750020662944,546.066672007243,335,126.904663085938,6.03271484375,679.701497395833,250.44921875,111.8359375,-66.6666666666667,576.5,179.5,104.666666666667,-2,588.833333333333,253.5,113.166666666667,30,530.868142445882,294.543670654297,115.30647277832,36.0400660832723,528.324228922526,300.14902750651,116,50,530,323.168431599935,111.875198364258,60,530,317.474914550781,110.130335489909
"260",2296,"Nyamba",NA,"Mongolia",NA,NA,NA,1,"e","eBird B. Davaasuren (must be breeding)",108.47637,47.69281,4924699,-8.47733271121979,563.007995605469,280.2,117.47621307373,-34.591015625,724.397265625,281.469140625,121.161328125,-94.6,571.2,205.6,115,-37.2,582.6,324.6,124.4,21.9183218479156,506.992835998535,261.543591308594,106.088508605957,20.441908121109,504.52303314209,280.899102783203,110,19.2024254798889,530.337875366211,312.922131347656,114.024491882324,30.3005228042603,529.6171875,307.537316894531,112.164683532715
"261",2297,"Nyamba",NA,"Mongolia",NA,NA,NA,1,"e","eBird B. Davaasuren (must be breeding)",109.256387,43.625614,5427178,52.8812503814697,498.969993591309,99.25,109.929244995117,44.33984375,644.90625,166.9873046875,124.5341796875,-6,523.75,60.5,95.5,45.25,528.75,114.75,112,99.8990917205811,494.668483734131,111.375116348267,103.848676681519,100,499.297723770142,105.256425857544,100.419296264648,100,531.163053512573,130.50887298584,119.013362884521,109.899091720581,527.178134918213,139.904350280762,121.813219070435
"262",2298,"Nyamba",NA,"Mongolia",NA,NA,NA,1,"e","eBird B. Davaasuren (must be breeding)",93.341657,46.180737,5110816,-36.5946664810181,411.39200592041,169.6,85.8264953613281,-29.527734375,612.0419921875,152.4498046875,101.244140625,-79,433.4,133.2,98.6,-27.2,477.6,163.6,93.4,-22.9066152572632,419.752227783203,180.253964233398,109.625964355469,-20.0890028476715,420.415214538574,178.542819213867,108.281034851074,-9.65568310022354,428.949531555176,189.214837646484,109.81273651123,-5.73705288022757,439.499649047852,186.160800170898,108.616575622559
"263",2299,"Nyamba",NA,"Mongolia",NA,NA,NA,1,"e","eBird B. Davaasuren (must be breeding)",111.378396,47.359404,4966209,-2.29466700553894,524.784004211426,271.8,115.813726806641,-6.6859375,673.665625,274.31328125,115.4224609375,-71.6,539.6,198.8,104.6,-13,551.2,302.6,116,33.6417374610901,518.76838684082,283.707934570312,104.773434448242,32.2524538040161,512.42325592041,302.927789306641,106.758535766602,38.7802639007568,536.266738891602,322.996551513672,107.29659576416,49.301513671875,533.210494995117,319.623748779297,106.939646911621
"264",2300,"Nyamba",NA,"Mongolia",NA,NA,NA,1,"e","eBird B. Davaasuren (must be breeding)",102.799536,47.184567,4986723,-7.72466629743576,479.007995605469,266.2,112.302839660645,-11.988671875,645.2943359375,249.8875,119.4470703125,-63,491.8,175,95.6,-12.8,513.6,269.8,106.6,34.6546678543091,478.492645263672,268.267993164062,108.049270629883,34.8187308311462,470.737846374512,280.288641357422,109.290788269043,46.1435785293579,480,312.19384765625,114.52673034668,54.736307144165,480,315.847839355469,115.925498962402
"265",2301,"Nyamba",NA,"Mongolia",NA,NA,NA,1,"e","eBird B. Davaasuren (must be breeding)",113.32,49.22,4733155,-4.41733354330063,521.736015319824,336.6,124.841650390625,0.159375,670.3455078125,251.2205078125,112.07265625,-72.8,565.4,181,103,-7.8,577.6,257.4,113,27.1128768920898,529.644515991211,317.523724365234,115.063143920898,28.527304649353,520,323.434301757812,115.494929504395,43.1391773223877,528.946975708008,352.626489257813,112.353291320801,54.6660013198853,521.284484863281,345.818469238281,110.721466064453
"266",2302,"Nyamba",NA,"Mongolia",NA,NA,NA,1,"e","eBird B. Davaasuren (must be breeding)",91.777966,48.31232,4846598,9.06566667556763,552.567993164062,110.2,105.528367614746,-1.3326171875,736.519140625,93.8806640625,128.1611328125,-50.8,553,77.6,113.8,-2.8,594,102.2,103.4,50.5718784332275,469.993873596191,115.60738067627,101.814846801758,56.2743644714355,469.136703491211,115.071920776367,102.312924194336,69.8498783111572,479.019897460938,114.977351379395,100.864976501465,78.4885597229004,485.997184753418,114.600743103027,102.11316986084
"267",2303,"Nyamba",NA,"Mongolia",NA,NA,NA,1,"e","eBird B. Davaasuren (must be breeding)",105.241071,47.870112,4903901,-1.44499992330869,537.160002390544,240.833333333333,114.994192759196,2.30843098958333,698.940592447917,205.471842447917,121.35986328125,-54.6666666666667,537.5,148.166666666667,99.5,-1.33333333333333,558,240.166666666667,108,47.5905513763428,528.699086507161,208.460968017578,105.816070556641,47.8930695851644,525.63050587972,218.353121439616,106.00143178304,56.5285046895345,540,240.516571044922,109.367479960124,62.0274631182353,539.910799662272,243.88968149821,110.30445098877
"268",2304,"Nyamba",NA,"Mongolia",2010,NA,NA,1,"e","Stubbe et al (2010)",112.23,47.46,4950689,3.54083364208539,518.513329823812,278.833333333333,115.652737935384,-1.45475260416667,661.312662760417,262.259765625,116.588216145833,-68,536.5,187.5,104.5,-8.66666666666667,548.166666666667,283.5,116.666666666667,33.284703095754,520,280.798248291016,101.979162851969,32.110542456309,519.251766204834,294.075449625651,102.757485707601,38.4618786970774,547.422815958659,315.742914835612,104.166436513265,49.6671859423319,540,317.391962687174,105.995574951172
"269",2305,"Nyamba",NA,"Mongolia",2010,NA,NA,1,"e","Stubbe et al (2010)",118.06,47.59,4935289,-0.85749958952268,569.406681060791,264.5,116.094455718994,-5.57926432291667,673.005045572917,287.5400390625,116.39794921875,-82.8333333333333,599.833333333333,192.333333333333,106.833333333333,-15.6666666666667,602,277.833333333333,114,40,549.350884755453,278.011505126953,104.962814331055,40,540,291.895426432292,114.445504506429,50,547.339324951172,340.437240600586,120.590003967285,60.7623179753621,530,347.103729248047,121.701409657796
"270",2306,"Nyamba",NA,"Mongolia",2010,NA,NA,1,"e","Stubbe et al (2010)",106.03,47.25,4981620,-5.79250062505404,505.279998779297,227,117.715293884277,-11.21142578125,686.889811197917,201.355631510417,125.981608072917,-67.8333333333333,518.166666666667,141.5,104.5,-14.5,539.833333333333,236,112.333333333333,32.6221191883087,489.588120778402,225.354385375977,104.95591100057,32.6221191883087,488.742643992106,238.005071004232,105.505254109701,35.3927226861318,510.188738505046,272.711049397786,112.258941650391,44.1726700464884,509.836915334066,278.358759562174,114.194774627686
"271",2307,"Nyamba",NA,"Mongolia",2010,NA,NA,1,"e","Stubbe et al (2010)",105.57,46.12,5121469,12.8516674041748,509.986673990885,170.5,117.323589324951,6.08577473958333,678.608561197917,173.425130208333,124.624837239583,-46.3333333333333,514.333333333333,102.666666666667,97.6666666666667,5,535.333333333333,179.166666666667,112.166666666667,49.767914613088,500,143.640276590983,113.860173543294,49.7968848546346,500,146.18167368571,111.730204264323,57.2959589958191,514.033571879069,170.840680440267,122.006543477376,63.4912919998169,518.11305363973,172.613100687663,122.603870391846
"272",2308,"Nyamba",NA,"Mongolia",2010,NA,NA,1,"e","Stubbe et al (2010)",108.48,46.01,5131899,15.3466661771139,506.800003051758,146.333333333333,125.602495829264,11.4886067708333,666.513671875,170.50048828125,121.845052083333,-44.1666666666667,508.333333333333,95.8333333333333,105.166666666667,9.16666666666667,524.333333333333,173.166666666667,120.333333333333,59.9832924207052,509.843737284342,162.922035217285,108.92794418335,59.8879233996073,510,173.490669250488,111.943688710531,59.9832924207052,539.258639017741,194.889920552572,117.997711181641,70,530.041007995605,193.488726298014,117.001157124837
"273",2309,"Nyamba",NA,"Mongolia",2010,NA,NA,1,"e","Stubbe et al (2010)",105.21,44.24,5354561,43.3045852184296,499.620008468628,99.75,105.566495895386,29.131591796875,659.662841796875,166.98193359375,114.6572265625,-16.75,509.5,59,95,33.25,533,109.75,107.75,81.7476654052734,480,107.047515869141,99.6771125793457,86.1416482925415,486.664333343506,102.433692932129,95.1497554779053,90,502.371702194214,121.162311553955,104.701742172241,97.5542545318604,509.588556289673,121.821846008301,106.015407562256
"274",2310,"Nyamba",NA,"Mongolia",2010,NA,NA,1,"e","Stubbe et al (2010)",105.21,44.19,5359741,43.620002746582,497.128005981445,99.4,106.77113494873,28.8650390625,657.1732421875,169.426171875,111.895703125,-17,508.4,59.2,92.4,33,531.2,110.6,107.8,81.160758972168,479.947402954102,107.370401000977,99.6579467773438,85.4089431762695,481.616905212402,102.489515686035,94.9706527709961,90,499.965774536133,121.692384338379,104.314489746094,97.9710235595703,505.074577331543,122.526860046387,105.986242675781
"275",2311,"Nyamba",NA,"Mongolia",2010,NA,NA,1,"e","Stubbe et al (2010)",107.43,43.54,5442674,63.8891665140788,476.706663767497,93.6666666666667,116.647955576579,38.7278645833333,632.42822265625,185.695475260417,118.891276041667,-9.33333333333333,501.333333333333,60.3333333333333,91.6666666666667,41.1666666666667,513.833333333333,118.333333333333,114.666666666667,99.6239312489827,489.182325998942,110.954945882161,105.94732538859,99.7607517242432,499.182325998942,104.129680633545,102.031159718831,105.174218813578,509.965604146322,127.061496734619,112.253223419189,110,510.456600189209,137.594576517741,118.580023447673
"276",2312,"Nyamba",NA,"Mongolia",2010,NA,NA,1,"e","Stubbe et al (2010)",108.03,48.08,4878068,-28.6238884925842,531.899992624919,323.333333333333,115.944109598796,-45.1051432291667,705.663899739583,308.9306640625,119.277018229167,-105.166666666667,551.166666666667,239,114.5,-48,566.166666666667,355,119.333333333333,-7.3150447010994,490.903886159261,327.816619873047,112.50056330363,-7.3150447010994,486.321188608805,346.194371541341,114.562128702799,4.758527080218,497.471122741699,369.572224934896,114.058442433675,15.4919421672821,496.723416646322,367.110148111979,114.149229685465
"277",2313,"Nyamba",NA,"Mongolia",2010,NA,NA,1,"e","Stubbe et al (2010)",108.1,43.39,5458230,61.2591671943665,495.649995803833,106.75,99.553638458252,46.94384765625,633.952880859375,177.414794921875,124.552734375,-1.75,509.75,59,111,48.25,517.5,115,116,100,510,95.2571182250977,105.457443237305,100,520,88.9702205657959,101.85750579834,109.206128120422,545.74779510498,113.622215270996,121.422655105591,110,540,120.260753631592,122.87544631958
"278",2314,"Nyamba",NA,"Mongolia",2010,NA,NA,1,"e","Stubbe et al (2010)",108.59,43.11,5494502,51.0940008163452,481.103988647461,117.2,109.710632324219,37.502734375,625.0537109375,191.098828125,124.1646484375,-10.8,506,73.6,94.4,38.2,511.8,142.2,114.6,90.8454074859619,475.616012573242,146.775836181641,104.992202758789,92.4763336181641,483.104034423828,135.558489990234,100.008242797852,94.0772132873535,513.474876403809,177.245443725586,124,100.845407485962,507.400444030762,184.63005065918,124.666802978516
"279",2315,"Nyamba",NA,"Mongolia",2010,NA,NA,1,"e","Stubbe et al (2010)",109.32,43.23,5478979,48.0083322525024,487.535995483398,126.6,100.382426452637,38.178515625,629.2515625,187.184375,125.400390625,-11.2,514,72.8,94,38.8,519,140.2,110.4,90,477.550468444824,147.322860717773,103.511351013184,90,480,137.69987487793,99.2173477172852,90,510,173.156384277344,120.098455810547,100,510,183.025381469727,121.905906677246
"280",2316,"Nyamba",NA,"Mongolia",2010,NA,NA,1,"e","Stubbe et al (2010)",102.38,42.5,5572053,76.7666685581207,513.099994659424,56.5,108.679378509521,59.275390625,646.5146484375,126.04345703125,115.609619140625,13,501.75,36.25,78,62.25,537.25,69,102,103.90353679657,500.004873275757,68.2025108337402,94.355562210083,109.477455615997,501.671714782715,66.6043663024902,91.8382911682129,120.011401176453,500.05482673645,83.1956920623779,105.090120315552,129.477455615997,509.562969207764,86.7474937438965,108.088228225708
"281",2317,"Nyamba",NA,"Mongolia",2010,NA,NA,1,"e","Stubbe et al (2010)",105.44,42.34,5587666,71.75750096639,493.859996795654,84.6666666666667,107.945662180583,55.9749348958333,622.809733072917,164.805826822917,121.429361979167,9.16666666666667,496.833333333333,54.3333333333333,84,57.6666666666667,516.333333333333,99.5,103,106.404819488525,490,98.3493639628092,105.079476674398,107.642045021057,499.876931508382,90.1195004781087,97.4770189921061,119.841322898865,500,111.495085398356,105.506094614665,122.301864624023,500.009441375732,118.837102254232,110.293078104655
"282",2318,"Nyamba",NA,"Mongolia",2010,NA,NA,1,"e","Stubbe et al (2010)",94.905777,46.795093,5033153,12.0238884290059,487.733338673909,84.8333333333333,109.099627176921,6.662109375,696.533365885417,86.5987955729167,116.737630208333,-42.8333333333333,519.333333333333,68.6666666666667,115.333333333333,6.33333333333333,565.833333333333,89.1666666666667,104.5,66.6018748283386,435.280202229818,125.174132029215,103.606867472331,68.4120877583822,440.408776601156,120.719201405843,100.290969848633,80.5818843841553,436.574242909749,143.147171020508,111.321966807048,87.6620721817017,441.438547770182,141.612045288086,109.123844146729
"283",2320,"Nyamba",NA,"China",2010,NA,NA,1,"e","Stubbe et al (2010)",108.5,41.6741,5670620,48.280416727066,476.270008087158,198.75,109.376295089722,36.430908203125,602.526123046875,223.964111328125,133.41845703125,-12.5,487.75,123.75,107.5,33.5,495.75,227.25,116.25,78.1657814979553,453.51921081543,226.124008178711,110.436624526978,79.6794438362122,460,213.02375793457,107.541759490967,83.2055926322937,480,279.816452026367,125.846292495728,89.892680644989,470.020999908447,283.720863342285,124.318389892578
"284",2321,"Nyamba",NA,"China",2010,NA,NA,1,"e","Stubbe et al (2010)",106.48,41.42,5701651,50.5188886324565,468.513336181641,124.666666666667,96.0982335408529,43.6570638020833,585.632975260417,161.871419270833,139.884765625,-4.83333333333333,470,73.5,92.5,42,485.833333333333,135.666666666667,107.166666666667,84.2328786849976,432.517477671305,172.573585510254,101.201569875081,87.0039955774943,440,154.570381164551,94.1635945638021,92.7968994776408,450.28481165568,204.923029581706,112.929027557373,99.148546854655,450.081373850505,205.76944732666,109.214862823486
"285",2322,"Nyamba",NA,"China",2010,NA,NA,1,"e","Stubbe et al (2010)",120.16,44.32,5344559,58.8520002365112,481.624000549316,380.8,122.217277526855,54.2166015625,594.0986328125,459.21640625,142.3763671875,-13.8,519.6,271.2,113.2,45,501.2,425,122,90,460,331.890490722656,115.47931060791,90,460,352.321478271484,121.443765258789,100.026556015015,470,413.064208984375,128.139343261719,110.204641342163,455.015777587891,436.15654296875,133.883135986328
"286",2323,"Nyamba",NA,"Russia",2010,NA,NA,1,"e","Stubbe et al (2010)",106.47022,50.3786,4587951,-1.02999998489395,512.5,344.5,108.430213928223,-9.2626953125,663.19580078125,320.77880859375,105.307942708333,-75.3333333333333,538.166666666667,246.833333333333,96.1666666666667,-14.8333333333333,546.666666666667,365.333333333333,101,26.1308411757151,517.908732096354,381.663233439128,102.208428700765,28.111355304718,510.993665059408,399.577651977539,104.045068105062,46.5945068995158,533.174336751302,393.214726765951,99.8409525553385,58.5612289110819,533.174336751302,396.325215657552,100.12290318807
"287",2324,"Nyamba",NA,"China",2010,NA,NA,1,"e","Stubbe et al (2010)",120.41,49.22,4733325,-17.5816662311554,562.991996765137,386.4,120.662522888184,-17.004296875,656.7603515625,402.9701171875,111.91328125,-93.4,589.6,310.8,109.2,-22.8,595.4,407.6,111.2,20,558.218246459961,365.212835693359,98.5390274047852,20,544.694297790527,383.951092529297,102.475654602051,39.947274684906,559.554420471191,392.521466064453,103.030328369141,50,550.748207092285,425.401336669922,109.484809875488
"288",2325,"Nyamba",NA,"China",2010,NA,NA,1,"e","Stubbe et al (2010)",117.99,43.66,5427387,44.8313341140747,464.42399597168,359.8,117.309309387207,34.4091796875,579.19296875,466.230859375,145.59375,-27.8,498.8,275,110.4,25.6,487.6,442,119.4,71.4443244934082,457.56428527832,377.975378417969,110.513671875,71.5267477035522,457.645919799805,390.543591308594,110.814390563965,78.611083984375,462.984550476074,479.716662597656,123.300538635254,87.9242248535156,459.658882141113,497.140887451172,125.004035949707
"289",2326,"Nyamba",NA,"China",2010,NA,NA,1,"e","Stubbe et al (2010)",119.73,45.53,5194329,13.8591665029526,512.8533299764,376.166666666667,119.077373504639,10.0611979166667,619.189615885417,461.892740885417,130.294596354167,-62,548,310.5,106,-0.166666666666667,540,447.666666666667,113.833333333333,42.8471636772156,484.878330230713,370.946650187174,109.873207092285,42.4232339859009,484.878330230713,387.767435709635,116.289934794108,55.4993534088135,489.444090525309,450.327596028646,122.52600479126,66.1446420351664,472.264397939046,470.302266438802,126.415002187093
"290",2327,"Nyamba",NA,"China",2010,NA,NA,1,"e","Stubbe et al (2010)",109.1,41.007,5753514,66.9394445419312,481.653334299723,227.666666666667,112.126139322917,62.3053385416667,599.178548177083,217.269205729167,134.589518229167,12,488.333333333333,154.5,113.666666666667,55.8333333333333,495.166666666667,268.166666666667,112.166666666667,99.983065923055,455.711237589518,302.055201212565,106.994291941325,102.760982513428,458.567091623942,295.810292561849,106.842549641927,109.957666397095,480,374.895167032878,120.312455495199,119.147276878357,470.762335459391,378.651402791341,119.394727071126
"291",2328,"Nyamba",NA,"China",2010,NA,NA,1,"e","Stubbe et al (2010)",109.82,40.71,5789791,64.2813889185588,483.033332824707,288.333333333333,111.574595133464,57.5869140625,591.641927083333,243.346842447917,129.584309895833,5.83333333333333,486.833333333333,194,110.166666666667,49.5,488.666666666667,326.5,109.333333333333,95.1303577423096,459.965273539225,338.166473388672,104.938627878825,96.5983454386393,460,342.329157511393,106.149649302165,104.12392616272,482.622661590576,418.539545694987,117.735679626465,108.847694396973,479.317429860433,422.027811686198,115.789254506429
"292",2329,"Nyamba",NA,"China",2010,NA,NA,1,"e","Stubbe et al (2010)",105.68,38.79,6033152,76.2613892555237,445.25333404541,199.333333333333,92.6040776570638,75.4783528645833,562.775390625,118.255045572917,159.40673828125,23.8333333333333,451.5,144.166666666667,109.5,67.6666666666667,478.833333333333,203,90,106.000596682231,389.561265309652,323.870040893555,90.530699412028,110.662140846252,384.307912190755,321.687235514323,92.5864677429199,120.662140846252,402.808094024658,370.380915323893,94.4134686787923,126.311138470968,403.874079386393,393.85292561849,95.7944170633952
"293",2330,"Nyamba",NA,"China",2010,NA,NA,1,"e","Stubbe et al (2010)",87.6019,47.3186,4970818,57.3656663894653,505.34400177002,152,36.6798271179199,45.7890625,668.9423828125,113.1037109375,60.89765625,-4,506,108.2,41,46,550.4,143.6,31.6,90,495.206008911133,142.435513305664,35.7102714538574,90,489.972351074219,144.131259155273,37.4283325195313,100,512.308311462402,149.690216064453,35.5057899475098,104.921148300171,516.947784423828,144.710784912109,33.4114921569824
"294",2331,"Nyamba",NA,"China",2010,NA,NA,1,"e","Stubbe et al (2010)",89.57,46.34,5090005,39.3599994977315,539.159997304281,154.666666666667,34.0988616943359,29.51220703125,694.430989583333,144.96044921875,45.1471354166667,-20.8333333333333,532.5,132.166666666667,38.1666666666667,30,579.166666666667,169,26.3333333333333,82.5114822387695,499.56698735555,169.290840148926,38.108570098877,89.53697681427,498.150113423665,173.281412760417,40.0110340118408,96.781579653422,506.340923309326,174.988764444987,33.9483610788981,100,510,171.112017313639,32.1994590759277
"295",2332,"Nyamba",NA,"China",2010,NA,NA,1,"e","Stubbe et al (2010)",85.05,46.28,5100257,74.1466674804688,501.903999328613,166.4,54.7923889160156,52.9916015625,687.02265625,134.261328125,72.2083984375,6,513,119,52.2,56.4,546,157.6,50.4,109.121740341187,471.360740661621,67.7903587341309,43.673543548584,111.933853149414,464.442283630371,68.5109313964844,45.2605934143066,119.121740341187,487.511665344238,73.9592346191406,43.181005859375,127.718757629395,494.876876831055,71.9481140136719,41.5055732727051
"296",2333,"Nyamba",NA,"China",2010,NA,NA,1,"e","Stubbe et al (2010)",82.44,43.79,5410994,58.8966655731201,466.179993947347,237.833333333333,53.4365609486898,40.5139973958333,634.81884765625,198.07080078125,82.3020833333333,5.33333333333333,468.5,137.166666666667,57.5,45.1666666666667,511.166666666667,233.5,61.8333333333333,89.7311147054036,409.781277974447,240.217592875163,37.4500834147135,92.6519187291463,402.227032979329,250.826586405436,43.0165297190348,103.016384442647,399.001267751058,250.121983846029,38.5054677327474,108.214152654012,420.337740580241,256.060254414876,38.3146781921387
"297",2334,"Nyamba",NA,"Russia",NA,NA,NA,1,"e","eBird B. Davaasuren (must be breeding)",94.96824,51.39305,4463355,-27.2053337097168,577.128005981445,273.2,83.2007064819336,-37.7490234375,766.7486328125,316.2357421875,82.908203125,-99.6,605.8,297.2,71.6,-46.4,631.2,377.8,65,17.5589928627014,524.833702087402,425.542742919922,70.972265625,20.7827768325806,523.596603393555,428.606164550781,71.6296524047852,35.5679550170898,559.018760681152,424.505578613281,67.9774475097656,46.2940225601196,563.596603393555,416.487768554687,66.6289993286133
"298",2335,"Nyamba",NA,"Russia",NA,NA,NA,1,"e","eBird B. Davaasuren (must be breeding)",93.98193,51.54082,4447791,-19.1969446341197,594.94000116984,316.166666666667,75.1204566955566,-27.2132161458333,761.15478515625,372.711100260417,70.47705078125,-87.3333333333333,607.5,340.5,57.8333333333333,-33.6666666666667,626.666666666667,438.333333333333,57,31.9805037975311,490.810146331787,316.690694173177,65.4824377695719,34.560596148173,488.183657328288,319.512893676758,65.9797903696696,50.8677697181702,521.087284088135,315.105224609375,62.3180936177572,61.5807604789734,522.771759033203,310.163477579753,61.5571524302165
"299",2336,"Nyamba",NA,"Russia",NA,NA,NA,1,"e","eBird B. Davaasuren (must be breeding)",93.14075,51.54248,4442591,-19.5352780818939,612.979990641276,360.166666666667,73.4248441060384,-20.7542317708333,757.42041015625,351.150065104167,68.6676432291667,-78.3333333333333,605.333333333333,317.166666666667,54.6666666666667,-26.5,622.833333333333,421.5,56.5,46.5496436754862,456.705900828044,431.097890218099,73.8356653849284,51.1526989936829,455.342324574788,434.487030029297,73.9933929443359,66.2290136019389,485.804545084635,424.809906005859,69.9893010457357,76.4816117286682,485.12596766154,419.862162272135,69.7850074768066
"300",2337,"Nyamba",NA,"Russia",NA,NA,NA,1,"e","eBird B. Davaasuren (must be breeding)",94.460726,51.710583,4421903,-16.7278572491237,601.965718950544,259.285714285714,82.8401674543108,-25.3899274553571,760.125279017857,361.426199776786,72.8490513392857,-87,605,334.571428571429,62.7142857142857,-32.7142857142857,625.285714285714,431.714285714286,59.7142857142857,37.712208884103,497.207205636161,333.66794695173,75.3383658272879,39.2002211298261,497.138846261161,334.936619349888,75.6160060337612,56.784268787929,529.359861101423,331.742213657924,71.09557560512,67.2238186427525,535.291568211147,325.100546700614,69.8082406180246
"301",2339,"Nyamba",NA,"Russia",NA,NA,NA,1,"e","eBird B. Davaasuren (must be breeding)",87.916664,50.184469,4613405,-30.4572224617004,517.399991353353,265.5,81.4404258728027,-18.333984375,608.75,198.122395833333,94.0164388020833,-71.1666666666667,448.5,211.166666666667,74.1666666666667,-18.6666666666667,486.5,248.666666666667,67.3333333333333,-0.265732094024618,413.615665435791,301.953282674154,77.9306335449219,5.18599207202594,409.956652323405,304.096079508464,80.8703702290853,18.8222630818685,438.575604756673,305.838150024414,74.5374514261882,28.2156034310659,447.975673675537,300.437774658203,73.0804201761882
"302",2340,"Nyamba",NA,"Russia",NA,NA,NA,1,"e","eBird B. Davaasuren (must be breeding)",105.937983,50.930116,4520598,-7.62833336989085,513.14666112264,413.833333333333,96.0855356852214,-12.55419921875,655.805826822917,420.444173177083,89.7696940104167,-81.3333333333333,537,320.833333333333,82.5,-19.5,543.166666666667,463.333333333333,89.5,25.0829537709554,498.186073303223,366.704900105794,97.2747039794922,27.3122501373291,494.711901346842,382.177734375,99.7873865763346,44.9931089083354,516.926199595133,371.223134358724,93.3596013387044,56.8614029884338,515.551954905192,372.70073445638,93.4278831481934
"303",2341,"Nyamba",NA,"Russia",NA,NA,NA,1,"e","eBird B. Davaasuren (must be breeding)",105.1646,50.4974,4577559,-13.8233330249786,524.591987609863,421.4,101.176005554199,-8.72109375,669.251171875,435.1845703125,90.2990234375,-74,545,338.8,81.4,-14.2,551.2,471.4,88.6,29.6214077472687,512.532104492188,382.802899169922,103.53694152832,32.9611530303955,504.71662902832,399.924084472656,106.220606994629,49.1426358222961,527.363151550293,396.113940429687,100.300350952148,62.6464471817017,526.088096618652,399.655706787109,101.332682800293
"304",2342,"Nyamba",NA,"Russia",NA,NA,NA,1,"e","eBird B. Davaasuren (must be breeding)",107.033382,51.54175,4442924,-9.79694445927938,545.879993438721,289.833333333333,104.799989064535,-12.4677734375,669.1103515625,286.899576822917,95.0369466145833,-83.6666666666667,566.666666666667,219.833333333333,90.3333333333333,-20.1666666666667,569.166666666667,325,93.3333333333333,29.2694250742594,515.842603047689,290.587905883789,103.438079833984,29.3772852420807,515.227680206299,302.976440429688,106.59227625529,48.9106845855713,540.588264465332,287.970807393392,98.879773457845,59.3385473887126,539.478893280029,287.654935201009,98.0534388224284
"305",2343,"Nyamba",NA,"Russia",NA,NA,NA,1,"e","eBird B. Davaasuren (must be breeding)",107.537684,51.881015,4401496,-7.71444439888,532.533321380615,267.5,108.057511647542,-15.9132486979167,673.858235677083,252.396158854167,98.1622721354167,-88.8333333333333,577.333333333333,191.166666666667,97.3333333333333,-23.8333333333333,578.833333333333,285,97.8333333333333,23.3737681309382,519.419275919596,287.029317220052,100.302008310954,24.5777682463328,518.324203491211,294.854960123698,102.009688059489,42.9905200004578,551.158548990885,282.057154337565,94.9241701761882,54.7258869806925,550.909423828125,280.898704528809,93.6922760009766
"306",2344,"Nyamba",NA,"China",NA,NA,NA,1,"e","eBird B. Davaasuren (must be breeding)",88.01192,47.47567,4950108,53.8949995040894,527.97599029541,155.6,35.9224311828613,40.1419921875,674.381640625,130.4203125,48.7455078125,-10.6,510.8,130,38.8,40.4,556.8,162,25.6,81.6601715087891,490.103515625,227.412600708008,31.9795101165771,90,484.653518676758,228.848043823242,33.8288200378418,90.3868274688721,504.272346496582,237.383795166016,30.4893142700195,100,510.103515625,229.966577148437,28.2066349029541
"307",2345,"Nyamba",NA,"China",NA,NA,NA,1,"e","eBird B. Davaasuren (must be breeding)",90.60367,46.40033,5084850,16.1654171347618,508.489999771118,145.25,48.2699537277222,10.6787109375,685.039794921875,124.1982421875,69.6376953125,-40,512.75,129.25,58.25,11.25,563.75,145.75,42,46.2886029481888,491.011228561401,211.330142974854,37.9158592224121,49.754421710968,490.692548751831,216.188121795654,39.2488260269165,55.8517611026764,505.844097137451,215.530910491943,37.3723011016846,60.7236635684967,514.754915237427,212.795028686523,36.9756669998169
"308",2346,"Nyamba",NA,"China",NA,NA,NA,1,"e","eBird B. Davaasuren (must be breeding)",88.25,43.36,5462934,70.4283344745636,466.449995040894,158,52.569785118103,52.457275390625,627.196044921875,144.415283203125,62.01708984375,5.5,484.5,112.5,38.25,54,533,172.75,50,113.031973838806,395.914077758789,73.9163789749146,85.4298400878906,117.088649272919,390.451679229736,75.989875793457,85.1544075012207,130.153419971466,399.298582077026,78.2189598083496,88.6870918273926,136.641864776611,416.708059310913,79.3383808135986,90.0975875854492
"309",2347,"Nyamba",NA,"China",NA,NA,NA,1,"e","eBird B. Davaasuren (must be breeding)",81.293986,44.525849,5317727,3.64699991047382,407.103996276855,367,48.3449546813965,-19.0765625,618.740234375,433.283984375,69.2345703125,-52.2,431.4,306,57.6,-10,473.2,481.8,67,36.155152797699,327.905632019043,482.294610595703,52.0244674682617,37.6308150291443,321.65062713623,499.168432617187,55.1880462646484,46.6366815567017,333.614456176758,515.3208984375,44.5177001953125,49.9970636367798,347.878776550293,512.107604980469,43.6815696716309
"310",2348,"Nyamba",NA,"China",NA,NA,NA,1,"e","eBird B. Davaasuren (must be breeding)",85.9514,44.4499,5328198,85.0500011444092,515.472007751465,138.2,45.4164237976074,87.8833984375,664.4234375,102.4630859375,76.4482421875,45,500.4,85.6,39,88.4,548.2,134.6,45,110,523.468467712402,207.063442993164,38.468049621582,113.728958129883,518.265174865723,207.514031982422,39.7009910583496,120,542.170822143555,213.683758544922,35.4782318115234,130,554.971710205078,213.436254882813,37.3260025024414
"311",2349,"Nyamba",NA,"Russia",2018,NA,NA,1,"e","https://russia.birds.watch/v2photo.php?l=en&s=019000421&n=1&si=sib",94.99,50.25,4608395,-34.4838885466258,612.926654815674,233.666666666667,85.6991678873698,-46.1477864583333,778.60302734375,215.001302083333,103.258626302083,-106.333333333333,607.166666666667,215.666666666667,80.1666666666667,-53.3333333333333,641.333333333333,257.666666666667,71.8333333333333,20.4474590222041,508.302332560221,326.866622924805,82.1699345906575,23.5377490520477,504.453214009603,328.169764200846,82.8646634419759,39.8972376187642,529.466412862142,324.713495890299,79.2394142150879,50.6779503822327,535.546735127767,315.812728881836,77.2519162495931
"312",2350,"Bragin",NA,"Kazakhstan",2007,NA,NA,1,"e",NA,65.35383759,49.81955309,4659484,79.3825006484985,490.553334554036,202.166666666667,19.5551398595174,61.75537109375,646.630208333333,186.3935546875,56.8927408854167,5.16666666666667,554.833333333333,133,27.8333333333333,66.6666666666667,502,219.166666666667,24,80,470,222.679718017578,20.0071055094401,90,450,228.180829366048,18.9643408457438,100,420,235.344724019368,15.8713153203328,110.004989306132,439.846801757812,240.692741394043,13.9731125831604
"313",2351,"Bragin",NA,"Kazakhstan",2007,NA,NA,1,"e",NA,65.0861669,49.45545501,4706098,69.8659992218018,500.608009338379,189.2,19.824870300293,56.41875,654.802734375,179.35234375,55.2625,0.4,563,129.8,32.4,61.2,512.2,209.8,23.4,88.4059600830078,470,206.985784912109,21,90,453.164909362793,212.522842407227,20,110,420,218.615963745117,17.9793479919434,120,440,223.64621887207,16
"314",2352,"Bragin",NA,"Kazakhstan",2007,NA,NA,1,"e",NA,64.95553259,49.3978809,4711274,66.2336119016012,505.186678568522,186.833333333333,19.5966440836589,55.4694010416667,658.501790364583,178.769856770833,55.44677734375,-0.666666666666667,567.5,128.333333333333,31.3333333333333,60.6666666666667,516.166666666667,207.666666666667,23,90,470,197.90486907959,21,90,459.950847625732,202.667851765951,20,110,420,209.436525980632,18,120,440,213.905075073242,16.1724239985148
"315",2354,"Bragin",NA,"Kazakhstan",2007,NA,NA,1,"e",NA,64.81920932,49.39692431,4711271,61.7986660003662,510.063995361328,185.2,19.2938259124756,53.9443359375,661.59375,179.534765625,55.272265625,-2.6,572.4,129,32.8,59,520.2,207.6,23.8,90,470,193.309963989258,21,94.6788139343262,459.95051574707,197.465176391602,20,110,420,205.176141357422,18.3672420501709,120,440,209.296823120117,16.995832824707
"316",2355,"Bragin",NA,"Kazakhstan",2007,NA,NA,1,"e",NA,64.68647484,49.38371691,4711268,59.149444103241,512.03332901001,183,19.6161845525106,52.3780924479167,663.97509765625,179.770670572917,56.2508138020833,-4.33333333333333,576.166666666667,128,33,57.5,524,206.833333333333,24,90,470,189.275886535645,21,98.5229667027791,460,193.15239461263,20,110,420,201.212748209635,18.9873790740967,120,440,205.221150716146,17
"317",2356,"Bragin",NA,"Kazakhstan",2007,NA,NA,1,"e",NA,64.66306363,49.40517063,4711267,58.1855567296346,512.333342234294,185.166666666667,20.0754378636678,51.5149739583333,664.530598958333,181.692057291667,55.3082682291667,-5.16666666666667,576.833333333333,128,33,56.6666666666667,524.333333333333,208.666666666667,24,90,470,193.818000793457,21,95.0318241119385,460,197.518493652344,20,110,420,206.202036539714,18.9888985951742,120,440,210.200325012207,17
"318",2357,"Bragin",NA,"Kazakhstan",2007,NA,NA,1,"e",NA,64.60212384,49.39583573,4711266,57.0973329544067,513.44800567627,184,20.160684967041,50.746875,666.19296875,182.1626953125,54.968359375,-6,579,128.2,33,56,526.6,208.6,24,90,470,190.923468017578,21,96.0790882110596,460,194.442379760742,20,110,420,203.168966674805,18.9958724975586,120,440,207.143710327148,16.9932422637939
"319",2358,"Bragin",NA,"Kazakhstan",2007,NA,NA,1,"e",NA,64.27998014,49.337044,4716438,53.4680557250977,515.439999898275,180.666666666667,20.8994464874268,45.80517578125,674.096354166667,182.750651041667,54.7591145833333,-12,591.5,129.166666666667,34,50.6666666666667,536.5,207.833333333333,24,90,470,183.975448608398,20,96.7728900909424,460,186.926625569661,20,110,420,195.734044392904,18,120,440,199.153617858887,15.3806630770365
"320",2359,"Bragin",NA,"Kazakhstan",2007,NA,NA,1,"e",NA,64.13893483,49.21262476,4731975,54.6019450823466,517.086664835612,180.166666666667,21.1591339111328,46.3225911458333,675.9287109375,179.426432291667,56.4580078125,-11.1666666666667,596.166666666667,128,35,51.3333333333333,540.833333333333,203.166666666667,25,90,470,172.401908874512,20.0215816497803,100,460,175.100639343262,20.1032206217448,110,420.928033192952,182.576967875163,17.9165182113647,120,440,185.708885192871,15
"321",2360,"Bragin",NA,"Kazakhstan",2007,NA,NA,1,"e",NA,64.18806754,49.23501584,4731976,54.4530010223389,517.391998291016,182,21.150630569458,46.403515625,675.155859375,180.325,56.109375,-11.2,593.8,128.4,34.6,51.6,539.4,203.8,25,90,470,176.201055908203,20.0040103912354,100,460,178.978231811523,20.0030078887939,110,420.173301696777,186.865417480469,17.984391784668,120,440,190.051184082031,15.0144805908203
"322",2361,"Bragin",NA,"Kazakhstan",2007,NA,NA,1,"e",NA,64.31328378,49.3310375,4721619,53.9736111958822,516.180006663005,181.5,20.9081004460653,46.7516276041667,672.94287109375,182.30859375,54.962890625,-10.8333333333333,590,128.666666666667,33.6666666666667,51.6666666666667,535.5,207.666666666667,24,90,470,183.23952738444,20.003319422404,98.2454220453898,460,186.274589538574,20,110,420,194.99116007487,18,120,440,198.503145853678,15.7113048235575
"323",2362,"Bragin",NA,"Kazakhstan",2007,NA,NA,1,"e",NA,64.47921792,49.36143031,4716443,55.3888885180155,515.086650848389,185.5,20.364128112793,48.9285481770833,669.006510416667,182.257161458333,54.86181640625,-8.33333333333333,583.833333333333,128,33,54,530,208.166666666667,24,90,470,187.951797485352,20.7864446640015,96.5909910202026,460,191.238418579102,20,110,420,199.97157796224,18.5262810389201,120,440,203.765218098958,16.1896149317424
"324",2363,"Bragin",NA,"Kazakhstan",2007,NA,NA,1,"e",NA,65.0733755,49.33695038,4716457,68.8688890139262,504.026660919189,185,19.5022535324097,56.4031575520833,656.359537760417,176.64306640625,56.2112630208333,0.5,564.833333333333,126.833333333333,30.8333333333333,61.1666666666667,514,204.666666666667,23.8333333333333,90,470,196.353764851888,21.0073881149292,90,458.853778839111,201.854853312174,20.0170421600342,110,420.353730519613,207.196194966634,18,120,440,211.864018758138,16.019660949707
"325",2364,"Bragin",NA,"Kazakhstan",2007,NA,NA,1,"e",NA,65.10882358,49.33093775,4721638,69.8361118634542,502.473328908284,185.833333333333,19.2553180058797,56.46533203125,655.7646484375,176.78662109375,56.07470703125,0.666666666666667,563.666666666667,127.333333333333,31,61.3333333333333,513,205.166666666667,23.6666666666667,90,470,199.75700378418,21.0066070556641,90,456.908645629883,205.529828389486,20.0159254074097,110,420,210.653124491374,18,120,440,215.499440511068,16
"326",2365,"Bragin",NA,"Kazakhstan",2007,NA,NA,1,"e",NA,65.12522797,49.32637884,4721639,70.2563897768656,501.866658528646,185.5,19.231471379598,56.5654296875,655.475911458333,176.482747395833,56.1056315104167,0.833333333333333,563.166666666667,127.333333333333,31,61.5,512.666666666667,204.833333333333,23.6666666666667,90,470,200.669092814128,21.006911277771,90,456.07639948527,206.5812403361,20.0248870849609,110,420,211.544682820638,18,120,440,216.463088989258,16
"327",2368,"Bragin",NA,"Kazakhstan",2007,NA,NA,1,"e",NA,65.17168627,49.31011571,4721640,70.9411104520162,500.953330993652,185.5,18.9362541834513,56.9130859375,655.009114583333,175.38671875,56.4384765625,1.5,562.833333333333,126.666666666667,30.3333333333333,62,512.166666666667,203,24,90,470,200.071907043457,21.0405158996582,90,457.315565745036,206.213625590007,20.2491893768311,110,420,210.770393371582,18,120,440,215.729014078776,16
"328",2369,"Bragin",NA,"Kazakhstan",2007,NA,NA,1,"e",NA,65.2217202,49.28995601,4726821,71.9830552736918,499.406655629476,185.666666666667,18.8927294413249,57.10693359375,654.138020833333,174.879720052083,56.6180013020833,2,561.5,126.333333333333,30.3333333333333,62,511.5,202.833333333333,24,90,470,203.541333516439,21.1473172505697,90,453.809909820557,210.049588521322,20.356453259786,110,420,214.196818033854,18,120,440,219.312690734863,16
"329",2370,"Bragin",NA,"Kazakhstan",2007,NA,NA,1,"e",NA,65.27572647,49.27334071,4726822,72.2646675109863,498.799995422363,185.8,19.0476341247559,57.2361328125,653.7388671875,174.6130859375,56.2759765625,2,560.4,125.6,30.8,62,510.8,203,24,90,470,203.90104675293,21.4999370574951,90,451.89395904541,210.590103149414,20.6563568115234,110,420,214.361206054688,18,120,440,219.54075012207,16.097342300415
"330",2371,"Bragin",NA,"Kazakhstan",2007,NA,NA,1,"e",NA,65.09886161,49.15761007,4742358,66.9069441159566,504.553337097168,182,19.4292882283529,55.3860677083333,656.282877604167,175.237141927083,55.22119140625,-0.166666666666667,565.333333333333,127,30,60,515,201.5,24,90,470,193.977958679199,21.7586231231689,91.0298331578573,458.008117675781,199.978116353353,20.9779942830404,110,420,204.341936747233,18.1135613123576,120,440,208.97184753418,16.377498626709
"331",2372,"Bragin",NA,"Kazakhstan",2007,NA,NA,1,"e",NA,65.17492637,49.09694118,4747540,66.6936674118042,504.624008178711,182,19.6681560516357,54.6109375,656.028125,172.8353515625,54.9744140625,-0.6,563,125.4,30.8,59.2,514.2,199.4,24,90,470,197.666516113281,21.9529842376709,92.0471992492676,450,203.89469909668,21,110,420,207.878506469727,18.9512004852295,120,440,212.570196533203,16.960066986084
"332",2373,"Bragin",NA,"Kazakhstan",2007,NA,NA,1,"e",NA,65.22833452,49.16235735,4742361,69.1683340072632,502.75333404541,183,19.9629042943319,56.29931640625,655.0791015625,173.916666666667,55.0123697916667,1,562,125.833333333333,30.6666666666667,60.8333333333333,512.166666666667,200.666666666667,24,90,470,196.524528503418,21.9023863474528,91.8503379821777,451.061954498291,202.95081837972,21,110,420,206.662333170573,18.4741846720378,120,440,211.301450093587,16.8350693384806
"333",2374,"Bragin",NA,"Kazakhstan",2007,NA,NA,1,"e",NA,64.88035008,49.18399628,4737173,61.9152776400248,510.099983215332,181.5,19.9501298268636,52.8190104166667,660.825032552083,176.5029296875,55.2545572916667,-3.16666666666667,571.5,127.166666666667,32,57.8333333333333,520.5,203.333333333333,24,90,470,194.133672078451,21.1411256790161,95.779439608256,457.007643381755,199.239718119303,20.1115388870239,110,420.02539952596,205.1121190389,18.0327812830607,120,440,209.34915415446,16.1255820592244
"334",2375,"Bragin",NA,"Kazakhstan",2007,NA,NA,1,"e",NA,64.82080505,49.11900193,4747531,60.2986105283101,510.853328704834,179.833333333333,19.6411244074504,51.8370768229167,661.811848958333,175.98486328125,55.3688151041667,-4.16666666666667,573.833333333333,127.166666666667,32,56.8333333333333,522.666666666667,202.666666666667,24,90,470,193.723230997721,21,97.9111289978027,451.28662109375,198.496905008952,20,110,420,204.620157877604,18,120,440,208.766848246257,16
"335",2377,"Bragin",NA,"Kazakhstan",2007,NA,NA,1,"e",NA,65.05417868,49.22924788,4731997,67.0989999771118,505.888008117676,183,19.2206073760986,55.778515625,657.01328125,175.91953125,55.91953125,0.2,566.4,126.8,30.2,60.4,515.2,202.2,24,90,470,192.878909301758,21.3650234222412,90.0421905517578,460,198.650592041016,20.7189044952393,110,420.189575195312,203.37317199707,18.0068225860596,120,440,207.949966430664,16.1059730529785
"336",2379,"Bragin",NA,"Kazakhstan",2007,NA,NA,1,"e",NA,64.77164113,49.42639162,4706090,60.4277777671814,510.680001576742,186.5,19.5379266738892,53.1092122395833,662.14208984375,180.55859375,55.1525065104167,-3.5,574.166666666667,129.166666666667,32.5,58.1666666666667,521,208.666666666667,23.8333333333333,90,470,195.546859741211,21,93.4335120519002,459.689235687256,199.496734619141,20,110,420,207.703414916992,18.550098101298,120,440,211.877436319987,17
"337",2380,"Bragin",NA,"Kazakhstan",2007,NA,NA,1,"e",NA,64.9153385,49.72286883,4669833,61.103610197703,504.073333740234,191,19.7215194702148,55.4988606770833,658.701822916667,187.140787760417,56.9080403645833,-1.5,569.166666666667,135,29,60.6666666666667,515.166666666667,216.333333333333,24.3333333333333,89.0629927317301,470,206.131678263346,20.6401383082072,90,457.036164601644,209.736724853516,19.8757416407267,110,420.49067179362,219.315455118815,17.3496313095093,119.931206703186,440,223.597356160482,15.6845815976461
"338",2381,"Bragin",NA,"Kazakhstan",2007,NA,NA,1,"e",NA,63.34347012,49.26127148,4726776,54.0533332824707,518.120002746582,192.6,24.2404773712158,37.7744140625,690.91796875,182.8763671875,53.621484375,-21,619.2,127.4,35,43.2,560,204.8,25,90,470,147.335720825195,19.1431167602539,100,460,148.834576416016,20.2218124389648,110,425.910926818848,157.152392578125,18.0914646148682,120,446.618095397949,158.252737426758,15.4081304550171
"339",2402,"Bragin",NA,"Kazakhstan",2008,NA,NA,1,"e",NA,63.75603129,49.27956504,4726786,52.8736667633057,513.648010253906,177.8,21.5406330108643,39.97578125,684.8365234375,183.778125,54.6763671875,-18.4,607,130.4,34.8,45.4,551.4,208,25,90,470,169.321347045898,19,100,460,171.328570556641,20,110,420,179.922900390625,17,120,440,181.764633178711,14
"340",2409,"Bragin",NA,"Kazakhstan",2009,NA,NA,1,"e",NA,65.69125794,49.86083064,4654312,74.8823328018188,487.744010925293,203.8,18.8914684295654,58.4423828125,646.189453125,189.5056640625,56.18671875,2.6,551,136.2,27.6,63.2,499.6,222.8,23,80,470,241.707186889648,21.3758037567139,90,450,247.974319458008,19.6690059661865,100,420,254.745004272461,16.6629772186279,110,436.074554443359,260.904162597656,15.1473545074463
"341",2410,"Bragin",NA,"Kazakhstan",2009,NA,NA,1,"e",NA,65.93315247,49.63813761,4680218,61.6833343505859,500.10400390625,202.6,18.9354690551758,52.9021484375,651.401953125,184.9447265625,54.6923828125,-1.8,552,135.8,25.8,57.6,503,220.6,22,80,467.573455810547,240.509982299805,24.9178535461426,90,440,246.76513671875,22.4118911743164,100,411.58617401123,253.698950195313,19.9106620788574,110,430,260.092895507812,19.1033260345459
"342",2411,"Bragin",NA,"Kazakhstan",2009,NA,NA,1,"e",NA,66.33260318,49.41509013,4711307,53.1380004882812,497.752006530762,201.2,18.3683887481689,44.080078125,659.9431640625,178.6576171875,54.8939453125,-9.6,554.4,135.6,26.6,49,508.6,214.6,23,80,460,256.759335327148,25,90,439.863548278809,263.790057373047,22,100,410,273.219036865234,19,110,428.541633605957,279.787408447266,18
"343",2412,"Bragin",NA,"Kazakhstan",2009,NA,NA,1,"e",NA,66.16784309,49.27425541,4726844,58.1983327865601,495.713335673014,194.5,18.1383145650228,47.3369140625,658.49169921875,175.206868489583,53.9755859375,-6.33333333333333,553.666666666667,130.833333333333,28,51.8333333333333,508.5,208.166666666667,22.8333333333333,80,465.921096801758,240.389887491862,25.5345602035522,90,440.346037546794,247.478258768717,22.5817797978719,104.569977124532,416.170349121094,254.492846171061,19.359309832255,113.948585192362,430.088628133138,261.134844462077,18.3704767227173
"344",2413,"Bragin",NA,"Kazakhstan",2009,NA,NA,1,"e",NA,66.1054706,49.32614772,4721662,59.3205547332764,497.633330027262,194.333333333333,18.2773431142171,49.3933919270833,657.554361979167,173.9755859375,54.4348958333333,-4.66666666666667,553.166666666667,130.166666666667,28,54,507.5,207.666666666667,22.8333333333333,80,468.138224283854,232.620798746745,25.9803374608358,90,440.047194163005,239.39119720459,23.1372321446737,104.598128000895,417.990659077962,246.069206237793,19.9063301086426,112.233778635661,430,252.517069498698,19.1367772420247
"345",2414,"Bragin",NA,"Kazakhstan",2009,NA,NA,1,"e",NA,65.92486568,49.27778465,4726838,62.0056657791138,496.032005310059,197.2,18.4054122924805,49.0595703125,654.0490234375,181.8568359375,51.25078125,-5.2,552.6,134.4,28,53.6,506.2,214.4,22.8,80,460.058326721191,247.28805847168,25.7114406585693,90,440,254.972540283203,23.1741516113281,100,410,260.108874511719,20.259525680542,110,430,267.186566162109,19.4388256072998
"346",2415,"Bragin",NA,"Kazakhstan",2009,NA,NA,1,"e",NA,65.74283259,49.34650748,4716473,69.3140001296997,488.480003356934,195.6,17.7819190979004,52.1625,651.8056640625,181.9580078125,52.7099609375,-2.4,552.6,132.4,29,56.8,505.4,214.6,22.8,80,463.956047058105,233.06272277832,24.1847896575928,90,440.436050415039,240.315115356445,22.2855075836182,102.924638748169,413.737937927246,244.262649536133,19.834663772583,112.46213722229,430,250.889764404297,18.5396835327148
"347",2416,"Bragin",NA,"Kazakhstan",2009,NA,NA,1,"e",NA,65.42288832,49.23777159,4732006,73.4640007019043,496.127983093262,186.8,19.4069423675537,56.4603515625,652.1599609375,173.068359375,55.0080078125,1.8,557.4,126.2,30.8,61,509,204.4,23.8,90,470,212.335931396484,22.0352607727051,90,450,219.543112182617,21.0355239868164,110,420,222.70368347168,18.3055755615234,120,438.962135314941,228.26819152832,16.9849872589111
"348",2417,"Bragin",NA,"Kazakhstan",2009,NA,NA,1,"e",NA,64.60013996,48.87179389,4778606,55.055832862854,518.613319396973,176,20.3692344029744,50.2444661458333,664.019856770833,172.755045572917,52.7713216145833,-5.66666666666667,580.166666666667,123,34,54.5,530.333333333333,194.833333333333,24,90,470,183.305717468262,20.7280632654826,100,450,187.012865702311,20.2549292246501,110,420,192.462613423665,17.1506586074829,120,440,196.251080830892,15.0680096944173
"349",2418,"Bragin",NA,"Kazakhstan",2009,NA,NA,1,"e",NA,64.23417041,48.68918314,4799317,56.3533334732056,521.272010803223,165.8,22.2641632080078,49.3900390625,667.32890625,166.737109375,54.9767578125,-7.6,593,119,35.6,53.6,540.2,188.2,24.6,99.0362949371338,470,163.077203369141,21.997904586792,100,450.646102905273,165.971099853516,22.6367870330811,120,420,170.271771240234,18.9421611785889,130,440,173.396105957031,16.9590370178223
"350",2419,"Bragin",NA,"Kazakhstan",2009,NA,NA,1,"e",NA,63.74019498,48.66259185,4804485,56.7097226778666,518.793341318766,161.333333333333,21.5164082845052,45.7317708333333,672.649739583333,170.513997395833,52.30517578125,-12.1666666666667,606.333333333333,119,35.8333333333333,50,551.5,189.5,24.5,100,470,151.39134979248,21.3148765563965,100,459.974822998047,154.017669677734,22.8983780543009,120,420.152963002523,157.785608927409,18.9953018824259,130,440.922234853109,159.617195129395,16
"351",2420,"Bragin",NA,"Kazakhstan",2009,NA,NA,1,"e",NA,63.36123795,48.67280221,4799296,56.027500629425,520.353336334229,162,21.8924989700317,43.72119140625,675.613118489583,173.231770833333,52.1507161458333,-15.1666666666667,616.333333333333,118.833333333333,36.6666666666667,48.1666666666667,557.333333333333,191.166666666667,23.8333333333333,100,470,133.494262695312,19.9966039657593,100,460,135.923110961914,22,120,420.014966328939,139.876416524251,18.050931930542,130,447.273356119792,141.271761576335,15.0027770996094
"352",2421,"Bragin",NA,"Kazakhstan",2009,NA,NA,1,"e",NA,63.00489332,50.03986905,4633528,44.7372221946716,514.860000610352,205.5,24.6035324732463,28.8131510416667,700.023600260417,205.323404947917,56.0276692708333,-31.5,621,140,30.5,35.3333333333333,556.333333333333,228.333333333333,26,80,470,193.476374308268,21.0069452921549,90,460,195.505198160807,20,102.416079839071,439.20888264974,208.641741434733,18.7744245529175,117.345383961995,450,211.821543375651,16.1948455174764
"353",2462,"Bragin",NA,"Kazakhstan",2021,NA,NA,1,"e",NA,59.37349514,49.94391649,4643800,37.0897213617961,486.38666788737,277,19.5300575892131,14.2867838541667,692.891276041667,263.069173177083,41.9796549479167,-48.6666666666667,630.666666666667,177,29.5,22.1666666666667,554.166666666667,274.833333333333,22.1666666666667,80,450,314.96391805013,30.1191965738932,81.9363578160604,440,319.034550984701,28.1328452428182,100,410,337.318074544271,25.7264140446981,110,430.0146484375,343.126403808594,23.8371505737305
"354",2463,"Bragin",NA,"Kazakhstan",2020,NA,NA,1,"e",NA,62.7209669,51.59602523,4436681,25.050666809082,490.13599395752,283,31.3747592926025,14.0619140625,680.3107421875,256.0666015625,64.1720703125,-50,609,174.8,28.8,21,537.2,286.6,35,70,440,326.841070556641,26.7612033843994,79.8820285797119,430,326.333935546875,25.1801750183105,90,420,346.281231689453,28.3449306488037,100,430,356.811120605469,26.7440032958984
"355",2464,"Bragin",NA,"Kazakhstan",2021,NA,NA,1,"e",NA,63.78048029,51.82942986,4410806,24.2827773094177,488.520005544027,278.666666666667,32.988728205363,18.8837890625,664.112141927083,257.928385416667,63.6389973958333,-46,596.833333333333,177.166666666667,28.5,24.1666666666667,528.666666666667,295.166666666667,34,70,440.301087697347,305.663808186849,28.0077826182048,70,431.010195414225,302.946075439453,24.3733310699463,90,420,322.697087605794,27.5669132868449,100,431.563657124837,332.534840901693,26.023118019104
"356",2465,"Bragin",NA,"Kazakhstan",2019,NA,NA,1,"e",NA,64.33145758,51.71984747,4421179,29.907500743866,498.466669718424,258.166666666667,31.371072769165,27.44970703125,660.210774739583,238.968587239583,63.85205078125,-36.5,589.833333333333,165.333333333333,27.1666666666667,32.5,525.333333333333,277.5,32.5,70,460,286.002075195312,28.6769406000773,74.5813274383545,445.357818603516,283.050059000651,24.9974486033122,90,430.617650349935,303.972300211589,26.9657958348592,100,441.636517842611,311.782216389974,25.9910898208618
"357",2466,"Bragin",NA,"Kazakhstan",2015,NA,NA,1,"e",NA,64.10422831,51.24134211,4483334,32.6311115423838,501.326662699382,241.833333333333,28.7997732162476,28.5105794270833,670.34521484375,229.983561197917,61.0284830729167,-33.6666666666667,594.166666666667,156.833333333333,26.8333333333333,34.3333333333333,529.166666666667,263.833333333333,29.8333333333333,70,462.969264984131,270.409184773763,26.7363659540812,80,451.02326075236,269.223785400391,23.9108095169067,90,435.684986114502,288.169733683268,24.7265469233195,100,445.781987508138,295.303716023763,23.9635203679403
"358",2467,"Bragin",NA,"Kazakhstan",2017,NA,NA,1,"e",NA,64.43144397,51.16302276,4493702,34.6591667334239,512.173328399658,242.166666666667,27.9138212203979,35.78173828125,666.75732421875,221.279622395833,62.5777994791667,-26,589.5,152.666666666667,27,41.3333333333333,525,253,29,70,470,252.355346679688,24.5355501174927,80,456.852849324544,251.177050272624,20.9779987335205,90,440,269.348169962565,21.3280410766602,106.85240427653,450,274.471333821615,19.9592266082764
"359",2468,"Bragin",NA,"Kazakhstan",2009,NA,NA,1,"e",NA,64.22129979,50.76485422,4540317,36.6416664123535,510.064002990723,227.8,25.4193851470947,34.2158203125,673.979296875,218.9462890625,59.9009765625,-26.4,593.4,151.4,28,40,529.8,248.6,27,70.323802947998,470,249.856210327148,23.6309577941895,80,458.098213195801,250.945611572266,19.8728939056396,94.20068359375,439.96199798584,268.153784179687,18.9843544006348,109.816841125488,450,272.209161376953,16.4620765686035
