"","prog","source","bre_code","country","yy","mm","dd","bre_site","cluster","notes","dup","X1","Y1","bio1_current","bio7_current","bio12_current","bio15_current","bio1_LIG","bio7_LIG","bio12_LIG","bio15_LIG","bio1_LGM","bio7_LGM","bio12_LGM","bio15_LGM","bio1_MH","bio7_MH","bio12_MH","bio15_MH","bio1_gfdlesm4_370","bio7_gfdlesm4_370","bio12_gfdlesm4_370","bio15_gfdlesm4_370","bio1_gfdlesm4_585","bio7_gfdlesm4_585","bio12_gfdlesm4_585","bio15_gfdlesm4_585","bio1_ukesm1_370","bio7_ukesm1_370","bio12_ukesm1_370","bio15_ukesm1_370","bio1_ukesm1_585","bio7_ukesm1_585","bio12_ukesm1_585","bio15_ukesm1_585"
"0",1,"SEO_census",NA,"Spain",2018,NA,NA,1,"w",NA,6144521,-2.26698,37.84878,127.024583816528,357.640008926392,447.25,42.5902452468872,119.451904296875,373.257568359375,586.448974609375,44.075439453125,83.5,261.5,555.75,55.75,122.25,328.25,580.25,36.75,150.138168334961,309.870734214783,359.166870117188,36.5777969360352,151.70637845993,310.180826187134,354.029655456543,36.2945594787598,159.495704174042,310,375.71305847168,38.5178003311157,165.424275398254,320,353.23397064209,37.6265077590942
"1",2,"SEO_census",NA,"Spain",2018,NA,NA,1,"w",NA,6149702,-2.24026,37.83322,126.588335037231,356.490001678467,449,42.5415773391724,119.041748046875,372.832763671875,587.49267578125,43.84326171875,83.25,262.25,555.25,55.5,122,327.75,582,36.75,150.039827823639,309.870734214783,355.301055908203,36.3338537216187,150.767362117767,310.131511688232,350.065330505371,36.0196304321289,159.338946342468,310,371.278091430664,38.1765155792236,163.87930393219,320,349.558113098145,37.3541316986084
"2",4,"SEO_census",NA,"Spain",2018,NA,NA,1,"w",NA,6315378,-5.7242,36.46277,174.195999145508,224.071998596191,682,73.0232528686523,165.0537109375,249.650390625,892.2083984375,71.4443359375,127.8,187.4,1365.8,83.4,164.6,228.4,972,70.4,198.509307861328,255.363666534424,820.099157714844,77.5939819335938,199.488254547119,256.263397216797,795.018542480469,78.4737030029297,208.578453063965,258.307441711426,886.922717285156,77.8878143310547,212.638957977295,267.799774169922,771.912243652344,73.9353515625
"3",9,"SEO_census",NA,"Spain",2018,NA,NA,1,"w",NA,6356825,-5.4538,36.13311,177.246193885803,195.715684890747,789.75,77.5162258148193,168.270130157471,237.491680145264,910.899688720703,75.806396484375,132.75,174.25,1440,89.25,168,215,992.75,74.25,197.998971939087,171.861114501953,684.195404052734,80.5271549224854,199.115924835205,168.394365310669,667.489105224609,81.0888137817383,207.712850570679,162.393805980682,733.684417724609,79.9585971832275,209.68035697937,173.187627792358,636.050231933594,77.5100326538086
"4",10,"SEO_census",NA,"Spain",2018,NA,NA,1,"w",NA,6284296,-5.80544,36.74717,175.5256690979,244.879997253418,616.8,70.5031631469727,166.255859375,271.2939453125,803.1,69.0458984375,127,203.8,1149,80.8,165.4,250.4,854.2,67.6,200.185897827148,280,702.473425292969,74.8706802368164,207.27660369873,280.03657913208,677.300390625,76.0040100097656,209.844234466553,280.163890838623,754.096142578125,75.4889801025391,218.626602172852,290.530288696289,655.820397949219,70.6250625610352
"5",11,"SEO_census",NA,"Spain",2018,NA,NA,1,"w",NA,6351632,-5.97398,36.20768,176.993220647176,210.337562561035,720,74.0987078348796,168.142903645833,232.831705729167,879.04248046875,72.1648763020833,132.666666666667,179.166666666667,1385.16666666667,83.6666666666667,167.333333333333,210.333333333333,963.333333333333,71.3333333333333,198.023306528727,169.224842389425,667.432088216146,79.6243858337402,200,167.132318814596,653.824157714844,81.5817947387695,206.761245727539,161.293342908223,719.115814208984,79.6082191467285,210,169.166054725647,619.647420247396,75.9924786885579
"6",12,"SEO_census",NA,"Spain",2018,NA,NA,1,"w",NA,6273938,-5.74405,36.81775,173.371253013611,253.089990615845,625.25,70.1263561248779,164.862548828125,284.989990234375,803.521484375,68.73779296875,124.75,214,1131.5,81.25,163.5,265.5,852,67,200.063986778259,280,775.722305297852,74.3858585357666,204.6164894104,280.357260704041,746.768310546875,75.4317569732666,209.504890441895,282.201838493347,828.730239868164,74.7882118225098,215.450615882874,292.438812255859,720.790969848633,69.8721122741699
"7",13,"SEO_census",NA,"Spain",2018,NA,NA,1,"w",NA,6325728,-6.15282,36.41123,178.240879058838,207.141479492188,585.2,71.7099090576172,173.563653564453,235.574697875977,759.107092285156,70.9260467529297,138,182.8,1129.4,79.6,172.8,210.6,810.8,69,200,188.186889648438,541.799426269531,76.8897201538086,200,187.88846206665,531.582745361328,79.5373352050781,210,182.431060791016,587.541369628906,78.2462585449219,210,190.41259765625,503.593804931641,73.7994491577148
"8",14,"SEO_census",NA,"Spain",2018,NA,NA,1,"w",NA,6320548,-6.14592,36.4179,178.31989924113,209.704564412435,588.666666666667,71.5819346110026,173.205225626628,236.120516459147,762.086802164714,70.8781509399414,137.5,183,1133.83333333333,79.6666666666667,172.5,211.166666666667,814.333333333333,69,200,191.530577341715,543.091990152995,76.8565152486165,200,191.273422241211,532.706700642904,79.4665934244792,210,186.021820704142,588.962707519531,78.2052154541016,210,194.027048746745,504.984237670898,73.7567672729492
"9",15,"SEO_census",NA,"Spain",2018,NA,NA,1,"w",NA,6289465,-6.25857,36.6796,178.61833190918,242.999996185303,548.8,70.1939590454102,171.44453125,255.132421875,703.6044921875,68.7435546875,133.8,199.6,984,77.8,170.2,232.2,730.4,66,200.193908691406,240.800796508789,516.964544677734,73.601481628418,209.503128051758,240.741424560547,506.026342773437,76.1034683227539,210,236.185985565186,556.569543457031,75.7935729980469,210.404067993164,245.789363861084,477.920123291016,70.642805480957
"10",17,"SEO_census",NA,"Spain",2018,NA,NA,1,"w",NA,6279108,-6.1503,36.75047,178.593610127767,252.573331197103,570.5,69.8034985860189,168.917317708333,259.468912760417,724.03125,67.8670247395833,130.166666666667,199.5,1011.33333333333,78.5,167.666666666667,236.5,755.666666666667,66.1666666666667,204.334958394368,277.093013127645,499.006546020508,73.1817042032878,209.804032643636,276.81035677592,486.222727457682,75.4182116190592,210,274.791488647461,536.379628499349,75.0324427286784,216.867847442627,283.219865163167,462.090693155924,70
"11",18,"SEO_census",NA,"Spain",2018,NA,NA,1,"w",NA,6279106,-6.23873,36.78753,179.837001800537,253.352005004883,545.6,69.9601547241211,171.3365234375,264.181640625,695.614453125,68.133203125,132.6,205.8,952.6,77.8,170,241.4,716.6,65.4,209.292865753174,269.396430969238,479.784948730469,72.7357177734375,209.970836639404,269.326118469238,468.546905517578,75,210,265.415554046631,514.549176025391,74.995832824707,219.464603424072,274.239330291748,442.620257568359,69.6882110595703
"12",19,"SEO_census",NA,"Spain",2018,NA,NA,1,"w",NA,6279105,-6.25213,36.75839,179.46750164032,252.040004730225,545.75,70.1658363342285,171.03466796875,261.67529296875,697.878173828125,68.2392578125,133.25,203.75,962.75,77.25,170,238.5,720.75,65.75,207.210006713867,262.200403213501,488.19947052002,72.9828777313232,210,262.126669883728,477.095878601074,75.2631607055664,210,258.204317092896,524.189193725586,75,217.24353313446,267.149968147278,450.701377868652,70
"13",20,"SEO_census",NA,"Spain",2018,NA,NA,1,"w",NA,6289468,-6.14336,36.68078,178.996248245239,244.500002861023,573,69.9241104125977,169.6259765625,253.367431640625,731.32568359375,68.37109375,131.75,194.5,1031.75,78.75,168.75,229.75,766,66.75,200.477719306946,263.466858863831,506.604705810547,73.9088172912598,209.744806289673,263.275451660156,494.211471557617,76.0288524627686,210,260.980377197266,546.12321472168,75.8878993988037,215.286641120911,270.038456916809,470.216064453125,70.5886974334717
"14",21,"SEO_census",NA,"Spain",2018,NA,NA,1,"w",NA,6279109,-6.10295,36.78214,178.597332000732,254.607997894287,573.2,70.0603393554688,168.4125,262.9162109375,730.5673828125,67.553125,129,201,1014.2,79,167.2,240.4,762,66.2,204.139938354492,285.229892730713,504.784069824219,73.1174194335938,209.665626525879,285.229892730713,490.875366210938,75.1516342163086,210,282.697658538818,541.72763671875,74.9916656494141,217.598289489746,292.321277618408,467.308074951172,69.7665588378906
"15",22,"SEO_census",NA,"Spain",2018,NA,NA,1,"w",NA,6289470,-6.07263,36.70248,177.704669952393,245.167999267578,583.8,70.2076324462891,167.7751953125,255.017578125,748.955078125,68.19765625,129.4,195.6,1061.4,79.4,166.8,232,789.4,67.2,200.082550048828,277.067771911621,515.834851074219,73.9275146484375,207.842697143555,276.822856903076,501.681677246094,75.9758087158203,210,276.224941253662,555.534704589844,75.6079864501953,215.740524291992,284.69645690918,479.497735595703,70.4071533203125
"16",23,"SEO_census",NA,"Spain",2018,NA,NA,1,"w",NA,6299832,-5.96041,36.60013,176.898756027222,237.170000076294,607.5,70.6464653015137,167.9697265625,249.0703125,798.62939453125,69.4560546875,130.25,190.75,1173.75,80,167,227,854.5,68.25,200,265.163841247559,556.627395629883,75.3048934936523,204.097232818604,265.907487869263,541.087692260742,77.1866493225098,210,266.850876808167,601.969039916992,76.3069896697998,215.293893814087,276.305437088013,520.725250244141,71.8208312988281
"17",24,"SEO_census",NA,"Spain",2018,NA,NA,1,"w",NA,6305013,-5.94707,36.56984,176.886005401611,237.784004211426,611.2,70.6651504516602,167.798046875,249.171484375,803.3455078125,69.54765625,130,190.6,1183.6,80.2,166.8,227.2,860.6,68.4,200,265.298797607422,562.081701660156,75.4262603759766,203.928024291992,265.990070343018,546.221423339844,77.2279891967773,210,267.257793426514,607.833361816406,76.3684539794922,215.744979858398,276.89981842041,526.042919921875,71.8566650390625
"18",25,"SEO_census",NA,"Spain",2018,NA,NA,1,"w",NA,6320565,-5.45129,36.43162,171.003332138062,216.669993400574,722.5,76.0443305969238,165.168212890625,254.17236328125,893.224853515625,73.07373046875,127.75,187.75,1368,85.5,164.75,232.25,971,72,195.291953086853,231.457366943359,837.089080810547,80.0296325683594,196.874642372131,231.073589324951,811.612518310547,80.2946643829346,205.279421806335,232.025246620178,907.097045898438,80.0165615081787,210.44105052948,240.393233299255,788.623229980469,76.3815612792969
"19",26,"SEO_census",NA,"Spain",2018,NA,NA,1,"w",NA,6351644,-5.49285,36.18507,177.684516906738,198.760433197021,792.5,77.2055854797363,168.528076171875,236.86083984375,920.12744140625,75.3486328125,133,173.5,1453.5,88.5,168.25,214.5,1004,74,198.725895881653,179.608602523804,655.154067993164,80.4723892211914,199.660959243774,176.344833374023,638.813919067383,80.9526290893555,208.36651802063,172.220878601074,705.207336425781,80.0079479217529,209.802393913269,182.339224815369,611.344772338867,77.4046592712402
"20",27,"SEO_census",NA,"Spain",2018,NA,NA,1,"w",NA,6320551,-6.04059,36.45032,177.59708404541,230.969996452332,619.75,71.2227535247803,169.24169921875,241.55712890625,800.129638671875,70.492919921875,133,185.25,1199.5,80.25,168.75,218,861.5,69,200,227.582468986511,563.824066162109,76.4522075653076,200,227.13846206665,551.089080810547,78.6839752197266,209.963545799255,225.09211063385,611.223175048828,77.824275970459,210,233.898115158081,526.30403137207,73.2936096191406
"21",28,"SEO_census",NA,"Spain",2018,NA,NA,1,"w",NA,6253227,-5.36734,36.97621,161.951999664307,268.744007110596,654.4,70.3109024047852,158.1404296875,311.0044921875,834.6642578125,68.25625,117.4,227.6,1139.2,82.2,157.4,290.4,884.6,67,195.366535186768,287.488231658936,941.576574707031,74.8366134643555,197.468315124512,288.866046905518,907.161645507813,75.1909896850586,201.866508483887,288.645881652832,996.745263671875,75.1706497192383,207.730800628662,298.645881652832,864.196264648437,69.8055694580078
"22",29,"SEO_census",NA,"Spain",2018,NA,NA,1,"w",NA,6258409,-5.26855,36.93406,158.711667060852,276.169996261597,678.5,69.8345508575439,153.6279296875,312.2822265625,852.13818359375,67.880615234375,112.5,228.5,1172.5,83,152.75,290.5,911.5,66.5,188.287758827209,282.420601844788,866.406768798828,74.4241676330566,191.120781898499,287.212605476379,834.826889038086,74.7425937652588,196.342430114746,285.395493507385,916.779052734375,74.963846206665,201.95460319519,292.059736251831,794.768951416016,69.6501922607422
"23",30,"SEO_census",NA,"Spain",2018,NA,NA,1,"w",NA,6268771,-5.18239,36.86122,150.194165706635,283.08000087738,717,69.7501335144043,144.492431640625,315.996337890625,885.838134765625,67.0185546875,104.5,233,1236,82.25,144.25,292.5,953.25,66,175.393805503845,280,790.233215332031,73.8789291381836,178.062291145325,280.548329353333,761.468307495117,74.401538848877,184.54174041748,280.870099067688,836.302825927734,74.5196533203125,189.038686752319,290.025062561035,724.801818847656,69.2911338806152
"24",31,"SEO_census",NA,"Spain",2018,NA,NA,1,"w",NA,6263590,-5.21071,36.91385,153.797082901001,281.560006141663,699.75,69.5061168670654,147.987548828125,316.22509765625,870.605712890625,67.1337890625,107.5,232.5,1201.25,82.5,147.5,293.75,933.25,66,181.408386230469,280.635719299316,799.754928588867,73.4587154388428,183.88819694519,284.271287918091,770.81120300293,73.8518142700195,189.570503234863,283.027925491333,844.313140869141,73.9868202209473,194.41554069519,290.193190574646,731.614837646484,68.6325531005859
"25",32,"SEO_census",NA,"Spain",2018,NA,NA,1,"w",NA,6341273,-5.95717,36.25055,177.333750724792,215.669994354248,720.25,73.5491580963135,167.990478515625,233.744873046875,878.490966796875,72.06103515625,132.25,179,1375.75,83.5,167.75,210.5,959.75,71,198.16098690033,181.994361877441,664.432830810547,79.1497859954834,200,180.824465751648,650.592971801758,81.0777225494385,206.68182849884,176.067633628845,717.334701538086,79.2029705047607,210,183.888111114502,618.309280395508,75.763614654541
"26",33,"SEO_census",NA,"Spain",2018,NA,NA,1,"w",NA,6268760,-5.64225,36.85976,173.638753890991,257.809996604919,620.25,70.2584037780762,166.27783203125,290.146240234375,799.642333984375,69.115234375,126,215.75,1112,81.25,165.25,271.5,843.5,67.5,201.179189682007,280,849.865341186523,74.9223747253418,209.632458686829,280.725607872009,817.169082641602,75.632287979126,210,282.815518379211,906.437484741211,75.1882305145264,219.902014732361,291.421909332275,788.635162353516,70.1547145843506
"27",34,"SEO_census",NA,"Spain",2018,NA,NA,1,"w",NA,6258401,-5.59459,36.93688,173.151664733887,266.024002075195,625.2,69.6907608032227,166.0888671875,300.295703125,792.1755859375,68.82578125,125.2,224,1085.4,81.4,165,282.4,833.2,67,202.156326293945,284.761657714844,822.53115234375,74.126448059082,209.205570220947,288.444190979004,791.222534179688,74.7227523803711,210.368602752686,289.701313018799,872.843188476563,74.1678375244141,219.553203582764,298.728427886963,759.056079101563,69.0339797973633
"28",35,"SEO_census",NA,"Spain",2018,NA,NA,1,"w",NA,6185904,-4.65666,37.51334,168.541332244873,317.39200592041,572.2,62.819465637207,163.0650390625,350.69765625,741.0876953125,64.00625,121.6,248,891.8,81,162.8,323.2,767,62.4,199.739776611328,328.149353027344,527.496118164063,61.1930969238281,203.139896392822,330.036064147949,514.944390869141,61.6854454040527,204.218170166016,319.735328674316,537.529418945312,60.7976547241211,209.902145385742,326.106887817383,464.729913330078,55.0579154968262
"29",36,"SEO_census",NA,"Spain",2018,NA,NA,1,"w",NA,6170360,-4.80195,37.63528,172.151332855225,319.423992156982,560.6,63.6828826904297,166.480859375,359.7341796875,753.77109375,64.5955078125,124.4,257.4,912,81,166.2,332.2,779.4,63,204.122947692871,330,574.175305175781,63.9563041687012,208.043277740479,339.969795227051,558.491711425781,64.1030220031738,209.697620391846,320,587.584216308594,62.5281478881836,214.827777862549,332.195739746094,508.745953369141,57.3539596557617
"30",37,"SEO_census",NA,"Spain",2018,NA,NA,1,"w",NA,6165194,-4.22379,37.69289,172.497911453247,324.790010452271,513.25,59.3374252319336,164.177490234375,359.587890625,666.7744140625,61.671142578125,124.75,250.5,760.75,79,164.75,331.5,675.25,59.25,196.304812431335,330,477.809501647949,56.9870176315308,198.699011802673,335.727348327637,469.76139831543,58.1296634674072,200.417742729187,320.073566436768,493.696968078613,57.1729907989502,206.805801391602,330.505867004395,434.518112182617,52.6395168304443
"31",38,"SEO_census",NA,"Spain",2018,NA,NA,1,"w",NA,6160014,-4.23204,37.71179,172.55999883016,326.086673736572,512.333333333333,59.0537376403809,164.346354166667,360.011881510417,666.572265625,61.6559244791667,124.833333333333,251,762.333333333333,78.8333333333333,164.666666666667,331.833333333333,676.333333333333,59.3333333333333,196.035343805949,330,483.138814290365,57.0577837626139,198.524510065715,336.034704844157,474.969100952148,58.2238127390544,200.245094299316,320.128040313721,499.379979451497,57.261464436849,206.859264373779,330.954755147298,439.540461222331,52.7106450398763
"32",39,"SEO_census",NA,"Spain",2018,NA,NA,1,"w",NA,6175552,-4.32502,37.61718,166.17166519165,320.848007202148,547.2,59.5847785949707,159.5279296875,358.6599609375,696.35625,61.5177734375,119.4,251.4,806.2,78.8,159.2,331.6,713.4,59.2,190.968608856201,329.757041931152,474.086749267578,58.0335311889648,193.991428375244,332.969009399414,466.042083740234,59.0936973571777,195.270210266113,320,487.180181884766,58.0200462341309,201.332023620605,329.757041931152,425.393811035156,53.0698638916016
"33",40,"SEO_census",NA,"Spain",2018,NA,NA,1,"w",NA,6056392,-5.16521,38.57309,155.328330993652,328.139982223511,562,56.402172088623,149.955810546875,387.557861328125,673.989013671875,59.114501953125,109,283.75,783.25,72.25,152,352.5,670.5,55,187.195644378662,320,436.093215942383,54.9914712905884,190,330,420.593574523926,54.0320329666138,200,320,457.298118591309,53.6308536529541,202.429504394531,339.566097259521,403.316635131836,49
"34",41,"SEO_census",NA,"Spain",2018,NA,NA,1,"w",NA,6056391,-5.17001,38.57921,155.328330993652,328.139982223511,562,56.402172088623,149.955810546875,387.557861328125,673.989013671875,59.114501953125,109,283.75,783.25,72.25,152,352.5,670.5,55,187.195644378662,320,436.093215942383,54.9914712905884,190,330,420.593574523926,54.0320329666138,200,320,457.298118591309,53.6308536529541,202.429504394531,339.566097259521,403.316635131836,49
"35",42,"SEO_census",NA,"Spain",2018,NA,NA,1,"w",NA,6139290,-4.38306,37.89667,173.76233291626,326.896003723145,511.6,59.3411529541016,166.1888671875,369.3013671875,679.291796875,62.4888671875,126,260.2,789.4,78,166.6,339,691.8,60.2,202.781509399414,338.702987670898,553.511218261719,61.6614921569824,207.540214538574,340,542.513031005859,62.6138885498047,211.468063354492,330,575.291418457031,61.2296730041504,215.882308959961,340,500.064862060547,56.4940353393555
"36",43,"SEO_census",NA,"Spain",2018,NA,NA,1,"w",NA,6144471,-4.34228,37.83501,172.832083702087,328.839998245239,513.5,59.0030031204224,164.9345703125,366.66748046875,679.2099609375,62.0009765625,125.25,257,784.5,78.75,165.5,336,691,60,199.892086982727,330.873575210571,569.492752075195,59.9440565109253,200.638551712036,340,558.986877441406,60.9754209518433,206.322312355042,329.466514587402,590.106918334961,59.651312828064,210.093441009521,339.951000213623,514.919258117676,55.0133333206177
"37",44,"SEO_census",NA,"Spain",2018,NA,NA,1,"w",NA,6165188,-4.48334,37.68722,172.172004699707,323.720001220703,544,61.0396301269531,165.0859375,359.6560546875,706.2833984375,62.997265625,124.6,253.6,828.4,79.2,165.4,331,721.6,61,198.502689361572,330.455596923828,478.355181884766,60.3933006286621,202.90259552002,338.753364562988,468.775372314453,61.1055206298828,204.996482849121,321.038414001465,490.570526123047,59.7477012634277,209.084609985352,334.39769744873,425.813708496094,54.6358245849609
"38",45,"SEO_census",NA,"Spain",2018,NA,NA,1,"w",NA,6149648,-4.49806,37.80444,174.349164962769,329.730014801025,531.75,60.6721410751343,166.982177734375,364.638916015625,700.37548828125,63.071533203125,126.5,258.5,822.5,79.25,167.25,336,714.75,61.25,200.736808776855,337.831897735596,539.428573608398,61.8779268264771,208.602194786072,340,527.990577697754,62.4650354385376,210,329.555358886719,556.148468017578,61.0999660491943,212.854914665222,340,482.39168548584,56.1228170394897
"39",46,"SEO_census",NA,"Spain",2018,NA,NA,1,"w",NA,6160008,-4.46667,37.72584,174.317001342773,325.152008056641,536.2,61.2666831970215,166.9619140625,359.97421875,698.42578125,63.122265625,126.6,253.4,816.8,79.4,167.4,331.2,711,61.2,200.824672698975,331.439712524414,471.315850830078,60.4976921081543,205.10816192627,339.985939025879,461.871459960938,61.1876251220703,207.734577178955,322.764305114746,483.986547851562,59.8634315490723,211.669105529785,336.809776306152,420.232147216797,54.8429405212402
"40",47,"SEO_census",NA,"Spain",2018,NA,NA,1,"w",NA,6071938,-4.89549,38.44547,151.245000362396,334.660005569458,564.75,54.8255252838135,145.986083984375,390.870361328125,702.143798828125,58.86474609375,105.5,283,825.25,73.5,147.75,355.75,709.5,56,180,320,469.489433288574,54.0072908401489,184.966006278992,330,453.428733825684,54.0317039489746,191.156907081604,320,495.477806091309,54.0378894805908,200,338.498582839966,436.134292602539,49.5727281570435
"41",48,"SEO_census",NA,"Spain",2018,NA,NA,1,"w",NA,6066757,-4.95632,38.48476,153.399167060852,330.839996337891,556,55.4166088104248,147.9765625,390.453369140625,688.49658203125,58.83740234375,107.25,284,804.75,73,150,355,692.25,55.75,181.092572212219,320.050964355469,447.395454406738,54.0343647003174,189.448976516724,330,431.759017944336,53.9741849899292,197.329802513123,320.007820129395,471.24747467041,53.8224954605103,200.133318901062,339.879417419434,415.397300720215,49.1372013092041
"42",49,"SEO_census",NA,"Spain",2018,NA,NA,1,"w",NA,6165186,-4.55389,37.68056,172.554000854492,324.912010192871,548.6,61.7986328125,165.6673828125,359.158203125,717.8697265625,63.3296875,124.8,255.2,850.8,79.8,165.6,331.4,736.8,61.6,201.343208312988,330.719802856445,481.201629638672,61.3297950744629,204.276679992676,339.707847595215,470.8119140625,61.8207244873047,205.892700195312,321.888710021973,492.836145019531,60.5524932861328,211.689315795898,333.933486938477,427.037048339844,55.4208694458008
"43",50,"SEO_census",NA,"Spain",2018,NA,NA,1,"w",NA,6092647,-5.37096,38.28473,152.686667442322,323.420000076294,613,59.7017793655396,148.72412109375,383.2685546875,738.512451171875,60.30859375,106.75,281.75,888.5,75,149.75,350.75,747,58,186.767454147339,319.963545799255,496.826225280762,58.8458795547485,189.927091598511,320.233898162842,477.449211120605,58.0337677001953,199.489274024963,319.891605377197,520.23412322998,57.8624000549316,202.257881164551,330,454.718643188477,52.1477346420288
"44",51,"SEO_census",NA,"Spain",2018,NA,NA,1,"w",NA,6165169,-5.28556,37.70083,176.051254272461,296.349992752075,528.5,66.3429412841797,173.143798828125,361.789794921875,724.717041015625,65.351318359375,130.25,264,879,80,173,334.75,734.25,63,217.200059890747,323.296928405762,538.843704223633,70.7797412872314,219.765491485596,329.985685348511,520.567169189453,70.453441619873,219.964213371277,320,558.707931518555,68.0016441345215,228.102087974548,330,484.17374420166,63.1452922821045
"45",52,"SEO_census",NA,"Spain",2018,NA,NA,1,"w",NA,6201443,-4.68733,37.4118,169.305000305176,313.813333511353,570.833333333333,63.8998285929362,163.853352864583,343.150553385417,741.667643229167,64.7194010416667,122,242.5,900.5,81.1666666666667,163.166666666667,317.833333333333,769.833333333333,62.8333333333333,200.466680526733,320.122063954671,479.416564941406,61.0458863576253,204.924392700195,328.319161732992,467.896779378255,61.7278874715169,206.733617782593,311.750993728638,488.557495117188,60.9762694040934,210.555868148804,320.122063954671,421.707356770833,55.0483392079671
"46",53,"SEO_census",NA,"Spain",2018,NA,NA,1,"w",NA,6180719,-4.84611,37.5675,173.761248588562,313.700013160706,552,64.6097755432129,168.72998046875,354.535888671875,749.541015625,65.089111328125,126.75,253,911,81.5,168.5,327.75,774.5,63.75,208.606624603271,330,547.408920288086,63.6392545700073,209.890637397766,338.163785934448,532.049240112305,63.7824354171753,211.031885147095,320,559.578247070312,62.2566232681274,218.741388320923,330,484.768135070801,57.0379076004028
"47",54,"SEO_census",NA,"Spain",2018,NA,NA,1,"w",NA,6196312,-2.63723,37.43834,137.389669418335,343.232002258301,412.2,46.852693939209,129.4908203125,362.230078125,561.880859375,48.784765625,92.6,247.2,560,63.6,131.4,323.4,551.2,42,167.292705535889,323.746620178223,302.315515136719,40.970881652832,169.528305053711,330.143013000488,297.346783447266,42.0639274597168,174.531700134277,328.073829650879,319.7359375,44.4657852172852,179.759017944336,338.999465942383,296.832690429687,42.7439628601074
"48",55,"SEO_census",NA,"Spain",2018,NA,NA,1,"w",NA,6222182,-3.89368,37.22541,165.281248092651,324.340000152588,425.75,55.7019290924072,149.833984375,349.900634765625,566.612548828125,59.33251953125,111.25,246.5,608,75,149.75,325,555,53.75,187.6926612854,329.017419815063,395.88094329834,57.7207727432251,189.610977172852,330,388.405662536621,59.2008295059204,192.208786010742,329.445638656616,418.218284606934,58.945104598999,198.461871147156,339.577646255493,379.346466064453,56.4690990447998
"49",56,"SEO_census",NA,"Spain",2018,NA,NA,1,"w",NA,6165238,-2.41194,37.66778,121.114168167114,344.610004425049,468.5,43.4436807632446,114.522705078125,373.105224609375,624.544189453125,44.186767578125,78.5,258,612.5,58.75,117.25,330.25,626.5,37.5,144.548127651215,310.134930610657,402.095039367676,39.7735176086426,146.900651454926,319.500002861023,396.852127075195,40.4014949798584,152.89692401886,317.338156700134,422.942047119141,42.9002094268799,157.401132583618,327.308692932129,394.945297241211,41.2027282714844
"50",57,"SEO_census",NA,"Spain",2018,NA,NA,1,"w",NA,6165240,-2.3269,37.69691,131.272914409637,350.240001678467,421.75,43.5525827407837,123.93994140625,368.81298828125,567.6298828125,45.48828125,88.5,255.5,535,58.25,127.5,324.5,555,38,157.474365234375,310,310.509643554688,38.3238687515259,158.617634773254,318.359398841858,306.430046081543,38.6115951538086,165.175704956055,311.681079864502,325.784454345703,41.0804214477539,168.772263526917,321.064386367798,305.487907409668,39.6037530899048
"51",58,"SEO_census",NA,"Spain",2018,NA,NA,1,"w",NA,6180759,-3.19892,37.54645,136.890001296997,343.360004425049,461,49.6922750473022,129.403076171875,378.533203125,633.172607421875,52.02001953125,91.5,262.75,667.25,69.25,130.25,344,641.75,47,161.756386756897,330,442.36058807373,47.0277805328369,165.08243560791,334.051532745361,435.132843017578,47.8822050094604,168.155822753906,330,471.571243286133,49.9247856140137,172.443099021912,340,441.281211853027,48.4793529510498
"52",59,"SEO_census",NA,"Spain",2018,NA,NA,1,"w",NA,6149699,-2.37302,37.83076,130.761249065399,357.749996185303,434.25,43.5164346694946,123.7890625,372.521484375,570.69873046875,45.185791015625,87.5,257.75,550,57.75,126.5,328.5,560.75,37.75,155.828087329865,310,362.132438659668,38.5865707397461,158.266863822937,317.531456947327,357.216011047363,38.869441986084,164.489388465881,313.355712890625,380.191261291504,41.340633392334,169.532203674316,322.604904174805,355.456573486328,40.0161256790161
"53",60,"SEO_census",NA,"Spain",2018,NA,NA,1,"w",NA,6144517,-2.41937,37.87432,130.950832366943,354.529991149902,435.5,43.1356372833252,123.540283203125,374.290771484375,572.86279296875,45.2783203125,87.25,257.75,554.75,57.75,126.25,330.5,561.5,38,155.849449634552,310,416.850524902344,39.2079038619995,157.302122116089,316.430087089539,411.111099243164,39.6022033691406,164.588711261749,313.222432136536,438.535110473633,42.4032926559448,168.492059707642,322.254676818848,408.822280883789,40.7527446746826
"54",61,"SEO_census",NA,"Spain",2018,NA,NA,1,"w",NA,6242904,-3.806,37.08054,150.464002609253,328.864013671875,463.2,55.8543983459473,137.8197265625,360.0779296875,619.77890625,57.6138671875,100,259,691,72.8,138,334.2,622.8,52.6,173.093879699707,317.653179168701,450.125079345703,59.9704254150391,175.343616485596,320.665447235107,441.725042724609,62.5479888916016,180.535835266113,319.919300079346,483.369903564453,62.4830062866211,185.036968231201,330.930046081543,441.314819335938,60.7710563659668
"55",62,"SEO_census",NA,"Spain",2018,NA,NA,1,"w",NA,6206579,-6.53894,37.33434,176.987500190735,278.210010528564,530.5,65.8337097167969,170.12646484375,294.82763671875,653.576171875,66.381591796875,129.5,235.75,825.5,77.5,168.25,278,652,63,202.206716537476,294.199752807617,596.861740112305,72,210,298.293385505676,582.677963256836,72.0395660400391,208.553385734558,279.658708572388,625.071823120117,73.2065982818604,210,288.293385505676,538.202423095703,67.7680358886719
"56",63,"SEO_census",NA,"Spain",2018,NA,NA,1,"w",NA,6206578,-6.55851,37.34292,176.874668121338,278.064010620117,530.4,65.818717956543,170.036328125,293.8888671875,652.1716796875,66.3966796875,129.4,235.8,823.8,77.2,168.2,277.2,650.6,63,202.091949462891,293.688480377197,596.681408691406,72,210,298.634708404541,582.603137207031,72.0316528320313,208.294273376465,279.72696685791,624.731091308594,73.2344436645508,210,288.634708404541,537.962866210937,67.8039596557617
"57",64,"SEO_census",NA,"Spain",2018,NA,NA,1,"w",NA,6206582,-6.38231,37.3685,177.764582633972,286.420001983643,531.25,66.2962284088135,171.6865234375,313.35546875,670.650634765625,66.084228515625,130,244.75,842.75,78.25,170,294.75,670.75,63,206.471920013428,300.794830322266,592.040481567383,71.6331424713135,210,305.550060272217,577.323532104492,72,209.77931022644,287.103576660156,619.776885986328,72.401927947998,210,299.082536697388,534.092376708984,67
"58",65,"SEO_census",NA,"Spain",2018,NA,NA,1,"w",NA,6211749,-6.94116,37.29288,181.015688578288,255.565303166707,473.166666666667,68.6712532043457,173.264073689779,255.073201497396,589.752451578776,68.3288548787435,136.166666666667,219.666666666667,733.5,74.6666666666667,172,241,575.666666666667,64,210,279.235013326009,518.12825012207,72.0601336161296,210,281.75664583842,510.110107421875,73.1904792785645,210,264.879020055135,537.691446940104,72.9381955464681,218.859955469767,274.410508473714,465.047724405924,67.4932963053385
"59",66,"SEO_census",NA,"Spain",2018,NA,NA,1,"w",NA,6201398,-6.55799,37.39113,177.482914924622,279.500002861023,518.25,66.1563282012939,171.11865234375,295.872802734375,645.0009765625,66.426025390625,130.75,236.5,805.25,77,169.5,278.75,637.75,63,206.256084442139,298.916034698486,589.179000854492,71.9742031097412,210,300.074553489685,574.973602294922,71.9896812438965,208.786315917969,280.074553489685,615.855529785156,73.0168933868408,210.20637512207,290.379929542542,530.917556762695,67.5313110351562
"60",67,"SEO_census",NA,"Spain",2018,NA,NA,1,"w",NA,6206575,-6.67811,37.35996,179.856002807617,275.080013275146,498.8,66.5627029418945,172.2466796875,282.9794921875,623.1658203125,67.13359375,133,229.4,774.8,75.8,171,267,611.4,63,209.234386444092,293.09253692627,578.354968261719,71.8683303833008,210,298.820335388184,565.485681152344,71.9260391235352,209.904296875,279.797267913818,603.568115234375,73.1263656616211,212.510665893555,288.820335388184,520.723571777344,67.4722579956055
"61",69,"SEO_census",NA,"Spain",2018,NA,NA,1,"w",NA,6211757,-6.60457,37.31211,177.105667114258,273.672004699707,524.6,66.0492523193359,170.2791015625,287.0376953125,644.0384765625,66.7048828125,130.4,232.4,814.2,76.6,168.8,270.6,641.2,63.2,202.171501159668,288.928867340088,585.765625,72,210,292.953086853027,572.460766601562,72.3866195678711,209.322917938232,275.379135131836,613.354907226563,73.8020095825195,210,282.98458480835,527.941796875,67.9895309448242
"62",71,"SEO_census",NA,"Spain",2018,NA,NA,1,"w",NA,6211751,-6.85503,37.30775,181.641974449158,264.602494239807,476.75,67.9957275390625,173.394336700439,261.182327270508,596.623092651367,67.8406257629395,135.75,221,741.25,74.75,172.25,246.5,583.25,63.75,209.930353164673,282.242770195007,539.835327148438,72,210,286.286101341248,530.266662597656,72.8927688598633,210,267.342371940613,561.825454711914,73.0203762054443,218.017001152039,277.110614776611,485.09529876709,67.5110816955566
"63",72,"SEO_census",NA,"Spain",2018,NA,NA,1,"w",NA,6201391,-6.83617,37.38239,180.159583091736,273.210000991821,489,67.5089664459229,171.575927734375,270.08447265625,607.8271484375,67.205322265625,133.25,226,758.25,75.5,170.25,255.25,596,63,210,290,581.481399536133,71.7385845184326,210,292.521438598633,570.336975097656,71.9648914337158,210,276.789445877075,604.052062988281,72.6773529052734,210.767073631287,284.505295753479,522.725112915039,66.9052047729492
"64",73,"SEO_census",NA,"Spain",2018,NA,NA,1,"w",NA,6123758,-4.05552,38.03749,176.68966293335,322.096000671387,440,56.6391250610352,169.2796875,368.9537109375,607.69140625,60.549609375,131.4,255.6,676.8,76,170.6,335.4,603.4,57.2,209.11009979248,339.845962524414,457.184722900391,59,213.428855895996,347.953491210938,448.147094726562,60.3458274841309,219.003456115723,340,483.671795654297,60,225.209850311279,350.117973327637,428.812652587891,56
"65",74,"SEO_census",NA,"Spain",2018,NA,NA,1,"w",NA,6134118,-4.05751,37.93485,173.268665313721,326.65599822998,462.2,56.5547302246094,166.54453125,367.8068359375,631.0771484375,60.85859375,127.8,255.4,715.2,77.2,167,335.2,636.4,58.2,203.052299499512,336.116218566895,504.052844238281,58.3751861572266,205.10083770752,340.38648223877,494.836535644531,59.7053199768066,210.283264160156,334.149047851562,530.588470458984,59.2589805603027,214.722064971924,344.283416748047,471.321258544922,55.3804664611816
"66",76,"SEO_census",NA,"Spain",2018,NA,NA,1,"w",NA,6118592,-3.4812,38.04872,159.908612569173,329.333343505859,407.333333333333,50.2676137288411,153.56689453125,377.35107421875,585.642740885417,56.0662434895833,116.333333333333,258.5,633.5,72.3333333333333,154.666666666667,339.666666666667,582,52.1666666666667,188.757232030233,338.864606221517,554.185836791992,54.9146931966146,191.824181874593,343.335329691569,543.896860758464,56.0665969848633,196.106834411621,342.88480758667,595.368245442708,57.9988282521566,202.468608220418,354.244848887126,547.029327392578,55.1413014729818
"67",77,"SEO_census",NA,"Spain",2018,NA,NA,1,"w",NA,6134123,-3.87063,37.94166,175.06582736969,331.109981536865,430.75,54.9430017471313,167.25927734375,366.822509765625,605.479248046875,60.218017578125,129.25,251,672.75,76,168,333.25,604.5,57.25,200.897121429443,338.29514503479,459.041442871094,57.6785526275635,206.203298568726,340,450.526832580566,59.0551290512085,209.335308074951,339.470081329346,488.058807373047,59.3899669647217,215.538759231567,349.470081329346,440.774261474609,56.0455780029297
"68",78,"SEO_census",NA,"Spain",2018,NA,NA,1,"w",NA,6139306,-3.73594,37.90203,174.110664367676,330.831985473633,415.2,53.8400291442871,166.9212890625,364.6640625,591.004296875,59.38125,129.2,249.2,647.8,76.2,167.4,331.6,586.6,56.8,199.703033447266,334.435127258301,433.658142089844,54.8111602783203,203.590515136719,340,425.482086181641,56.153987121582,207.182872772217,339.252754211426,462.318640136719,57.0347198486328,212.583213806152,349.252754211426,424.080236816406,54.4498085021973
"69",80,"SEO_census",NA,"Spain",2018,NA,NA,1,"w",NA,6149668,-3.66585,37.82313,165.282082557678,331.320009231567,422.25,52.587836265564,159.834716796875,368.736328125,621.231201171875,58.815185546875,122.25,252.75,682.75,76.75,160.25,336,625.25,56.5,189.301581382751,328.989944458008,506.877052307129,51.9849624633789,193.044767379761,333.282747268677,497.43643951416,53.0785808563232,196.088337898254,330.905361175537,540.022155761719,54.3468017578125,201.09570980072,340.921955108643,500.787010192871,52.3440656661987
"70",81,"SEO_census",NA,"Spain",2018,NA,NA,1,"w",NA,6160020,-3.96848,37.72279,157.921333312988,328.975997924805,490,54.0897300720215,151.8369140625,370.2771484375,689.7685546875,59.034765625,112.6,258.6,782.2,77.8,151.6,341,709.4,56.8,176.779613494873,319.919910430908,690.685986328125,55.0108818054199,180.38013458252,324.353851318359,678.29755859375,56.009228515625,182.584403991699,319.694774627686,724.243041992188,56,187.383396148682,328.949989318848,654.207214355469,52.9433601379395
"71",83,"SEO_census",NA,"Spain",2018,NA,NA,1,"w",NA,6123764,-3.79512,38.0107,175.627498626709,326.200008392334,412,54.5027360916138,168.837646484375,365.839111328125,579.493896484375,59.71240234375,131.25,249.5,634.5,75.25,170,331.75,571.5,56.25,205.773181915283,340,437.328254699707,57.3365497589111,208.990459442139,342.111845016479,429.151390075684,58.7064790725708,212.147922515869,340.096387863159,467.092147827148,59.4281377792358,219.088778495789,354.303159713745,423.925392150879,56.1751499176025
"72",84,"SEO_census",NA,"Spain",2018,NA,NA,1,"w",NA,6144475,-4.18496,37.87123,173.854446411133,327.553329467773,490.166666666667,57.7519423166911,166.27392578125,366.255045572917,651.712890625,61.40283203125,127,255.166666666667,743.5,77.8333333333333,166.666666666667,335,659.333333333333,59,200.816078186035,331.548824310303,517.273630777995,58.5349273681641,203.725655873617,340,507.929463704427,59.7838980356852,207.823314666748,330,539.696594238281,58.7251440684001,212.701574961344,340,475.451248168945,54.5235392252604
"73",85,"SEO_census",NA,"Spain",2018,NA,NA,1,"w",NA,6154837,-4.11948,37.76652,171.442914009094,329.230003356934,492,57.4448347091675,163.72705078125,362.4951171875,658.125244140625,61.055419921875,124.75,251.75,746.5,78.5,164,333,667,58.5,193.736562728882,329.304180145264,537.615173339844,56.1320295333862,197.845706939697,331.854839324951,528.295249938965,57.3571300506592,198.713707923889,320.431337356567,559.06477355957,56.534330368042,205.343956947327,331.795797348022,496.520217895508,52.5471105575562
"74",86,"SEO_census",NA,"Spain",2018,NA,NA,1,"w",NA,6139308,-3.66323,37.91102,172.936663627625,329.269981384277,405.25,53.6376667022705,166.143798828125,364.72607421875,580.24755859375,59.1376953125,128.75,248.75,628.5,75.5,167,331.25,572.25,56,200.115818977356,336.487722396851,431.145767211914,53.9282751083374,203.930592536926,340,423.065132141113,55.2372436523438,206.364002227783,339.601888656616,460.418609619141,56.4167222976685,212.615990638733,350.034055709839,424.340530395508,54.0508880615234
"75",87,"SEO_census",NA,"Spain",2018,NA,NA,1,"w",NA,6134135,-3.36879,37.95152,167.454581260681,328.31000328064,383.75,50.6444005966187,159.975341796875,369.02392578125,540.974853515625,56.863037109375,122.75,250.25,565.75,71.75,161.25,332.5,526.5,51.75,197.376570701599,340,489.561393737793,53.1903591156006,201.010327339172,341.978483200073,480.977401733398,54.2367115020752,204.977173805237,340.072755813599,524.861335754395,56.3383255004883,210.704679489136,355.349397659302,485.489883422852,54.1165103912354
"76",88,"SEO_census",NA,"Spain",2018,NA,NA,1,"w",NA,6123774,-3.37831,38.0326,153.548748493195,334.310007095337,419.75,48.7875118255615,147.39453125,380.396240234375,589.301513671875,54.576171875,108.75,261.5,636.25,70.5,147.5,343.75,591.25,50.5,181.128578186035,336.634922027588,604.123458862305,54.4812211990356,183.434085845947,341.263360977173,593.210678100586,55.8106966018677,188.568363189697,340.650224685669,649.204788208008,57.9181327819824,194.288272857666,351.645050048828,597.008575439453,55.0727033615112
"77",89,"SEO_census",NA,"Spain",2018,NA,NA,1,"w",NA,6123775,-3.37068,38.01163,158.864166736603,332.100009918213,408.75,49.2968673706055,151.937744140625,376.370361328125,573.17138671875,55.504150390625,113.75,257.5,612.25,71,152.5,339.75,569.5,51,186.531171798706,337.707328796387,583.975845336914,53.954610824585,189.373812675476,340.371417999268,573.565826416016,55.1864652633667,193.837475776672,340.011720657349,626.915954589844,57.3624114990234,199.504518508911,352.042417526245,578.113632202148,54.7593269348145
"78",91,"SEO_census",NA,"Spain",2018,NA,NA,1,"w",NA,6123761,-3.92024,38.00537,176.159582138062,323.949999809265,427.25,55.7776231765747,169.04150390625,367.04541015625,595.457763671875,60.3115234375,131.5,251.25,659,75.75,170.25,332.75,590.5,57.25,207.405576705933,339.957370758057,438.233818054199,58.583348274231,209.902853965759,345.161285400391,430.089019775391,59.9210319519043,215.01446723938,340,465.866348266602,59.9640846252441,221.518383026123,352.230997085571,418.164199829102,56.6341676712036
"79",92,"SEO_census",NA,"Spain",2018,NA,NA,1,"w",NA,6273963,-4.70418,36.81967,170.947914123535,261.99999332428,592.25,70.9189586639404,166.761474609375,289.72119140625,735.156982421875,68.84521484375,128.25,202.5,969.25,82.75,167.25,266.75,762.5,66.75,192.365226745605,270.859594345093,462.961013793945,67.908576965332,195.131177902222,274.09836769104,449.722373962402,69.591459274292,202.523603439331,273.679428100586,480.853187561035,68.6827163696289,207.621550559998,281.040768623352,410.424873352051,63.1526556015015
"80",93,"SEO_census",NA,"Spain",2018,NA,NA,1,"w",NA,6237706,-4.57626,37.08491,163.517918586731,304.630007743835,589.25,64.8779163360596,157.87939453125,320.896240234375,736.15380859375,65.314208984375,117.75,225.75,917.5,81.25,157.5,298.75,761.75,63,189.4580078125,297.205953598022,431.695083618164,61.2511692047119,189.746584892273,300.319843292236,421.823234558105,62.6745853424072,193.191571235657,291.178894042969,443.330665588379,61.8601379394531,199.746584892273,300,380.910614013672,56.2281532287598
"81",94,"SEO_census",NA,"Spain",2018,NA,NA,1,"w",NA,6232526,-4.56014,37.13244,162.638668060303,310.81600189209,591.6,63.8243721008301,155.6404296875,326.7513671875,736.2998046875,64.391015625,115.4,231.8,910.4,80.8,155.2,304.6,763.6,62,187.694339752197,299.784648895264,465.485003662109,60.7522758483887,189.439300537109,305.223636627197,455.337249755859,62.1317420959473,192.437843322754,296.174289703369,477.345526123047,61.4343994140625,198.966751098633,302.347682952881,410.442767333984,55.7261428833008
"82",95,"SEO_census",NA,"Spain",2018,NA,NA,1,"w",NA,6237699,-4.84269,37.08937,160.637080669403,298.400001525879,621.5,66.9730739593506,155.662841796875,323.43359375,792.39794921875,65.781005859375,114.5,230.75,1018,82,155.25,300,833,64,183.873825073242,299.565925598145,436.219696044922,61.2593030929565,189.485874176025,300,423.748733520508,62.5902709960938,190.172863006592,292.384901046753,447.850540161133,61.4732799530029,198.98425579071,300,386.769142150879,55.9537734985352
"83",96,"SEO_census",NA,"Spain",2018,NA,NA,1,"w",NA,6227342,-4.72386,37.17136,162.157669067383,303.81600189209,603.4,65.1781875610352,156.6958984375,329.0216796875,769.47421875,65.1326171875,115.6,233.4,962.2,81.8,156,305.4,803.8,63.2,189.298973083496,302.342121124268,425.99658203125,60.3474319458008,190.823474884033,309.71110534668,415.113806152344,61.6123748779297,195.824104309082,299.960166931152,435.646044921875,61,199.715900421143,308.894580841064,375.309875488281,55.0090484619141
"84",97,"SEO_census",NA,"Spain",2018,NA,NA,1,"w",NA,6232521,-4.7797,37.13575,162.448665618896,297.735992431641,609,66.515348815918,157.3361328125,325.14375,777.4599609375,65.60078125,116,231,984.8,81.6,156.8,301.8,812.6,64,189.695327758789,300,420.221148681641,60.84912109375,189.986724853516,305.423545837402,408.860430908203,62.0029907226562,195.034820556641,299.105255126953,430.439050292969,61.0433967590332,199.952617645264,304.08810043335,371.181042480469,55.3271545410156
"85",98,"SEO_census",NA,"Spain",2018,NA,NA,1,"w",NA,6284329,-4.42784,36.72284,NA,NA,NA,NA,NA,NA,NA,NA,138.8,182.8,838.2,82.2,NA,NA,NA,NA,198.373455047607,202.975498199463,463.647393798828,70.5416259765625,199.221279144287,205.673133850098,454.026879882813,72.6418395996094,208.710563659668,202.400882720947,487.433038330078,72.2402587890625,217.054172515869,211.966403961182,413.7767578125,67.2243347167969
"86",99,"SEO_census",NA,"Spain",2018,NA,NA,1,"w",NA,6284311,-5.16862,36.74145,149.053335189819,276.91999912262,726.75,70.8663082122803,144.187255859375,308.845703125,889.710205078125,67.864501953125,106,229.25,1270.25,82.5,144.5,284,959.5,67,172.381229400635,273.791918754578,803.83186340332,75.1199836730957,174.681339263916,275.370197296143,774.516830444336,75.6439609527588,182.096719741821,276.230211257935,855.408843994141,75.834342956543,187.668633460999,283.958563804626,741.426544189453,70.9144020080566
"87",100,"SEO_census",NA,"Spain",2018,NA,NA,1,"w",NA,6253237,-4.9492,36.96284,157.497498989105,284.809989929199,647.5,68.7089519500732,153.12158203125,315.14501953125,819.801025390625,67.08740234375,113.25,227,1091.75,82,153.25,291.75,867.25,65.5,179.021778106689,288.132920265198,496.957534790039,65.2660312652588,182.485675811768,289.647164344788,480.866722106934,66.5025730133057,187.962670326233,285.657868385315,515.595504760742,65.6162109375,193.770170211792,292.532334327698,445.852157592773,60.0396318435669
"88",101,"SEO_census",NA,"Spain",2018,NA,NA,1,"w",NA,6211776,-5.81217,37.32158,180.715417861938,293.010001182556,560.5,66.9393863677979,174.907958984375,341.987060546875,719.808837890625,66.70751953125,132.25,259.25,914.5,80.25,173.5,321.5,731.75,64.25,210,310,558.500762939453,70,214.013824462891,317.936773300171,541.104736328125,71.1004638671875,216.204085350037,307.290148735046,578.879104614258,68.0153484344482,220,317.324333190918,502.356819152832,63.2057800292969
"89",102,"SEO_census",NA,"Spain",2018,NA,NA,1,"w",NA,6206598,-5.74528,37.37222,178.367500305176,294.67999458313,570,66.6275329589844,172.73779296875,346.470458984375,728.58251953125,66.326416015625,129.5,261.5,924.25,80.5,171.25,325.75,742.25,64,210,310,588.20751953125,70.4710216522217,212.301888465881,320,569.590850830078,71.8153514862061,212.970685958862,310,608.434417724609,68.5325603485107,220,320,528.062164306641,63.8831567764282
"90",103,"SEO_census",NA,"Spain",2018,NA,NA,1,"w",NA,6242845,-6.28194,37.07222,181.013668060303,264.216007232666,524.2,68.7286346435547,174.84296875,292.0134765625,670.8380859375,67.49140625,134,227.4,868,78.6,173,272.2,675.8,64.8,210,279.541435241699,523.4330078125,71.3431259155273,210,281.961711883545,510.910418701172,73.0009368896484,210,269.002265930176,553.911096191406,72.9542755126953,219.773349761963,278.175796508789,476.629931640625,67.3642883300781
"91",104,"SEO_census",NA,"Spain",2018,NA,NA,1,"w",NA,6237663,-6.37388,37.09528,181.50541305542,264.190006256104,507.25,69.6258640289307,174.876953125,285.688232421875,657.122314453125,67.567626953125,134.75,224.25,846.75,78,173,267,659.5,64,210,266.494026184082,527.789611816406,71.9740715026855,210,268.554396629333,515.93677520752,73.2188587188721,210,254.81086730957,558.480819702148,73.5709018707275,211.670455932617,264.245624542236,480.053596496582,67.9501895904541
"92",106,"SEO_census",NA,"Spain",2018,NA,NA,1,"w",NA,6191045,-6.28198,37.4825,180.345001220703,295.060005187988,525,65.5746746063232,173.993408203125,330.111083984375,670.302978515625,65.758544921875,132,255.5,836.25,78.5,172.5,309.75,669,62.75,209.856100082397,310,566.370391845703,71.0115394592285,210.098299980164,310.002608299255,551.31526184082,71.8729496002197,209.982423782349,295.700225830078,590.588180541992,71.626615524292,212.365884780884,300.400094985962,510.246276855469,66.023078918457
"93",107,"SEO_census",NA,"Spain",2018,NA,NA,1,"w",NA,6196239,-5.66988,37.45079,176.539168357849,298.829998970032,571.5,66.4322090148926,171.0009765625,351.615234375,733.758544921875,66.1103515625,127.75,262.5,919.75,79.75,170.25,329.75,746.75,64,208.374314308167,310.496726036072,604.119903564453,71.9330081939697,211.203560829163,320,584.882629394531,72.5652523040771,212.841377258301,310,624.271942138672,69.5079765319824,219.167938232422,320,541.472259521484,64.7972564697266
"94",108,"SEO_census",NA,"Spain",2018,NA,NA,1,"w",NA,6191060,-5.6453,37.47222,177.419586181641,299.529995918274,566.25,66.4369163513184,171.937744140625,351.74072265625,729.34033203125,66.204345703125,128.75,262,911.75,79.5,171.25,329.5,741,64,208.978524208069,312.597494125366,598.52473449707,72.0714988708496,212.996068000793,320,579.398422241211,72.774787902832,214.737572669983,310,618.548431396484,69.7394199371338,219.353504180908,320,536.361450195312,64.928955078125
"95",113,"SEO_census",NA,"Spain",2018,NA,NA,1,"w",NA,6248041,-5.61889,37.03982,174.433331489563,269.320011138916,607,69.5639991760254,168.733642578125,312.669189453125,762.187255859375,68.6201171875,127,234,1014,81.25,167.75,294.25,793.25,66.5,209.622554779053,292.847566604614,661.167846679688,72.0182762145996,209.876952171326,295.900459289551,636.928833007812,72.8609619140625,213.697896003723,292.554597854614,695.616485595703,71.582576751709,219.876952171326,301.206912994385,604.920394897461,66.4593334197998
"96",114,"SEO_census",NA,"Spain",2018,NA,NA,1,"w",NA,6211777,-5.79,37.32972,180.047917366028,293.719997406006,564.25,66.8191795349121,174.24072265625,342.981201171875,722.43310546875,66.70263671875,131.5,259.5,917.5,80.25,172.75,322.5,735.25,64,210,310,565.678283691406,70.0119171142578,214.099116325378,319.635124206543,547.917724609375,71.1911563873291,215.238251686096,309.42066192627,585.962844848633,68.0313034057617,220,319.454846382141,508.58878326416,63.3081769943237
"97",116,"SEO_census",NA,"Spain",2018,NA,NA,1,"w",NA,6227339,-4.85178,37.19835,159.402332305908,300.351989746094,621.4,65.3862747192383,154.496875,333.80625,796.989453125,65.26484375,112.6,237.8,1005.4,82,153.8,310.4,835.8,63.6,187.925937652588,302.367691040039,472.003411865234,61.1868171691895,190.311229705811,309.295593261719,459.041040039063,62.0968849182129,193.247932434082,300,482.773168945312,61.1053993225098,198.373092651367,307.961757659912,417.15712890625,55.474308013916
"98",117,"SEO_census",NA,"Spain",2018,NA,NA,1,"w",NA,6222159,-4.83716,37.22168,159.314999580383,300.889987945557,620.75,65.2559089660645,154.40625,334.1591796875,795.4892578125,65.156982421875,112.5,238.25,1003.25,82,153.5,310.75,834.75,63.5,187.820177078247,302.934551239014,478.433990478516,61.0685663223267,190.377979278564,309.748225212097,465.451728820801,62.002197265625,193.29318523407,300,489.234085083008,61.0043935775757,198.224339485168,308.526558876038,422.568740844727,55.3480443954468
"99",119,"SEO_census",NA,"Spain",2018,NA,NA,1,"w",NA,6211790,-5.23278,37.30584,173.945002555847,297.219996452332,556.25,68.2715110778809,169.247802734375,334.698486328125,761.529541015625,67.26904296875,126.25,243,957.25,81.75,168.25,314,787.25,65.25,210,310.086431503296,493.67716217041,69.7793483734131,210,317.434015274048,478.743064880371,70.5088539123535,211.740355491638,308.098855018616,511.012855529785,68.7311687469482,220,318.115296363831,441.355659484863,63.1508779525757
"100",120,"SEO_census",NA,"Spain",2018,NA,NA,1,"w",NA,6206611,-5.17145,37.34872,174.14041519165,301.180000305176,547.75,68.2156295776367,169.51220703125,336.36376953125,760.40087890625,66.822509765625,126.75,242.75,949.75,82,168.5,315,784.75,65,210,314.747562408447,482.236358642578,68.356315612793,210,319.646039009094,467.819862365723,69.0304832458496,210.059876441956,309.646039009094,497.67569732666,67.2181930541992,220,319.646039009094,430.060775756836,61.6653318405151
"101",121,"SEO_census",NA,"Spain",2018,NA,NA,1,"w",NA,6201429,-5.25249,37.39583,174.816665649414,300.449986457825,551.25,67.5614624023438,170.10302734375,342.320068359375,753.588134765625,66.927734375,127,249.75,939.75,81.25,169,320.75,774.5,65,210,318.775410652161,524.515830993652,69.786262512207,210,320,508.531806945801,70.3299999237061,216.165909767151,310,541.946578979492,68.118766784668,220,320,469.028335571289,62.7757005691528
"102",122,"SEO_census",NA,"Spain",2018,NA,NA,1,"w",NA,6201430,-5.22944,37.41028,173.929166793823,302.033316294352,555.5,67.4463869730632,169.176920572917,344.296549479167,757.9365234375,66.5774739583333,126.166666666667,250.166666666667,944,81.1666666666667,168.166666666667,322.166666666667,780.333333333333,64.8333333333333,208.848660786947,320,533.086029052734,69.08900197347,209.876289367676,320,516.844284057617,69.6360321044922,213.029235204061,310,550.130849202474,67.36732228597,218.946971893311,320,476.315902709961,62.0865739186605
"103",123,"SEO_census",NA,"Spain",2018,NA,NA,1,"w",NA,6201407,-6.20458,37.38328,178.746256828308,287.950000762939,535.5,66.5679244995117,173.918212890625,329.029052734375,686.958984375,66.473876953125,131.5,254.75,868,79,172.25,309.25,690,63.25,207.451248168945,307.439656257629,538.376846313477,71.113130569458,210.044431686401,310,524.521553039551,72.1400527954102,209.962720870972,290.548038482666,562.704406738281,71.5539627075195,213.308348655701,300,485.402938842773,66.0145511627197
"104",124,"SEO_census",NA,"Spain",2018,NA,NA,1,"w",NA,6201412,-5.99303,37.38597,185.510001182556,284.000000953674,534.25,67.0439167022705,179.233154296875,348.4580078125,698.573974609375,66.67919921875,136.75,268,880.25,80.5,178,326.5,700.75,64,210,309.798183441162,507.773376464844,71.0929851531982,218.45205783844,310,493.636726379395,72.5991077423096,218.408117294312,299.704275131226,528.063354492188,70.054536819458,219.57245349884,308.03017616272,456.574401855469,64.9945774078369
"105",125,"SEO_census",NA,"Spain",2018,NA,NA,1,"w",NA,6248039,-5.67508,37.00971,175.155666351318,265.560001373291,600.8,69.6402069091797,169.4947265625,306.36875,761.13828125,68.5873046875,128,229.2,1020,81.2,168.6,287.8,792.6,66.6,208.641136169434,290.056163787842,645.734130859375,72.3896423339844,209.988800048828,291.549293518066,622.075280761719,73.3692016601562,214.718879699707,290.201713562012,681.666625976562,72.1296524047852,219.994400024414,300,592.60439453125,67.0338729858398
"106",126,"SEO_census",NA,"Spain",2018,NA,NA,1,"w",NA,6175519,-5.69317,37.62479,178.587223688761,291.626675923665,531.833333333333,66.6311098734538,175.410807291667,357.601888020833,700.873209635417,66.0144856770833,132.333333333333,266.5,858.833333333333,79.3333333333333,174.666666666667,334.666666666667,703.333333333333,63.3333333333333,215.968255996704,320,580.425303141276,72.3335037231445,219.081115722656,320,560.96738688151,72.2789637247721,219.758447011312,310,600.08783976237,70,227.208048502604,320,521.105046590169,65.6856676737467
"107",127,"SEO_census",NA,"Spain",2018,NA,NA,1,"w",NA,5662838,0.12025,41.70924,154.55958366394,304.880003929138,402.25,31.7037510871887,138.258544921875,353.0458984375,445.176513671875,38.73876953125,96.75,240.5,379.75,32.5,139.25,316.5,443.25,31.5,184.098606109619,346.398983001709,340.892753601074,33.0427408218384,183.507628440857,344.009485244751,352.75170135498,33.9449901580811,191.602187156677,340,349.523963928223,36.9596214294434,199.925446510315,349.915533065796,335.12744140625,35.8987998962402
"108",128,"SEO_census",NA,"Spain",2018,NA,NA,1,"w",NA,5683558,0.10521,41.5562,150.137917995453,313.920001983643,411.5,32.1554908752441,134.35498046875,351.22314453125,458.235107421875,38.706787109375,93,239.75,377,33.25,135.25,314,456.5,33,180,336.146574020386,378.685760498047,33.7001848220825,180,332.883424758911,394.071723937988,34.1594076156616,190,329.676275253296,390.469795227051,37.3763446807861,199.60597038269,340,374.529922485352,36.2300186157227
"109",131,"SEO_census",NA,"Spain",2018,NA,NA,1,"w",NA,5678378,0.11141,41.604,151.950000762939,314.632007598877,407.2,32.2241527557373,134.875390625,351.587109375,455.151171875,38.4876953125,93.4,239.4,380,33.2,135.6,314.8,452.6,32.2,180.265655517578,339.664070129395,382.627716064453,33.530265045166,180.083343505859,338.166580200195,397.396569824219,34.0174987792969,190.04167175293,331.345329284668,393.995770263672,37.2885864257812,199.757816314697,340.454711914062,377.993304443359,36.0884490966797
"110",132,"SEO_census",NA,"Spain",2018,NA,NA,1,"w",NA,5683559,0.13363,41.55059,150.838001251221,315.447998046875,409.8,32.2487869262695,135.62578125,352.4453125,457.8283203125,38.84375,94.4,241.2,374.6,33,136.6,315,455.6,33.2,180.068489074707,337.381568908691,367.874328613281,33.9494293212891,180,333.687202453613,383.188934326172,34.4799270629883,190,329.55143737793,379.168273925781,37.6790977478027,200,340,363.549713134766,36.540502166748
"111",133,"SEO_census",NA,"Spain",2018,NA,NA,1,"w",NA,5683560,0.17275,41.56379,151.094667434692,317.496002197266,410.2,32.273974609375,136.409765625,354.3087890625,459.8181640625,38.6646484375,95,243.8,377.4,32.8,137,316.6,458.2,32.8,180.795394897461,339.986846923828,366.409442138672,34.2013031005859,180.614925384521,336.514381408691,381.782043457031,34.7662391662598,190.4130859375,330.216453552246,377.282537841797,38.0017990112305,199.027759552002,340,361.587622070312,36.9372863769531
"112",136,"SEO_census",NA,"Spain",2018,NA,NA,1,"w",NA,5693918,0.11818,41.45987,151.674165725708,304.240002632141,389.25,33.8026008605957,138.845947265625,350.92041015625,450.72314453125,40.382568359375,98.5,240.75,363.5,34,139.75,313,448.75,34.5,184.711294174194,330.345735549927,329.76847076416,34,183.46483707428,330,344.381721496582,34.9214715957642,192.41189956665,321.682624816895,340.359535217285,37.6461210250854,200.892868041992,335.041437149048,326.044616699219,36.6518812179565
"113",137,"SEO_census",NA,"Spain",2018,NA,NA,1,"w",NA,5678371,-0.168,41.60657,146.411666870117,316.340003013611,423.25,31.6484370231628,124.864990234375,343.16162109375,458.204345703125,37.633056640625,83.75,227.5,390,33.75,125.75,306.5,452.25,32.25,177.349286079407,330.103025436401,378.188400268555,31.7145218849182,177.327799797058,332.719173431396,389.775848388672,33.0378065109253,187.959971427917,330,390.800598144531,36,192.225198745728,340,375.442756652832,34.3023538589478
"114",138,"SEO_census",NA,"Spain",2018,NA,NA,1,"w",NA,5688739,0.16542,41.51113,151.410415172577,314.259986877441,400.75,33.0846672058105,137.7724609375,352.77880859375,455.61962890625,39.61865234375,97,242.5,370,33.5,138.75,315,454,33.75,181.897721290588,336.103467941284,344.533409118652,34.1115589141846,180.760850906372,330.310764312744,359.6142578125,34.9496307373047,190.194959640503,325.949745178223,355.270133972168,37.951452255249,200.014157295227,338.964233398438,340.374328613281,36.9201393127441
"115",139,"SEO_census",NA,"Spain",2018,NA,NA,1,"w",NA,5699101,0.24635,41.45209,149.259164333344,314.429993629456,414.75,32.7242107391357,136.7021484375,353.2314453125,472.31494140625,39.2861328125,95.75,246.5,384,33.25,137,315.5,475.25,33.75,180.490550994873,333.065614700317,367.088806152344,35.265193939209,180.447092056274,330,383.820350646973,35.3966388702393,190.192880630493,321.643867492676,378.076156616211,38.8335580825806,196.405024528503,331.283226013184,361.485069274902,37.7734603881836
"116",141,"SEO_census",NA,"Spain",2018,NA,NA,1,"w",NA,5693921,0.24496,41.49522,148.672497272491,317.299995422363,415.75,32.5961246490479,135.8095703125,354.298828125,471.869873046875,38.736572265625,94.5,246.5,387.25,33.5,136,316.5,475.25,33.25,180.351462364197,337.953777313232,380.653633117676,35.1424522399902,180.277075767517,330.77919960022,397.646369934082,35.1721868515015,190.009636878967,325.913095474243,391.891487121582,38.6365013122559,194.732899665833,335.115737915039,375.020164489746,37.5510015487671
"117",142,"SEO_census",NA,"Spain",2018,NA,NA,1,"w",NA,5688740,0.17503,41.53983,150.62833404541,318.087993621826,410.2,32.430704498291,136.10390625,353.5546875,461.09140625,38.812109375,95,243.2,377.8,33,137,316.2,459.2,33.2,180.08581161499,339.393630981445,365.151000976562,34.2083343505859,180.002086639404,333.147613525391,380.746862792969,34.8382614135742,190,329.426704406738,376.205187988281,37.9971923828125,198.961971282959,339.726043701172,360.548590087891,36.9127304077148
"118",146,"SEO_census",NA,"Spain",2018,NA,NA,1,"w",NA,5699094,-0.07516,41.45093,149.000997543335,312.927997589111,396.8,31.800133895874,133.34609375,345.5923828125,448.664453125,39.5259765625,92.6,232.2,365,34.6,134.4,309.2,445.6,34.2,180.091156005859,330,344.938995361328,32.9904296875,180.091156005859,330,359.10908203125,34,190.091156005859,325.56990814209,356.932312011719,36.0227104187012,200,338.455871582031,343.095495605469,35.3977806091309
"119",148,"SEO_census",NA,"Spain",2018,NA,NA,1,"w",NA,5693914,-0.07316,41.4815,149.052331924438,309.22399520874,395.6,32.1069911956787,133.74921875,346.219921875,446.526171875,39.6521484375,93.2,232.6,364,34.4,135,309.8,442.8,33.8,180.838069915771,330,336.540399169922,32.9714965820312,180.727645874023,330,350.104064941406,34,190.727645874023,327.012260437012,348.147326660156,36.0176300048828,200,339.467361450195,334.648138427734,35.4084968566895
"120",150,"SEO_census",NA,"Spain",2018,NA,NA,1,"w",NA,5699095,-0.0415,41.42472,149.319999217987,316.620001792908,401.5,31.5425252914429,133.697021484375,345.605224609375,454.512939453125,39.38818359375,92.75,233,366.25,34.75,134.5,309,452,34.25,180.183920860291,330,361.609893798828,33,180.122890472412,330,377.114433288574,34,190.122890472412,320.623846054077,374.023727416992,36.0321159362793,200,334.412097930908,359.219520568848,35.779239654541
"121",152,"SEO_census",NA,"Spain",2018,NA,NA,1,"w",NA,5683552,-0.13241,41.55967,146.664667129517,307.520000457764,408.6,31.9475215911865,129.7984375,344.69609375,448.436328125,39.0052734375,88.8,230.2,372.8,34.2,130.8,308.4,441.8,33.2,179.768241882324,330,341.453869628906,32.0723167419434,179.750667572021,330.04167175293,353.619732666016,33.8592292785645,189.803394317627,330,353.485101318359,36,199.234268188477,340,340.031072998047,34.9982421875
"122",153,"SEO_census",NA,"Spain",2018,NA,NA,1,"w",NA,5740529,-0.28069,41.11873,149.861335754395,309.064002990723,379.6,32.5998229980469,136.9505859375,337.483984375,442.9998046875,41.126171875,97.6,226.6,339.6,34.6,138.2,300.6,437.4,37,186.208015441895,319.994400024414,338.939190673828,30.1641784667969,186.208015441895,320,353.905895996094,31.6158420562744,198.649341583252,320,349.471453857422,32.9298973083496,202.583549499512,330.810035705566,334.245147705078,31.6934196472168
"123",154,"SEO_census",NA,"Spain",2018,NA,NA,1,"w",NA,5745709,-0.26695,41.07145,147.555334091187,310.000003814697,386.6,32.7457763671875,135.271875,336.0806640625,453.6412109375,40.6169921875,96.2,226.4,346,34.6,136.2,299.8,447.6,37,183.035221099854,319.163948059082,349.854064941406,30.0357208251953,183.064647674561,319.971874237061,365.255657958984,31.5305389404297,195.294357299805,320,360.002227783203,32.6487968444824,201.252815246582,330,343.855395507812,31.3048530578613
"124",155,"SEO_census",NA,"Spain",2018,NA,NA,1,"w",NA,5750890,-0.21067,41.02204,147.219998836517,307.430000305176,391,32.6288805007935,135.60693359375,335.0341796875,464.242431640625,40.482177734375,96.75,227.25,351.25,34.25,137,299,458.25,37,180.722827911377,317.291712760925,361.316871643066,30.0149111747742,181.10565662384,319.062843322754,377.150665283203,31.3699145317078,195.302577018738,320,371.187377929688,32.9507255554199,200,330,353.834098815918,31.2028279304504
"125",156,"SEO_census",NA,"Spain",2018,NA,NA,1,"w",NA,5735349,-0.29096,41.16031,151.808750629425,308.819999694824,370.5,32.5838537216187,137.988037109375,338.980712890625,434.885498046875,41.2900390625,98.25,227,334,35.25,139.25,302,428.25,37,188.591117858887,320.098485946655,326.800598144531,30.6641569137573,188.591117858887,321.064701080322,341.271339416504,31.9485282897949,199.50840473175,320.996322631836,337.756896972656,33.5241136550903,206.215505599976,335.843601226807,323.488906860352,32.2417902946472
"126",157,"SEO_census",NA,"Spain",2018,NA,NA,1,"w",NA,5699091,-0.19425,41.44899,149.03099822998,316.887989044189,395.6,31.6082874298096,131.51484375,343.558203125,442.051171875,39.7064453125,90.8,229,361,34.2,132.6,307.2,434.8,34.2,180,330,340.043682861328,32.4532135009766,180,330,353.189294433594,34,190,330,352.829858398438,36,200,340,339.542199707031,35
"127",158,"SEO_census",NA,"Spain",2018,NA,NA,1,"w",NA,5704273,-0.11082,41.41639,149.221943219503,317.299989064534,396.333333333333,31.5586217244466,133.099934895833,344.298665364583,449.134440104167,39.4256184895833,92.1666666666667,231.166666666667,363.5,34.5,134,307.666666666667,446.5,34.1666666666667,180,330,349.199452718099,32.9968325297038,180,330,363.814702351888,34,190.144961675008,325.11531829834,361.582509358724,36,200,338.398551940918,347.623255411784,35.1985963185628
"128",159,"SEO_census",NA,"Spain",2018,NA,NA,1,"w",NA,5699093,-0.09843,41.42974,149.211332321167,317.439987182617,398.6,31.372297668457,133.0685546875,344.50546875,449.855859375,39.370703125,92.2,231.4,365,34.4,134,307.8,447.2,34,180,330,350.419555664062,32.9961990356445,180,330,365.078118896484,34,190,324.684196472168,362.789642333984,36,200,338.078262329102,348.742132568359,35.2383155822754
"129",160,"SEO_census",NA,"Spain",2018,NA,NA,1,"w",NA,5714634,-0.07672,41.31719,155.647998809814,305.575996398926,373.4,33.2972862243652,141.2517578125,344.534375,437.1998046875,41.6953125,100.6,232.4,343.6,35.4,142,307.2,433.4,36.2,188.043064117432,329.960166931152,319.216674804688,33,187.834609985352,330,333.455450439453,34,198.096839904785,322.532768249512,330.175299072266,36,206.340618133545,337.382637023926,316.781097412109,35.2240478515625
"130",161,"SEO_census",NA,"Spain",2018,NA,NA,1,"w",NA,5709452,-0.12521,41.36859,150.193331241608,313.789987564087,385.5,32.2818331718445,134.50341796875,343.556640625,446.11181640625,39.867919921875,93.5,230,357.75,34.75,135.5,306.75,443.25,34.75,182.025680541992,330,342.177085876465,33,182.025680541992,330,356.797080993652,34,192.831492424011,325.47064781189,354.364326477051,36,200.392894744873,339.441356658936,340.602645874023,35.015661239624
"131",162,"SEO_census",NA,"Spain",2018,NA,NA,1,"w",NA,5709453,-0.12404,41.36826,150.193331241608,313.789987564087,385.5,32.2818331718445,134.50341796875,343.556640625,446.11181640625,39.867919921875,93.5,230,357.75,34.75,135.5,306.75,443.25,34.75,182.025680541992,330,342.177085876465,33,182.025680541992,330,356.797080993652,34,192.831492424011,325.47064781189,354.364326477051,36,200.392894744873,339.441356658936,340.602645874023,35.015661239624
"132",163,"SEO_census",NA,"Spain",2018,NA,NA,1,"w",NA,5704271,-0.19374,41.39722,149.802667617798,315.127998352051,385.2,32.3532115936279,133.397265625,343.0943359375,441.76640625,39.8486328125,92.4,229.2,356,34.6,134.4,306.6,436.4,35,180.51978302002,330,339.859747314453,32.931160736084,180.51978302002,330,353.799658203125,34,191.324726104736,329.45418548584,352.603753662109,36,200,340,339.155419921875,35
"133",164,"SEO_census",NA,"Spain",2018,NA,NA,1,"w",NA,5709451,-0.17984,41.37014,150.352334976196,312.60799407959,379.6,32.548974609375,134.5537109375,343.0171875,440.7896484375,39.9923828125,93.4,229.4,353.6,34.8,135.4,306.4,436.8,35,182.325347900391,330,336.008142089844,32.9982421875,182.19019317627,330,350.135083007813,34,193.832752227783,329.149208068848,348.495947265625,36,200.461708068848,340,335.107696533203,35
"134",166,"SEO_census",NA,"Spain",2018,NA,NA,1,"w",NA,5704272,-0.16601,41.4092,149.611666202545,316.789984703064,389.5,31.9917488098145,132.928466796875,343.45458984375,443.08740234375,39.714111328125,92,229.75,358.5,34.25,134,307,438.5,34.75,180,330,340.653121948242,32.9151248931885,180,330,354.516387939453,34,190.461573600769,329.3177318573,353.221923828125,36,200,340,339.793083190918,35
"135",167,"SEO_census",NA,"Spain",2018,NA,NA,1,"w",NA,5699090,-0.22378,41.42069,149.316109021505,315.960003534953,388.333333333333,31.9571367899577,132.231119791667,342.948404947917,439.922037760417,39.7218424479167,91.3333333333333,228.333333333333,355.666666666667,34.6666666666667,133.166666666667,306.5,432.166666666667,34.6666666666667,180,330,341.810526529948,32.8029359181722,180,330,355.323674519857,34,190.162754058838,330,355.064142862956,36.1110432942708,200,340,341.590713500977,35
"136",168,"SEO_census",NA,"Spain",2018,NA,NA,1,"w",NA,5802582,-4.72156,40.59934,105.551249980927,282.840003967285,441.25,32.4268412590027,96.7763671875,356.187255859375,520.755615234375,46.455810546875,58,243.25,487,42.5,100,314.75,479,37,132.519896030426,320.51643371582,493.041061401367,41.4092702865601,136.235907077789,321.754846572876,475.988433837891,41.5482168197632,145.700585842133,310,489.693992614746,38.3997163772583,151.73508644104,322.920074462891,459.352851867676,37.4508800506592
"137",169,"SEO_census",NA,"Spain",2018,NA,NA,1,"w",NA,5797406,-4.58094,40.65703,105.529584884644,285.610003471375,413,30.9431962966919,95.6650390625,353.968505859375,508.078125,46.50732421875,56.5,241,468.5,41,98.5,312.5,467.5,38,132.889680862427,320,475.444595336914,40.5455265045166,138.927586078644,320.022296905518,459.253280639648,40.2112102508545,148.748710155487,310,473.768753051758,37.9280958175659,151.780495643616,323.320627212524,445.116905212402,37.4986696243286
"138",170,"SEO_census",NA,"Spain",2018,NA,NA,1,"w",NA,5766317,-4.92919,40.88752,115.497001647949,296.18399810791,397.2,31.7586948394775,108.5240234375,354.726171875,481.351171875,46.6162109375,69.6,243.2,445.6,42.4,111,313.8,436.6,34.8,143.396854400635,324.584587097168,423.218774414063,39.8221038818359,149.905210494995,322.337280273438,406.40556640625,36.0691215515137,159.715629577637,306.364261627197,415.068872070313,32.9794502258301,160.279457092285,320,390.97509765625,35.1041038513184
"139",171,"SEO_census",NA,"Spain",2018,NA,NA,1,"w",NA,5797402,-4.72377,40.63539,107.714668273926,285.216003417969,425.2,32.0239410400391,98.373828125,355.626953125,508.6576171875,46.8384765625,59.4,242.4,477,42.2,101.4,314.4,470.4,37,134.394550323486,320.098304748535,470.031109619141,40.0172485351562,137.985082626343,320.436561584473,453.268206787109,39.5289344787598,147.627670288086,309.234397888184,466.001257324219,36.5945922851563,153.841686248779,321.817565917969,438.011938476562,36.2936752319336
"140",172,"SEO_census",NA,"Spain",2018,NA,NA,1,"w",NA,5802581,-4.77893,40.5982,105.858665466309,283.239994049072,454.4,32.5438480377197,97.20703125,356.46875,524.2935546875,46.3158203125,58.6,243.8,492.6,42.8,100.6,315.4,483.2,36.6,132.108057022095,320.096092224121,493.138677978516,41.7866493225098,136.450593948364,320.705436706543,475.823803710938,41.6920219421387,146.100336074829,309.850177764893,489.187530517578,38.3572883605957,150.813007354736,320.528381347656,458.992407226562,37.4964096069336
"141",174,"SEO_census",NA,"Spain",2018,NA,NA,1,"w",NA,5750779,-4.85916,41.00753,116.053333282471,295.904003143311,391.8,31.8576171875,110.7751953125,354.65390625,474.7728515625,47.0775390625,71.8,243.6,436,42,113,313,429,34,150,330.026313781738,414.746435546875,39.807251739502,150.773693084717,329.977348327637,398.274468994141,35.7524574279785,160.24934387207,310,406.217834472656,33.0774612426758,169.75467300415,320.912544250488,381.906872558594,35.0232803344727
"142",175,"SEO_census",NA,"Spain",2018,NA,NA,1,"w",NA,5776681,-4.7688,40.80478,113.766248226166,292.469997406006,390,31.2151741981506,106.11962890625,354.337158203125,483.6240234375,46.83447265625,66.75,241.75,447.5,42,108.5,313.5,441.75,35.5,141.71231508255,320.922422409058,416.918937683105,38.0033187866211,147.76437997818,320,400.345390319824,34.9543218612671,157.069051265717,306.507096290588,410.081680297852,32.1928834915161,159.91427898407,320,386.992401123047,34.0658531188965
"143",176,"SEO_census",NA,"Spain",2018,NA,NA,1,"w",NA,5745595,-5.00302,41.08209,119.495000839233,297.259998321533,392.5,32.1640071868896,113.19384765625,354.385009765625,467.25341796875,47.361572265625,74.25,244.75,428,43.75,115.25,312.75,420.5,33,150,334.242095947266,427.808883666992,41.1230726242065,154.509892463684,330,412.150405883789,38.0057897567749,162.408618927002,310,418.949165344238,34.5977182388306,170,323.338594436646,392.496482849121,36.0810661315918
"144",177,"SEO_census",NA,"Spain",2018,NA,NA,1,"w",NA,5802579,-4.86642,40.59879,106.957334518433,284.912002563477,459.4,32.6516807556152,98.666015625,356.595703125,524.0744140625,46.1943359375,60,244.6,496.4,43.2,101.8,316.4,482.4,36.2,130.808813095093,320,496.903643798828,42.3842872619629,137.908262252808,320,478.869305419922,41.8834594726562,147.762435913086,304.544960021973,492.093121337891,38.2539329528809,149.635866165161,320,461.947967529297,37.5611679077148
"145",178,"SEO_census",NA,"Spain",2018,NA,NA,1,"w",NA,5745594,-5.04885,41.04478,118.754167556763,297.430000305176,391.25,31.8194508552551,112.196533203125,354.01611328125,470.940673828125,46.9658203125,73.25,244,431.5,43,114.5,313.25,423,33.25,150,330.836124420166,428.897766113281,41.5317440032959,150.074555873871,330,413.300903320312,38.4262752532959,160,310,420.381935119629,35.0034132003784,170,321.923809051514,394.145294189453,36.4832572937012
"146",179,"SEO_census",NA,"Spain",2018,NA,NA,1,"w",NA,5766326,-4.57975,40.89493,112.842779159546,291.086664199829,387.333333333333,31.3967167536418,106.976888020833,352.979817708333,486.122721354167,46.3282877604167,68,240.333333333333,451.333333333333,41.6666666666667,109.833333333333,311.5,445.833333333333,34.8333333333333,147.790117263794,330,403.499715169271,38.9660600026449,149.639763832092,327.845726013184,387.73476155599,35.2298329671224,159.330611228943,310,398.997711181641,33.840846379598,165.179141362508,321.750157674154,376.284250895182,35.7162075042725
"147",180,"SEO_census",NA,"Spain",2018,NA,NA,1,"w",NA,5745600,-4.83158,41.07727,117.890002727509,296.909995079041,388.5,32.5253448486328,112.50341796875,354.70703125,472.107177734375,47.092041015625,73.5,243.75,433.25,42.25,114.75,311.75,427,33.75,150,336.843347549438,415.496536254883,39.6341867446899,155.665369033813,330,399.496704101562,36.0270137786865,164.458303451538,310,407.081283569336,33.6292371749878,170,328.617715835571,381.93669128418,35.0036458969116
"148",181,"SEO_census",NA,"Spain",2018,NA,NA,1,"w",NA,5590215,-4.1727,42.30821,116.139333724976,290.416000366211,462.6,30.0091159820557,106.81328125,328.1255859375,610.8138671875,37.8328125,67.2,246.2,602.4,41.4,107.6,287,584,26,138.716831207275,300.364067077637,463.452880859375,33.4994636535645,140,300,452.940325927734,34.9806755065918,148.716831207275,280.137504577637,461.281304931641,35,150.632423400879,295.384632110596,434.193493652344,36.9973434448242
"149",182,"SEO_census",NA,"Spain",2018,NA,NA,1,"w",NA,5585037,-4.11068,42.37164,115.684723854065,289.373327891032,486,29.7903658548991,104.872721354167,322.070149739583,639.514322916667,36.70947265625,65.5,241.5,627.833333333333,41.3333333333333,105.833333333333,280.5,611.333333333333,24.8333333333333,138.063559532166,299.835913976034,481.931930541992,32.9931208292643,139.444993336995,292.18635559082,472.071970621745,34.5884571075439,147.551170984904,278.671356836955,479.312352498372,35.1629479726156,150,290,451.602208455404,37.020637512207
"150",183,"SEO_census",NA,"Spain",2018,NA,NA,1,"w",NA,5610904,-5.49209,42.14317,120.412668228149,282.024005889893,546,34.5604530334473,111.384765625,344.7759765625,537.3087890625,48.537109375,72.4,264,534,44.6,112.4,307.6,495,33,148.751293182373,320.034767150879,458.587139892578,42.2541397094727,150,320,444.584130859375,39.9899620056152,159.328256607056,300,443.466467285156,38.2113204956055,160.389560699463,319.875904083252,418.484063720703,38.888990020752
"151",184,"SEO_census",NA,"Spain",2018,NA,NA,1,"w",NA,5590191,-5.19106,42.30261,118.986000061035,283.336002349854,504,31.6543033599854,109.4431640625,339.05078125,574.962109375,44.8275390625,69.2,262.2,572.2,42.6,110,301.4,536.6,30,140.649705886841,310,506.179321289062,38.2827247619629,144.965446472168,310,491.531652832031,36.1174827575684,150.516639709473,293.8112449646,494.784942626953,36,160,308.408325195312,467.266473388672,37
"152",185,"SEO_census",NA,"Spain",2018,NA,NA,1,"w",NA,5605719,-5.68801,42.1836,120.042080879211,282.069993019104,608.25,36.2467985153198,111.26611328125,341.508056640625,554.7265625,49.67578125,72.5,264.5,564.75,46.75,112,306,512.5,34,149.488761425018,320,476.630012512207,42.3539028167725,150,319.743151664734,461.894607543945,40.1380081176758,159.93944644928,300,457.287994384766,38.0851621627808,160,315.343208312988,430.986122131348,38.393892288208
"153",186,"SEO_census",NA,"Spain",2018,NA,NA,1,"w",NA,5585006,-5.39382,42.35351,119.01900100708,285.968002319336,528.4,31.7006298065186,107.9041015625,339.246875,586.1560546875,46.430078125,68.6,266.4,590.8,43.4,108.8,304,546.8,31.6,140,310.37915802002,511.945196533203,39.3716201782227,140.638011932373,310,496.515960693359,36.9636756896973,150,299.249134063721,497.476086425781,36.4158683776855,157.234369277954,309.979679107666,470.629833984375,37.1592262268066
"154",187,"SEO_census",NA,"Spain",2018,NA,NA,1,"w",NA,5590185,-5.4266,42.31264,119.081666946411,285.376010894775,534.6,32.4369697570801,108.0095703125,341.0046875,577.497265625,47.096875,69,266,582.2,44.2,108.8,305.8,537.6,32.2,140.094259262085,313.256999969482,496.275054931641,39.8721244812012,142.556386947632,310.042976379395,481.187951660156,37.108952331543,150.077331542969,300,481.126257324219,36.2419898986816,156.708654403687,310,454.902764892578,37.0415893554688
"155",189,"SEO_census",NA,"Spain",2018,NA,NA,1,"w",NA,5590181,-5.62414,42.33058,118.870415687561,274.540004730225,574.5,33.9138164520264,109.6748046875,339.58154296875,580.119140625,48.84765625,70.75,266.25,594,45.5,110.5,305,537.25,33.75,140.317249298096,314.470710754395,506.178703308105,40.3407964706421,146.115591526031,310.073704719543,490.699272155762,37.9947910308838,150.211610794067,300,487.066558837891,36.9514427185059,160,310,460.225074768066,37.0068349838257
"156",190,"SEO_census",NA,"Spain",2018,NA,NA,1,"w",NA,5636822,-4.74678,41.92216,116.8004155159,298.369998931885,444.25,33.3102149963379,110.55126953125,353.21337890625,528.915771484375,43.252197265625,71,262,513.75,43.25,111,310.25,492.75,30,144.954118728638,330,443.681053161621,38.709002494812,150,320,431.298553466797,37.8872299194336,160,300,437.376914978027,35.985089302063,160.803360939026,320,411.679069519043,37.6181344985962
"157",191,"SEO_census",NA,"Spain",2018,NA,NA,1,"w",NA,5605736,-4.96757,42.17956,118.141332626343,288.336002349854,474.6,31.951261138916,111.108984375,343.265625,553.6431640625,43.358203125,71.4,263,541.4,42.6,111.8,303.8,516,29,142.064483642578,319.743991851807,479.507684326172,37.6355453491211,148.896329879761,310.485244750977,466.379858398437,36.1674102783203,152.180885314941,300,471.307666015625,35.5614608764648,159.985939025879,310.056758880615,443.880511474609,36.7612548828125
"158",192,"SEO_census",NA,"Spain",2018,NA,NA,1,"w",NA,5626461,-4.78345,42.01539,120.212331771851,297.256008148193,430.6,33.5103912353516,114.5779296875,349.65390625,523.85234375,43.7083984375,75,262,506.6,43.2,115.2,308,485.2,30,149.998048782349,323.792053222656,426.346667480469,38.001277923584,150,320,414.724133300781,37.1719818115234,160,300,420.442938232422,35.7625846862793,167.241500854492,317.807506561279,395.613555908203,37.1430244445801
"159",194,"SEO_census",NA,"Spain",2018,NA,NA,1,"w",NA,5626460,-4.83047,42.0314,119.391248226166,293.460001945496,440.75,33.0110025405884,113.87841796875,348.375732421875,529.6396484375,43.55419921875,74,262,514.5,43.25,114.25,306.75,490.75,30,150,320.811834335327,438.440238952637,38.0004262924194,150,319.494910240173,426.498329162598,37.0697774887085,160,300,432.134796142578,35.8797264099121,160.717759132385,317.150464057922,406.527725219727,37.1775979995728
"160",195,"SEO_census",NA,"Spain",2018,NA,NA,1,"w",NA,5610918,-4.90697,42.1376,118.26233291626,290.591999053955,458,32.7542823791504,111.68359375,345.0875,546.8056640625,42.9966796875,72,261.8,533.4,43,112.4,304.6,508.8,29,143.557865142822,320,473.663830566406,37.3835098266602,150,312.323490142822,460.840209960938,36.1840354919434,154.110355377197,300,466.250317382813,35.4332565307617,160,310.12109375,438.854895019531,36.6860061645508
"161",196,"SEO_census",NA,"Spain",2018,NA,NA,1,"w",NA,5631644,-4.64978,41.9658,116.501390139262,300.286671320597,433.833333333333,34.0078824361165,110.23046875,352.051920572917,531.481770833333,42.6780598958333,70.6666666666667,262.5,516.666666666667,43.1666666666667,110.833333333333,311,496.5,30.1666666666667,142.564433415731,327.247187296549,447.243835449219,37.5201816558838,149.920248985291,320,434.794896443685,36.7924696604411,155.545729001363,300,442.002751668294,35.1518923441569,160.339597066243,317.400074005127,416.024475097656,36.9919675191244
"162",197,"SEO_census",NA,"Spain",2018,NA,NA,1,"w",NA,5605743,-4.69694,42.20265,116.009000778198,290.904003143311,456,31.955982208252,109.4669921875,341.896875,569.183984375,41.4205078125,69.8,261.2,558.2,42,109.8,302,536,28,140,314.447177886963,517.026989746094,34.7932403564453,141.680826187134,310,503.802868652344,34.5492088317871,150,298.392997741699,511.528979492187,34,154.848731994629,309.882141113281,480.972747802734,35.5962005615234
"163",199,"SEO_census",NA,"Spain",2018,NA,NA,1,"w",NA,5605750,-4.39299,42.20332,116.140556335449,289.959999720256,434.333333333333,32.0992390314738,109.9033203125,337.5166015625,574.60205078125,39.6064453125,70.1666666666667,255.166666666667,563.333333333333,42.3333333333333,110.5,297.5,543.5,28,140,310,468.943313598633,34.5409425099691,140.31596660614,305.2499071757,456.824544270833,34.9942925771077,150,290,466.022333780924,34.5093250274658,156.185547510783,300,438.336908976237,36.0826676686605
"164",200,"SEO_census",NA,"Spain",2018,NA,NA,1,"w",NA,5579846,-4.57387,42.3805,113.459667205811,286.320003509521,486.2,30.4560192108154,106.544921875,330.218359375,623.2521484375,39.001953125,66.6,254,616.6,41.4,107,291,590.2,26.4,139.240228652954,303.91450881958,558.993713378906,34.7671005249023,140,300,545.737280273437,35.2203727722168,148.418207168579,286.425682067871,555.394140625,35.4558403015137,150,298.57385635376,522.362854003906,36.4296432495117
"165",201,"SEO_census",NA,"Spain",2018,NA,NA,1,"w",NA,5595383,-4.68697,42.25924,115.232501029968,288.753331502279,465.166666666667,31.5087286631266,108.679036458333,339.0625,581.207356770833,40.9239908854167,69,259.833333333333,571.833333333333,41.6666666666667,109,300.166666666667,548.333333333333,28,140,310.498472849528,531.315185546875,34.2301489512126,140,308.112538655599,517.983032226562,34.0709190368652,150,293.444468180339,525.58881632487,34,150.86186726888,306.659943262736,494.345514933268,35.0823663075765
"166",202,"SEO_census",NA,"Spain",2018,NA,NA,1,"w",NA,5828457,-5.75647,40.3858,105.282333374023,262.071998596191,835,48.3867378234863,98.1435546875,349.3779296875,703.3048828125,47.8404296875,61.4,246,768.2,55.8,103.4,314.8,668.6,40.6,129.037631988525,316.871459960938,1055.29008789063,55.6162940979004,133.150007247925,318.61589050293,1028.03355712891,55.7585586547852,143.380352020264,296.543994903564,1050.59272460937,52.1113700866699,148.32631111145,312.591770172119,976.119287109375,48.8965423583984
"167",204,"SEO_census",NA,"Spain",2018,NA,NA,1,"w",NA,5781849,-5.28546,40.77115,116.888666152954,298.744003295898,434.8,34.0963356018066,109.07734375,352.367578125,502.5517578125,46.847265625,70.2,245.8,480.8,45,111.6,315.8,457,34.2,139.958850860596,325.846534729004,461.701916503906,42.3435501098633,148.157182693481,329.368118286133,445.718475341797,40.7835159301758,158.157182693481,309.247814178467,456.028643798828,36.7088432312012,159.854570388794,322.40160369873,429.381677246094,37.6825675964355
"168",205,"SEO_census",NA,"Spain",2018,NA,NA,1,"w",NA,5745589,-5.29013,41.07804,119.943332672119,298.249998092651,415.75,32.4443120956421,112.8662109375,350.698486328125,467.16259765625,48.00927734375,73.5,246.5,435.75,44,115,313.5,418,34,150,339.817714691162,400.792030334473,43.2150173187256,150.650067329407,330.012702941895,387.87718963623,41.2076902389526,160.380539894104,310,392.397819519043,37.0065402984619,169.914717674255,330,367.753913879395,38.0348796844482
"169",206,"SEO_census",NA,"Spain",2018,NA,NA,1,"w",NA,5761094,-6.72183,40.93449,126.924667358398,257.552001953125,1030.6,55.4921165466309,120.13828125,320.2365234375,843.5447265625,53.9986328125,81.6,236,1114.4,67,121.6,301,843.4,50,152.589321136475,313.374881744385,654.991882324219,49.5932800292969,159.498584747314,312.73624420166,641.384350585937,50.1900863647461,166.498931884766,300,650.842272949219,45.8805488586426,170.549488067627,315.309329986572,576.9763671875,40.1391624450684
"170",207,"SEO_census",NA,"Spain",2018,NA,NA,1,"w",NA,5745585,-5.4259,41.07574,118.223999023438,295.368000030518,441.2,33.3339767456055,110.747265625,349.6193359375,477.8435546875,48.478125,71.8,247.8,451.6,44.4,112.8,313.8,429.6,34.4,148.071920394897,337.345001220703,417.854193115234,43.8415565490723,150,330,404.897174072266,41.9091087341309,160,310,408.616540527344,37.7639091491699,165.457012176514,328.026077270508,383.079364013672,38.8009552001953
"171",208,"SEO_census",NA,"Spain",2018,NA,NA,1,"w",NA,5755940,-5.66638,40.9628,122.253751754761,295,547.75,39.0834264755249,113.4169921875,353.394775390625,502.928466796875,53.175048828125,74.25,252,495.75,48.25,115.5,318.75,457.25,38.5,149.241693019867,329.827146530151,453.658699035645,45.2472400665283,149.978516101837,328.507699966431,439.624267578125,43.9822902679443,159.978516101837,301.065788269043,443.944313049316,39.7519245147705,166.802678108215,320,415.111869812012,39.3159618377686
"172",209,"SEO_census",NA,"Spain",2018,NA,NA,1,"w",NA,5750761,-5.61699,41.03102,119.785665512085,296.520000457764,513.2,37.1854179382324,111.82265625,351.3697265625,487.9626953125,52.3138671875,72.6,250,469.6,46.4,113.6,317,441,37.2,147.807975769043,330,442.133801269531,44.430485534668,150,329.909141540527,428.562750244141,42.9006546020508,160,305.022693634033,432.064923095703,38.9270736694336,164.331123352051,320,404.318182373047,39
"173",210,"SEO_census",NA,"Spain",2018,NA,NA,1,"w",NA,5735220,-5.63704,41.155,118.130331039429,293.360008239746,560.4,38.5634750366211,110.255859375,350.7365234375,486.435546875,52.8248046875,71.2,251,466,46.2,112.2,314,438.8,37.6,146.114534378052,330,476.927191162109,43.6443519592285,149.997913360596,328.06477355957,462.656695556641,41.9782081604004,159.983852386475,300.307434082031,464.276745605469,38.1537414550781,160.192974090576,320,433.963275146484,38.5920143127441
"174",211,"SEO_census",NA,"Spain",2018,NA,NA,1,"w",NA,5740409,-5.27556,41.08707,119.85555489858,298.10666402181,413.5,32.3717174530029,112.823893229167,350.934244791667,466.948404947917,47.9269205729167,73.5,246.333333333333,434.333333333333,43.8333333333333,115,313.5,418.5,34,150,339.878476460775,404.084650675456,43.1433448791504,150.670685768127,330.049158732096,390.933090209961,41.0796114603678,160.400609970093,310,395.704727172852,36.9294408162435,169.94314511617,330,370.798360188802,38.0232531229655
"175",212,"SEO_census",NA,"Spain",2018,NA,NA,1,"w",NA,5740410,-5.23223,41.08337,119.638055165609,297.719996770223,410.166666666667,32.2346433003744,112.86376953125,351.331868489583,466.52685546875,47.70458984375,73.5,246.166666666667,433.166666666667,43.5,115,313.166666666667,419,33.8333333333333,150,340,409.963521321615,42.9947681427002,151.197199821472,330.049158732096,396.331746419271,40.6832701365153,160.713570912679,310,401.610875447591,36.6911455790202,170,330,376.227910359701,38
"176",213,"SEO_census",NA,"Spain",2018,NA,NA,1,"w",NA,5755948,-5.307,40.98045,117.536666870117,296.151992797852,412.4,32.8423286437988,110.890234375,350.2595703125,479.966796875,47.226953125,72,244.6,453.4,44.4,113,313.8,434.6,33.8,149.988800048828,331.921615600586,447.074206542969,43.4905960083008,150,330,432.224468994141,41.5842178344727,160,310,439.245727539062,37.4752159118652,166.601745605469,330,412.038012695312,38.1987953186035
"177",215,"SEO_census",NA,"Spain",2018,NA,NA,1,"w",NA,5750790,-4.39066,41.01206,113.933334350586,292.936004638672,408.4,31.8337600708008,109.0216796875,351.2748046875,505.4359375,44.3962890625,69.4,239.4,483,42.4,111.4,309.8,470.6,33,149.492420196533,333.642883300781,453.954693603516,39,150,330,437.112145996094,36.0076019287109,160,310,451.47412109375,35.0416130065918,165.843246459961,327.618232727051,425.165930175781,36.0657402038574
"178",216,"SEO_census",NA,"Spain",2018,NA,NA,1,"w",NA,5761157,-4.11697,40.94607,111.401666641235,285.647998809814,469,30.9633518218994,103.3689453125,348.1560546875,563.6802734375,41.8544921875,64,233.8,560.4,43.6,106,309,536.4,32.4,141.162328720093,327.239372253418,749.995397949219,40.4320755004883,144.912464141846,321.924606323242,726.446936035156,39.261824798584,153.524955749512,305.894275665283,755.435375976562,38.6671295166016,160.094110488892,320,708.792785644531,38.1029235839844
"179",217,"SEO_census",NA,"Spain",2018,NA,NA,1,"w",NA,5761156,-4.12624,40.95017,112.149167060852,285.159997940063,464.5,30.6771769523621,104.20068359375,348.16162109375,560.242919921875,41.94189453125,64.75,233.75,556.5,43.75,106.75,309,533,32.5,141.623992919922,328.216533660889,737.053787231445,40.2764749526978,146.079547405243,322.405757904053,713.703598022461,39.0233774185181,154.40619468689,306.332235336304,741.995147705078,38.4380149841309,160.583653450012,320,696.355529785156,37.9854431152344
"180",219,"SEO_census",NA,"Spain",2018,NA,NA,1,"w",NA,5787050,-4.40919,40.73064,100.120668411255,281.768001556396,503,33.0194458007812,91.3349609375,351.871484375,548.1326171875,43.939453125,51.2,237.2,524.2,41.2,93.6,310.4,517.6,35.6,129.101758956909,320,593.722912597656,42.0655555725098,132.989698410034,320,574.025122070312,41.3121658325195,142.628244400024,306.923706054688,595.896142578125,39.796166229248,147.937311172485,320,559.41298828125,39.2230850219727
"181",220,"SEO_census",NA,"Spain",2018,NA,NA,1,"w",NA,5792230,-4.39524,40.66716,94.2997233072917,281.246671676636,585.166666666667,35.6504948933919,84.1251627604167,352.946614583333,587.490559895833,42.5084635416667,45.1666666666667,237.666666666667,567.166666666667,41.6666666666667,87.6666666666667,310.5,555.166666666667,34.8333333333333,122.869577407837,320,640.893809000651,43.5381132761637,126.193488438924,320.168374379476,620.511433919271,43.5835431416829,135.674487749736,308.614915211995,644.968760172526,41.7784023284912,142.441517512004,320.333086649577,604.134429931641,40.6778208414714
"182",221,"SEO_census",NA,"Spain",2018,NA,NA,1,"w",NA,5714510,-5.21386,41.30988,122.058666229248,296.048004150391,434.6,33.2009033203125,114.2486328125,352.5189453125,461.570703125,48.2482421875,75.2,249,426.8,44,115.8,313.2,413.8,33,150,340,426.479290771484,42,159.036087036133,331.22583770752,413.305841064453,40,168.674381256104,310,415.727954101562,36,170,330,389.423980712891,37.3794593811035
"183",222,"SEO_census",NA,"Spain",2018,NA,NA,1,"w",NA,5636809,-5.28639,41.95166,121.575000762939,287.127998352051,497.4,34.1891738891602,114.1173828125,348.511328125,504.2826171875,48.19296875,75,260.8,485.8,43.8,115,308.2,460,32,150,330,456.233941650391,41.3952186584473,150.776956558228,321.597991943359,443.062377929688,39.9624847412109,160,308.228576660156,444.178259277344,37.7814102172852,169.605415344238,320,418.461907958984,38
"184",223,"SEO_census",NA,"Spain",2018,NA,NA,1,"w",NA,5678248,-5.29385,41.62116,120.522501468658,290.479998588562,491.75,34.5867557525635,113.3115234375,352.26708984375,473.9853515625,49.0712890625,74.25,255.75,448.75,44.75,114.25,311.25,429,32.75,150,340,485.872619628906,42.0034999847412,154.094684123993,330.662879943848,472.257659912109,40.404354095459,163.604755401611,310,472.885200500488,37.0869255065918,169.707508087158,325.015745162964,443.889106750488,37.4770317077637
"185",224,"SEO_census",NA,"Spain",2018,NA,NA,1,"w",NA,5724883,-4.68084,41.22916,119.631666183472,300.736003875732,394.6,33.1727333068848,114.2671875,354.862109375,479.596875,45.64296875,75.2,245.4,448.8,43.6,116.4,310.6,436.8,33,152.643724441528,344.413764953613,433.984283447266,39,159.522411346436,340,417.9029296875,36.0029167175293,168.684776306152,320,426.668566894531,34.5710113525391,170,331.309188842773,399.686926269531,35.498314666748
"186",225,"SEO_census",NA,"Spain",2018,NA,NA,1,"w",NA,5667888,-5.3048,41.67282,119.639333724976,287.703998565674,500.6,34.446509552002,112.7806640625,352.1876953125,478.1533203125,49.2671875,73.6,257.6,454.8,45,113.6,311.4,434.4,32.6,150,340,491.185443115234,41.9991653442383,152.120187759399,330.001953125,477.392266845703,40.2395210266113,160.749485015869,310,477.565106201172,37.0521591186523,168.822792053223,320.581474304199,448.855444335937,37.5189041137695
"187",226,"SEO_census",NA,"Spain",2018,NA,NA,1,"w",NA,5621274,-5.05666,42.06027,118.774997711182,289.104000091553,473.2,32.8110618591309,111.778125,346.598828125,532.540234375,44.9181640625,72.2,262.4,518.2,42.4,112.2,306.6,493.2,30.4,147.908433914185,320.953369140625,476.588641357422,39.9181549072266,150,319.951175689697,463.058801269531,38.4277374267578,158.608591079712,300,467.2525390625,37.0848922729492,160,317.995796203613,439.917309570313,38
"188",227,"SEO_census",NA,"Spain",2018,NA,NA,1,"w",NA,5730052,-5.13778,41.19,120.771001815796,295.872001647949,412.4,31.9885372161865,114.522265625,352.748828125,461.0982421875,47.9828125,75.6,247.2,424.8,44,116.6,312.4,414.2,33.6,150,340,419.59755859375,42.0047920227051,159.897403717041,330,405.680035400391,39.5686614990234,169.660709381104,310,410.221325683594,35.9358825683594,170,330,384.065856933594,37.055672454834
"189",228,"SEO_census",NA,"Spain",2018,NA,NA,1,"w",NA,5621276,-4.97555,42.04944,119.51610883077,291.220003763835,459.166666666667,32.6051959991455,112.982584635417,347.776529947917,528.390462239583,44.5387369791667,73.1666666666667,262.666666666667,514.333333333333,43,113.666666666667,306.5,489.333333333333,30.3333333333333,149.965604146322,322.90273030599,442.290008544922,39.327112197876,150,320,429.966776529948,37.9097690582275,160,300,434.484878540039,36.7285804748535,160.204099019368,319.022089640299,408.935551961263,37.9419759114583
"190",229,"SEO_census",NA,"Spain",2018,NA,NA,1,"w",NA,5704161,-4.77523,41.38816,121.10599899292,300.559993743896,409.6,32.602173614502,116.0962890625,355.8259765625,479.8998046875,45.5619140625,77,249,452,44.6,118,311.8,438.4,32,155.943752288818,349.926567077637,467.423516845703,39.7749153137207,159.918891906738,340,451.565454101563,37.5151412963867,169.522556304932,320,459.090155029297,35.8350807189941,170,335.303184509277,429.629309082031,36.0375625610352
"191",230,"SEO_census",NA,"Spain",2018,NA,NA,1,"w",NA,5719698,-4.91195,41.28778,122.518751621246,299.340004920959,403,32.5597562789917,116.402099609375,355.03564453125,466.72021484375,46.747802734375,77.25,249.25,430,44.25,118.25,313,420.75,32.5,159.538094997406,340.104179382324,429.040168762207,40.0460929870605,160,336.480865478516,414.297538757324,37.8769559860229,170,313.788537979126,420.252586364746,35.2022790908813,170,330,393.029281616211,36
"192",231,"SEO_census",NA,"Spain",2018,NA,NA,1,"w",NA,5714518,-4.90858,41.30906,122.407335281372,299.776000976562,404.2,32.5178153991699,116.4255859375,355.205859375,467.83984375,46.6013671875,77.2,249,432,44.4,118.2,313,422.2,32.6,159.630475997925,340.994606018066,431.615551757813,40.0368743896484,160,337.184692382812,416.746484375,37.818529510498,170,315.030830383301,422.850836181641,35.1919532775879,170,330,395.464727783203,36
"193",232,"SEO_census",NA,"Spain",2018,NA,NA,1,"w",NA,5641998,-4.89806,41.90222,118.349583148956,294.800000190735,450.5,32.8112897872925,112.331787109375,352.22412109375,519.04296875,44.538330078125,73,261,502.5,43.25,113,309.75,480.75,30.5,147.890191078186,330,445.312225341797,39.8714876174927,150,320.084466934204,432.84496307373,38.3981523513794,160,300.136065483093,437.415946960449,36.1614217758179,164.937267303467,320,411.791923522949,38
"194",233,"SEO_census",NA,"Spain",2018,NA,NA,1,"w",NA,5709334,-5.07833,41.33528,122.139999866486,297.750005722046,423.75,32.4844236373901,114.818115234375,354.719482421875,466.044921875,47.687744140625,75.75,249.5,431,43.5,116.25,312.75,420.5,32.5,150.122241973877,340,433.298118591309,41.6388282775879,159.89631652832,331.381397247314,419.446311950684,39.0667495727539,169.282379150391,310,423.300956726074,35.9793519973755,170,330,396.030014038086,36.9774284362793
"195",235,"SEO_census",NA,"Spain",2018,NA,NA,1,"w",NA,5719703,-4.68889,41.27833,120.540418624878,300.77000617981,398.75,32.9730405807495,115.257080078125,354.943115234375,479.798583984375,45.34912109375,76,246.75,449,44,117,311.75,437.75,33,155.752127170563,349.610357284546,442.925117492676,39,159.913566112518,340,426.923645019531,36.2431449890137,169.586925506592,320,435.664077758789,34.9928064346313,170,335.550222396851,407.933609008789,35.9782724380493
"196",236,"SEO_census",NA,"Spain",2018,NA,NA,1,"w",NA,5641997,-4.94194,41.90722,118.82200050354,291.615993499756,454.4,32.7514823913574,112.955859375,351.8150390625,515.8634765625,45.38984375,73.6,260.6,498.6,43,113.8,309.6,476.8,31,148.885442733765,330,449.488391113281,39.9943740844727,150,320.514434814453,436.956970214844,38.7584938049316,160,300.946571350098,441.194708251953,36.5749496459961,166.199256896973,320,415.275280761719,37.9903648376465
"197",237,"SEO_census",NA,"Spain",2018,NA,NA,1,"w",NA,5683431,-5.20391,41.55588,122.14333152771,289.559997558594,463.6,33.3785636901855,116.1943359375,353.4033203125,464.7916015625,48.712109375,77,255.6,435.8,44.4,117.4,311.8,418.4,32.6,154.682109832764,340,439.09052734375,41.8052131652832,159.783075332642,339.552612304688,426.633734130859,39.9743698120117,169.429164886475,311.88306427002,428.374645996094,36.9096282958984,170,330,401.421752929688,37.0675765991211
"198",238,"SEO_census",NA,"Spain",2018,NA,NA,1,"w",NA,5698972,-5.12518,41.42103,123.137500286102,292.269997596741,438,32.9322576522827,116.530029296875,354.003662109375,462.556884765625,48.29052734375,77.5,251.75,427.75,44.5,118,313,414.5,32.25,155.487167835236,340.03809928894,416.170440673828,41.9987297058105,160,339.205417633057,403.586921691895,39.9790210723877,170,314.474506378174,406.46068572998,36.4344615936279,172.004742622375,330,380.381301879883,37
"199",239,"SEO_census",NA,"Spain",2018,NA,NA,1,"w",NA,5709339,-4.84056,41.36805,120.544334411621,299.4880027771,417,32.3910385131836,114.667578125,355.5927734375,480.6240234375,45.6486328125,75.4,248.8,451.2,44,116,312.2,438.4,32,150.76287651062,346.679092407227,471.014886474609,40.0087753295898,158.680746078491,340,455.164416503906,37.9538665771484,166.513076782227,319.449359893799,462.173956298828,35.9617195129395,170,330.456550598145,432.281494140625,36.2005340576172
"200",241,"SEO_census",NA,"Spain",2018,NA,NA,1,"w",NA,5709335,-5.01153,41.37321,122.227778434753,297.593339284261,426.833333333333,32.1719023386637,115.27587890625,355.24267578125,468.720377604167,47.1349283854167,76,250.833333333333,435.833333333333,43.8333333333333,116.666666666667,312.833333333333,425.333333333333,32,151.943346659342,340,439.108891805013,41.2617886861165,159.931968053182,337.532914479574,425.131800333659,39.030216217041,168.219079971313,312.395696640015,429.564692179362,36,170,330,401.811594645182,36.9282239278158
"201",242,"SEO_census",NA,"Spain",2018,NA,NA,1,"w",NA,5662708,-5.31857,41.74054,121.436332702637,284.287994384766,500.4,34.7052268981934,114.897265625,351.157421875,476.4384765625,49.651953125,75.8,258.8,454.6,44.2,115.8,310.4,431.2,33,150,339.284645080566,460.731585693359,41.9845146179199,157.827421188354,330,447.700225830078,40.1389656066895,163.949329376221,310,447.651751708984,37.134497833252,169.989974975586,320,421.277911376953,37.7563690185547
"202",243,"SEO_census",NA,"Spain",2018,NA,NA,1,"w",NA,5709331,-5.18487,41.35162,122.814668655396,294.087997436523,440.6,32.9926048278809,115.3849609375,353.07578125,460.208203125,48.2951171875,76,251.6,427,44.2,116.8,313.2,412.6,33,152.905363082886,340,413.440295410156,42.0087623596191,159.932422637939,337.845596313477,400.780639648438,40,169.701568603516,310.496250152588,403.160760498047,36.1023696899414,170.240348815918,330,377.529071044922,37.267155456543
"203",244,"SEO_census",NA,"Spain",2018,NA,NA,1,"w",NA,5724870,-5.22278,41.21944,121.012334823608,296.664001464844,421.4,33.0191146850586,113.611328125,352.249609375,463.006640625,47.91796875,74.6,248.2,427.6,44,115.4,312,414.6,33.4,150,340,421.047766113281,42.1109352111816,156.762037277222,330,407.648980712891,40,166.147724151611,310,411.089947509766,36,170,330,385.017224121094,37.3803695678711
"204",246,"SEO_census",NA,"Spain",2018,NA,NA,1,"w",NA,5626456,-4.995,42.01,119.704999923706,291.096004486084,459,32.5619346618652,113.4955078125,349.315625,521.81875,44.983984375,73.8,262.4,507.4,43.2,114,307.4,482.6,30.8,150,327.483276367188,434.224261474609,39.7100433349609,150,320,422.109918212891,38.1192459106445,160,300.112632751465,426.360046386719,36.9519607543945,162.622085571289,320,401.259490966797,37.9989570617676
"205",247,"SEO_census",NA,"Spain",2018,NA,NA,1,"w",NA,5621272,-5.12528,42.08222,119.096665382385,288.619999885559,482,32.8424196243286,111.53564453125,346.065673828125,533.668212890625,45.133056640625,71.75,263.5,522,42.5,111.75,306.5,493.75,30.75,148.370356559753,320,473.084587097168,40.3510026931763,150,319.987301826477,459.416046142578,38.7436761856079,159.104254245758,300,463.054389953613,37.4849090576172,160,317.380599975586,436.048309326172,38
"206",248,"SEO_census",NA,"Spain",2018,NA,NA,1,"w",NA,5641992,-5.14694,41.87639,119.976665178935,288.039999008179,476,33.2510566711426,113.736490885417,350.484212239583,500.888509114583,47.0164388020833,74.5,261.166666666667,482.333333333333,43.6666666666667,114.5,309,459.666666666667,31.1666666666667,150,330.011717478434,475.604151407878,40.7731749216715,150,328.515555063883,462.340286254883,39.2571970621745,160,309.48771794637,464.647542317708,36.9953123728434,168.966515858968,320,437.237940470378,37.6910305023193
"207",250,"SEO_census",NA,"Spain",2018,NA,NA,1,"w",NA,5605731,-5.18416,42.17611,120.289333343506,286.552001953125,491.4,32.3220237731934,112.219921875,343.3826171875,544.237890625,45.6703125,72.4,262.2,534,43,112.6,304.2,502.8,30.4,149.183279037476,319.590320587158,454.902337646484,39.8211761474609,150,312.460510253906,441.663366699219,37.739900970459,159.386142730713,300,444.454455566406,36.7480796813965,160.005599975586,310.448268890381,419.179528808594,37.9410331726074
"208",251,"SEO_census",NA,"Spain",2018,NA,NA,1,"w",NA,5647178,-4.90889,41.84333,116.079332351685,297.040000915527,466.6,32.2519432067871,109.1150390625,353.7005859375,523.3466796875,44.181640625,70,260.6,506.8,44,110,310.4,485,30.6,140.699127197266,331.268592834473,479.626068115234,39.9989837646484,150,323.516754150391,466.187359619141,38.9753067016602,160,307.334964752197,470.858526611328,36.428385925293,160.028121948242,320,443.137762451172,37.9608604431152
"209",252,"SEO_census",NA,"Spain",2018,NA,NA,1,"w",NA,5667889,-5.27857,41.69424,119.5406665802,286.311996459961,496.4,34.1661224365234,113.1408203125,352.104296875,480.6650390625,49.094921875,73.8,259,458.6,44.8,113.8,311.2,437.6,32.6,150,340,477.41396484375,41.9120872497559,153.733638763428,330,463.966217041016,40.0137359619141,162.286876678467,310,464.278063964844,36.9915466308594,167.525276184082,320,436.640869140625,37.2890106201172
"210",253,"SEO_census",NA,"Spain",2018,NA,NA,1,"w",NA,5621270,-5.23722,42.05583,121.380668640137,288.271999359131,491.4,33.4711761474609,113.5373046875,346.74375,519.60078125,46.9849609375,74.2,262,505.4,43.6,114.2,306.6,476,31.2,150,323.352676391602,436.311944580078,41,150,320,423.525250244141,39.0529281616211,160,301.110275268555,425.336126708984,37.7431442260742,165.300216674805,320,400.833447265625,38
"211",254,"SEO_census",NA,"Spain",2018,NA,NA,1,"w",NA,5704155,-5.04083,41.40445,123.009166717529,296.440000534058,429.5,32.3093423843384,116.3720703125,355.082275390625,466.32568359375,47.4833984375,77.25,251.75,435,44,118,313,421.75,32,154.351756572723,340.899143218994,430.405303955078,41.4696836471558,160,339.648771286011,416.996940612793,39.4538869857788,169.854493141174,316.542391777039,420.919067382812,36.2604379653931,170.183095932007,330,393.845886230469,37
"212",255,"SEO_census",NA,"Spain",2018,NA,NA,1,"w",NA,5693781,-5.6187,41.4624,124.390830993652,283.429999351501,585,39.9904651641846,116.73291015625,350.135498046875,447.594970703125,53.9970703125,77.5,254.75,426.25,46.75,118.25,312.25,398,36,155.056872367859,340,387.690841674805,43.3645296096802,159.007046222687,330.238637924194,376.676391601562,42,168.870649337769,310,375.34693145752,38.0258226394653,170.72235584259,324.519805908203,351.183174133301,38
"213",256,"SEO_census",NA,"Spain",2018,NA,NA,1,"w",NA,5662705,-5.45119,41.72431,123.095331192017,287.528003692627,533.6,36.244408416748,115.0486328125,350.3787109375,470.6361328125,51.1115234375,75.8,257,448.8,45.4,116.2,311,423.4,33.6,150,340,462.847900390625,42.8560752868652,158.360473632812,330,449.785852050781,41.1317909240723,167.562793731689,310,448.616833496094,37.9893753051758,170,320,421.99609375,38.0133033752441
"214",257,"SEO_census",NA,"Spain",2018,NA,NA,1,"w",NA,5657523,-5.50502,41.76996,123.719331741333,287.463996887207,556.4,37.2203598022461,115.579296875,348.8498046875,475.7271484375,51.509375,76.6,259.2,457.4,45.2,116.8,309.6,427.4,34,150.057552337646,338.110534667969,448.634716796875,43.3388481140137,158.449787139893,330,435.657818603516,41.8198516845703,167.024925231934,310,433.796496582031,38.2353851318359,170,320,408.378253173828,38.7790504455566
"215",258,"SEO_census",NA,"Spain",2018,NA,NA,1,"w",NA,5698959,-5.6738,41.43933,123.857000350952,284.912006378174,620,41.1451416015625,115.7888671875,349.265625,454.4388671875,54.2830078125,76.6,255,435.6,47.4,117.2,312.6,403.8,36.6,151.82751083374,338.745994567871,401.261791992188,43.8909637451172,157.054918289185,330,389.801800537109,42.1020790100098,166.195678710938,307.722213745117,388.587542724609,38.491845703125,170,320.138290405273,362.700720214844,38.0167175292969
"216",259,"SEO_census",NA,"Spain",2018,NA,NA,1,"w",NA,5662702,-5.54336,41.72149,124.811248779297,289.189991950989,565.5,37.5444850921631,116.108642578125,349.39501953125,466.799560546875,52.05615234375,77.25,258.25,450,45.25,117.25,310.75,418.75,34.5,150.886704921722,340,443.817611694336,43.1993265151978,160,330,431.057098388672,42,169.742531776428,310,429.041938781738,38.022068977356,170,320,403.530120849609,38.4802904129028
"217",260,"SEO_census",NA,"Spain",2018,NA,NA,1,"w",NA,5704136,-5.81311,41.40629,123.442500432332,288.966665267944,700.5,43.4919211069743,114.258626302083,347.1640625,477.878255208333,54.3282877604167,75.1666666666667,253.666666666667,473.166666666667,49,115.666666666667,312.166666666667,431.166666666667,37.6666666666667,150,330.499718983968,433.673085530599,44.2955443064372,152.192441622416,323.612060546875,421.182505289714,43.3777828216553,161.442721684774,300.378500620524,420.666203816732,39.7926584879557,169.901914596558,319.976021448771,390.037038167318,38.8838818868001
"218",261,"SEO_census",NA,"Spain",2018,NA,NA,1,"w",NA,5647159,-5.70323,41.83542,121.652498245239,283.78999710083,628.5,39.3933773040771,113.79443359375,345.416015625,501.141357421875,51.72265625,74.75,260.5,498.5,47,114.75,309.25,456.75,35,150,330.123338699341,485.567680358887,44.9635963439941,150.023756027222,330,471.149200439453,43.5578737258911,160,309.581227302551,467.892318725586,39.9906282424927,169.831056594849,320,439.166145324707,40.0509490966797
"219",262,"SEO_census",NA,"Spain",2018,NA,NA,1,"w",NA,5657518,-5.71967,41.751,123.088890711466,286.553338368734,640.833333333333,40.4670174916585,114.485677083333,346.038736979167,488.730305989583,52.61279296875,75.6666666666667,258.333333333333,485.833333333333,47.3333333333333,115.666666666667,309.166666666667,444,35.3333333333333,150,334.902782440186,466.437662760417,44.2239475250244,151.094511349996,329.942925771077,452.797505696615,42.9846248626709,160.203444163005,305.940580368042,450.193827311198,39.6028099060059,170,320,421.55556233724,39.528683980306
"220",263,"SEO_census",NA,"Spain",2018,NA,NA,1,"w",NA,5616080,-5.64364,42.10848,121.20500087738,286.480002403259,596.75,35.8173217773438,112.144775390625,343.018798828125,540.305419921875,49.728271484375,73.25,263,545.25,45.75,113,306.25,496.5,34,149.879224300385,321.144313812256,464.887702941895,43.3373737335205,150,320,450.6123046875,41.2074375152588,160,300.294432640076,447.035682678223,38.9092035293579,161.33722782135,320,421.348236083984,39.4439029693604
"221",266,"SEO_census",NA,"Spain",2018,NA,NA,1,"w",NA,5673058,-5.72278,41.63286,124.187335968018,287.808002471924,643,40.5806045532227,115.370703125,347.3216796875,468.46640625,53.7298828125,76.6,257.4,457.6,47.6,116.6,309.8,421,36,150.796981811523,338.855743408203,439.563238525391,43.9941017150879,155.321811676025,330,426.929077148438,42.365266418457,164.431705474854,309.686595916748,424.878942871094,38.8701950073242,170,320.116653442383,397.234710693359,38.5925468444824
"222",267,"SEO_census",NA,"Spain",2018,NA,NA,1,"w",NA,5662699,-5.69449,41.71554,123.636667251587,287.976009368896,630,39.8610969543457,115.200390625,347.1984375,477.8296875,52.8578125,76.4,258.2,469.6,46.8,116.4,310,431.6,35.2,150,338.534027099609,453.016845703125,44,154.144338607788,330,439.869512939453,42.4121963500977,162.386100769043,309.517597198486,437.354632568359,38.945532989502,170,320,409.916693115234,39.0536964416504
"223",268,"SEO_census",NA,"Spain",2018,NA,NA,1,"w",NA,5647167,-5.34906,41.86864,122.650833129883,286.133327484131,509.833333333333,35.1022745768229,115.364420572917,348.820963541667,489.495930989583,49.1710611979167,76.3333333333333,259.166666666667,470.166666666667,44.3333333333333,116.333333333333,308.833333333333,443.333333333333,32.6666666666667,150,330,444.465957641602,41.901549021403,156.799565951029,329.693559010824,431.721649169922,40.0532964070638,163.217074076335,310,431.53901163737,37.4428253173828,170,320,406.62825012207,38.0171648661296
"224",269,"SEO_census",NA,"Spain",2018,NA,NA,1,"w",NA,5667877,-5.75519,41.70542,123.137500286102,286.590008735657,654,40.8942623138428,114.6318359375,346.067138671875,484.89208984375,53.017578125,76,257.75,481.25,47.25,116,309,439.25,35.75,150,335.115146636963,459.656944274902,44.0309562683105,150.051593780518,330,446.258514404297,42.9018220901489,160,306.759471893311,444.010200500488,39.5518827438354,170,320,415.076950073242,39.1551122665405
"225",270,"SEO_census",NA,"Spain",2018,NA,NA,1,"w",NA,5636802,-5.55452,41.93519,121.864002227783,286.319999694824,567.2,37.3144676208496,113.8439453125,346.8685546875,505.3908203125,50.6375,74.6,260.8,496,45.6,114.6,309,459.4,33.8,150,330,456.574536132813,44.2436645507812,151.086168289185,325.101318359375,442.931842041016,42.4609283447266,160.214054107666,309.91198348999,440.698980712891,39.6780006408691,170,320,415.304339599609,40.0812484741211
"226",271,"SEO_census",NA,"Spain",2018,NA,NA,1,"w",NA,5647164,-5.49305,41.8564,123.201332092285,287.43200302124,542.6,36.7638359069824,115.318359375,347.977734375,488.618359375,50.562890625,76.2,260.6,474.2,44.8,116.4,309,442.4,33.4,150,330.273040771484,442.364758300781,43.261865234375,157.338512420654,329.946868896484,429.497113037109,41.486905670166,165.456596374512,309.894924163818,427.966571044922,38.5292816162109,170,320,403.408929443359,39.0408645629883
"227",272,"SEO_census",NA,"Spain",2018,NA,NA,1,"w",NA,5647161,-5.61331,41.84825,123.332334518433,286.296009063721,585.2,38.5504905700684,115.21796875,347.31953125,488.20546875,51.639453125,76.4,259.6,476.8,46,116.4,309,441.6,34.2,150,331.425445556641,444.976312255859,44.4172088623047,156.49308013916,330,431.841717529297,42.8016059875488,163.415061950684,309.987754821777,429.169464111328,39.4573669433594,170,320,403.991052246094,39.9576210021973
"228",273,"SEO_census",NA,"Spain",2018,NA,NA,1,"w",NA,5652341,-5.60315,41.82336,123.257778485616,286.306676864624,582.333333333333,38.4501921335856,115.158528645833,347.41943359375,487.36572265625,51.5838216145833,76.1666666666667,259.666666666667,475.666666666667,45.8333333333333,116.333333333333,309,441,34.1666666666667,150,331.4413134257,445.320785522461,44.3467197418213,156.517629623413,330,432.216827392578,42.6736907958984,163.081541061401,309.989795684814,429.593332926432,39.3743260701497,170,320,404.431894938151,39.8697160085042
"229",275,"SEO_census",NA,"Spain",2018,NA,NA,1,"w",NA,5709317,-5.77382,41.35159,121.060667037964,288.048000335693,672,42.7032905578613,112.101953125,348.2408203125,484.2333984375,53.7333984375,73.2,253.2,474.4,48,113.6,313,436.4,38,149.166282653809,330.036743164062,442.341180419922,44.0177314758301,149.793884277344,322.056198120117,429.529315185547,42.8104179382324,159.691013336182,300,428.979656982422,39.1011184692383,167.065124511719,319.149375915527,398.716003417969,38.3994468688965
"230",276,"SEO_census",NA,"Spain",2018,NA,NA,1,"w",NA,5652340,-5.63703,41.79609,123.292333602905,286.520000457764,600,38.6927932739258,115.0625,347.4544921875,484.6892578125,51.7794921875,76.2,259.2,473.2,46.2,116.4,309,438.4,34.4,150,334.371543884277,453.910485839844,44.2824615478516,156.461196899414,330,440.635675048828,42.670662689209,162.490428924561,309.97200012207,437.853363037109,39.2817718505859,170,320,411.76044921875,39.6956802368164
"231",277,"SEO_census",NA,"Spain",2018,NA,NA,1,"w",NA,5994304,-2.14846,39.07299,144.452333450317,337.487998962402,408.2,41.58896484375,131.180078125,385.28515625,487.25703125,43.8580078125,91.6,259.2,444.6,47.2,134.2,336.4,462.8,36,170,332.241493225098,393.145843505859,34.0101051330566,179.143650054932,340,388.251947021484,33.7125190734863,180,340,407.258520507812,38.6628211975098,190,349.884895324707,383.080584716797,36.7522872924805
"232",278,"SEO_census",NA,"Spain",2018,NA,NA,1,"w",NA,6004666,-2.04617,38.96372,144.953331947327,338.079996109009,396.5,39.8522024154663,132.51708984375,382.03564453125,476.5087890625,44.743896484375,94,259,420.5,46,135.5,333.5,449.75,37,170,330,378.371871948242,33.2487468719482,180,331.944408416748,372.34375,32.4574508666992,183.24896812439,331.944408416748,388.686019897461,37.6334571838379,190,342.117280960083,368.084297180176,36.3254547119141
"233",279,"SEO_census",NA,"Spain",2018,NA,NA,1,"w",NA,5994315,-1.70825,39.06519,142.3983335495,328.769989013672,375.75,34.6451396942139,132.18603515625,374.153076171875,472.984130859375,42.489013671875,95.5,251.75,383.5,42.5,135.5,326.5,447.75,36,170.393238067627,330,358.425971984863,35.993896484375,178.78502368927,337.373762130737,352.847473144531,34.0696754455566,183.73348236084,336.560411453247,364.812522888184,41.6589765548706,190,347.300024032593,351.881248474121,40.1022844314575
"234",280,"SEO_census",NA,"Spain",2018,NA,NA,1,"w",NA,6020231,-1.02573,38.84104,136.350002288818,324.216003417969,391,34.5468963623047,130.8017578125,354.45546875,534.1060546875,41.09609375,98.4,253,395.2,39,134.8,307.8,522,37.6,168.058940887451,303.978439331055,368.879315185547,33.7722206115723,169.406715393066,309.532012939453,363.361187744141,30.1107620239258,179.903854370117,310.394283294678,377.407153320312,39.8127891540527,187.678607940674,322.425346374512,359.706488037109,38.531404876709
"235",282,"SEO_census",NA,"Spain",2018,NA,NA,1,"w",NA,6015025,-2.11331,38.90969,143.776666641235,346.055999755859,405.8,41.110572052002,131.0076171875,383.2849609375,486.9126953125,44.5603515625,92.2,261.4,440,47.2,134,335.2,463.8,36.6,170,328.949119567871,400.229931640625,32.2580024719238,176.745807647705,330.097648620605,394.369274902344,32.1113098144531,180,331.00407409668,413.933764648437,37.2493209838867,189.981250762939,341.031921386719,389.239721679687,35.4718048095703
"236",283,"SEO_census",NA,"Spain",2018,NA,NA,1,"w",NA,5999483,-2.20003,39.01297,143.842998504639,344.272003173828,414.8,42.3147476196289,129.9771484375,385.8693359375,495.041015625,43.914453125,90.4,260.6,456.8,48.4,133,337.2,471.2,36.2,170,330,415.188031005859,33.2730102539062,175.168319702148,337.320655822754,409.982647705078,33.2591613769531,180,337.33016204834,431.419293212891,38.0208984375,189.844795227051,344.100814819336,403.965856933594,36.0070983886719
"237",284,"SEO_census",NA,"Spain",2018,NA,NA,1,"w",NA,5994302,-2.20968,39.07264,144.415836334229,343.510007858276,416.75,41.9901056289673,129.90478515625,386.89306640625,494.28369140625,43.549072265625,90.25,260.5,457.5,48.25,133,337.5,471.5,36,170,331.036367416382,403.636070251465,34.1031589508057,175.262141227722,339.939775466919,398.856063842773,34.0102062225342,180,339.939775466919,419.279647827148,38.7305564880371,190,349.347667694092,393.01286315918,36.5710859298706
"238",285,"SEO_census",NA,"Spain",2018,NA,NA,1,"w",NA,5999485,-2.1181,39.00915,144.774335861206,337.903991699219,403.2,41.5202621459961,131.8962890625,383.708203125,483.28828125,44.1927734375,92.6,259,435.4,46.8,134.8,335.2,456.6,36.6,170,330,395.331616210938,33.227416229248,179.911720275879,338.556915283203,389.744293212891,32.9033134460449,180.024490356445,338.827590942383,408.445843505859,37.9991638183594,190,348.509147644043,384.836260986328,36.1879234313965
"239",286,"SEO_census",NA,"Spain",2018,NA,NA,1,"w",NA,6061631,-2.67536,38.50311,139.770834445953,355.260009765625,435.5,44.7922029495239,129.5166015625,388.5244140625,544.436279296875,46.80224609375,90.75,263.75,553,57,132,342.25,530.25,39.5,168.760957717896,330,671.712631225586,50,172.908749580383,338.959636688232,662.507598876953,50.9669561386108,178.94241809845,339.993000030518,727.488464355469,54.956787109375,186.584401130676,350,662.956268310547,51.0069999694824
"240",287,"SEO_census",NA,"Spain",2018,NA,NA,1,"w",NA,6004676,-1.63089,38.967,130.227916240692,337.000026702881,408.75,34.6345958709717,120.35009765625,376.359130859375,528.8955078125,40.076904296875,84.25,258.5,429.5,41.75,124.25,326.5,512.25,34,159.939572811127,320,412.674278259277,35.189022064209,161.039834022522,321.316690444946,405.334289550781,33.2111721038818,170.537385940552,321.380167007446,417.25520324707,40.9842119216919,177.264842987061,339.664859771729,402.516998291016,40
"241",288,"SEO_census",NA,"Spain",2018,NA,NA,1,"w",NA,6051293,-1.75812,38.62359,140.952501296997,333.100023269653,383,35.9513072967529,132.641357421875,375.010986328125,484.484619140625,44.8046875,96.25,269.25,398.25,45,136,327,462.75,37,171.301240921021,319.533491134644,315.327461242676,34.257176399231,174.253835678101,320,308.137535095215,32.2322721481323,183.152456283569,320.043458938599,318.089805603027,38.2161111831665,189.872212409973,336.051321029663,304.640968322754,37.8196544647217
"242",289,"SEO_census",NA,"Spain",2018,NA,NA,1,"w",NA,5978762,-2.21042,39.20556,144.19041633606,341.439990997314,416.75,40.6722116470337,129.686279296875,387.322265625,495.118408203125,43.079345703125,90,258.75,458.75,48,132.5,337.5,471.5,35.25,170,340,390.236366271973,35.995005607605,175.878982543945,340,386.192253112793,36.1024599075317,180,340,405.485488891602,40.6656970977783,190,350,380.793846130371,38.5484294891357
"243",290,"SEO_census",NA,"Spain",2018,NA,NA,1,"w",NA,5989131,-1.84778,39.08375,142.026112874349,326.153341929118,372.666666666667,35.2859598795573,132.119791666667,378.248372395833,471.464192708333,43.1209309895833,94.6666666666667,254.833333333333,394.333333333333,43.1666666666667,135.5,330,445,36.3333333333333,170,330.832341512044,365.294591267904,35.789155960083,180,340,359.471043904622,34.0230490366618,183.062909444173,339.668846130371,372.794352213542,40.7790692647298,190,349.829432169596,357.819508870443,39.4097855885824
"244",291,"SEO_census",NA,"Spain",2018,NA,NA,1,"w",NA,6004660,-2.30448,38.99634,136.983667373657,349.296012878418,443.4,41.0442665100098,123.4271484375,390.03515625,528.2564453125,42.8275390625,83.4,262.6,511,49.2,126.2,340.2,512.2,35.8,164.812694549561,329.395332336426,458.4697265625,34.657772064209,167.270366668701,330.637702941895,453.201837158203,34.9356887817383,175.515567779541,330.55069732666,479.422229003906,39.2952011108398,181.801753997803,340.340911865234,446.1462890625,36.7103057861328
"245",292,"SEO_census",NA,"Spain",2018,NA,NA,1,"w",NA,6004661,-2.27937,38.96116,138.244998931885,351.056007385254,435.6,41.3321418762207,124.4740234375,389.146484375,523.180078125,43.1923828125,84.8,262.6,500,49.2,127.6,339.6,504.6,36,165.302238464355,329.599105834961,456.499462890625,34.3985229492188,168.381454467773,330.503952026367,451.211682128906,34.694393157959,175.97477722168,330.503952026367,477.553729248047,39.2120628356934,182.787040710449,340,444.323278808594,36.6470588684082
"246",293,"SEO_census",NA,"Spain",2018,NA,NA,1,"w",NA,6004663,-2.18369,38.98305,143.853332996368,344.750003814697,413.25,42.250636100769,130.16064453125,385.514892578125,494.5185546875,44.167724609375,90.75,261,455.5,48.5,133,337,470.75,36,170,330,415.68058013916,33.1259784698486,175.751895904541,336.70129776001,410.399070739746,33.1238746643066,180,337.002210617065,431.830268859863,38.0131855010986,189.805994033813,343.425540924072,404.41480255127,36
"247",294,"SEO_census",NA,"Spain",2018,NA,NA,1,"w",NA,6051290,-1.91101,38.5994,139.446332931519,339.552017211914,390.8,37.522339630127,130.37265625,377.99765625,496.4015625,44.7931640625,93.2,267.8,426.4,46.4,133.6,330.6,474.8,36.6,169.406360626221,318.686874389648,364.973602294922,31.8669906616211,171.528999328613,320,357.818322753906,30.7517486572266,180.652317047119,320,372.299621582031,35.633464050293,187.344264984131,332.566543579102,353.527178955078,35.2659614562988
"248",295,"SEO_census",NA,"Spain",2018,NA,NA,1,"w",NA,5983941,-2.26978,39.15097,144.101250171661,342.480001449585,417.5,42.0786142349243,129.73095703125,388.178466796875,496.79443359375,43.416259765625,90,260.25,466.75,48.75,132.75,338.25,474.75,36,170,338.430433273315,395.278701782227,35.5069227218628,176.273951530457,340,391.039741516113,35.6460380554199,180,340,411.411422729492,40.0514440536499,190,350,384.927742004395,37.9588050842285
"249",296,"SEO_census",NA,"Spain",2018,NA,NA,1,"w",NA,6025399,-1.52812,38.80947,130.599999427795,339.780015945435,411.25,34.5033683776855,123.187744140625,372.45361328125,528.2900390625,40.66357421875,87.5,263.75,418.25,41.75,126.5,323.25,513,35,160.036454200745,310,341.292816162109,34.5979557037354,162.367014884949,319.236378669739,334.762084960938,32.1706171035767,170.80014705658,320,343.474769592285,40,179.927091598511,330,330.993125915527,39.0072908401489
"250",297,"SEO_census",NA,"Spain",2018,NA,NA,1,"w",NA,6020205,-2.11033,38.84722,140.417001724243,352.800003051758,415,39.6185211181641,128.0982421875,384.1115234375,499.998046875,44.09140625,89.6,263.2,454,47.4,131.4,335.2,480.8,36,169.133136749268,320.651214599609,405.933331298828,32.0007610321045,170.066379547119,329.372817993164,400.111645507813,32.0902881622314,179.5185546875,329.971237182617,420.967559814453,37.228116607666,187.498485565186,340,394.908642578125,35.1412841796875
"251",298,"SEO_census",NA,"Spain",2018,NA,NA,1,"w",NA,6056478,-1.55575,38.58306,148.185278574626,329.446671803792,353.333333333333,36.5880870819092,139.43994140625,368.437825520833,466.403483072917,46.34521484375,103.833333333333,269.833333333333,364.166666666667,44.6666666666667,143.166666666667,322.333333333333,440.666666666667,38.5,180.684757232666,311.165342330933,283.636266072591,36,183.708906173706,320,276.981959025065,33.5422662099202,193.201745351156,320,285.212448120117,40.1693236033122,198.518006006877,330.168940226237,274.17014058431,39.879093170166
"252",299,"SEO_census",NA,"Spain",2018,NA,NA,1,"w",NA,5978751,-2.67236,39.18572,144.717777570089,349.619992574056,431.833333333333,43.5685291290283,129.538736979167,392.5810546875,517.450358072917,45.37109375,88.6666666666667,263.333333333333,524.333333333333,52.6666666666667,132.333333333333,344.666666666667,498,37.3333333333333,170,339.814154307048,376.394226074219,40.9106229146322,176.163495381673,343.351720174154,370.441370646159,41.0533650716146,180.058584213257,340.657018025716,391.237360636393,43.3480275472005,189.910383224487,351.605834960938,364.994028727214,41.7489083607992
"253",300,"SEO_census",NA,"Spain",2018,NA,NA,1,"w",NA,5983934,-2.56381,39.15544,142.704999923706,350.519996643066,437,43.1134590148926,127.7841796875,392.6767578125,519.7005859375,44.465625,86.8,263.6,521.8,52,130.4,343.6,501,37,170,339.334449768066,390.457415771484,39.3406929016113,170.227882385254,340.235954284668,384.948388671875,39.57509765625,180,340,406.569818115234,42.2121047973633,189.888175964355,350,378.765808105469,40.4615043640137
"254",301,"SEO_census",NA,"Spain",2018,NA,NA,1,"w",NA,5968395,-2.51735,39.28166,145.115333557129,341.440002441406,425.8,42.661164855957,129.963671875,391.237109375,506.9998046875,44.3541015625,89,262.6,499.2,51.2,132.8,341,485.2,36.4,170,340,378.394714355469,39.1962966918945,179.808216094971,349.959251403809,373.119848632812,39.5996704101562,180,340.097648620605,392.819421386719,42.4957038879395,190,356.85279083252,366.742163085937,40.5522003173828
"255",302,"SEO_census",NA,"Spain",2018,NA,NA,1,"w",NA,5963216,-2.46139,39.29327,144.54083442688,340.15998840332,423.5,42.367657661438,129.777587890625,390.5478515625,507.50439453125,43.84423828125,89,262.75,496,50.25,132.5,340.25,484.5,36,170,340,381.465293884277,38.7362785339355,179.141716957092,349.540138244629,376.488166809082,39.0349559783936,180,340,396.284477233887,42.2092256546021,190,353.953294754028,370.106452941895,40.1166791915894
"256",303,"SEO_census",NA,"Spain",2018,NA,NA,1,"w",NA,6004599,-4.87282,38.97873,148.415332794189,315.60799407959,504.6,50.7443031311035,141.469140625,391.9138671875,612.416796875,55.865625,101.4,280.6,676.4,66.8,144,352.6,597.6,50.2,179.220127105713,327.826438903809,604.072021484375,58.1141418457031,184.718978881836,336.587371826172,583.407995605469,57.5020568847656,193.109588623047,321.740203857422,631.6744140625,57.1266159057617,197.854110717773,337.708465576172,559.629675292969,53.0526329040527
"257",304,"SEO_census",NA,"Spain",2018,NA,NA,1,"w",NA,5983917,-3.25197,39.15,148.052082061768,341.340007781982,402.25,44.0574893951416,135.798583984375,395.259033203125,513.44091796875,50.597900390625,95.75,265.75,540.25,56.5,138,350,493.5,41,180,341.546764373779,362.476280212402,46.5520553588867,180,350,355.885299682617,46.3060808181763,190,349.56109046936,378.605781555176,47.9981727600098,190.065755844116,360,353.973129272461,46.9814109802246
"258",305,"SEO_census",NA,"Spain",2018,NA,NA,1,"w",NA,5983918,-3.23601,39.16152,148.230665206909,342.016006469727,402.8,44.0162124633789,135.729296875,395.303125,513.5396484375,50.54453125,95.8,265.6,540.2,56.4,138,349.8,494,41,180,341.237411499023,363.132354736328,46.4416442871094,180,350,356.591479492187,46.244864654541,190,349.458145141602,379.345611572266,47.9847091674805,190.052604675293,360,354.642889404297,46.8580665588379
"259",306,"SEO_census",NA,"Spain",2018,NA,NA,1,"w",NA,5973555,-3.33746,39.22625,147.82541513443,338.400011062622,398.75,43.5848436355591,135.800537109375,395.91796875,514.0751953125,49.908935546875,96,267,542.25,56.25,138,351,491.75,41,180,349.299812316895,358.236747741699,47.0982065200806,180,350,351.493896484375,46.8436899185181,190,350,373.394149780273,48.2234001159668,191.248388290405,360,349.614715576172,47.0302724838257
"260",307,"SEO_census",NA,"Spain",2018,NA,NA,1,"w",NA,5968376,-3.32158,39.28569,148.93200302124,340.640007019043,401.6,43.1577377319336,135.8056640625,394.9935546875,508.825,49.5796875,96,265.2,535,56,138,350,486.4,41,179.877746582031,349.918495178223,356.544177246094,46.790788269043,179.91849899292,350.365600585938,349.537750244141,46.1296699523926,189.877746582031,350,369.844708251953,47.4378677368164,198.421962738037,360,347.640319824219,46.8277770996094
"261",308,"SEO_census",NA,"Spain",2018,NA,NA,1,"w",NA,5963196,-3.30297,39.29306,148.909336090088,341.016006469727,401.4,43.0834083557129,135.7634765625,394.809765625,508.230078125,49.41796875,96,264.8,534.4,56,138,349.8,486.4,40.8,179.877746582031,349.918495178223,354.172131347656,46.5956451416016,179.91849899292,350.16145324707,347.258331298828,46.0251953125,189.877746582031,350,367.278021240234,47.2477645874023,198.56583404541,360,345.350561523437,46.6626983642578
"262",309,"SEO_census",NA,"Spain",2018,NA,NA,1,"w",NA,5963197,-3.26837,39.31454,148.900001525879,342.184013366699,401.2,42.9583122253418,135.659375,394.486328125,507.6876953125,49.2310546875,95.8,264.6,533.2,56,137.8,349.4,486.2,40.4,180,350,347.196105957031,46.2025596618652,180,350,340.529260253906,45.9140571594238,190,350,359.86943359375,46.9201759338379,199.226211547852,360,338.588946533203,46.3013465881348
"263",313,"SEO_census",NA,"Spain",2018,NA,NA,1,"w",NA,5952837,-3.2732,39.37743,148.829167683919,340.546671549479,396.666666666667,43.1757259368896,134.825032552083,394.009602864583,508.4072265625,48.9236653645833,94.6666666666667,264.666666666667,532.666666666667,55.5,137.166666666667,348.666666666667,486.5,40,180,349.925441741943,347.431121826172,45.957005182902,180,350,340.352986653646,45.300537109375,189.989042282104,350,358.793395996094,46.1518522898356,199.765729904175,360,338.604843139648,46
"264",314,"SEO_census",NA,"Spain",2018,NA,NA,1,"w",NA,5952836,-3.32102,39.38308,148.476667404175,338.544006347656,400,42.8228500366211,134.7787109375,394.395703125,509.9166015625,49.0046875,94.6,264.4,535.6,55.8,137.2,348.8,487.4,40,180,349.993873596191,351.151196289063,46.0179405212402,180,350,343.632873535156,45.2898124694824,189.918361663818,350,362.244049072266,46.0989273071289,198.79859161377,360,342.053784179688,46.0005218505859
"265",315,"SEO_census",NA,"Spain",2018,NA,NA,1,"w",NA,5958018,-3.23485,39.37044,148.8494459788,341.673342386882,398.333333333333,43.5209007263184,134.425618489583,394.075358072917,508.8193359375,48.65478515625,94.1666666666667,265,532.333333333333,55.3333333333333,136.666666666667,348.333333333333,487.833333333333,39.8333333333333,180,349.583282470703,349.192352294922,45.8734512329102,180,350,342.249862670898,45.187692006429,190,350,360.811787923177,46.1039371490479,198.887529373169,360,340.366892496745,46
"266",317,"SEO_census",NA,"Spain",2018,NA,NA,1,"w",NA,5958017,-3.2884,39.34397,148.887083530426,341.160011291504,399,42.9186162948608,135.503662109375,394.4375,508.03369140625,49.038330078125,95.5,264.25,534,56,137.75,349.25,486.5,40.25,180,350,348.041557312012,46.1615839004517,180,350,341.106231689453,45.8643169403076,189.983563423157,350,360.157371520996,46.7340774536133,199.894218444824,360,339.323554992676,46.1887331008911
"267",320,"SEO_census",NA,"Spain",2018,NA,NA,1,"w",NA,5947657,-3.2801,39.44777,147.509664535522,338.399993896484,394.8,43.2450775146484,133.4962890625,393.0533203125,512.2869140625,48.8228515625,93.2,263.4,534,55,135.6,346.8,489.4,39.4,180,346.125442504883,351.938641357422,45.1707489013672,180,350,344.076416015625,44.2455924987793,190,350,361.999090576172,45.1145790100098,198.892391204834,360,342.822021484375,45.3790946960449
"268",323,"SEO_census",NA,"Spain",2018,NA,NA,1,"w",NA,5942476,-3.29281,39.46856,147.386248111725,338.070001602173,393.5,43.3172245025635,133.642578125,393.03125,512.119873046875,48.91845703125,93.25,263.25,534,55,135.75,346.75,489,39.5,180,346.489200592041,349.912162780762,45.1578874588013,180,350,341.992126464844,44.1824178695679,190,350,359.755859375,45.0000123977661,199.532203674316,360,340.817695617676,45.292685508728
"269",325,"SEO_census",NA,"Spain",2018,NA,NA,1,"w",NA,5963200,-3.15068,39.31654,148.814165592194,344.150009155273,410.25,43.1621971130371,135.095703125,394.4091796875,507.941162109375,48.330078125,94.25,264.75,528.75,55.25,137,348.25,486.25,39.5,180,349.982252120972,345.370330810547,45.3830137252808,180,350,338.877380371094,45.0645933151245,190,350,357.73087310791,46.1044702529907,198.601675033569,360,336.553787231445,45.9594659805298
"270",326,"SEO_census",NA,"Spain",2018,NA,NA,1,"w",NA,6009805,-3.78872,38.95776,150.040001869202,341.009998321533,393,44.3492288589478,138.48193359375,401.349853515625,528.26611328125,52.69873046875,99.75,273.5,567.75,61,140.25,358,509,45,180,340,393.853706359863,49.0093545913696,181.405739784241,341.370267868042,382.482177734375,48.9307279586792,190,340,412.077262878418,50.9984855651855,200,357.941932678223,378.703300476074,48
"271",327,"SEO_census",NA,"Spain",2018,NA,NA,1,"w",NA,6035695,-4.17953,38.70959,147.139166196187,334.366677602132,461.833333333333,47.7274608612061,138.464192708333,398.851399739583,609.82763671875,54.4396158854167,99.6666666666667,277.5,682.166666666667,66.6666666666667,140,358.666666666667,604.333333333333,49.6666666666667,178.015333811442,328.890323638916,402.039469401042,49.2516651153564,179.349104563395,336.711641947428,389.65055847168,48.659262975057,188.571313222249,329.763024648031,424.867782592773,50.8316713968913,196.486393610636,342.048492431641,378.723576863607,47.1958440144857
"272",328,"SEO_census",NA,"Spain",2018,NA,NA,1,"w",NA,6030513,-4.25301,38.77298,147.75000333786,334.980001449585,454.25,47.6593418121338,139.1513671875,398.59375,595.26904296875,54.470947265625,99.75,279,663.75,66,140.75,358.5,588.25,49.25,179.327435493469,330,416.252647399902,50.6237945556641,180.253071784973,339.844875335693,403.03678894043,50.1286134719849,189.431614875793,330,438.806030273438,52.0031604766846,198.228459358215,340.02197265625,390.419830322266,48.3430328369141
"273",329,"SEO_census",NA,"Spain",2018,NA,NA,1,"w",NA,5973551,-3.50482,39.21915,149.533333778381,336.920013427734,396.5,43.7683763504028,136.845703125,396.883544921875,512.55810546875,51.056884765625,97,267,544.5,57.25,139,352.75,491.25,42.25,180,350,375.743362426758,48.1300411224365,180,350.260448455811,367.098411560059,47.8347721099854,190,350,390.343299865723,49.1260185241699,199.652667045593,360,365.273948669434,47.917670249939
"274",330,"SEO_census",NA,"Spain",2018,NA,NA,1,"w",NA,6020161,-3.94265,38.83857,146.543054580688,334.913342793783,419,45.597625096639,136.35595703125,401.080078125,566.921223958333,52.7706705729167,97.8333333333333,275.333333333333,619.166666666667,63.5,138,359.333333333333,552.666666666667,46.8333333333333,178.049920399984,333.247655232747,400.667032877604,48.9619382222494,183.615261713664,340.001627604167,388.887166341146,48.9326190948486,188.61187616984,339.75404103597,421.608210245768,50.9957052866618,195.442314147949,350.29883702596,382.32101949056,47.9968331654867
"275",331,"SEO_census",NA,"Spain",2018,NA,NA,1,"w",NA,6040885,-3.77695,38.70792,150.308888753255,342.739995320638,419.666666666667,46.0662523905436,139.814290364583,397.753255208333,567.72216796875,53.7083333333333,102,272.5,619.833333333333,64.6666666666667,141.833333333333,356.333333333333,554.5,47.8333333333333,179.923286437988,330.172869364421,358.510620117188,48,188.492161432902,339.978084564209,348.709467569987,48.2957305908203,189.923286437988,339.978084564209,378.674138387044,50.4960810343424,199.745661417643,353.615163167318,345.892547607422,47.888479868571
"276",332,"SEO_census",NA,"Spain",2018,NA,NA,1,"w",NA,5942480,-3.16618,39.47615,146.298334598541,340.209999084473,409.25,42.5032386779785,131.3759765625,393.619384765625,517.101318359375,47.343505859375,90.25,264,540,54.25,133.25,346.5,498,38.75,178.923358917236,340.598459243774,371.839546203613,44.8630294799805,180,350,364.020301818848,44.2241630554199,188.769383430481,349.64111328125,383.018310546875,45.4037189483643,190.921363830566,360,362.089012145996,45.3742256164551
"277",333,"SEO_census",NA,"Spain",2018,NA,NA,1,"w",NA,5968381,-3.1023,39.26398,148.673329353333,343.179998397827,409.25,43.6141366958618,135.148681640625,394.4404296875,508.9794921875,48.515625,94.75,264.75,528.5,55.75,137.25,348,487.75,39.5,180,349.258317947388,355.459197998047,45.368968963623,180,350,349.124778747559,45.041069984436,190,350,369.191009521484,46.3814487457275,194.336681365967,360,346.309089660645,45.8520908355713
"278",335,"SEO_census",NA,"Spain",2018,NA,NA,1,"w",NA,6014977,-4.11716,38.89771,149.305334091187,330.912002563477,416.6,45.7326171875,139.5009765625,400.4509765625,560.47265625,53.675390625,101,277,608,63.4,141.8,358.8,542.8,47.2,180.822910308838,336.908531188965,400.526885986328,50.4403778076172,186.327568054199,340.04167175293,387.861022949219,49.9486846923828,192.369232177734,337.398986816406,420.419091796875,51.8476196289063,198.814319610596,349.922134399414,377.569122314453,48.4010192871094
"279",336,"SEO_census",NA,"Spain",2018,NA,NA,1,"w",NA,6020158,-4.08237,38.86053,149.644999504089,332.019996643066,415.75,45.8813571929932,139.805419921875,400.353515625,560.933837890625,53.69775390625,101.5,276.75,608.25,64,142.25,359,543.25,47.25,181.278305053711,336.569547653198,390.333305358887,50.0505361557007,186.220078468323,340.044927597046,378.104782104492,49.5737676620483,192.765927314758,338.393096923828,410.145378112793,51.5811719894409,199.225912094116,350,368.655479431152,48.1438798904419
"280",339,"SEO_census",NA,"Spain",2018,NA,NA,1,"w",NA,5983907,-3.66878,39.12654,148.697085380554,332.909994125366,391.5,43.4718027114868,137.70556640625,399.166259765625,514.572265625,51.925537109375,98.25,269.75,550.5,58.75,139.5,355.25,496.25,43,180,340.362329483032,384.964538574219,49.4544715881348,180,350,374.511543273926,48.9179201126099,190,349.819183349609,400.118721008301,50.184121131897,200,360,371.856758117676,48.2511806488037
"281",340,"SEO_census",NA,"Spain",2018,NA,NA,1,"w",NA,6025347,-3.67858,38.82125,149.568998336792,343.744003295898,411.6,44.5656028747559,137.1900390625,399.558984375,551.427734375,52.278515625,98.6,271.8,600.2,62.4,138.8,356.4,538,45.6,178.962257385254,335.583946228027,399.346246337891,48,180.446838378906,340,388.803057861328,48,188.498844146729,340,420.654431152344,50.6445953369141,195.494682312012,353.100944519043,387.061157226562,48
"282",341,"SEO_census",NA,"Spain",2018,NA,NA,1,"w",NA,5963194,-3.38206,39.29206,148.777501583099,337.790002822876,402.25,43.0165042877197,135.249267578125,395.604248046875,512.2958984375,49.537353515625,95.25,265.5,540,56.25,137.5,350.5,490.25,41,178.582243919373,349.111680984497,375.346824645996,47.0933895111084,179.282250404358,351.54149055481,367.480529785156,46.4533576965332,188.582243919373,349.658870697021,388.971893310547,47.6723871231079,197.312903404236,360,365.682945251465,46.9464807510376
"283",342,"SEO_census",NA,"Spain",2018,NA,NA,1,"w",NA,6030539,-3.1891,38.76367,145.058751106262,354.51000213623,434.5,45.0291109085083,132.515625,396.0771484375,553.116455078125,49.799560546875,93.75,267.5,590.5,59.75,134.75,351,541.25,42.75,170,330,389.763816833496,45.799241065979,179.928059577942,334.680757522583,382.503761291504,46.2716379165649,180,340,413.554100036621,48.8550548553467,190,350,382.4619140625,46.7221240997314
"284",343,"SEO_census",NA,"Spain",2018,NA,NA,1,"w",NA,6025350,-3.57965,38.82271,148.312082290649,341.750001907349,415,45.0829105377197,136.12158203125,399.305908203125,553.17919921875,51.782958984375,97.25,270.75,600.75,61.75,137.5,355.25,541.25,44.75,176.522927284241,333.965177536011,406.915000915527,47.9217920303345,178.692221641541,340,396.773506164551,47.9791641235352,186.0404920578,340,428.950202941895,50.0255689620972,194.373321533203,353.08201789856,395.949562072754,48
"285",344,"SEO_census",NA,"Spain",2018,NA,NA,1,"w",NA,5942485,-2.93101,39.47091,146.383335113525,340.144004821777,419.8,42.888330078125,130.9935546875,392.3265625,512.63671875,46.4943359375,90,262.8,526,53,133.8,344,492.4,37.8,177.764873504639,341.54655456543,368.192156982422,43.0078651428223,180,350,360.362713623047,43,187.669170379639,350,378.616961669922,44.5008766174316,190,360,356.743835449219,44
"286",345,"SEO_census",NA,"Spain",2018,NA,NA,1,"w",NA,6040877,-4.11205,38.68607,147.066997528076,334.592002868652,459.6,47.5751251220703,138.17109375,398.898046875,607.309375,54.192578125,98.8,277.4,680,66.6,138.8,358.4,603.8,49.2,177.814903259277,329.021789550781,390.798443603516,48.8396713256836,180.511394500732,337.720634460449,378.922839355469,48.075463104248,188.333911895752,330.153312683105,412.900872802734,50.200269317627,196.443702697754,344.852172851562,369.758990478516,47.0240875244141
"287",346,"SEO_census",NA,"Spain",2018,NA,NA,1,"w",NA,6046072,-3.46755,38.64493,148.378332138062,350.463996887207,422,46.3015411376953,137.5822265625,395.6236328125,567.864453125,52.262890625,99.6,269,614.4,64.2,139.6,353.8,557.4,46,179.478282928467,330,385.231469726563,47.0872886657715,180.124095916748,339.569427490234,375.974676513672,47.9239471435547,189.052646636963,340,408.513037109375,50.0558723449707,197.52156829834,350,375.890032958984,47.4100387573242
"288",347,"SEO_census",NA,"Spain",2018,NA,NA,1,"w",NA,5968390,-2.73212,39.25441,146.773611704508,345.91999689738,420.833333333333,43.5626614888509,131.59765625,392.338541666667,509.984700520833,45.7472330729167,90.6666666666667,263.166666666667,518,53,134.333333333333,344,489.333333333333,37.6666666666667,173.06484858195,340,372.327072143555,41.544241587321,180,350,366.010894775391,41.6517295837402,184.180409113566,347.998739878337,385.807601928711,43.8422063191732,190,359.431978861491,360.598139444987,42.394926071167
"289",348,"SEO_census",NA,"Spain",2018,NA,NA,1,"w",NA,6030534,-3.39729,38.76592,149.152498245239,350.319986343384,413.5,46.4326868057251,137.136962890625,396.4658203125,546.6572265625,51.503173828125,98.75,268.25,589,62,139,353.25,535.5,44.75,179.889979362488,330,370.376724243164,46.0474271774292,180,340,362.247497558594,47,189.189276695251,340,391.84969329834,49.1198215484619,194.94975566864,350,362.222480773926,47
"290",349,"SEO_census",NA,"Spain",2018,NA,NA,1,"w",NA,6040904,-2.97008,38.69307,140.741666793823,361.319999694824,446.6,44.5289947509766,128.036328125,394.3951171875,561.036328125,47.76484375,88.8,266.2,593,58.6,130.4,348.4,550.6,40.6,169.150978088379,321.359603881836,435.939331054688,46.4041229248047,170.399200439453,330,428.850372314453,47.3654121398926,178.841472625732,334.733505249023,465.645062255859,49.989022064209,186.552001953125,342.33927154541,428.897845458984,47.5840446472168
"291",350,"SEO_census",NA,"Spain",2018,NA,NA,1,"w",NA,5983910,-3.5818,39.14379,149.176249504089,336.610012054443,395.25,43.6913833618164,137.618896484375,398.08349609375,514.40234375,51.758544921875,98,269.25,550,59,139.25,354.5,495.75,43,180,343.599739074707,378.129943847656,48.9316911697388,180,350,368.827995300293,48.0358877182007,190,350,393.735137939453,50,200,360,366.902030944824,48
"292",351,"SEO_census",NA,"Spain",2018,NA,NA,1,"w",NA,5947691,-1.85613,39.43179,138.116247653961,331.110000610352,409.25,32.9360790252686,123.056396484375,380.869140625,512.568359375,38.593505859375,85.5,252,434.5,43,126.25,330,490.75,33.25,169.460945129395,330,432.370582580566,35.8141174316406,170,335.857076644897,427.45401763916,34.7471933364868,180,330.402164459229,443.44873046875,41.4226636886597,180.809550285339,340.653953552246,428.57300567627,40
"293",352,"SEO_census",NA,"Spain",2018,NA,NA,1,"w",NA,5916586,-2.89635,39.69515,139.823336601257,334.880018234253,445.75,41.3509883880615,123.599365234375,392.248046875,534.32861328125,44.18408203125,83.25,262.5,543.75,52,126.75,341.75,514.5,36.25,169.209403991699,338.854675292969,427.55940246582,42.9143896102905,170,340,416.506408691406,42,179.222106933594,339.977531433105,437.961296081543,44,185.430574417114,349.977531433105,413.168754577637,43.1043109893799
"294",353,"SEO_census",NA,"Spain",2018,NA,NA,1,"w",NA,5880326,-2.8979,39.97241,133.994166851044,328.520002365112,460,40.3186311721802,118.326904296875,387.394287109375,546.142822265625,42.721435546875,78,258.25,550.5,50,121.5,336.25,527,34.75,160.946407318115,339.964370727539,470.753837585449,42.634937286377,167.837696075439,340,457.762168884277,41.9088163375854,172.556734085083,336.701097488403,484.528366088867,43.6582269668579,180,349.633798599243,453.881698608398,42.1276664733887
"295",354,"SEO_census",NA,"Spain",2018,NA,NA,1,"w",NA,5916598,-2.38375,39.68777,131.985996246338,328.991996765137,470.6,37.8358093261719,115.8990234375,393.91484375,562.07734375,39.0806640625,76,263.8,543.6,49.4,119,342,546,34,159.63099861145,330,492.75888671875,39.2332908630371,163.247543334961,330.237510681152,483.465155029297,38.7558525085449,169.631000518799,330.065628051758,507.724102783203,42.1900329589844,177.315143585205,340.046875,478.369964599609,40.0396873474121
"296",356,"SEO_census",NA,"Spain",2018,NA,NA,1,"w",NA,5952859,-2.36415,39.37862,143.798667907715,337.071998596191,424.4,40.2479698181152,127.555859375,391.001171875,509.6099609375,42.562109375,87.2,260.6,489.2,49.4,130.6,339.4,489,35.2,169.916656494141,339.405158996582,403.466528320312,38.8213577270508,170,340.174606323242,398.398498535156,39.059880065918,179.916656494141,340,418.651342773437,42.8090522766113,189.072593688965,350,392.43564453125,40.6728569030762
"297",357,"SEO_census",NA,"Spain",2018,NA,NA,1,"w",NA,5906224,-2.99048,39.78647,139.823335647583,335.352020263672,442.8,41.0420417785645,124.5029296875,390.30625,529.069921875,44.6630859375,83.6,261.6,540,51.4,127.4,340.2,509.2,36.4,169.979679107666,339.994010925293,428.528015136719,43,170,340,416.844421386719,42,179.979679107666,340,439.257659912109,44,188.582069396973,350,414.510491943359,43.3793380737305
"298",358,"SEO_census",NA,"Spain",2018,NA,NA,1,"w",NA,5885508,-2.80976,39.91934,132.952779134115,327.426668802897,465,40.110190709432,116.81640625,389.4228515625,553.648600260417,41.90380859375,76.6666666666667,260.833333333333,553.333333333333,50,120.333333333333,338,534.5,34.5,160.312468210856,334.171708424886,497.931360880534,42.3213443756104,164.577217102051,339.918619791667,484.457753499349,41.4365793863932,170.753755569458,330.67086537679,511.881749471029,43.474578221639,179.297472635905,343.751856486003,479.955851236979,41.9301369984945
"299",359,"SEO_census",NA,"Spain",2018,NA,NA,1,"w",NA,5947667,-2.86664,39.44217,145.845668792725,339.440002441406,425.6,42.7299926757812,130.4142578125,392.770703125,513.7203125,45.794921875,89.6,263,523.8,52.8,133,343.8,492.6,37.2,174.155746459961,340.914680480957,381.595520019531,42.8426277160645,179.515975952148,350,373.623992919922,42.67216796875,184.087257385254,349.930854797363,392.476312255859,44.3768173217773,190,360,369.3498046875,43.6999031066895
"300",360,"SEO_census",NA,"Spain",2018,NA,NA,1,"w",NA,5952847,-2.85479,39.39434,147.006000518799,340.983993530273,419.6,42.8370140075684,131.940625,392.7677734375,508.137890625,46.0771484375,91.2,262.8,520.2,53,134.2,344.2,488.2,37.6,179.020244598389,346.5537109375,375.603216552734,42.7173004150391,180,350,368.191070556641,42.5332473754883,188.970760345459,350,387.006549072266,44.1120132446289,190,360,363.661657714844,43.5184951782227
"301",361,"SEO_census",NA,"Spain",2018,NA,NA,1,"w",NA,5947675,-2.5137,39.42333,144.374998092651,338.744003295898,424.2,41.3508476257324,128.369140625,392.571484375,510.8080078125,43.6234375,88,262.8,504,50.2,131.2,341.8,490.6,35.8,170,340,391.739538574219,40.1238792419434,172.754615783691,348.53857421875,385.676745605469,40.2862197875977,180,340.729675292969,405.395599365234,43.5380516052246,189.930854797363,358.140655517578,379.463983154297,41.4396102905273
"302",364,"SEO_census",NA,"Spain",2018,NA,NA,1,"w",NA,5937320,-2.33236,39.50201,140.063750743866,336.400003433228,435.75,38.6692132949829,123.816650390625,391.68017578125,524.114501953125,41.001953125,84,261.75,501,48.75,127,340,506,34.5,168.127899169922,332.228927612305,438.200775146484,39.0022449493408,169.969720840454,339.84748840332,431.888595581055,39.0273761749268,178.295378684998,338.454332351685,453.503692626953,43,182.980117797852,347.510137557983,426.716728210449,41
"303",365,"SEO_census",NA,"Spain",2018,NA,NA,1,"w",NA,5932137,-2.42466,39.55946,138.73099899292,335.944000244141,445.6,39.1876365661621,122.53984375,393.3712890625,532.1669921875,41.31484375,83,262.8,517.8,48.8,126.2,341.2,513.6,34.8,166.415657043457,337.651206970215,436.527349853516,39.7753623962402,169.744785308838,339.982025146484,429.167034912109,39.6928184509277,177.087783813477,339.892166137695,450.772381591797,43.0046875,180.371479034424,349.641738891602,423.566156005859,40.9991401672363
"304",366,"SEO_census",NA,"Spain",2018,NA,NA,1,"w",NA,5875145,-2.95533,40.01749,136.198749542236,330.009984970093,451.25,40.4082860946655,120.635009765625,385.649658203125,536.49755859375,43.610107421875,80,257.75,538.75,50.25,123.75,334.75,515,35.25,165.89626789093,340.009756088257,442.419891357422,42.3147773742676,169.996881484985,340.566358566284,430.13028717041,41.5679054260254,177.897548675537,339.962062835693,455.547592163086,43.2497186660767,181.230463981628,350,426.708930969238,42.1107873916626
"305",367,"SEO_census",NA,"Spain",2018,NA,NA,1,"w",NA,5895874,-2.54449,39.85553,132.636249065399,326.120004653931,470,38.9289503097534,115.76123046875,392.19677734375,560.238037109375,39.70703125,76.25,264,547.5,49.25,119.25,340,540.75,34,160.006995201111,330,489.514953613281,40.9307527542114,163.565874099731,330,478.224609375,40.2290630340576,170.168943405151,330,504.097564697266,42.8759984970093,178.941402435303,340,472.764389038086,40.7198762893677
"306",368,"SEO_census",NA,"Spain",2018,NA,NA,1,"w",NA,5963231,-1.86787,39.29631,142.64666557312,332.129993438721,401,34.1888570785522,127.888671875,379.885498046875,491.692626953125,40.886474609375,89.75,253.25,415.75,43.5,131.25,330.25,467.75,35,170,338.078775405884,389.913505554199,36,170.420064926147,340,385.436454772949,35.1818771362305,180,340,400.778671264648,42,190,350,385.338195800781,40
"307",371,"SEO_census",NA,"Spain",2018,NA,NA,1,"w",NA,5895875,-2.501,39.84303,131.32666349411,327.549982070923,476,38.4561338424683,114.68408203125,392.753173828125,565.341552734375,39.1884765625,75,264.5,552,49.25,118,341.5,549.75,34,159.953277111053,330,495.54776763916,40.9516897201538,161.098928451538,330,484.57373046875,40.0611934661865,170.010251998901,330,510.356506347656,43,178.82315158844,340,479.123268127441,40.8667068481445
"308",372,"SEO_census",NA,"Spain",2018,NA,NA,1,"w",NA,5921773,-2.58963,39.6631,137.125000953674,332.080001831055,451.75,40.0411643981934,121.03369140625,393.40625,540.830078125,41.65869140625,80.5,263.5,535.75,50,124.5,341.75,523.25,34.75,165.240359306335,330.661563873291,435.737434387207,40.1261615753174,169.169592857361,338.841247558594,426.333526611328,40,175.805797576904,337.240524291992,447.387725830078,42.9929208755493,180.980582237244,347.41060256958,420.816078186035,41
"309",373,"SEO_census",NA,"Spain",2018,NA,NA,1,"w",NA,5776714,-3.38467,40.82859,122.503332138062,309.295997619629,386,34.5057098388672,112.1892578125,356.090234375,536.377734375,43.396875,72.6,239.2,542,47.2,115.2,313,510.2,33.2,154.642650604248,340.433799743652,543.266967773438,44.8685981750488,160.860679626465,341.037322998047,529.688397216797,45.5874412536621,168.302570343018,329.939849853516,559.026770019531,45.938444519043,172.665229797363,340.535743713379,518.888134765625,42.8319999694824
"310",374,"SEO_census",NA,"Spain",2018,NA,NA,1,"w",NA,5771535,-3.37207,40.84237,121.981666088104,309.439997673035,385.75,34.3982906341553,111.737548828125,356.053955078125,536.821533203125,43.172119140625,72.25,239,541,47,115,313,510,33,153.574392795563,340.410108566284,549.431396484375,44.7988195419312,160.923347473145,340.787887573242,535.735382080078,45.4843015670776,167.878212928772,329.924812316895,565.476104736328,45.9230556488037,172.334012985229,340.497341156006,524.89298248291,42.789999961853
"311",378,"SEO_census",NA,"Spain",2018,NA,NA,1,"w",NA,5802617,-3.28433,40.62034,131.744167804718,320.54000377655,409,41.0311126708984,119.7666015625,360.6298828125,514.193603515625,46.77197265625,79.5,241.5,517,49.75,122.75,318.75,485,36.25,165.193438529968,350,453.909301757812,42.3670673370361,170.052700042725,350.355129241943,441.354644775391,41.9751071929932,176.839284896851,340,467.894515991211,43.144998550415,182.262496948242,350,434.658714294434,41.0287761688232
"312",379,"SEO_census",NA,"Spain",2018,NA,NA,1,"w",NA,5875125,-3.77719,40.01119,151.642333984375,316.807994842529,374.8,39.7628791809082,138.1220703125,380.0615234375,494.258984375,50.70703125,96,256,512.2,53,140.2,333.6,466.6,38.8,179.439990997314,350.664184570312,378.396002197266,45.9619941711426,182.795658111572,356.445747375488,364.278375244141,44.5725234985352,190.194408416748,346.736755371094,383.021911621094,44.2613311767578,196.671897888184,360,357.500872802734,43.7635452270508
"313",380,"SEO_census",NA,"Spain",2018,NA,NA,1,"w",NA,5911383,-3.85178,39.7487,146.83805624644,327.906678517659,400.166666666667,39.949047088623,130.640625,388.481282552083,520.255208333333,49.1184895833333,89.1666666666667,262.166666666667,543.5,53.3333333333333,132.666666666667,341.833333333333,493.833333333333,39.1666666666667,170.516948699951,339.951496124268,379.903889973958,45,176.915327707926,340.049152374268,364.876881917318,42.1172917683919,180.722036361694,338.578809102376,381.982569376628,42,189.854497909546,349.314257303874,358.54291788737,42.8794848124186
"314",381,"SEO_census",NA,"Spain",2018,NA,NA,1,"w",NA,5880294,-4.22954,39.98955,151.100557645162,316.406675974528,352.666666666667,36.1682376861572,138.059407552083,378.798502604167,477.580403645833,50.7659505208333,97,258.833333333333,481.166666666667,51.3333333333333,140.5,334.833333333333,442.833333333333,39,170.924425125122,350,426.748891194661,49.609582901001,178.767455418905,352.936185201009,410.963572184245,49.2737121582031,187.902762095133,340,430.827885945638,47.372994740804,190.059989293416,351.338291168213,394.135070800781,45.1234060923258
"315",382,"SEO_census",NA,"Spain",2018,NA,NA,1,"w",NA,5875121,-3.94938,40.01373,153.539333343506,319.520004272461,356.2,38.707837677002,139.225,379.9521484375,485.44921875,50.815625,97.4,257.4,497,52.4,141.8,334.2,454.8,39,179.056335449219,353.847381591797,376.037420654297,46.572289276123,179.993068695068,359.742980957031,361.957946777344,45.5694046020508,189.794620513916,345.685455322266,379.931976318359,44.7062522888184,195.838409423828,359.979423522949,352.370837402344,43.5951553344727
"316",383,"SEO_census",NA,"Spain",2018,NA,NA,1,"w",NA,5895850,-3.54661,39.86863,144.472918510437,329.150009155273,406.75,41.8592309951782,130.056640625,385.334716796875,520.428955078125,49.097900390625,88.25,258.75,547.25,53,132.25,337.25,498.25,38.75,171.834602355957,341.912126541138,385.444480895996,44.985089302063,177.794318199158,350,372.213363647461,42.9231939315796,181.99182510376,341.089668273926,391.538291931152,43.7640991210938,190.253415107727,359.7252368927,369.806610107422,43.9487752914429
"317",384,"SEO_census",NA,"Spain",2018,NA,NA,1,"w",NA,5890627,-5.3608,39.91326,156.844719250997,301.046676635742,398.833333333333,43.1764265696208,149.91552734375,367.1328125,475.64306640625,56.5558268229167,110.333333333333,261.333333333333,492.833333333333,58.6666666666667,153,329,434.5,44.5,189.37458674113,336.770146687826,664.815073649089,63.8690083821615,190,340,648.411295572917,64.5108591715495,200,321.145846048991,672.778849283854,59.8858687082926,207.349945704142,339.61036046346,614.861999511719,56.5455360412598
"318",385,"SEO_census",NA,"Spain",2018,NA,NA,1,"w",NA,5890629,-5.27816,39.89663,154.840999603271,301.85599899292,394,42.5208290100098,147.5236328125,369.14609375,480.5423828125,55.7521484375,107.8,261.8,495.6,57.2,150.8,331,438.8,44,184.976570129395,333.627021789551,656.742907714844,62.970930480957,188.764339447021,339.353393554688,639.892224121094,63.633341217041,198.625789642334,320.246101379395,664.758605957031,59.0166839599609,200.054912567139,336.622451782227,606.253039550781,55.6612152099609
"319",386,"SEO_census",NA,"Spain",2018,NA,NA,1,"w",NA,5958012,-3.47746,39.37481,146.479446093241,333.386669158936,405.333333333333,42.621374130249,132.108235677083,395.958333333333,522.922037760417,48.9794921875,92.1666666666667,265.666666666667,552.333333333333,56.5,134.5,348.833333333333,500.666666666667,40.5,176.262680689494,347.12397257487,362.016743977865,46.1150277455648,179.452381134033,350,352.786926269531,45.0184516906738,186.029615402222,349.294948577881,371.980484008789,45.7088057200114,189.924605687459,359.966360727946,351.422541300456,45.7021554311117
"320",387,"SEO_census",NA,"Spain",2018,NA,NA,1,"w",NA,5932104,-3.80216,39.55188,144.566999435425,326.799995422363,417.8,39.9123382568359,129.4421875,393.384765625,529.4314453125,49.0724609375,88.8,266.4,559,55.2,131.8,348.4,507.2,40.4,169.699626922607,339.451835632324,389.799145507813,45.421826171875,176.531364440918,339.964851379395,375.049584960938,43.1501991271973,179.71720123291,338.787521362305,393.588177490234,43.2369300842285,189.392333984375,349.295204162598,370.413745117187,43.9551704406738
"321",388,"SEO_census",NA,"Spain",2018,NA,NA,1,"w",NA,5942465,-3.78965,39.49999,143.733749389648,328.759994506836,419.75,40.1419973373413,129.46484375,394.255126953125,531.43310546875,49.135986328125,89,267,562,55.25,131.75,349.5,509.5,41,169.729027748108,339.837732315063,388.096305847168,45.8184938430786,177.914004325867,340,373.763320922852,43.6837110519409,179.750027656555,339.469232559204,392.768966674805,43.8549661636353,189.258470535278,349.941720962524,369.377563476562,44.0474061965942
"322",390,"SEO_census",NA,"Spain",2018,NA,NA,1,"w",NA,5937286,-3.74609,39.50436,144.037499427795,330.719995498657,421.75,40.4854106903076,129.802978515625,394.559326171875,530.076416015625,49.13427734375,89,267,561,55,132,349.5,508.75,40.5,169.70299243927,339.891767501831,379.415641784668,45.4285202026367,178.606986999512,340,365.778999328613,43.3445158004761,179.719429016113,339.8095703125,384.211082458496,43.5853910446167,189.532618522644,350,362.264495849609,44.0417432785034
"323",391,"SEO_census",NA,"Spain",2018,NA,NA,1,"w",NA,5942466,-3.73195,39.49857,144.003332455953,331.599992116292,421.5,40.7395629882812,129.703450520833,394.682779947917,530.295247395833,49.1180013020833,89,267,560.166666666667,55,132,349.166666666667,509.333333333333,40.3333333333333,169.778661727905,339.927845001221,375.154276529948,45.3073908487956,178.009796142578,340,361.903416951497,43.2284666697184,179.789619445801,339.873046875,380.005879720052,43.4747180938721,189.468240737915,350,358.750371297201,44.0359878540039
"324",393,"SEO_census",NA,"Spain",2018,NA,NA,1,"w",NA,5911397,-3.25522,39.73434,143.373332977295,336.088012695312,425.4,41.2914451599121,128.7060546875,389.2720703125,520.3279296875,47.4419921875,87.6,261.2,539.4,53.4,131.2,341,499,38,170.291656494141,340,379.477563476563,44,178.996181488037,349.82837677002,368.907312011719,42.0372650146484,180.14582824707,343.137306213379,388.397546386719,43.9412002563477,190,359.82837677002,368.467346191406,44
"325",394,"SEO_census",NA,"Spain",2018,NA,NA,1,"w",NA,5906217,-3.26741,39.77039,142.660333633423,335.368003845215,428.6,41.4326309204102,128.1158203125,388.76875,522.7234375,47.4744140625,87,261,543,53,130.8,340.2,501.4,38,170,340,383.485217285156,44,177.12117767334,349.929695129395,372.6220703125,42.1852111816406,180,341.233413696289,392.478820800781,43.9962501525879,190,359.929695129395,372.113012695312,44
"326",395,"SEO_census",NA,"Spain",2018,NA,NA,1,"w",NA,5901038,-3.2479,39.82336,140.787501335144,333.039999008179,431.5,41.581000328064,126.29150390625,388.180419921875,527.797607421875,46.96728515625,85.25,259.75,546,52.75,129,338.25,506.75,37.5,170,340.067873001099,399.686294555664,44,170.545363426208,350,388.155082702637,42.9061584472656,180,340,409.474105834961,44.0403060913086,190,359.111013412476,387.230117797852,44
"327",396,"SEO_census",NA,"Spain",2018,NA,NA,1,"w",NA,5885468,-4.48755,39.94946,150.389001846313,307.976009368896,351.2,36.8796783447266,138.4232421875,377.6638671875,473.9423828125,51.60546875,97.6,260.6,475.8,52.2,140.6,335.2,435.6,40,172.452934265137,344.692237854004,499.184259033203,52.0485717773438,177.916774749756,350,479.210266113281,51.8489234924316,186.813503265381,332.168769836426,501.820135498047,49.6701469421387,190.85818862915,349.917579650879,455.9484375,46.8061508178711
"328",397,"SEO_census",NA,"Spain",2018,NA,NA,1,"w",NA,5875115,-4.19713,40.0114,151.455335617065,316.88000869751,353,36.2492393493652,138.2388671875,378.7375,477.515625,50.7625,97,258.2,482.4,51.4,140.8,335,443.6,39,171.414005279541,350,421.272076416016,49.2482040405273,179.453262329102,355.109855651855,405.805541992188,48.8338691711426,188.635417938232,340,425.447772216797,47.0284393310547,190.070037841797,353.52522277832,389.768670654297,44.9042823791504
"329",398,"SEO_census",NA,"Spain",2018,NA,NA,1,"w",NA,5901028,-3.65389,39.81687,150.799999237061,332.01000213623,379.75,41.2963972091675,135.88671875,385.855224609375,503.0703125,50.12890625,94.25,259.5,524.5,53.5,138,339.5,475.25,39,179.873337745667,344.552125930786,334.055213928223,44.6801462173462,181.792616844177,349.971685409546,322.061828613281,42.3404903411865,189.893522262573,345.195178985596,337.784339904785,42.8370742797852,198.252172470093,359.741220474243,319.322418212891,43.3572301864624
"330",399,"SEO_census",NA,"Spain",2018,NA,NA,1,"w",NA,5906209,-3.60685,39.77685,148.412499427795,332.530002593994,388.5,41.4934339523315,134.15625,387.50244140625,508.363037109375,49.529296875,92.5,259.75,530.75,53.5,136.25,340.75,482,39,179.606962203979,341.464242935181,339.914916992188,44.0537395477295,180.496249198914,349.862308502197,327.964347839355,42,189.606962203979,343.426961898804,343.856643676758,42.2965106964111,195.053291320801,358.796291351318,326.071022033691,43.5054397583008
"331",400,"SEO_census",NA,"Spain",2018,NA,NA,1,"w",NA,5895849,-3.61819,39.85816,147.929666519165,329.488006591797,394,41.3178466796875,133.0326171875,384.7287109375,511.453125,49.6947265625,91,259,534,53.2,135.2,337.8,486.4,39,175.592346191406,344.936370849609,362.398614501953,45,181.212963104248,350,349.458422851562,42.9279823303223,185.888690948486,344.127258300781,367.194085693359,43.4608963012695,193.606948852539,359.703765869141,346.543157958984,43.9482040405273
"332",403,"SEO_census",NA,"Spain",2018,NA,NA,1,"w",NA,5932111,-3.53512,39.54827,145.177502632141,338.049983978271,405.75,41.5991344451904,131.14404296875,393.259033203125,523.336669921875,48.685302734375,90.25,264.75,550,55.5,133.25,346.75,500,39.25,175.824899673462,340,344.045547485352,44.8768939971924,180,348.930540084839,333.442489624023,42.6149530410767,182.408366203308,344.815120697021,349.559844970703,43.0084972381592,190,360,332.619285583496,44
"333",404,"SEO_census",NA,"Spain",2018,NA,NA,1,"w",NA,5937293,-3.45446,39.51139,146.071665287018,338.670015335083,401,42.2306308746338,131.608154296875,393.71044921875,521.61376953125,48.438232421875,90.75,264.75,547.5,55,134,347,499.5,39.5,179.124021530151,340.168466567993,347.452911376953,44.959981918335,180,350,337.897270202637,43.3123865127563,188.451676368713,349.983558654785,354.76195526123,43.8868398666382,190,360,337.198120117188,44.8342723846436
"334",405,"SEO_census",NA,"Spain",2018,NA,NA,1,"w",NA,5932113,-3.45494,39.56248,145.379581451416,336.580009460449,405.25,41.943678855896,130.7529296875,392.848388671875,522.797607421875,48.232421875,89.75,264.25,547.25,54.75,133.25,346,499.75,39,175.338926315308,340,354.340965270996,44.3360929489136,180,350,344.23560333252,42.6280860900879,184.030203819275,347.330436706543,361.16576385498,43.2353487014771,190,360,343.802848815918,44.1956176757812
"335",406,"SEO_census",NA,"Spain",2018,NA,NA,1,"w",NA,5932115,-3.36356,39.5443,147.032999038696,337.78401184082,402.6,42.1727600097656,132.231640625,392.833984375,516.4919921875,48.55234375,91.6,263.4,539.2,54.2,134.6,345.4,492.8,39,180,340.081642150879,349.997021484375,44.1807388305664,180,350,340.856292724609,42.8199287414551,190,349.876174926758,357.869384765625,43.7270446777344,193.245407104492,360,340.315905761719,44.325749206543
"336",407,"SEO_census",NA,"Spain",2018,NA,NA,1,"w",NA,5859578,-4.06645,40.14649,148.219665527344,311.303993225098,367.6,36.5900520324707,134.453125,374.49140625,492.1171875,49.4830078125,92.8,253.6,501,50.8,137,328.8,460.2,37.8,170.387481689453,359.373191833496,456.800799560547,49.9111099243164,174.928020477295,360,441.465557861328,50.032511138916,183.31462097168,340.190612792969,463.709991455078,48.3826057434082,190,360,427.10419921875,45.7781051635742
"337",408,"SEO_census",NA,"Spain",2018,NA,NA,1,"w",NA,5921743,-3.87409,39.64732,143.505415916443,329.499998092651,419.75,39.5924587249756,128.311767578125,390.789794921875,529.896484375,48.721923828125,87.25,264.5,555.75,54,130.5,343.75,506.25,39.75,169.952487945557,338.052797317505,387.783744812012,45.0011720657349,170.196318626404,340,372.312271118164,42.222451210022,179.952487945557,333.036136627197,389.965385437012,42.0110349655151,189.625196456909,343.703107833862,365.765335083008,42.9987468719482
"338",409,"SEO_census",NA,"Spain",2018,NA,NA,1,"w",NA,5885451,-5.17161,39.91899,153.613331317902,303.67000579834,381.25,41.2885932922363,146.50244140625,370.095458984375,475.32763671875,55.29443359375,106.75,262.25,485,56.5,149.25,332,432.75,43,181.25385761261,336.089115142822,662.320281982422,63.4327507019043,188.262224197388,339.928064346313,644.284561157227,64.271538734436,197.88233757019,321.081409454346,669.676223754883,59.6365404129028,199.928059577942,339.53239440918,609.507659912109,56.1515331268311
"339",410,"SEO_census",NA,"Spain",2018,NA,NA,1,"w",NA,5890655,-4.18471,39.91592,155.400277773539,316.539999643962,345.333333333333,37.4569193522135,142.274739583333,380.988118489583,471.235188802083,51.7311197916667,101.166666666667,261.333333333333,477,52.8333333333333,145,338.333333333333,435.833333333333,39.8333333333333,179.578348795573,349.734058380127,372.502573649089,47.2089347839355,180,352.008215586344,357.996983846029,46.3983008066813,190,339.919706980387,375.231430053711,44.8678207397461,196.125872929891,350.907821655273,343.930084228516,43.4286829630534
"340",411,"SEO_census",NA,"Spain",2018,NA,NA,1,"w",NA,5906184,-4.63049,39.78347,150.058748722076,307.750010490417,371.75,38.8492345809937,138.94921875,381.1923828125,489.017822265625,52.4462890625,98.5,264.75,495.75,54.75,141.5,339.75,452.75,41.75,172.132115364075,338.650608062744,447.991668701172,49.4715642929077,176.626563072205,340.586977005005,428.260269165039,48.9033851623535,185.708613395691,327.289628982544,448.443542480469,46.724235534668,190.207266807556,340,406.774307250977,44.5185995101929
"341",412,"SEO_census",NA,"Spain",2018,NA,NA,1,"w",NA,5880319,-3.18625,39.98383,138.72416973114,330.85000038147,438,41.5427942276001,124.7041015625,384.322265625,528.15869140625,46.41162109375,83.75,257.75,543.75,51.5,127.25,334.25,505.75,36.75,170.233697891235,349.434299468994,412.69002532959,42.8141841888428,172.030591964722,350.067358016968,400.702201843262,41.7597007751465,180.370106697083,340.167617797852,424.166084289551,43.3538551330566,185.735807418823,357.862777709961,398.263519287109,42.6000490188599
"342",413,"SEO_census",NA,"Spain",2018,NA,NA,1,"w",NA,5875113,-4.28909,40.01938,150.190415382385,314.460000991821,352.5,36.0172233581543,137.606689453125,378.426025390625,477.3359375,50.782470703125,96.75,259.25,478.75,51.5,140,334,441,39,170.142207145691,349.957685470581,446.706390380859,50.4572954177856,177.687830924988,351.315984725952,429.992485046387,50.2311582565308,186.244015693665,339.891929626465,450.685729980469,48.2185277938843,190.009751319885,350.077962875366,411.327201843262,45.7118377685547
"343",414,"SEO_census",NA,"Spain",2018,NA,NA,1,"w",NA,5916569,-3.58983,39.69671,145.314998626709,332.064010620117,402.8,41.6324501037598,131.36875,389.8578125,518.092578125,48.766796875,89.8,262.8,542.4,53.8,133.6,343,494.2,39,175.302612304688,340,356.844946289062,44.0026298522949,179.812244415283,345.113990783691,344.514337158203,42,185.23503112793,341.236907958984,360.835961914063,42,190.035549163818,356.342338562012,343.138549804688,43.9726196289063
"344",415,"SEO_census",NA,"Spain",2018,NA,NA,1,"w",NA,5911392,-3.49684,39.72126,145.94583272934,334.320001602173,395.5,41.9104290008545,132.28955078125,389.324462890625,513.738525390625,49.091796875,91.25,261.25,536,53.75,134.5,342.5,489.25,39,178.749680519104,340,342.440925598145,44,180,350,331.404602050781,42,188.597173690796,348.524618148804,347.53246307373,42.5198221206665,190.307126045227,360,330.754829406738,44
"345",417,"SEO_census",NA,"Spain",2018,NA,NA,1,"w",NA,5932108,-3.63333,39.54426,144.900834560394,336.400012969971,410.75,41.3886070251465,130.967041015625,393.59765625,524.497802734375,48.958740234375,90,265.5,551,55,132.75,347.5,501.5,39.75,170.877423286438,340,349.175643920898,44.9873352050781,179.967122077942,340.629768371582,337.652015686035,42.3158473968506,180.670709609985,340.017576217651,353.735359191895,42.7678031921387,190,352.91802406311,336.110610961914,44
"346",418,"SEO_census",NA,"Spain",2018,NA,NA,1,"w",NA,5932109,-3.61839,39.55055,144.893001556396,336.720008850098,409.6,41.4480865478516,130.9794921875,393.4857421875,524.3302734375,48.939453125,90,265.2,550.6,55,132.8,347.2,501.2,39.6,171.132652282715,340,348.45869140625,44.9702568054199,179.973697662354,341.968681335449,337.035125732422,42.2906715393066,180.683696746826,340.27889251709,353.107196044922,42.7936447143555,190,354.334419250488,335.617944335938,44
"347",422,"SEO_census",NA,"Spain",2018,NA,NA,1,"w",NA,5937295,-3.35331,39.52506,147.16374874115,337.760009765625,401.5,42.1500387191772,132.474365234375,392.8984375,515.675537109375,48.61767578125,91.75,263.5,537.75,54.5,134.75,345.75,491.25,39,180,340.102052688599,348.247688293457,44.2597122192383,180,350,339.357139587402,42.9582004547119,190,349.97802734375,356.367721557617,43.8629703521729,195.169582366943,360,338.747283935547,44.5946025848389
"348",424,"SEO_census",NA,"Spain",2018,NA,NA,1,"w",NA,5880315,-3.36758,39.96628,140.375665664673,329.519981384277,425.8,41.6574615478516,126.3111328125,384.4681640625,528.782421875,47.528515625,84.8,257.4,550.2,52.2,128.8,334.4,508.6,38,170,350,423.147454833984,43.4155876159668,171.389759063721,350,409.880853271484,41.8138572692871,180.193241119385,340.812797546387,433.070068359375,43.181958770752,189.920333862305,360,407.384857177734,42.6357948303223
"349",425,"SEO_census",NA,"Spain",2018,NA,NA,1,"w",NA,5859579,-4.0255,40.14877,149.516664505005,312.231998443604,365,36.8374145507812,135.4021484375,374.4974609375,492.282421875,49.812109375,94,253,501,51,138,328.8,459.6,37.8,171.244716644287,359.970832824707,435.998126220703,49.2094261169434,177.966354370117,360,421.145318603516,49.2293159484863,185.689025878906,341.001861572266,442.588604736328,47.8305419921875,190,360,408.195550537109,45.3920295715332
"350",426,"SEO_census",NA,"Spain",2018,NA,NA,1,"w",NA,5595569,3.07572,42.2609,152.27921295166,251.813453674316,537.8,34.054141998291,154.759707641602,296.582696533203,617.708825683594,42.5962890625,109.2,252.6,561,28.4,155.6,253,626.4,41,180,242.059951782227,593.616821289062,40.6267555236816,180,241.226078033447,601.450244140625,35.3120307922363,190,246.007705688477,640.4453125,41.4586486816406,200,263.324256896973,567.690612792969,36.5490600585938
"351",427,"SEO_census",NA,"Spain",2018,NA,NA,1,"w",NA,5657674,0.75798,41.77051,143.404331207275,303.392002105713,436.2,29.9345672607422,138.50625,357.4626953125,520.8125,33.9623046875,96.6,249,436.2,29.6,139.6,318.6,529,30,178.806243896484,343.758529663086,407.479949951172,32.416136932373,178.806243896484,340.080726623535,422.698767089844,32.7370132446289,188.559104919434,339.931777954102,411.326123046875,34.2410041809082,194.5426902771,349.931777954102,395.683502197266,35.0489639282227
"352",429,"SEO_census",NA,"Spain",2018,NA,NA,1,"w",NA,5994222,-5.57142,39.07511,158.275333404541,291.807998657227,535,57.9328567504883,155.3228515625,377.1322265625,579.34453125,59.390625,114.8,273,643.4,68,157.6,341.4,556.6,51.8,188.905624389648,327.143379211426,521.128845214844,57.971760559082,195.388973236084,333.582992553711,508.579766845703,57.949040222168,204.114910125732,319.316429138184,543.329357910156,55.7497276306152,208.455627441406,329.755867004395,479.255438232422,50.8420478820801
"353",430,"SEO_census",NA,"Spain",2018,NA,NA,1,"w",NA,6061526,-7.07054,38.51564,158.069332122803,283.928009033203,570.4,56.9947021484375,157.0994140625,326.448046875,670.41953125,61.50625,115.8,243.2,868.6,71.2,156.6,307.8,662,55,188.497844696045,303.38883972168,584.308227539062,60.4281433105469,189.882793426514,310,572.760290527344,60.942805480957,199.054634094238,298.048030853271,615.149682617188,60.9056221008301,201.668453216553,310,529.186987304687,54
"354",433,"SEO_census",NA,"Spain",2018,NA,NA,1,"w",NA,6051172,-6.82251,38.61334,160.0406665802,302.415996551514,572.4,57.2554801940918,154.787109375,338.966796875,665.0171875,60.8443359375,113.8,251.6,837.8,70.4,154.8,317,654.2,54,188.627784729004,310.068489074707,506.081140136719,58,189.62215423584,318.384056091309,498.00634765625,59,198.800827026367,300,532.848034667969,58.9255432128906,201.029613494873,319.602348327637,459.674011230469,52.0223831176758
"355",434,"SEO_census",NA,"Spain",2018,NA,NA,1,"w",NA,6040822,-6.40783,38.68406,164.603000640869,321.408000946045,573.2,60.1625885009766,155.04296875,354.15,653.86796875,60.271484375,113.6,260.6,787.8,70.8,155.6,327.8,639.6,54,190,318.070037841797,448.789294433594,56,190.48775100708,320,442.495361328125,58,200,300,470.780004882812,57,201.498046875,320,407.107263183594,50
"356",435,"SEO_census",NA,"Spain",2018,NA,NA,1,"w",NA,6077100,-5.63994,38.41338,151.652777989705,319.766664505005,629.666666666667,60.4844214121501,147.258138020833,378.241861979167,722.919108072917,59.77197265625,105.666666666667,277.666666666667,866.833333333333,73.5,148.666666666667,346.5,725.5,56.5,180,316.233514149984,437.70366414388,56.526325861613,186.154788335164,320,421.902506510417,56.3271458943685,191.330839792887,312.232875823975,456.616719563802,55.5940558115641,199.745759963989,329.259103139242,399.886418660482,50.0485038757324
"357",436,"SEO_census",NA,"Spain",2018,NA,NA,1,"w",NA,6014908,-6.96969,38.87833,164.468334197998,287.928001403809,535,53.9086143493652,161.95234375,339.133203125,630.8671875,60.491796875,121,254,797.6,67.6,161.8,317.2,614,53,190.085319519043,310.140155792236,493.245770263672,60.2498001098633,199.09387588501,316.547733306885,487.684210205078,61.9954788208008,200.401992797852,300,512.198736572266,59.1417671203613,210,319.147037506104,442.812994384766,52.167431640625
"358",437,"SEO_census",NA,"Spain",2018,NA,NA,1,"w",NA,6087446,-6.21012,38.29885,152.024998664856,318.530011177063,659.25,60.6787853240967,145.04248046875,358.453857421875,746.17138671875,60.6318359375,103.5,264.5,926.25,74.25,145.25,333.25,751.75,56,179.484691619873,310,484.589027404785,56.3246173858643,180.013175010681,310.130362510681,473.072784423828,57.8418378829956,189.484691619873,300,507.655876159668,57.3799886703491,190.172028541565,311.037192344666,441.076599121094,50.6018419265747
"359",438,"SEO_census",NA,"Spain",2018,NA,NA,1,"w",NA,6035670,-5.21699,38.72198,152.925001144409,315.752010345459,568,56.1845397949219,147.24453125,386.9884765625,660.4419921875,58.5228515625,106.2,281.6,757.6,70.8,149.2,351.4,654.2,54.2,182.062725067139,319.862110137939,492.197808837891,55.7244331359863,186.607013702393,327.164337158203,475.475030517578,54.9669944763184,194.427722930908,319.899864196777,515.206732177734,53.5320022583008,200.122241973877,332.893623352051,455.101788330078,49.0866622924805
"360",439,"SEO_census",NA,"Spain",2018,NA,NA,1,"w",NA,6014948,-5.29642,38.88821,157.04541683197,313.830008506775,536.25,55.9132537841797,151.134033203125,384.612548828125,617.522216796875,58.2724609375,110.25,279.25,696,69,153.25,348.25,603.25,53,189.88037109375,320.015306472778,472.765678405762,56.3156051635742,191.398649215698,330,458.697021484375,56.0854234695435,201.020693778992,320,494.955551147461,54.1136798858643,206.203351020813,331.549234390259,437.283660888672,49.8380889892578
"361",440,"SEO_census",NA,"Spain",2018,NA,NA,1,"w",NA,6014950,-5.2209,38.91423,158.317667007446,299.319999694824,510,55.1300018310547,153.1978515625,384.993359375,598.8298828125,58.606640625,112.4,278.8,666.6,69,155.8,348.4,580.8,53,190.010158538818,323.733787536621,470.681561279297,57.1715629577637,195.567615509033,330.374900817871,456.856207275391,56.7822441101074,204.579723358154,320,492.929895019531,54.8825981140137,209.718368530273,338.179084777832,435.992614746094,50.4780418395996
"362",441,"SEO_census",NA,"Spain",2018,NA,NA,1,"w",NA,6004583,-5.5075,38.96885,161.290668487549,305.535999298096,538.2,57.8581428527832,155.26875,379.887890625,595.4892578125,59.4595703125,114.6,276.2,665,68.8,157.6,343.8,572.6,53,190.198173522949,320.29647064209,460.175244140625,55.9412826538086,195.257537841797,330,447.739227294922,55.7670928955078,204.190101623535,320,480.294763183594,53.9083358764648,210,330,423.754113769531,49.1430442810059
"363",442,"SEO_census",NA,"Spain",2018,NA,NA,1,"w",NA,6030482,-5.57565,38.77496,160.564334869385,321.191993713379,566.8,59.1023323059082,154.1091796875,379.9388671875,630.185546875,59.63203125,113.2,277,719.2,70.4,156,345.2,614.2,54,189.837379455566,320,413.562115478516,54,191.86181640625,323.351829528809,400.601733398437,53.2120719909668,200.922592163086,319.869537353516,430.69599609375,52,207.509059906006,330,379.717248535156,47.0878730773926
"364",443,"SEO_census",NA,"Spain",2018,NA,NA,1,"w",NA,6030485,-5.45336,38.77069,158.797334671021,322.84001159668,564.2,58.1999931335449,151.715625,382.7548828125,639.9931640625,59.1923828125,110.6,279.4,729,70.4,153.6,347.2,626.4,54.2,188.751579284668,320,422.591802978516,54.7299781799316,190.057010650635,325.379722595215,408.98955078125,54.1017822265625,200.019004821777,320,441.179736328125,52.7136367797852,203.638935089111,330,389.230609130859,47.9955894470215
"365",444,"SEO_census",NA,"Spain",2018,NA,NA,1,"w",NA,6020125,-5.4279,38.84778,159.108337402344,321.863998413086,555.8,57.462329864502,152.3716796875,382.5822265625,626.0189453125,59.090625,111.4,278.8,708.8,70,154.2,346.8,609.8,53.4,189.941543579102,320,445.010211181641,55.2438369750977,190.263023376465,329.160186767578,431.353448486328,54.7962265014648,200.056247711182,320,464.877355957031,53.1803192138672,206.526626586914,330,410.189813232422,48.409765625
"366",446,"SEO_census",NA,"Spain",2018,NA,NA,1,"w",NA,6014946,-5.38837,38.91439,159.668887456258,312.100006739299,534.5,56.5645955403646,153.931803385417,382.020670572917,604.31640625,59.1085611979167,113,277.666666666667,675.833333333333,69,156,346.166666666667,585.166666666667,52.6666666666667,190,320,468.673243204753,56.1820309956869,193.602304458618,330,455.300470987956,55.9121774037679,202.518224716187,320,490.101938883464,53.974458694458,210,330.475165049235,432.788594563802,49.5276686350505
"367",447,"SEO_census",NA,"Spain",2018,NA,NA,1,"w",NA,6004586,-5.4025,38.97618,158.610664367676,305.600002288818,528.6,56.0648735046387,153.2640625,381.8025390625,595.4748046875,58.89453125,112.6,276.6,663.6,68.4,155.6,345.6,575,52,190.012245178223,321.041816711426,499.545648193359,56.7947242736816,193.311447143555,330,486.099749755859,56.542903137207,202.611320495605,320,522.538250732422,54.501522064209,210,330.056259155273,461.6732421875,49.9809013366699
"368",448,"SEO_census",NA,"Spain",2018,NA,NA,1,"w",NA,6009767,-5.35435,38.94809,158.451663970947,308.759994506836,532.2,55.484203338623,152.69765625,382.6140625,600.5794921875,58.7103515625,111.8,277.2,670,68.4,154.8,346.4,582,52.2,190,320,498.582092285156,56.7959167480469,192.505977630615,330,484.736419677734,56.4061088562012,201.62393951416,320,521.626373291016,54.353881072998,209.930854797363,330.839302062988,460.988464355469,49.9712242126465
"369",449,"SEO_census",NA,"Spain",2018,NA,NA,1,"w",NA,6102976,-6.63756,38.16887,148.736999511719,299.008003234863,656.2,60.7472236633301,144.27578125,337.2455078125,755.9166015625,60.921875,102.8,254.2,972.6,74.6,143.6,315.6,765.6,56.8,177.585483551025,300.010429382324,693.919409179687,60.5340843200684,179.745086669922,309.744163513184,676.307849121094,61.2362976074219,185.625339508057,290,725.805859375,61.8563827514648,189.685974121094,305.922756195068,630.251599121094,55.6005661010742
"370",450,"SEO_census",NA,"Spain",2018,NA,NA,1,"w",NA,6102986,-6.23953,38.20275,154.575332641602,320.640003204346,645.2,60.8510406494141,147.3974609375,355.980078125,742.7005859375,61.075390625,106.2,264,922.4,74.6,148,331.6,745.4,57,180.547908782959,310,495.964776611328,57.9551086425781,183.518985748291,311.887619018555,483.674029541016,59.3084129333496,190.042186737061,299.060699462891,519.421771240234,58.9820335388184,193.865627288818,311.093605041504,451.094165039062,52.4667198181152
"371",452,"SEO_census",NA,"Spain",2018,NA,NA,1,"w",NA,5983874,-5.0472,39.16472,151.497917175293,307.260003089905,482,50.0639352798462,146.259033203125,386.588623046875,572.661376953125,56.58935546875,105.5,277,620.75,65.25,148.5,347.75,548.5,49.5,186.57075881958,333.888702392578,606.589263916016,60.1259355545044,188.680644035339,339.837083816528,589.077377319336,59.851993560791,198.293919563293,321.163654327393,633.055740356445,58.2662143707275,205.353484153748,339.181795120239,561.292602539062,53.9807720184326
"372",453,"SEO_census",NA,"Spain",2018,NA,NA,1,"w",NA,6087433,-6.77151,38.3221,155.417082309723,291.429996490479,600.75,59.8640565872192,152.455322265625,335.088623046875,694,61.641357421875,111.25,250.25,887.25,72.25,151.75,313.25,693.5,56,185.266180038452,309.715008735657,609.445465087891,58.5492658615112,188.364324569702,310.548253059387,595.400619506836,59.1057376861572,195.660548210144,299.582204818726,640.549102783203,60.0245571136475,199.383678436279,310.730237960815,554.613006591797,53.7535152435303
"373",454,"SEO_census",NA,"Spain",2018,NA,NA,1,"w",NA,6009759,-5.67211,38.92091,161.996665000916,313.150000572205,564.5,59.2723875045776,155.471923828125,377.0595703125,607.43408203125,59.487060546875,114.5,274,686.5,69.25,157.5,342,587.5,53,190,320.086431503296,429.674324035645,54.3892498016357,191.77360534668,330,417.841377258301,54.323281288147,200.689120292664,320,446.915313720703,52.8733615875244,210,330,393.715446472168,47.8216514587402
"374",455,"SEO_census",NA,"Spain",2018,NA,NA,1,"w",NA,6056356,-6.65304,38.5477,154.486001968384,301.535999298096,618.8,58.9756004333496,148.2529296875,344.1697265625,706.782421875,60.2361328125,106.8,255.4,890.2,71.4,148,320,705.2,54,181.188468933105,310.385307312012,522.961828613281,57.5997108459473,184.346019744873,316.738338470459,514.369488525391,58.8577857971191,191.41724395752,300,550.990466308594,58.8626808166504,195.224140167236,318.844940185547,475.693438720703,51.9909233093262
"375",456,"SEO_census",NA,"Spain",2018,NA,NA,1,"w",NA,6071910,-6.05647,38.44732,159.502336502075,320.608005523682,610.4,60.7471984863281,152.4583984375,366.044140625,690.6640625,60.352734375,110.8,269,828.2,72.6,153.4,337.2,682.4,56,187.041564941406,311.825157165527,375.241235351563,54.4489395141602,189.648712158203,320,365.865808105469,55.8319061279297,198.394302368164,305.744071960449,392.391687011719,55.1425331115723,201.975151062012,320,341.741589355469,48.2356704711914
"376",457,"SEO_census",NA,"Spain",2018,NA,NA,1,"w",NA,6097811,-6.01559,38.23642,149.825000762939,315.648006439209,666.4,61.0379524230957,144.3185546875,365.2697265625,758.969921875,60.5533203125,102.4,269.4,938,74.6,144.6,338,768.2,57,178.952629089355,310,531.224346923828,58.7144485473633,179.562511444092,317.254859924316,516.462225341797,59.7895156860352,189.175148010254,300.567722320557,556.417358398438,59.0437568664551,192.499446868896,319.767192840576,483.446490478516,52.7550582885742
"377",459,"SEO_census",NA,"Spain",2018,NA,NA,1,"w",NA,6004572,-5.95871,38.96403,162.726249694824,286.00998878479,542.5,60.8801183700562,160.4453125,368.557373046875,588.826416015625,60.587890625,119.25,268.5,669,69.25,162,335.25,564.75,53,196.662468910217,330,460.139595031738,57.6181020736694,199.985842704773,337.561283111572,450.384780883789,58.0444173812866,209.840025901794,320,477.165237426758,56.5300416946411,210,338.993864059448,417.331085205078,50.7313804626465
"378",460,"SEO_census",NA,"Spain",2018,NA,NA,1,"w",NA,6082262,-6.41129,38.34828,155.267915725708,314.109992980957,627.25,60.3645067214966,149.239501953125,350.65966796875,715.28173828125,60.60302734375,107.5,259.5,890.25,73.25,149.25,326.5,714.75,55.75,181.125946044922,310,479.092811584473,56.8731527328491,183.745083808899,310,468.611671447754,58.0710573196411,191.109504699707,299.929203987122,502.328247070312,57.9380292892456,195.144333839417,310,435.891754150391,51.465202331543
"379",461,"SEO_census",NA,"Spain",2018,NA,NA,1,"w",NA,5999404,-5.46087,39.01453,159.1916680336,298.08000087738,529.25,57.1388034820557,153.854736328125,380.422119140625,591.8779296875,59.22021484375,113.5,276.5,660,68.25,156.5,344.25,569.5,52.25,189.650220870972,320.539741516113,510.030624389648,56.7493124008179,194.619917869568,329.95231628418,496.52954864502,56.5708265304565,203.368616104126,319.824233055115,532.82787322998,54.5555076599121,209.446115493774,329.954919815063,470.594467163086,49.9497842788696
"380",462,"SEO_census",NA,"Spain",2018,NA,NA,1,"w",NA,6030468,-6.12587,38.78878,162.376246452332,306.209998130798,575.75,60.5299701690674,155.687255859375,364.225341796875,635.36474609375,60.156982421875,114.5,267,742.5,70,157,334,618,53,189.437217712402,319.899101257324,474.672920227051,55.5599679946899,194.432029724121,321.959238052368,466.217948913574,56.7705297470093,199.623417854309,309.568872451782,495.227317810059,56.0031299591064,206.78186416626,325.489206314087,430.655235290527,49.3178300857544
"381",463,"SEO_census",NA,"Spain",2018,NA,NA,1,"w",NA,6040828,-6.1337,38.69113,162.873664855957,314.464008331299,576,60.7722938537598,155.7337890625,364.1642578125,644.4857421875,60.315625,115,265.6,756.8,70.8,157,334,626.6,54,190.111274719238,319.788925170898,422.663635253906,54.3102256774902,193.786521911621,320,414.466918945312,55.6012237548828,200.200347900391,309.563926696777,441.180981445313,54.9826667785645,206.984302520752,320.106781005859,383.937579345703,48.1165992736816
"382",464,"SEO_census",NA,"Spain",2018,NA,NA,1,"w",NA,6051187,-6.18007,38.61465,164.171325683594,320.063987731934,578.6,60.6432464599609,156.190625,362.5759765625,649.878125,60.8498046875,115,265.6,770.6,71.2,157,333.8,635,54.6,190.082424163818,316.252647399902,398.895349121094,54.2000961303711,194.232524871826,320,391.189532470703,55.5710594177246,200.482433319092,304.734298706055,417.091882324219,54.9716453552246,206.283317565918,320,362.640899658203,48.0078628540039
"383",465,"SEO_census",NA,"Spain",2018,NA,NA,1,"w",NA,6056366,-6.24147,38.5526,162.412670135498,323.86400604248,603.6,60.1092987060547,152.717578125,359.8060546875,677.4904296875,60.2921875,111.4,264.8,815.6,71.8,153.4,333,668.2,54.8,187.526351928711,310.208755493164,414.60849609375,54.6225433349609,190.303943634033,320,406.788647460938,56.116544342041,197.973999023438,300.089466094971,434.363128662109,55.6073486328125,200.651626586914,320,377.125994873047,48.4853164672852
"384",466,"SEO_census",NA,"Spain",2018,NA,NA,1,"w",NA,6004594,-5.04994,38.97583,149.224666595459,313.208000183105,534.4,52.2334831237793,142.5953125,389.1193359375,622.7046875,56.5107421875,101.6,280.6,696.4,67.8,144.2,350.8,611.4,50.6,181.74125289917,325.087852478027,597.968469238281,58,184.104263305664,330.682106018066,579.365673828125,57.8658248901367,193.301540374756,318.934520721436,626.224011230469,56.2479293823242,198.768173217773,334.639015197754,554.591180419922,52.0138290405273
"385",468,"SEO_census",NA,"Spain",2018,NA,NA,1,"w",NA,5994229,-5.27333,39.06174,157.896333694458,311.304008483887,505,53.3038970947266,152.1947265625,383.0328125,579.6279296875,58.2193359375,111.4,277.4,639.6,67.2,154.6,346.4,557.4,51.4,190.8268699646,327.113311767578,535.836633300781,58.1512046813965,193.410327911377,333.615730285645,521.986749267578,57.9482345581055,202.528049468994,320,561.069177246094,55.8145515441895,210,333.351768493652,496.771301269531,51.443212890625
"386",469,"SEO_census",NA,"Spain",2018,NA,NA,1,"w",NA,6077089,-6.09659,38.4139,158.200666427612,321.328010559082,615.8,61.2356918334961,151.26875,364.0037109375,701.6591796875,60.344140625,109.8,268.4,846,72.8,152.2,336.2,695.6,56,184.344772338867,310.577850341797,388.556042480469,54.9051528930664,189.040809631348,319.90209197998,379.225671386719,56.4611381530762,196.499622344971,301.825054168701,406.798767089844,55.634538269043,199.85521697998,319.990623474121,353.837506103516,48.6768669128418
"387",470,"SEO_census",NA,"Spain",2018,NA,NA,1,"w",NA,6097816,-5.82208,38.21354,153.076999664307,321.952011108398,647.8,61.1213233947754,147.19375,371.214453125,753.651171875,60.7361328125,105.4,274.4,921,75.2,147.8,342.6,761.4,57.4,180.934745788574,311.185649871826,527.318267822266,62.2784080505371,184.823791503906,320,510.115399169922,62.6051406860352,192.427947998047,310,551.662609863281,61.5371574401855,200.040100097656,320.954147338867,479.404650878906,55.7434349060059
"388",471,"SEO_census",NA,"Spain",2018,NA,NA,1,"w",NA,6082271,-6.03271,38.34185,154.372999191284,322.031993865967,643,60.797713470459,147.81796875,365.55234375,728.475390625,60.314453125,106.2,269.2,890.2,74,148.4,337.4,731.2,56,180.144924163818,310,426.469024658203,56.4458808898926,183.457813262939,319.971874237061,415.427166748047,57.9611610412598,190.830211639404,303.65124130249,446.654852294922,56.9566970825195,199.017082214355,320,388.354089355469,50.3733528137207
"389",472,"SEO_census",NA,"Spain",2018,NA,NA,1,"w",NA,5911310,-6.88748,39.7205,163.486003875732,277.663993835449,615.8,54.8195037841797,155.8228515625,329.106640625,732.0587890625,58.187890625,117.4,237.4,974.6,69,157.6,305.2,726.8,53,187.162380218506,320,563.156384277344,61.2914535522461,189.684505462646,321.378883361816,553.611877441406,61.9473693847656,197.369541168213,300.69921875,566.176440429688,59.382453918457,200.577472686768,320,501.311022949219,53
"390",473,"SEO_census",NA,"Spain",2018,NA,NA,1,"w",NA,5973498,-5.74086,39.24443,160.387668609619,308.976009368896,546.2,56.2956604003906,153.6529296875,371.8099609375,572.0146484375,58.9466796875,113.4,268.8,636.2,66.8,156.4,336.2,545.4,51,189.613628387451,330,539.578686523437,62.3144371032715,190,339.970176696777,528.231689453125,62.5476783752441,199.970176696777,320,557.957080078125,59.4534591674805,206.526184082031,331.105453491211,492.125036621094,54.3621337890625
"391",475,"SEO_census",NA,"Spain",2018,NA,NA,1,"w",NA,5978679,-5.68376,39.18686,160.453332901001,302.464000701904,542.2,57.2027061462402,154.8947265625,373.6203125,570.4791015625,59.3353515625,114.2,270.2,636,67,157.2,338.2,547.2,51.2,190,330,544.671545410156,61.0232460021973,192.413021087646,339.990501403809,532.624536132813,61.1806007385254,201.102481842041,320,564.961694335938,58.2985534667969,208.609462738037,331.874580383301,497.932678222656,53.3213905334473
"392",476,"SEO_census",NA,"Spain",2018,NA,NA,1,"w",NA,5942399,-6.53731,39.4662,161.018328666687,299.669995307922,549,54.6046628952026,153.918701171875,345.365966796875,653.320068359375,58.30419921875,114,250,806.75,68.25,155.25,313.5,638.25,52,190,320,521.252182006836,61.9129428863525,190.035967826843,320.035972595215,514.093605041504,63.3040323257446,200,300,523.998809814453,59.9780120849609,200.187335014343,320,461.409233093262,53.3294534683228
"393",477,"SEO_census",NA,"Spain",2018,NA,NA,1,"w",NA,5926851,-6.85856,39.61939,161.241388320923,289.03333346049,617.833333333333,54.1096630096436,153.272623697917,330.728841145833,739.081705729167,57.95751953125,114.166666666667,240.5,978.333333333333,69.3333333333333,154.833333333333,306,735.666666666667,53,181.295092900594,320,576.993459065755,61.955238978068,188.949743906657,320,567.227366129557,62.0071938832601,191.351947784424,300,579.600718180339,59.8511021931966,199.86262957255,317.690760294596,512.563919067383,53
"394",478,"SEO_census",NA,"Spain",2018,NA,NA,1,"w",NA,5957940,-6.46513,39.34236,161.14066696167,302.336002349854,540.2,55.6594566345215,154.244140625,349.2044921875,637.923828125,58.602734375,114,254.2,775.2,68.2,155.6,318.2,621,52,189.428302764893,320,519.690338134766,62.0839126586914,189.682453155518,323.769569396973,513.377142333984,64,199.431949615479,300,526.417822265625,60.9357986450195,199.799110412598,319.933082580566,460.723095703125,54
"395",479,"SEO_census",NA,"Spain",2018,NA,NA,1,"w",NA,5963122,-6.40988,39.31248,160.673332214355,305.24800491333,538.6,56.2396537780762,153.8484375,351.8609375,629.730859375,58.5015625,113.4,256,755.2,68,155.4,320.2,610.6,51.6,188.363471984863,320,508.332067871094,62.6729415893555,189.816665649414,328.901962280273,502.1423828125,64,198.602668762207,300,515.711865234375,60.8402824401855,199.871742248535,320,451.054870605469,54
"396",481,"SEO_census",NA,"Spain",2018,NA,NA,1,"w",NA,5968303,-6.37441,39.28863,160.320000648499,305.380005836487,540.75,56.3927278518677,153.694091796875,352.802978515625,628.318603515625,58.477783203125,113.5,257,751.75,68,155.25,321,608.75,51.75,187.81014919281,320,506.040214538574,62.6786060333252,189.820151329041,329.452152252197,499.903648376465,64,198.188405036926,300,514.141555786133,60.9581356048584,199.856119155884,320,449.307777404785,54
"397",482,"SEO_census",NA,"Spain",2018,NA,NA,1,"w",NA,5952763,-6.36409,39.39576,159.224668502808,301.471996307373,543.2,56.2916679382324,151.4119140625,351.7716796875,633.3974609375,58.4921875,111.4,255.4,758.8,68,153.2,319.6,613.6,51.6,183.92582321167,320,545.171008300781,62.7654090881348,187.083751678467,324.671272277832,537.925372314453,64,194.337139129639,300,549.705529785156,60.0201820373535,198.158622741699,320,483.318890380859,54
"398",483,"SEO_census",NA,"Spain",2018,NA,NA,1,"w",NA,5942403,-6.37042,39.47539,158.819165229797,297.660002708435,547.75,56.0994329452515,150.585693359375,350.12158203125,639.518798828125,58.292236328125,110.75,252.75,773,68.5,152,318,622.75,51.75,182.094826698303,320,575.589447021484,62.1992492675781,186.071491241455,321.571712493896,567.797210693359,64,192.130799293518,300,578.252746582031,60,197.932300567627,320,509.955261230469,54
"399",484,"SEO_census",NA,"Spain",2018,NA,NA,1,"w",NA,5942402,-6.38152,39.46894,159.087665557861,298.431999206543,548,55.8460609436035,150.854296875,349.614453125,640.3572265625,58.298828125,111,252.6,775.6,68.4,152.4,317.6,623.4,51.8,181.850467681885,320,574.264978027344,62.1593994140625,186.782302856445,321.257369995117,566.487854003906,64,191.757244110107,300,576.817687988281,60,198.303249359131,320,508.708264160156,54
"400",489,"SEO_census",NA,"Spain",2018,NA,NA,1,"w",NA,5952765,-6.26157,39.40068,158.775333404541,301.976001739502,541.2,56.017407989502,151.065625,354.681640625,620.453125,58.5005859375,110.8,257.4,732.2,68,153.2,321.6,599,51,181.120590209961,320,565.457885742188,62.7572425842285,188.586334228516,328.117576599121,557.381176757812,64,192.223335266113,300.05924987793,569.8767578125,59.9821067810059,199.067710876465,320,502.368469238281,54
"401",490,"SEO_census",NA,"Spain",2018,NA,NA,1,"w",NA,5937225,-6.25201,39.52237,161.915416717529,302.090010643005,524.25,54.4844837188721,153.09716796875,353.241943359375,602.652099609375,58.4970703125,113.25,254.75,711.25,67.5,155.25,320,577.25,51,186.160712242126,322.157144546509,565.441162109375,61.5475959777832,190.362143516541,329.763021469116,556.637649536133,62.8578004837036,196.653380393982,303.315715789795,565.937164306641,58.7204465866089,200.73145866394,320.022468566895,503.013221740723,53.0892686843872
"402",491,"SEO_census",NA,"Spain",2018,NA,NA,1,"w",NA,5973497,-5.78954,39.21691,160.964167118073,304.339995384216,550.25,57.6098775863647,155.26708984375,370.627685546875,573.917236328125,59.51171875,114.75,268.75,642.25,67.75,157.75,335.75,547.5,51,189.1259765625,330,522.998260498047,61.6755104064941,190.950179100037,340,511.954406738281,62.0294351577759,200,320,540.434265136719,58.9379138946533,207.391257286072,333.23486328125,475.75129699707,53.8385629653931
"403",492,"SEO_census",NA,"Spain",2018,NA,NA,1,"w",NA,5978677,-5.7526,39.20485,161.055417060852,305.14000415802,544.5,57.1431274414062,155.345703125,371.9462890625,570.2802734375,59.456787109375,115,269,635,67.25,158,336.25,544,51,190,330,524.484512329102,61.6180601119995,190.710926055908,340,513.246360778809,61.8901300430298,200,320,542.769989013672,58.8261499404907,208.860478401184,333.389616012573,478.075729370117,53.7932872772217
"404",493,"SEO_census",NA,"Spain",2018,NA,NA,1,"w",NA,5932041,-6.41953,39.56116,161.658744812012,300.650005340576,539.75,54.7116527557373,152.901123046875,347.861572265625,633.03466796875,58.27783203125,112.75,251,770.75,68,154.5,315.5,614,51.5,185.240015983582,320.112333297729,587.453506469727,62,190.089864730835,323.686962127686,579.205749511719,63.67467212677,195.085234642029,300,587.729064941406,59.8858489990234,200.089864730835,320,520.266403198242,53.7106580734253
"405",494,"SEO_census",NA,"Spain",2018,NA,NA,1,"w",NA,5911318,-6.55159,39.71214,162.518001556396,283.648002624512,569,54.0092903137207,154.1283203125,341.1888671875,657.1703125,57.8466796875,114.6,245.8,822,67.8,156.2,310.2,639,51,186.689769744873,321.445610046387,584.335913085937,61.0288925170898,190.816944122314,325.717781066895,575.070007324219,62,196.608131408691,301.586132049561,582.447229003906,59.0412742614746,201.166038513184,320,517.657067871094,53
"406",495,"SEO_census",NA,"Spain",2018,NA,NA,1,"w",NA,5952774,-5.88971,39.39791,153.688333511353,309.631996154785,570.8,54.3407752990723,146.6650390625,366.1236328125,600.6859375,57.6609375,106.2,264.2,682.8,66.6,149,330,577,50,179.958724975586,329.555297851562,599.232885742187,62.7904502868652,182.551696777344,330,587.631066894531,63.6734161376953,190.784496307373,310.612495422363,611.134692382813,59.4949775695801,197.490653991699,329.970176696777,542.125341796875,54.4188743591309
"407",496,"SEO_census",NA,"Spain",2018,NA,NA,1,"w",NA,5859540,-5.66261,40.12847,131.419584751129,271.479997634888,605,46.5480937957764,125.48291015625,358.089111328125,581.8603515625,52.2978515625,86.25,253.75,630.25,57.5,128.75,321,547.5,42.25,158.370504379272,328.570022583008,994.697570800781,63.3477230072021,162.202515602112,331.679410934448,970.166488647461,63.6261568069458,172.304394245148,311.635313034058,996.963836669922,59.7772598266602,177.717514038086,327.862844467163,921.842636108398,56.3659687042236
"408",497,"SEO_census",NA,"Spain",2018,NA,NA,1,"w",NA,5978680,-5.65372,39.17363,160.425333023071,297.088001251221,530,57.4214767456055,155.7244140625,374.419921875,567.0462890625,59.5208984375,115.2,271,630,67.2,158.2,339,542,51.4,190,330,543.906713867187,60.5257972717285,195.162487030029,339.988677978516,531.770971679687,60.6734153747559,202.600681304932,320,565.068542480469,57.9133880615234,209.715770721436,331.763671875,498.037683105469,52.9390342712402
"409",498,"SEO_census",NA,"Spain",2018,NA,NA,1,"w",NA,5875069,-6.09437,40.02944,151.676668167114,281,595.6,51.7364143371582,144.878125,350.00078125,583.4224609375,56.1078125,104.4,250.6,679,63.6,146.6,314.8,555.8,47.4,178.892227172852,329.484870910645,902.64921875,62.7872596740723,182.961517333984,331.772529602051,883.67294921875,63.1561386108398,190.538856506348,316.069519042969,902.062780761719,60.4886749267578,196.205780029297,331.128631591797,815.531958007812,55.5947471618652
"410",499,"SEO_census",NA,"Spain",2018,NA,NA,1,"w",NA,5968312,-5.97999,39.26956,154.503997802734,302.439994812012,588,58.056477355957,148.069140625,365.4080078125,616.1318359375,58.1728515625,107.4,265,707.2,67.8,150,330.4,595.6,51,180.069103240967,329.816398620605,549.775305175781,62.5691093444824,181.850898742676,333.080474853516,539.760913085938,63.5154586791992,191.226684570312,314.349235534668,563.063208007812,60,194.171463012695,330.749046325684,495.203167724609,54.088011932373
"411",500,"SEO_census",NA,"Spain",2018,NA,NA,1,"w",NA,5947586,-6.24418,39.45616,159.895832538605,302.520003318787,533.25,55.6246137619019,151.8173828125,354.513916015625,612.881103515625,58.488525390625,111.5,256.5,722.5,67.75,153.75,321,590.75,51,183.211712837219,320,561.305694580078,62.232723236084,189.186043739319,328.931493759155,553.062347412109,63.9065828323364,194.715623855591,300.044436454773,564.21467590332,59.7201700210571,199.389986991882,320,498.908996582031,53.9636516571045
"412",501,"SEO_census",NA,"Spain",2018,NA,NA,1,"w",NA,5895799,-5.67477,39.85163,160.210831165314,288.759999275208,448.75,48.7109413146973,153.23828125,362.79345703125,503.9931640625,57.71728515625,113,260.25,544.25,61.5,156,325.5,464.25,46.75,189.988121986389,332.752342224121,739.877624511719,62.5574073791504,190.253419876099,339.976243972778,722.651077270508,63.2592973709106,200,320,747.155456542969,59.4886560440063,209.866056442261,339.431982040405,681.373352050781,55.6149930953979
"413",502,"SEO_census",NA,"Spain",2018,NA,NA,1,"w",NA,5926865,-6.26136,39.59795,163.672332763672,299.079998016357,517,54.2801109313965,154.669140625,352.31171875,595.4029296875,58.518359375,114.8,253.8,702.6,66.8,157,319.2,568.8,50.8,189.481109619141,325.627510070801,568.33916015625,60.9864875793457,191.005981445312,330,559.13056640625,62.3273399353027,199.510929107666,305.993923187256,567.478112792969,58.2864181518555,201.946998596191,320.065376281738,505.780267333984,52.798388671875
"414",503,"SEO_census",NA,"Spain",2018,NA,NA,1,"w",NA,5947594,-5.88477,39.45439,154.220001220703,310.391994476318,560,52.9332382202148,146.678515625,365.46953125,594.3248046875,57.4755859375,106.2,263.6,672.8,66,149,329.2,569,49.8,180.273166656494,325.700134277344,636.63125,62.1535606384277,183.78923034668,330,623.847839355469,62.8538192749023,191.514163970947,310.272510528564,647.324243164063,58.6342643737793,199.541790008545,329.543090820312,576.583984375,54
"415",505,"SEO_census",NA,"Spain",2018,NA,NA,1,"w",NA,5942414,-5.88131,39.45957,153.601667881012,310.029993057251,562,52.8098115921021,146.119140625,365.70654296875,595.29443359375,57.3544921875,105.5,263.75,673.5,65.75,148.5,329.25,570.5,49.75,180.255846977234,324.66326713562,650.349899291992,62.1224222183228,182.824778556824,330,637.134338378906,62.7492427825928,191.199994087219,310.340638160706,661.433395385742,58.5428304672241,199.427237510681,329.428863525391,589.424285888672,54
"416",507,"SEO_census",NA,"Spain",2018,NA,NA,1,"w",NA,5952742,-7.24013,39.41306,154.134666442871,265.840000152588,680.6,55.7392097473145,150.587109375,310.5216796875,862.58125,58.7046875,111.4,226.6,1217.6,71.4,151.2,293.4,881.6,54.8,173.939826965332,304.761436462402,604.2599609375,66.4750503540039,178.107074737549,305.833683013916,593.8220703125,66.8466873168945,184.855579376221,289.864845275879,618.013220214844,64.7111404418945,190.254570007324,303.567306518555,542.88232421875,57.2139778137207
"417",508,"SEO_census",NA,"Spain",2018,NA,NA,1,"w",NA,5947564,-7.1524,39.43755,155.645668029785,273.85599899292,666.6,55.0200454711914,150.5232421875,316.2474609375,837.180078125,58.413671875,111.6,231.8,1161.8,71,151.2,297.8,849.2,54,175.967582702637,309.773181915283,612.524694824219,66.2867752075195,179.08606338501,309.9375,602.048181152344,66.6261077880859,187.321746826172,290,624.249194335938,64.2630905151367,189.950634002686,308.495067596436,548.453369140625,56.7879570007324
"418",509,"SEO_census",NA,"Spain",2018,NA,NA,1,"w",NA,5590267,-2.03266,42.3086,134.454999923706,273.832008361816,437,24.7565643310547,125.506640625,330.9810546875,578.7087890625,32.13359375,85.2,234.8,573.6,34.6,127.2,298,558.6,22.4,160.380626678467,299.553791046143,462.226751708984,26.3472675323486,162.769876480103,300,458.328173828125,30.2643280029297,172.217388153076,289.106285095215,449.756427001953,31.0132007598877,178.59313583374,301.996654510498,419.642987060547,33.0939002990723
"419",510,"SEO_census",NA,"Spain",2018,NA,NA,1,"w",NA,5807791,-3.52826,40.54412,137.824443181356,322.826665242513,414.666666666667,42.2220605214437,127.295735677083,366.793619791667,525.489908854167,50.0843098958333,87,247,542.666666666667,53.8333333333333,130.5,321.166666666667,498.5,39.1666666666667,170.779027938843,353.769474029541,401.805745442708,45.3154652913411,175.045601526896,355.60764948527,389.64235941569,45.0110607147217,182.44286219279,340,412.701187133789,46.0864842732747,188.470300038656,354.708150227865,382.117670694987,43.0663382212321
"420",511,"SEO_census",NA,"Spain",2018,NA,NA,1,"w",NA,5797425,-3.7664,40.65766,127.628999710083,307.031997680664,415.6,35.331810760498,115.7912109375,357.83359375,548.1220703125,45.22109375,75.2,239.2,564.4,49,118.6,311.4,523.8,34.8,156.621835708618,341.299575805664,609.592236328125,47.067903137207,160.722064971924,342.124977111816,592.221130371094,47.5168357849121,168.703048706055,328.223030090332,623.232971191406,47.5135360717773,174.426769256592,341.355163574219,577.92080078125,44.3275146484375
"421",512,"SEO_census",NA,"Spain",2018,NA,NA,1,"w",NA,5854421,-3.10579,40.18508,142.334999084473,330.039993286133,420.8,41.0904624938965,127.630078125,377.9740234375,506.219140625,46.601171875,86.8,252.6,509,51,130.8,329.8,479.6,36.6,174.091766357422,350,401.731878662109,42.953475189209,176.163768768311,350.095703125,390.385827636719,42.0964904785156,185.109363555908,340,414.921118164062,43.417115020752,190.896587371826,352.691917419434,386.375024414063,42.0871887207031
"422",514,"SEO_census",NA,"Spain",2018,NA,NA,1,"w",NA,5844048,-3.62838,40.27957,145.983335971832,319.920001029968,398.5,40.3040742874146,134.21728515625,372.501953125,517.253662109375,50.668701171875,92.75,250.25,540.5,54.5,137,325.5,490.75,39.75,178.887844085693,359.984855651855,374.728210449219,44.4877958297729,180.014972686768,360,362.011726379395,43.8418130874634,189.969720840454,344.279527664185,383.002052307129,44.6710138320923,195.65260887146,360,355.002662658691,42.2040357589722
"423",515,"SEO_census",NA,"Spain",2018,NA,NA,1,"w",NA,5838868,-3.6409,40.32106,146.219333648682,318.351997375488,400.2,40.3247619628906,133.722265625,371.0916015625,520.017578125,50.6486328125,92.2,249.4,543.4,54.6,136.4,324.2,493.2,40,176.809268951416,359.983848571777,375.311730957031,45.0237678527832,179.872631072998,360,362.801416015625,44.464818572998,189.537982940674,342.986778259277,383.935467529297,45.4431632995605,193.270778656006,360,355.488153076172,42.7569702148437
"424",516,"SEO_census",NA,"Spain",2018,NA,NA,1,"w",NA,5838859,-4.00877,40.30343,145.893667221069,309.151992797852,371.4,36.8208526611328,131.9041015625,369.0583984375,501.644140625,49.213671875,90.6,248.2,512,51,134.4,322.6,469.4,37,170,359.698699951172,460.674591064453,49.8853897094727,174.509479522705,360,446.268676757812,50.5803268432617,181.836269378662,340,469.283715820313,49.0929748535156,190,360,433.339056396484,46.1269599914551
"425",517,"SEO_census",NA,"Spain",2018,NA,NA,1,"w",NA,5849228,-3.66203,40.2295,146.373666763306,319.935997009277,402.4,40.1903854370117,133.34921875,373.765234375,516.9740234375,50.3857421875,91.8,250.6,541.6,54.2,136,326,491.4,39.2,177.565464019775,359.770317077637,395.155303955078,44.4850540161133,180.122524261475,360,381.418902587891,43.7431381225586,190,341.713569641113,403.135748291016,44.3125755310059,193.068508148193,360,374.277496337891,42.1968795776367
"426",518,"SEO_census",NA,"Spain",2018,NA,NA,1,"w",NA,5833696,-3.32181,40.36648,133.04400062561,324.351997375488,438.4,41.9456321716309,120.22421875,372.085546875,539.534765625,46.9033203125,79.2,249,553,51.6,123.2,325,514,37,162.477951049805,350.949562072754,461.317230224609,44.4147705078125,168.968952178955,351.506080627441,447.504571533203,43.7282905578613,174.563106536865,340,475.115673828125,44.2886756896973,181.326644897461,350.98511505127,440.840496826172,43
"427",519,"SEO_census",NA,"Spain",2018,NA,NA,1,"w",NA,5823319,-4.03543,40.42519,143.804664611816,306.17599105835,363.6,36.0591598510742,131.0166015625,364.842578125,498.3048828125,48.830078125,90,244,503.6,49.8,133.8,317.8,464.8,37,170.726543426514,350.107025146484,527.512664794922,49.9344284057617,177.546100616455,352.099815368652,511.896575927734,50.7572631835938,184.752456665039,338.647277832031,537.834448242187,49.019270324707,190.125778198242,351.143989562988,497.784307861328,46.0048179626465
"428",520,"SEO_census",NA,"Spain",2018,NA,NA,1,"w",NA,5849229,-3.59843,40.21687,147.408668518066,317.976001739502,394.8,40.5304611206055,135.1599609375,374.8677734375,509.58671875,50.8154296875,93.8,251.8,531,54.6,138,327.4,482.6,39.6,178.901077270508,359.79362487793,379.696942138672,44.0973762512207,182.846134185791,360,366.595446777344,43.1836196899414,190,344.56462097168,387.613555908203,44.0242164611816,196.007064819336,360,360.24853515625,42.0474609375
"429",521,"SEO_census",NA,"Spain",2018,NA,NA,1,"w",NA,5854405,-3.78005,40.18796,146.520334243774,314.519992828369,395.4,39.2687034606934,133.1369140625,374.132421875,515.023046875,49.7796875,91.2,251,538.6,53.2,135.4,326,487.2,38.4,174.078227996826,358.762351989746,416.372308349609,45.9607154846191,179.841163635254,359.877983093262,401.57783203125,45.3566184997559,188.488273620605,340.95336151123,423.649102783203,45.414525604248,190.382801055908,360,392.924822998047,43.3248878479004
"430",522,"SEO_census",NA,"Spain",2018,NA,NA,1,"w",NA,5776711,-3.5058,40.81875,128.946332931519,307.680000305176,385.4,35.3999778747559,117.650390625,355.6931640625,526.3681640625,45.41640625,78.2,239.4,530.2,48.4,121,312.8,495.6,34.4,161.622972488403,341.425994873047,520.028491210938,44.9364151000977,165.926881790161,343.119819641113,506.654376220703,45.4006805419922,173.931686401367,328.470146179199,533.306024169922,45.5694282531738,178.384304046631,340.847198486328,495.384228515625,42.5709503173828
"431",523,"SEO_census",NA,"Spain",2018,NA,NA,1,"w",NA,6460485,-2.95242,35.31973,NA,NA,NA,NA,173.818683624268,265.69758605957,422.82438659668,59.7073602676392,140.5,184.5,473.25,83.25,175.5,240.25,381.5,58.25,206.767063140869,197.867956161499,390.854522705078,61.0310182571411,207.686371803284,203.133234977722,375.13712310791,59.8631315231323,218.829889297485,196.312294006348,406.8193359375,65.1353931427002,222.979407310486,213.560647964478,373.169868469238,61.9353494644165
"432",524,"SEO_census",NA,"Spain",2018,NA,NA,1,"w",NA,6134163,-2.16924,37.92669,124.997916221619,353.229999542236,449.25,41.0912799835205,117.548828125,374.34326171875,587.7587890625,42.981201171875,81.5,265.5,550.75,53.75,120.5,328,585.25,36,149.505732059479,301.617169380188,394.663063049316,34.5384187698364,151.558961868286,310,388.082466125488,33.5953283309937,158.749718666077,310,411.423484802246,36.1700553894043,164.302845001221,320,388.428337097168,35.5342493057251
"433",525,"SEO_census",NA,"Spain",2018,NA,NA,1,"w",NA,6123806,-2.05815,38.00329,130.604166984558,350.013338724772,425.666666666667,40.2947603861491,123.480794270833,372.364420572917,553.29833984375,43.7252604166667,86.8333333333333,267.833333333333,504.666666666667,51.8333333333333,125.833333333333,326.166666666667,547.166666666667,36,155.436596870422,300.52814801534,374.828277587891,33.8181978861491,157.385110855103,310,367.837646484375,32.4298801422119,165.375401178996,310,389.134272257487,35.5830904642741,171.075916290283,320,368.534907023112,34.9874076843262
"434",526,"SEO_census",NA,"Spain",2018,NA,NA,1,"w",NA,6046122,-1.41201,38.62916,139.871666431427,332.140007019043,374,36.6296997070312,132.42919921875,367.120849609375,499.84521484375,43.662109375,97.5,270,385,42.5,136,320.25,479.75,37.25,173.631596565247,310,288.230934143066,35.5341844558716,175.547933578491,317.355585098267,282.406867980957,33.0346651077271,185.326256752014,320,290.443748474121,40.9170007705688,191.847248077393,330,279.489730834961,40.1081991195679
"435",527,"SEO_census",NA,"Spain",2018,NA,NA,1,"w",NA,6056482,-1.40222,38.57767,143.508331298828,330.832008361816,363.2,36.6027526855469,135.9783203125,366.036328125,487.1072265625,44.7880859375,101.2,271.8,372.8,42.6,140,319.4,465,38.2,178.210594177246,310,277.295251464844,35.7552757263184,179.742294311523,320,271.702386474609,33.1844108581543,189.496315002441,320,279.674249267578,40.9831886291504,196.620849609375,330,269.063842773438,40.3001266479492
"436",528,"SEO_census",NA,"Spain",2018,NA,NA,1,"w",NA,6066846,-1.21678,38.49247,147.413999557495,320.864002227783,357,36.5089904785156,140.348828125,360.6376953125,483.42265625,45.585546875,106.6,275,358.6,42.4,144.2,314.6,464.8,40.2,181.408874511719,310,286.006042480469,35.6993728637695,184.894729614258,315.508243560791,280.45927734375,33.6043922424316,194.997200012207,319.904979705811,290.054693603516,40.6463768005371,200.126197814941,329.933486938477,278.708142089844,40.7911674499512
"437",529,"SEO_census",NA,"Spain",2018,NA,NA,1,"w",NA,6134170,-1.88596,37.92345,139.782667160034,340.112014770508,387.6,39.9088035583496,132.4544921875,364.2021484375,508.44375,45.6310546875,97.6,266.8,432,50.8,136,318.6,491.2,37.4,165.255603790283,301.281837463379,350.837518310547,36.6809013366699,167.450420379639,310,342.824114990234,35.112963104248,174.961071014404,310,360.296368408203,38.9407249450684,179.766544342041,320,345.706628417969,38.1553237915039
"438",530,"SEO_census",NA,"Spain",2018,NA,NA,1,"w",NA,6144531,-1.86152,37.85851,145.925834178925,334.850015640259,368,40.5906772613525,138.05810546875,359.1708984375,484.258544921875,47.095458984375,103.5,264.25,402.75,51,141.5,315,462.5,38.5,171.598763465881,300.065908432007,307.642135620117,37.4822444915771,173.898048400879,308.599629402161,300.348793029785,35.8623132705688,180.58331489563,307.543988227844,315.193244934082,39.7529392242432,186.244869232178,320,303.807907104492,38.886456489563
"439",531,"SEO_census",NA,"Spain",2018,NA,NA,1,"w",NA,6035767,-1.19904,38.71227,138.388999938965,328.376014709473,379,35.8518608093262,131.650390625,360.69609375,516.394140625,42.2912109375,98.2,262.8,388.4,40.4,135.4,314,502.8,37.2,170.893249511719,310,303.833258056641,33.9664077758789,175.173732757568,314.451217651367,298.997918701172,31.5419654846191,185.173732757568,319.723415374756,307.612274169922,39,189.036224365234,330,295.317517089844,39
"440",532,"SEO_census",NA,"Spain",2018,NA,NA,1,"w",NA,5636897,-1.586,41.94218,139.00933265686,284.824001312256,398.6,26.1828182220459,127.2044921875,343.518359375,511.65625,35.80859375,85.2,236.4,515,37.8,128.4,308,495,27.4,169.58768081665,306.091190338135,362.960699462891,28.4300834655762,170.605308532715,308.329696655273,365.6119140625,32.0052726745605,181.965740203857,305.292644500732,361.862127685547,34.4251487731934,188.847671508789,320,340.009356689453,35
"441",533,"SEO_census",NA,"Spain",2018,NA,NA,1,"w",NA,5569550,-1.9059,42.48078,132.167333602905,276.207996368408,551.2,21.8114448547363,123.419140625,324.1888671875,720.5291015625,30.7751953125,83.2,230.4,739.8,36,125,292.4,705.8,21,159.705221176147,299.703910827637,520.185540771484,24.7618553161621,160,299.846103668213,516.257318115234,28.3322597503662,170.207439422607,290.500896453857,503.720233154297,31.9276569366455,178.006034851074,305.659938812256,467.849969482422,32.8879730224609
"442",534,"SEO_census",NA,"Spain",2018,NA,NA,1,"w",NA,5569544,-2.14911,42.45921,132.124999364217,274.359998703003,476.5,22.8735396067301,124.01318359375,321.5966796875,614.356770833333,30.5218098958333,84.3333333333333,230.166666666667,601.166666666667,32.8333333333333,125.666666666667,289.166666666667,595.666666666667,20.5,157.88537979126,290.083538691203,550.512166341146,25.2019068400065,159.110027949015,290.365762710571,543.864349365234,28.8165531158447,167.943003972371,279.201539357503,538.368052164714,31.517102877299,172.406609853109,290.739917755127,505.704508463542,33.1494782765706
"443",535,"SEO_census",NA,"Spain",2018,NA,NA,1,"w",NA,5569552,-1.79273,42.47511,134.575834274292,273.949999809265,549.5,22.6413197517395,125.299072265625,326.555908203125,728.40869140625,31.6748046875,84.5,230.5,759,37.5,126.5,295,715,21.75,160.836572647095,300,502.640892028809,25,162.310047149658,300.007486343384,499.862899780273,29.0067367553711,174.639320373535,299.715900421143,486.128173828125,32.8506460189819,180.382323265076,313.93141746521,449.250152587891,33
"444",537,"SEO_census",NA,"Spain",2018,NA,NA,1,"w",NA,5579915,-1.69589,42.39985,134.445999145508,276.072002410889,540.8,22.6935813903809,124.1484375,330.4162109375,717.5966796875,32.14375,83,233,756.4,38,125,298,707.2,22,161.727947235107,300.862998962402,496.986352539063,25.3896900177002,163.415954589844,303.826877593994,495.241259765625,29.7679176330566,175.710105895996,300,480.741839599609,33.4548500061035,181.591495513916,320,442.618212890625,33.4116752624512
"445",538,"SEO_census",NA,"Spain",2018,NA,NA,1,"w",NA,5574734,-1.71392,42.43727,133.144666671753,275.152000427246,549,22.8636169433594,123.362890625,329.0849609375,732.790234375,31.8212890625,82.2,233.2,770,37.6,124.2,297,721.4,22,160.718734741211,300.27290725708,502.775103759766,25.066561126709,162.000335693359,301.29084777832,500.651153564453,29.3738796234131,173.044059753418,300,486.180749511719,33.1221771240234,180.678371429443,318.835693359375,448.207171630859,33.108715057373
"446",539,"SEO_census",NA,"Spain",2018,NA,NA,1,"w",NA,5579918,-1.54845,42.4032,132.86600112915,273.799995422363,558.6,22.7663635253906,120.893359375,330.9912109375,738.5587890625,31.812109375,79.4,233,788,38.2,122,298.4,730.2,22.2,159.163249969482,300,508.609442138672,26,160.817405700684,303.931945800781,507.377020263672,30,174.298389434814,300,492.506762695312,34,178.908298492432,319.455673217773,452.508538818359,34
"447",540,"SEO_census",NA,"Spain",2018,NA,NA,1,"w",NA,6035774,-0.91033,38.72399,145.513999938965,318.591999053955,374.8,36.321639251709,140.3591796875,347.344140625,511.4763671875,44.4072265625,107.8,255.8,376.4,41,144.2,302.4,503.4,41.2,176.691356658936,300,357.004156494141,35.7568161010742,179.854358673096,302.867141723633,349.411920166016,31.6288593292236,191.573635101318,310.288009643555,365.182482910156,40.5197677612305,196.75777053833,320,347.650122070312,39.9483993530273
"448",541,"SEO_census",NA,"Spain",2018,NA,NA,1,"w",NA,6035773,-0.92826,38.72176,147.162666320801,316.656005859375,370.4,36.3576240539551,141.35703125,348.1509765625,504.41171875,44.7931640625,109.2,256.2,368.8,41.6,145.8,303,492.8,41.6,178.299610137939,300.115623474121,348.674621582031,35.4931854248047,181.050884246826,304.838115692139,341.348449707031,31.3740688323975,192.733692169189,311.578128814697,356.095434570312,40.0846267700195,198.236324310303,320.109901428223,339.283605957031,39.5893196105957
"449",543,"SEO_census",NA,"Spain",2018,NA,NA,1,"w",NA,6030595,-0.86646,38.76925,142.457666397095,315.615993499756,382.6,36.3130233764648,138.68125,345.3435546875,525.7234375,43.425,106.4,251.2,386.2,40.8,142.2,299.8,519,41,173.968128204346,300,409.763745117188,36.254647064209,176.739765167236,301.64733505249,401.352185058594,32.0997482299805,188.486141204834,310,421.584442138672,42.1006523132324,194.283760070801,320,400.014404296875,41.0008010864258
"450",545,"SEO_census",NA,"Spain",2018,NA,NA,1,"w",NA,5823413,-0.11282,40.43673,108.164001464844,311.535995483398,509.4,28.7517406463623,105.51640625,320.448046875,638.6412109375,32.19921875,71.2,248,493.4,31.2,108.2,276.6,651,34.6,141.238687515259,273.131942749023,696.839489746094,27.8962108612061,141.689075469971,276.414520263672,718.433093261719,28.6514427185059,154.526306152344,281.362377166748,721.342419433594,38.4127487182617,161.53243637085,294.971038818359,674.498217773438,32.3932830810547
"451",546,"SEO_census",NA,"Spain",2018,NA,NA,1,"w",NA,5807872,-0.13244,40.54337,106.655831336975,315.709991455078,495,29.3083748817444,105.94580078125,322.0068359375,623.493408203125,32.4267578125,70.75,242.75,477.75,31.75,108,278.75,634.75,34.75,142.263143062592,280,571.089218139648,26.6581077575684,143.361790180206,280.028629302979,590.028594970703,27.7870850563049,155.871679782867,290,589.029876708984,36.4612321853638,162.729930877686,300,551.618194580078,30.3186950683594
"452",547,"SEO_census",NA,"Spain",2018,NA,NA,1,"w",NA,6009869,-1.09068,38.95681,137.340834140778,322.729997634888,391.75,34.8006744384766,130.83349609375,354.326904296875,527.34326171875,40.715087890625,97.5,246,390,39.5,134.5,308,513,37.25,166.954226493835,303.532810211182,395.124504089355,33.0473976135254,168.269000053406,310,391.277679443359,30.0784049034119,178.439588546753,310,406.581192016602,40.9188480377197,185.73498249054,320,387.282646179199,39.1269998550415
"453",548,"eBird","C4","Azerbaijan",2009,6,1,1,"e",NA,5824617,50.05605,40.45111,143.245000839233,284.791999816895,244,47.4322807312012,142.0697265625,374.80078125,293.846875,36.14375,107.6,328.2,192.8,34.8,144.4,310,260.8,39,170,230.913482666016,220.275552368164,52.0092933654785,170,230.067451477051,229.790017700195,55.1371688842773,187.207195281982,226.484996795654,225.122033691406,52.7786758422852,190,240,230.886596679688,55.9052787780762
"454",549,"eBird","C4","Azerbaijan",2016,5,24,1,"e",NA,5917836,49.18233,39.67074,151.671945254008,320.100008646647,303.833333333333,44.2131163279215,146.007975260417,420.079264322917,344.962076822917,38.6375325520833,115,385.666666666667,188.833333333333,32.6666666666667,149,343.166666666667,300.333333333333,38.8333333333333,180,335.794734954834,249.743242899577,47.939151763916,180,332.351659138997,256.917841593424,47.6448078155518,200,304.18711344401,245.811996459961,50.0346285502116,200,310.460929870605,254.162534077962,54.5356693267822
"455",552,"eBird","C4","Bulgaria",2016,5,14,1,"w",NA,5647926,26.26136,41.86984,123.409999847412,322.487995147705,589.6,21.8549251556396,119.33125,446.6578125,691.505078125,37.7802734375,61,325.2,654.6,30.6,121.6,348.2,659.2,22.6,155.765254974365,333.550186157227,583.944946289062,26.1172225952148,156.137645721436,347.862365722656,584.821667480469,22.5147342681885,163.784942626953,330.352798461914,601.545532226562,26.5902751922607,170.42554473877,332.933532714844,602.377062988281,27.3204944610596
"456",566,"eBird","C4","Algeria",2016,4,9,1,"w",NA,6331214,6.61379,36.37359,153.176667690277,293.030014038086,664.5,56.8158397674561,146.227783203125,343.056640625,695.4755859375,52.6953125,103.5,237.25,789,68.5,149,325,749,48.5,187.161345481873,340,540.856704711914,55.030665397644,188.027715682983,350,521.103340148926,51.7911624908447,196.548228263855,330,569.623649597168,59.3097019195557,201.672239303589,340,562.185943603516,59.9552307128906
"457",570,"eBird","C4","Algeria",2016,6,16,1,"w",NA,6331213,6.57905,36.33516,153.976249694824,296.439990997314,618.5,54.4660415649414,147.964111328125,345.841552734375,650.975341796875,50.6748046875,105,239.25,731.5,67,150.5,326.75,701.75,46.5,188.57518196106,340,483.035339355469,52.086498260498,189.580545425415,350,466.268447875977,49.0292854309082,197.957987785339,330,508.33373260498,56.2958278656006,203.05956363678,340,502.097465515137,56.678108215332
"458",572,"eBird","C3","Morocco",2016,1,29,1,"w",NA,6636542,-5.56052,33.88977,169.798331260681,284.650011062622,520.75,64.5910034179688,165.1806640625,351.735595703125,670.377197265625,60.45263671875,127.75,270.25,1079.75,84.5,162.25,334,705.25,60.75,200.474472045898,300,437.95482635498,66.0497722625732,201.903557777405,315.694713592529,435.157920837402,67.5238265991211,210.577659606934,300.778951644897,472.626373291016,66.3645153045654,212.83944606781,313.361124992371,422.853157043457,64.2063121795654
"459",573,"eBird","C3","Israel",2020,2,18,1,"a",NA,6958671,34.80098,31.30738,191.438751220703,255.670008659363,242.75,106.808835983276,182.6240234375,322.514892578125,361.39697265625,64.237060546875,151.25,306.25,207.5,109.75,188.5,289.75,274.75,99,214.589333534241,264.179272651672,300.487129211426,112.160223007202,216.512031555176,270.079460144043,307.773880004883,110.976985931396,229.222097396851,265.834727287292,307.782203674316,108.502433776855,232.406144142151,278.685283660889,296.382247924805,105.322710037231
"460",574,"eBird","C4","Israel",2020,2,27,1,"a",NA,6922406,34.58443,31.59969,199.18833732605,239.479999542236,392.5,111.944025039673,189.948974609375,279.237548828125,496.1767578125,72.4580078125,160.25,277.25,304,113.25,195.75,249,422,104.25,222.370533943176,210.77525138855,432.379997253418,115.20153427124,227.425665855408,215.930547714233,436.216094970703,114,240,213.35777759552,453.746284484863,112.918817520142,240.187659263611,226.771831512451,437.849456787109,109.143737792969
"461",583,"eBird","C3","Israel",2021,2,6,1,"a",NA,6927592,34.84409,31.56091,189.515663146973,248.911998748779,360.4,110.441839599609,187.3251953125,309.8392578125,482.8796875,70.756640625,157,301.2,294.8,109.8,193.4,276.8,404,101.8,217.054805755615,244.367176055908,478.179345703125,115.183973693848,219.062473297119,250.933177947998,484.351531982422,113.650732421875,230.092426300049,246.112617492676,495.009625244141,112.368756103516,234.803100585938,260.710018157959,477.220806884766,109.194227600098
"462",585,"eBird","C3","Israel",2019,2,26,1,"a",NA,6870615,34.96891,32.00458,192.575836181641,238.499999046326,547,113.696126937866,188.042236328125,303.984375,661.429443359375,81.7529296875,157.5,277,489.5,115,193.5,271.75,592.75,106.25,218.582253456116,241.183490753174,623.289489746094,115.509670257568,219.246678352356,248.113346099854,624.782958984375,113.409471511841,230.287079811096,236.936082839966,648.893768310547,115.868507385254,235.593290328979,249.51943397522,628.239761352539,111.696325302124
"463",591,"eBird","C4","France",2017,6,1,1,"w",NA,5440180,3.51353,43.51348,147.464334487915,248.816005706787,612.4,33.3145843505859,136.755078125,331.85546875,731.1748046875,38.3595703125,89.8,267.4,732.8,35.6,138.4,290,741.4,33.4,170.524147033691,235.13907623291,719.173510742188,46.7292915344238,170.400196075439,233.667465209961,729.439404296875,43.5460372924805,179.944515228271,249.13166809082,751.211071777344,44.7438667297363,189.194770812988,261.32893371582,683.248779296875,43.3337432861328
"464",597,"eBird","C3","France",2017,5,13,1,"w",NA,5440213,4.89617,43.52833,150.973331928253,279.559998512268,672.25,36.4834909439087,137.259765625,331.788330078125,672.724609375,44.544921875,85.75,266.5,630.5,32.25,138,293,666.25,38.75,180,277.118053436279,601.62858581543,48.2968006134033,180,276.326537132263,606.565902709961,45.8262910842896,190,283.442735671997,645.266586303711,51.4802598953247,190,290.790853500366,577.333038330078,44.1389875411987
"465",599,"eBird","C3","Israel",2019,2,9,1,"a",NA,6798100,35.19727,32.60873,192.740416526794,249.450001716614,536.75,112.155981063843,190.60888671875,304.01025390625,625.94677734375,81.727783203125,158.25,238,563,113.5,195.5,275.25,556.5,105,219.119334220886,271.044936180115,499.797714233398,111.0510597229,219.46044921875,276.016244888306,504.354972839355,109.268655776978,229.35905456543,257.777643203735,528.038070678711,113.887809753418,236.50269985199,268.990273475647,518.273139953613,108.848016738892
"466",600,"eBird","C4","Georgia",2014,5,12,1,"e",NA,5720917,45.90832,41.28127,134.452001571655,352.07999420166,533.8,38.4598007202148,130.360546875,463.54765625,567.3412109375,42.8693359375,101.4,368,259.2,41.2,136.6,365.6,524.2,42,172.510726928711,387.820053100586,359.709448242187,38.0557624816895,174.041351318359,381.976669311523,381.405902099609,41.1494094848633,192.241954803467,336.361473083496,381.212585449219,40.1175186157227,197.166557312012,347.738914489746,380.703680419922,37.9610740661621
"467",603,"eBird","C4","Greece",1985,4,30,1,"w",NA,6274727,27.14666,36.83005,187.214956283569,250.109545389811,721.833333333333,94.7113087972005,184.137741088867,304.927658081055,853.028208414714,86.3705037434896,138.5,310.166666666667,717.833333333333,89,182,260.666666666667,816,88.3333333333333,199.428771336873,149.97656027476,614.523040771484,95,200.769704182943,156.217012405396,568.786702473958,95,212.482817967733,140.978705088298,609.848449707031,98.5498987833659,216.568279266357,160,596.512013753255,102.956317901611
"468",604,"eBird","C3","Greece",1995,6,5,1,"w",NA,6269551,27.31953,36.84495,NA,NA,NA,NA,182.790170288086,313.158630371094,888.372729492188,88.0100662231445,NA,NA,NA,NA,NA,NA,NA,NA,203.954013824463,150,659.115612792969,95.6868453979492,204.426929473877,160,611.098522949219,96,215.038776397705,150,658.20791015625,98.1802032470703,216.378726959229,160,644.662463378906,102.061907958984
"469",605,"eBird","C4","Greece",2019,5,29,1,"w",NA,6362810,28.08837,36.09157,NA,NA,NA,NA,184.676086425781,279.912322998047,981.805267333984,92.1410503387451,144.25,229.25,873.5,100.25,185.25,234.75,975.25,95.25,217.575755119324,180,475.898429870605,91.0634441375732,217.967505455017,188.796224594116,442.825103759766,92.2657661437988,228.637084960938,180,492.763328552246,95.1910457611084,236.608328819275,190,481.556159973145,97.9763927459717
"470",606,"eBird","C3","Israel",2021,2,5,1,"a",NA,6813646,35.43186,32.47105,196.60749912262,257.599997520447,441.75,109.123441696167,196.709228515625,325.003662109375,496.080810546875,71.538818359375,163.5,260,402.75,109.75,202,294.25,418.75,99.75,222.596015930176,300.292439460754,472.05770111084,109.526578903198,224.081201553345,306.523456573486,476.844459533691,107.403419494629,232.10871219635,288.658981323242,494.731544494629,111.430994033813,235.889143943787,295.797395706177,485.685325622559,107.306612014771
"471",607,"eBird","C3","Israel",2021,2,27,1,"a",NA,6803285,35.38868,32.55995,197.651336669922,253.863998413086,455.4,109.457330322266,199.191015625,321.1984375,530.1142578125,75.13125,166.6,254.8,453.2,110.6,204.4,291.6,455.2,101.6,224.536865234375,292.683570861816,470.440155029297,108.817881774902,225.581523895264,301.20467376709,475.452624511719,106.943745422363,234.49532699585,281.909076690674,494.813024902344,110.94031829834,237.977489471436,291.422374725342,486.882543945312,106.926257324219
"472",608,"eBird","C3","Palestinian Territory",2021,2,27,1,"a",NA,6839549,35.54671,32.28148,213.691663742065,260.929999351501,304.75,105.147157669067,213.3232421875,354.1552734375,394.4892578125,63.74267578125,NA,NA,NA,NA,218.75,322.75,311,97.25,236.123361587524,300.200667381287,421.604598999023,110.738525390625,238.748517036438,304.461040496826,426.314849853516,108.569919586182,246.242990493774,286.652483940125,438.58275604248,112.073263168335,250.084161758423,295.058722496033,428.62548828125,108.337640762329
"473",612,"eBird","C4","Israel",2020,6,11,1,"a",NA,6963861,35.22711,31.26117,187.871241569519,262.829995155334,236.5,107.596605300903,180.943115234375,332.1103515625,339.68017578125,62.738037109375,148.5,297.75,199,108.75,187.25,299.5,251.25,97.25,219.520072937012,292.191834449768,298.010566711426,112,221.359386444092,301.013650894165,308.31160736084,110.01621055603,233.121743202209,297.560648918152,302.821563720703,108.376914978027,235.891814231873,306.777095794678,290.855445861816,105.982957839966
"474",617,"eBird","C3","Palestinian Territory",2021,2,21,1,"a",NA,6839548,35.54053,32.27857,213.691663742065,260.929999351501,304.75,105.147157669067,213.3232421875,354.1552734375,394.4892578125,63.74267578125,NA,NA,NA,NA,218.75,322.75,311,97.25,236.123361587524,300.200667381287,421.604598999023,110.738525390625,238.748517036438,304.461040496826,426.314849853516,108.569919586182,246.242990493774,286.652483940125,438.58275604248,112.073263168335,250.084161758423,295.058722496033,428.62548828125,108.337640762329
"475",618,"eBird","C3","Palestinian Territory",2021,2,22,1,"a",NA,6891343,35.32756,31.85329,185.782918930054,250,336.75,109.123891830444,184.657470703125,329.90380859375,467.88818359375,68.630126953125,153,292.25,315,111.5,190.75,297,383.5,100.75,211.480660438538,286.931753158569,507.687973022461,113.920782089233,212.460961341858,297.156233787537,513.90389251709,111.91485786438,222.973656654358,284.983139038086,525.21475982666,113.757030487061,226.669278144836,296.489996910095,507.597671508789,110.038946151733
"476",622,"eBird","C4","Israel",2021,4,8,1,"a",NA,6953498,35.11148,31.34584,175.95666885376,263.28800201416,289,108.795301818848,170.5779296875,323.2412109375,399.5544921875,64.7671875,138.8,299,240.6,107.2,176.6,291.8,315,98.6,204.614337921143,287.801342010498,371.704180908203,112.414311218262,206.212154388428,297.801342010498,382.648028564453,110.88715057373,217.497470855713,289.981380462646,379.616119384766,109.111521911621,221.963829040527,300.009502410889,365.158947753906,106.187858581543
"477",623,"eBird","C3","Israel",2021,4,3,1,"a",NA,6948311,34.82526,31.4129,188.74541759491,258.659982681274,296.75,107.75394821167,182.83447265625,315.822265625,423.6181640625,67.609619140625,152.25,304.75,252.5,108.75,189,282.75,342.5,100.25,211.990122795105,254.798765182495,410.757804870605,113.722694396973,214.288139343262,260.522193908691,418.547698974609,112.139026641846,228.702988624573,256.966729164124,423.281578063965,110.416738510132,230.705828666687,270.288000106812,407.828475952148,107.076734542847
"478",626,"eBird","C4","Israel",2019,6,18,1,"a",NA,6803276,35.02346,32.56566,190.543334960938,237.160003662109,582,115.409817504883,190.04609375,286.6029296875,697.6587890625,86.282421875,158.6,224.4,630,117,194.8,256.8,632,107.6,219.962337493896,247.228488922119,654.882458496094,113.694543457031,220.426788330078,251.320812225342,659.596704101563,111.986756896973,230.565322875977,235.508296966553,689.723693847656,116.556483459473,235.775451660156,245.412082672119,674.245776367188,110.983895874023
"479",628,"eBird","C3","Israel",2020,4,30,1,"a",NA,6803274,34.95036,32.56805,192.546668052673,230.760006904602,562.75,117.290283203125,192.893314361572,282.734924316406,676.398101806641,85.8462562561035,161.5,220.5,609,117.75,197.25,253,611.5,108,221.583938598633,227.171168327332,651.717330932617,115.334035873413,223.804559707642,230.963339805603,655.970611572266,113.764305114746,234.321165084839,216.188111305237,686.158966064453,118.453727722168,238.432030677795,226.536250114441,669.830184936523,112.571746826172
"480",629,"eBird","C3","Israel",2020,4,30,1,"a",NA,6808454,34.92728,32.51451,196.308032989502,233.614967346191,553.8,118.333959960938,192.780557250977,279.569659423828,675.339929199219,86.4810928344727,162,220.8,591.6,118.8,197.6,250.2,604.6,109.2,226.766258239746,235.692840576172,589.579797363281,115.15560760498,229.220748901367,238.972431182861,592.946923828125,113.489154052734,239.4365234375,224.969139099121,619.166076660156,118.045649719238,239.977729797363,234.255725860596,603.657373046875,112.180899047852
"481",633,"eBird","C4","Israel",2021,5,23,1,"a",NA,6787738,35.11513,32.70536,190.562920570374,242.070002555847,580.25,112.419874191284,190.45263671875,295.023193359375,657.461669921875,82.506103515625,159,229,594.75,113.5,195.5,267.25,584.75,104.5,216.752133369446,240.652704238892,566.657623291016,112.759729385376,217.919158935547,246.042685508728,571.624786376953,111.134531021118,227.16685295105,228.455290794373,600.573822021484,116.032564163208,232.528104782104,239.292182922363,589.329132080078,110.674785614014
"482",634,"eBird","C3","Israel",2019,4,3,1,"a",NA,6901701,35.22131,31.77805,166.194328308105,239.087997436523,427.8,109.000686645508,165.884765625,321.9943359375,586.9015625,75.22890625,134.4,291.4,414.4,110.4,171.8,289.4,514.6,102.8,193.889171600342,288.918537139893,599.071484375,114.673379516602,195.410015106201,299.563495635986,606.757385253906,112.889529418945,206.125499725342,289.726337432861,619.050927734375,114,211.112327575684,299.988674163818,598.238598632812,110.94305267334
"483",635,"eBird","C4","Israel",2019,5,4,1,"a",NA,6896514,34.93018,31.82483,189.570335388184,238.295993804932,487.2,112.572618103027,189.1794921875,307.4009765625,611.3173828125,78.1548828125,159,290,418.6,112,195,273.2,542,104.2,219.5234375,239.894515991211,616.002709960938,116,219.712894439697,246.864200592041,618.694702148438,113.996939086914,232.29838180542,240.861572265625,639.910388183594,114.865113830566,238.314548492432,253.923042297363,618.222692871094,111.27082824707
"484",636,"eBird","C3","Israel",1979,4,28,1,"a",NA,6865435,34.97,32.06783,192.395830154419,236.760001182556,557.5,114.288801193237,188.193603515625,301.197265625,672.643798828125,82.57080078125,157.5,268.75,513.25,115,193.75,270,605.5,106.5,216.956667900085,246.583075523376,633.635894775391,114.861793518066,217.651009559631,251.323289871216,635.438537597656,112.717214584351,228.601861000061,239.303736686707,660.116775512695,115.743797302246,233.24923992157,250.56492805481,640.041290283203,111.331981658936
"485",642,"eBird","C4","Israel",2019,5,4,1,"a",NA,6870609,34.74722,32.01624,195.594182014465,219.507131576538,545.75,114.286184310913,188.78201675415,291.934783935547,673.722213745117,83.621374130249,159,270.5,491.5,117.75,194,259.5,610.25,108.75,222.668056488037,193.387017250061,645.432434082031,117.94101524353,226.476149559021,197.3761510849,644.947555541992,115.941730499268,240,189.304866790771,675.998138427734,119.00382232666,240,203.010377883911,652.779479980469,113.954038619995
"486",649,"eBird","C3","Israel",2020,4,1,1,"a",NA,6875795,34.98054,31.98751,190.667085647583,237.839994430542,539.75,113.67564201355,187.4873046875,304.9453125,657.0205078125,81.296875,156.75,278.25,483,114.75,193,272.5,588.75,105.75,216.299018859863,246.960697174072,655.56298828125,115.283679962158,217.323455810547,253.373274803162,657.604934692383,113.171712875366,228.67030620575,242.402215003967,681.974151611328,115.495122909546,233.538646697998,254.70006942749,660.494812011719,111.445707321167
"487",657,"eBird","C3","Israel",2020,6,1,1,"a",NA,6886156,35.01926,31.90377,186.457920074463,239.049997329712,499,112.634857177734,187.04345703125,309.32470703125,626.145751953125,79.11279296875,156.25,285,444.5,113,193,276.75,556,104.5,213.351421356201,256.791877746582,692.001983642578,115.081617355347,215.219612121582,263.093605041504,695.785186767578,113.06077003479,227.151131629944,255.188999176025,718.17903137207,114.673666000366,230.633687973022,266.810545921326,695.313140869141,111.024557113647
"488",666,"eBird","C3","Israel",2020,3,23,1,"a",NA,6963851,34.8222,31.27491,190.797915458679,257.090001106262,238.5,106.364847183228,182.335205078125,324.282958984375,358.144287109375,64.020751953125,151,307.25,204.5,109.25,188.25,291.25,270.75,99,214.159870147705,266.643481254578,293.110877990723,112.025375366211,216.393294334412,273.519730567932,300.471343994141,110.781923294067,229.222097396851,268.066520690918,299.818389892578,108.276990890503,231.811275482178,280.239262580872,288.651809692383,105.116441726685
"489",684,"eBird","C4","Israel",2014,4,22,1,"a",NA,6860251,34.81173,32.08734,198.392661412557,219.290990829468,557.166666666667,113.781164805094,190.756556193034,293.518020629883,676.79301961263,84.7197736104329,160.666666666667,264.5,514,118,196,263.333333333333,611.5,109.333333333333,221.452411015828,205.509322484334,606.356953938802,117.541865030924,224.992707570394,208.95440419515,606.099619547526,115.562470753988,239.395945866903,199.645703633626,634.243733723958,119.200185139974,240,211.966082255046,613.159749348958,113.763145446777
"490",685,"eBird","C3","Israel",1978,4,21,1,"a",NA,6751487,35.4956,32.96685,177.250418663025,254.040002822876,689.75,107.943382263184,176.75927734375,308.243896484375,748.691162109375,83.023681640625,143.5,237.5,725.25,109.25,181,280.75,690.75,99.5,192.739853858948,297.871856689453,681.051422119141,108.322292327881,194.146785736084,301.718535423279,689.730392456055,106.989810943604,202.419066429138,285.447402000427,729.561187744141,111.486604690552,205.958433151245,294.242315292358,722.183334350586,107.208349227905
"491",686,"eBird","C3","Israel",2000,5,5,1,"a",NA,6792917,35.0671,32.6278,186.094333648682,236.712005615234,608.8,113.804048156738,187.6248046875,289.469140625,704.00234375,85.079296875,155.6,225.2,644,114.4,192.4,259.8,639.4,106,215.257083892822,244.854595184326,649.314416503906,113.246844482422,217.263053894043,249.9582862854,654.47880859375,111.594427490234,226.574779510498,233.317375183105,685.834497070313,116.304286193848,230.056423187256,244.011222839355,671.59794921875,110.84299621582
"492",687,"eBird","C4","Israel",2017,6,13,1,"a",NA,6756671,35.64303,32.92694,201.760001182556,252.159996032715,451.5,108.659496307373,203.873779296875,332.574462890625,554.74072265625,75.7568359375,170.5,261.5,507,109,208.25,305.5,482,98.75,219.597702026367,282.475776672363,582.595199584961,108.58180809021,221.521224975586,288.151535987854,589.576263427734,107.260770797729,229.678435325623,268.500485420227,620.351486206055,111.710536956787,233.653855323792,277.810411453247,614.495483398438,107.658536911011
"493",688,"eBird","C4","Israel",2018,5,24,1,"a",NA,6803277,35.07819,32.55707,187.715835571289,238.309998512268,593.75,114.16717338562,187.15869140625,290.5,706.033935546875,85.343017578125,155.5,228,636,115.25,192.25,260.75,639.5,106.5,217.200050354004,266.151342391968,637.133361816406,112.202222824097,218.098516464233,270.388007164001,642.059951782227,110.376874923706,227.758817672729,254.392247200012,670.903366088867,114.811838150024,230.618739128113,263.438968658447,656.795928955078,109.639282226562
"494",691,"eBird","C3","Israel",2019,4,15,1,"a",NA,6792918,35.09451,32.63735,187.638332366943,239.976001739502,594,113.468379211426,188.1216796875,292.7595703125,687.900390625,84.4177734375,156,228,627,114.6,192.8,263.2,622,105.8,215.81441116333,250.522834777832,614.870983886719,112.778228759766,217.746158599854,255.327255249023,619.918444824219,111.058488464355,227.052284240723,238.236721038818,649.658581542969,115.771162414551,231.841636657715,249.215267181396,636.506164550781,110.403457641602
"495",692,"eBird","C4","Israel",2019,5,18,1,"a",NA,6803284,35.35138,32.54325,195.683056513468,255.019998550415,471.666666666667,110.285910288493,196.484375,316.822102864583,543.2197265625,76.1774088541667,164,250.833333333333,466.666666666667,111.5,201.5,287,469.166666666667,102.5,221.550661722819,294.155337015788,467.694961547852,109.070173899333,222.565323511759,301.369797388713,472.503341674805,107.093905131022,231.545559565226,282.646668752034,491.927057902018,111.218696594238,236.192321777344,291.676324208577,483.696965535482,107.005563100179
"496",694,"eBird","C4","Israel",2019,5,20,1,"a",NA,6798096,35.02821,32.60263,188.565002441406,234.520008087158,593,114.969633483887,189.6822265625,286.4755859375,700.7130859375,85.872265625,158.2,223.4,637.6,115.8,194.4,257,634.6,107.2,218.696552276611,237.778903961182,672.441638183594,114.087965393066,219.522068023682,242.578792572021,677.343371582031,112.467509460449,229.497177124023,226.67085647583,709.140612792969,117.113256835938,233.019527435303,236.864315032959,693.484655761719,111.507887268066
"497",695,"eBird","C4","Israel",2019,6,22,1,"a",NA,6772212,35.68276,32.79516,196.290000915527,249.728000640869,427.4,108.807713317871,198.0984375,335.7791015625,530.83359375,73.6490234375,165,266,474.4,109.2,203.4,309.6,455.6,98.4,217.283763885498,286.415821075439,571.775897216797,108.33443145752,219.517555236816,292.674510955811,578.162121582031,106.913505554199,227.467098236084,274.572528839111,602.238720703125,110.768078613281,231.940780639648,282.409519195557,595.933673095703,107.146633911133
"498",698,"eBird","C4","Israel",2019,7,5,1,"a",NA,6824008,35.53345,32.39513,216.062083244324,261.350011825562,311.25,104.013137817383,213.423095703125,356.516845703125,418.4482421875,64.931884765625,NA,NA,NA,NA,218.75,326.75,337.5,97,239.828805923462,292.919182777405,385.063064575195,109.496397018433,241.079254150391,300.270318984985,389.229347229004,107.344722747803,249.6723985672,280.706830024719,401.541389465332,110.998260498047,253.182973861694,288.999118804932,393.676742553711,107.133491516113
"499",702,"eBird","C3","Israel",2020,3,8,1,"a",NA,6870614,34.95406,32.00454,192.575836181641,238.499999046326,547,113.696126937866,188.042236328125,303.984375,661.429443359375,81.7529296875,157.5,277,489.5,115,193.5,271.75,592.75,106.25,218.582253456116,241.183490753174,623.289489746094,115.509670257568,219.246678352356,248.113346099854,624.782958984375,113.409471511841,230.287079811096,236.936082839966,648.893768310547,115.868507385254,235.593290328979,249.51943397522,628.239761352539,111.696325302124
"500",703,"eBird","C3","Israel",2020,3,24,1,"a",NA,6891334,34.95786,31.86673,189.876666069031,240.390000343323,500.75,112.575855255127,188.69189453125,307.8427734375,624.636474609375,79.13818359375,158.25,287.25,436,112.75,194.5,274.25,555.25,104.5,219.33557510376,244.100575447083,639.805908203125,115.73611831665,219.877109527588,250.825910568237,642.424575805664,113.691846847534,230.147123336792,243.103995323181,664.634292602539,115.021512985229,237.265982627869,256.033816337585,642.631698608398,111.251714706421
"501",704,"eBird","C3","Israel",2020,4,18,1,"a",NA,6798099,35.14318,32.60843,190.193748474121,245.009999275208,561.25,112.991582870483,189.211181640625,298.921630859375,655.33544921875,83.076171875,157,232.75,594.5,114.25,194,269.5,588.25,105.5,217.534589767456,263.784232139587,551.963188171387,111.79351234436,218.656792640686,268.411521911621,556.748039245605,109.973129272461,228.234114646912,250.615272521973,583.096069335938,114.692211151123,233.780546188354,261.953020095825,571.815048217773,109.497982025146
"502",708,"eBird","C4","Israel",2020,6,4,1,"a",NA,6818828,35.51257,32.44164,214.051661491394,259.340004920959,324.75,104.714408874512,211.94384765625,349.832275390625,434.126220703125,65.836669921875,NA,NA,NA,NA,217,319.5,355,96.5,238.923244476318,291.158299446106,380.408477783203,109.131874084473,240.380878448486,298.414611816406,384.49437713623,107.025947570801,248.923244476318,280.22557258606,397.391914367676,110.769817352295,253.274636268616,285.318355560303,390.095924377441,106.907958984375
"503",710,"eBird","C4","Israel",2020,6,12,1,"a",NA,6798101,35.20853,32.59906,193.091249465942,250.309996604919,526,112.09309387207,191.209716796875,305.302490234375,618.034423828125,81.26904296875,158.75,239.75,550,113.25,195.75,276,548.25,104.5,219.429235458374,278.650755882263,495.801963806152,110.645154953003,219.765152931213,284.250245094299,500.350601196289,108.748746871948,229.5569896698,265.688877105713,523.21842956543,113.327611923218,235.786347389221,276.811242103577,513.624458312988,108.324495315552
"504",712,"eBird","C4","Israel",2020,6,20,1,"a",NA,6818826,35.43803,32.43782,196.155666351318,257.735996246338,436.6,109.229856872559,196.103125,325.8923828125,486.7802734375,70.769921875,163.4,261.2,391.4,109.2,201.6,295.4,408.2,99.8,221.305820465088,302.513965606689,474.399157714844,109.704342651367,223.007122039795,307.568164825439,479.126226806641,107.581101989746,231.022598266602,289.795749664307,496.711962890625,111.533514404297,234.807495117188,296.612071990967,487.277392578125,107.434214782715
"505",714,"eBird","C4","Israel",2020,6,26,1,"a",NA,6818827,35.47337,32.43361,206.884579658508,259.849991798401,370,106.322395324707,205.327880859375,340.232421875,452.41259765625,67.8974609375,172.25,275,361,107.75,210.75,309.75,373.25,98,231.927824020386,297.131319046021,418.370903015137,109.804697036743,232.869701385498,303.109111785889,422.607627868652,107.703300476074,241.866793632507,284.214043617249,437.594833374023,111.597616195679,244.818592071533,292.249045372009,429.072296142578,107.565670013428
"506",723,"eBird","C4","Israel",2021,5,21,1,"a",NA,6751492,35.69193,32.98681,188.187923431396,264.150004386902,542.75,108.396745681763,187.153564453125,326.130615234375,612.180419921875,78.548095703125,152.5,255,581.5,108.5,191.25,301.25,550.25,98.5,203.683347702026,289.208297729492,694.447677612305,108.105997085571,204.935760498047,293.328204154968,702.877014160156,107.038690567017,213.685789108276,275.498309135437,740.974884033203,111.14835357666,217.228770256042,281.838493347168,735.285552978516,107.147367477417
"507",725,"eBird","C3","Israel",2021,5,23,1,"a",NA,6798105,35.37825,32.60354,194.456253051758,253.069996833801,487.5,109.76602935791,196.950927734375,317.0224609375,556.951904296875,76.80126953125,164.5,250.75,486.5,111,202,287,483,102.25,221.83828830719,292.178325653076,508.304420471191,108.736373901367,223.187446594238,300.277228355408,513.927627563477,106.980712890625,231.73671245575,281.269435882568,535.66707611084,110.996839523315,235.813884735107,290.827054977417,527.488945007324,106.965963363647
"508",726,"eBird","C4","Israel",2021,5,23,1,"a",NA,6798098,35.09513,32.61252,186.613666534424,239.168003082275,599.8,113.560877990723,187.6162109375,292.0091796875,694.441796875,84.728125,155.6,227.2,635.4,114.4,192.4,262,629.6,106,215.182674407959,252.696216583252,624.464526367188,112.708099365234,217.342517852783,257.567085266113,629.575073242188,110.989326477051,226.578727722168,240.660808563232,659.6130859375,115.655432128906,230.553401947021,251.573680877686,646.20302734375,110.304374694824
"509",730,"eBird","C4","Israel",2021,6,12,1,"a",NA,6792920,35.1913,32.62683,193.164167404175,249.333330790202,535.666666666667,112.067675272624,190.917805989583,304.196126302083,623.125162760417,81.5265299479167,158.666666666667,238.333333333333,559.333333333333,113.5,195.833333333333,275.666666666667,553,104.833333333333,219.394222895304,269.105755488078,500.596506754557,111.077472686768,219.640299479167,274.097102483114,505.173100789388,109.296318054199,229.568036397298,255.660279591878,529.07817586263,113.956170399984,237.054510116577,266.952565511068,519.399251302083,108.88836034139
"510",732,"eBird","C4","Iraq",2018,5,10,1,"e",NA,6301004,42.8392,36.60916,203.586664199829,369.579992294312,721.75,92.1362476348877,188.134033203125,503.81591796875,824.15625,78.029296875,137,414.75,684,95.75,190,428,798.5,87,229.139409065247,429.192476272583,421.538925170898,82.9549045562744,231.063828468323,430.696258544922,429.307723999023,82.0101890563965,246.836881637573,380,490.272521972656,86,250.021553039551,380,501.989372253418,84
"511",733,"eBird","C4","Iran",2019,7,13,1,"e",NA,6399631,51.47428,35.81098,128.741664886475,368.568008422852,233.6,69.5507400512695,117.993359375,506.5185546875,238.973828125,73.0052734375,81,429.2,103.4,68.6,117.8,439.2,193.6,67.6,136.744209289551,429.968551635742,484.441326904297,68.6861038208008,136.990432739258,421.413505554199,489.593255615234,68.3582733154297,148.590433120728,393.546424865723,514.256591796875,64.7317237854004,155.241220474243,401.058044433594,511.718133544922,64.601245880127
"512",735,"eBird","C4","Iran",2020,5,29,1,"e",NA,6404837,52.57026,35.75809,109.17166519165,392.087989807129,191,63.5869979858398,108.983984375,515.126171875,186.847265625,81.301171875,74.4,457.2,79.8,70.6,110,445.2,144.6,71.2,113.065586090088,361.581359863281,511.891918945313,47.4855178833008,113.184326171875,352.825103759766,522.875445556641,46.2184371948242,122.881607055664,328.005165100098,553.353637695312,42.5013084411621,130.372463226318,342.944427490234,547.949365234375,43.7820137023926
"513",737,"eBird","C4","Iran",2021,7,8,1,"e",NA,6394451,51.49006,35.83444,113.191249370575,375.110015869141,229.5,70.4007682800293,104.614013671875,511.37109375,231.7998046875,76.029541015625,66.25,436.75,99.25,70.75,102.75,444.5,186.75,71,119.507336616516,429.041147232056,537.952735900879,67.2944774627686,119.988932609558,420.980806350708,544.564254760742,66.9994716644287,131.232092380524,393.435897827148,570.991317749023,63.2550048828125,137.863759994507,400.741386413574,568.523826599121,63.2330160140991
"514",738,"eBird","C3","Iran",2019,4,16,1,"e",NA,6378998,55.08558,35.98762,168.73833656311,377.639989852905,202.75,65.5536003112793,155.59228515625,456.09423828125,223.03857421875,72.513916015625,110.5,339.5,106,55.25,155,383,184,61.25,193.123116493225,400,131.005611419678,79.5443897247314,194.681735038757,397.929096221924,133.566619873047,79.0242519378662,207.541103363037,370,148.289310455322,79.9795722961426,211.752829551697,379.992341995239,147.832904815674,78.5913562774658
"515",740,"eBird","C4","Iran",2014,7,10,1,"e",NA,6254652,54.03471,36.96503,175.531253814697,308.189997673035,394.25,39.5293245315552,172.771240234375,376.05078125,448.890380859375,43.798828125,135.75,311.25,297.5,36,172.75,323,457,42,204.461660385132,254.007844924927,485.338348388672,48.7257986068726,210,249.601521492004,493.08610534668,44.0422372817993,220,223.681659698486,515.187301635742,49.3458204269409,224.990358352661,247.071394920349,518.692085266113,51.6810684204102
"516",744,"eBird","C3","Israel",2020,3,10,1,"a",NA,6756667,35.49914,32.92705,191.227922439575,250.130004882812,580.25,109.380414962769,193.8154296875,314.465576171875,658.1220703125,80.5859375,161.5,244.75,617.5,110.5,199,287.75,589.5,100,209.607529640198,289.345378875732,572.838394165039,107.989995956421,210.393171310425,295.348281860352,580.094390869141,106.527116775513,219.076118469238,277.519688606262,611.879730224609,110.87633895874,222.738227844238,286.097478866577,605.64762878418,106.763725280762
"517",752,"eBird","C3","Morocco",2017,4,11,1,"w",NA,6615836,-4.98227,34.06335,179.710666656494,288.479999542236,541.8,66.5870910644531,172.953515625,373.6841796875,645.0421875,58.6044921875,134.4,280.2,923,82,171.6,351.2,657.8,60.4,210.872688293457,310.200805664062,506.781140136719,69.4034072875977,213.157493591309,319.960548400879,508.237707519531,71.36865234375,219.445587158203,301.872570037842,535.602062988281,69.7243118286133,222.354354858398,311.174354553223,471.715435791016,67.6075698852539
"518",755,"eBird","C3","Morocco",2020,7,11,1,"w",NA,6667655,-4.17309,33.63307,97.2670817375183,323.869986534119,332,34.428729057312,92.943115234375,400.627197265625,553.36328125,34.17822265625,52.25,286,620.25,58.25,92.75,364.75,581,34,128.23835849762,323.076705932617,791.105560302734,47.6369857788086,132.648713588715,335.163249969482,774.798309326172,48.2470769882202,140.759546756744,322.971105575562,850.137069702148,51.4738645553589,145.244250297546,337.897024154663,779.159133911133,49.207592010498
"519",758,"eBird","C4","Morocco",2015,4,2,1,"w",NA,6719434,-5.05954,33.23697,112.465834617615,335.550003051758,331.75,39.0574512481689,98.727294921875,414.59228515625,782.57958984375,44.336669921875,57.25,300.25,1129,69.5,98.25,378.75,891.75,43,137.064914703369,328.260746002197,507.725761413574,53.5473308563232,140.424163341522,339.264326095581,500.335174560547,53.8870115280151,149.149916172028,322.504005432129,549.714462280273,56.8373079299927,154.649701118469,337.479476928711,501.908195495605,54.796760559082
"520",761,"eBird","C2","Morocco",2016,5,14,1,"w",NA,6688343,-5.5003,33.47768,155.412499904633,307.300000190735,494.25,57.7461729049683,146.74462890625,380.63330078125,760.308837890625,55.430908203125,107.25,282.25,1233.5,79.25,145.25,356.5,831,55.25,188.073029518127,320,597.188186645508,61.4598808288574,191.440830230713,330,593.279113769531,62.8697299957275,200.153722763062,320,657.401565551758,63.9720697402954,205.825972557068,331.54990196228,597.950698852539,62.0917778015137
"521",762,"eBird","C2","Morocco",2016,5,14,1,"w",NA,6667635,-5.02972,33.65042,122.175834178925,303.290004730225,342.5,44.9580154418945,114.874267578125,398.7314453125,754.17041015625,46.91162109375,73.5,293.75,1097.5,71.25,113.25,370,828.25,45.75,154.005014896393,300,716.442291259766,57.5719976425171,158.452334403992,310.269961357117,709.221099853516,59.1273069381714,166.392374038696,300,783.806900024414,60.9485960006714,170.108432769775,319.538726806641,706.913848876953,58.744722366333
"522",765,"eBird","C3","Israel",2021,3,2,1,"a",NA,6741130,35.60078,33.07309,194.156669616699,257.936000823975,559,109.150604248047,195.0955078125,317.257421875,648.959765625,80.319921875,161.8,248.2,621.6,109,199.6,291.4,584.8,98.8,210.910640716553,281.440258026123,526.955230712891,109.609373474121,212.476524353027,286.038116455078,533.576214599609,108.649174499512,219.827434539795,266.615840911865,568.097937011719,113.342543029785,223.885360717773,275.850994110107,563.195141601562,109.039028930664
"523",766,"eBird","C2","Morocco",2018,4,15,1,"w",NA,6631338,-6.57678,33.91891,174.365000724792,228.3899974823,493,76.3127746582031,174.73974609375,287.18994140625,608.533447265625,70.7470703125,147,253.75,951.5,85,171.75,273,629.25,70.75,200.147466659546,254.228739738464,437.751976013184,75.7296085357666,202.720885276794,260.318727493286,435.713592529297,76.7206077575684,210,250.217990875244,448.207450866699,74.1448192596436,212.027831077576,255.926976203918,395.095497131348,71.6739158630371
"524",769,"eBird","C3","Jordan",2006,3,22,1,"a",NA,7036390,35.61344,30.66862,152.591667175293,297.709999084473,284.75,110.251403808594,128.57861328125,335.001708984375,426.253662109375,68.93505859375,90,260.75,324,115,132.75,306,354.75,101.5,173.842687606812,293.997669219971,290.088890075684,114.24825668335,175.141348838806,307.67765045166,307.685684204102,116.593433380127,185.153880119324,290,281.444107055664,109.79122543335,189.255800247192,304.764604568481,267.972328186035,108.65043258667
"525",770,"eBird","C3","Jordan",2019,3,30,1,"a",NA,7057109,35.56065,30.53142,155.692913532257,302.499995231628,251.75,110.240381240845,128.922119140625,335.645751953125,390.664306640625,68.115478515625,90.25,256.75,289,117.5,133.5,303,316.25,101.5,178.99350643158,290,260.152893066406,112.578149795532,179.870448112488,300.510277748108,277.331977844238,115.688726425171,190.10986328125,289.943370819092,251.566780090332,108.004632949829,194.67059135437,300,238.929584503174,106.78960609436
"526",771,"eBird","C2","Morocco",2019,5,19,1,"w",NA,6641692,-6.79783,33.86205,172.080836296082,216.339998245239,483.75,78.7414798736572,170.99365234375,271.44287109375,600.3564453125,72.055908203125,145,245.25,905.25,87,168.25,254.5,619.5,72,200.851302146912,233.589611053467,417.518577575684,77.4228000640869,203.850626945496,238.994717597961,414.942077636719,78.4153785705566,210,229.591841697693,426.975006103516,75.6668720245361,215.233244895935,235.263419151306,374.773956298828,73.1132488250732
"527",772,"eBird","C2","Morocco",2021,4,17,1,"w",NA,6740102,-7.23235,33.07076,168.896245956421,282.009997367859,421.75,70.0423412322998,165.892578125,354.9306640625,478.84033203125,63.789794921875,137.75,326.75,693.25,84.25,164,332.25,496,63,190.098309516907,269.531416893005,332.566062927246,74.3358116149902,194.103217124939,276.05076789856,329.790664672852,73.8568134307861,201.785192489624,271.218223571777,340.464248657227,72.7011947631836,210,277.675271034241,300.161827087402,70.4890995025635
"528",773,"eBird","C3","Morocco",2019,4,5,1,"w",NA,6921384,-7.98353,31.6243,192.359720865885,289.799989064534,255.166666666667,62.9470723470052,190.181966145833,378.096028645833,309.471516927083,46.7080078125,152.166666666667,308.333333333333,468.166666666667,80.8333333333333,188,361.833333333333,318.833333333333,55.6666666666667,210,321.371008555094,219.45142364502,51.3727232615153,212.32349395752,329.957027435303,220.293037414551,53.410072962443,220.023663838704,320.023663838704,230.118738810221,56.6717465718587,225.482180913289,325.970700581868,207.783226013184,52.0432332356771
"529",774,"eBird","C3","Morocco",2014,6,11,1,"w",NA,7081930,-9.4112,30.3226,196.712503433228,224.150004386902,203.5,89.2457885742188,189.423583984375,239.8896484375,286.401123046875,65.269287109375,157.25,192,503.75,107.25,185.25,232.5,297.5,77.75,225.030341148376,243.578038215637,210.854312896729,88.8816051483154,229.807195663452,245.657968521118,213.858875274658,84.2004356384277,235.082430839539,236.459407806396,217.554809570312,86.2332801818848,239.926342964172,240.814046859741,191.235771179199,82.8053531646729
"530",784,"eBird","C4","Palestinian Territory",1994,5,4,1,"a",NA,6829180,35.20197,32.33681,178.307914733887,243.079996109009,591.75,113.504755020142,179.471435546875,301.8447265625,663.724365234375,80.94140625,147.75,245.75,568.25,112.5,184.75,271,594.5,103.75,202.507557868958,293.894476890564,665.857238769531,110.035346984863,203.891668319702,298.30668926239,671.414596557617,107.983541488647,212.544174194336,280.259618759155,696.190505981445,111.45557975769,215.852575302124,290.171761512756,681.874908447266,107.06383895874
"531",785,"eBird","C4","Morocco",2009,3,25,1,"w",NA,6667627,-5.36038,33.66257,144.11600112915,307.720001220703,482.8,55.842195892334,138.1498046875,384.2931640625,831.0552734375,55.3775390625,98.6,289.4,1343.8,79.4,135.8,359.2,917.8,54.6,174.47061920166,305.960689544678,753.059765625,61.0428512573242,179.074413299561,318.85228729248,748.290649414062,62.6361534118652,186.884784698486,305.827079772949,828.494982910156,63.530199432373,192.258438110352,320.018753051758,748.451293945312,61.4860069274902
"532",786,"eBird","C4","Morocco",2010,3,26,1,"w",NA,6662447,-5.3729,33.68346,145.533335208893,307.360000610352,488.25,56.3796892166138,139.413818359375,382.894775390625,822.136962890625,55.55810546875,100,289,1333,79.5,137,358.5,907.5,55,175.632872581482,307.200894355774,724.108459472656,61.0416164398193,180.419206619263,319.581356048584,719.521759033203,62.548511505127,188.560752868652,307.05048084259,796.476867675781,63.4127492904663,193.338646888733,320.023441314697,719.535568237305,61.3575086593628
"533",787,"eBird","C3","Palestinian Territory",2019,4,16,1,"a",NA,6844728,35.5306,32.24065,213.492498397827,260.779991149902,298,105.61483001709,213.861328125,353.201416015625,384.76513671875,63.383056640625,NA,NA,NA,NA,219,321,299.5,97,236.023650169373,302.335147857666,429.233848571777,111.267692565918,237.919187545776,305.37712097168,434.033645629883,108.988185882568,246.171593666077,288.587236404419,446.07723236084,112.369823455811,249.478335380554,295.761051177979,435.421684265137,108.742322921753
"534",788,"eBird","C4","Palestinian Territory",2019,5,2,1,"a",NA,6886163,35.314,31.88332,182.935665130615,249.975997924805,355.8,109.244389343262,181.273046875,328.251171875,495.5451171875,70.2234375,149.2,289.6,344.2,111.2,187,295.6,416,101.2,207.930370330811,289.532032012939,533.524542236328,113.857926940918,209.051727294922,298.742988586426,539.767169189453,111.838314819336,219.279983520508,286.126796722412,552.195941162109,113.563021850586,223.069305419922,297.55493927002,534.082281494141,110.019140625
"535",789,"eBird","C4","Palestinian Territory",2019,6,29,1,"a",NA,6891344,35.3404,31.8362,190.691666603088,251.079998016357,306.75,108.374984741211,189.8291015625,333.199462890625,426.41064453125,65.9033203125,158.25,295.25,277,111.25,196,300,338.75,99.5,216.771988868713,283.629493713379,477.100570678711,114,217.812342643738,294.403119087219,483.229438781738,112,228.475909233093,282.433843612671,493.435073852539,113.964307785034,232.366247177124,293.952889442444,476.426467895508,110.084846496582
"536",790,"eBird","C2","Morocco",2017,3,28,1,"w",NA,6652047,-7.01132,33.77101,171.851001739502,216.304004669189,466,78.3059143066406,171.0068359375,268.0919921875,562.319921875,72.7646484375,147.4,251.8,800.6,88,168.6,249.4,577,72.6,200,228.020923614502,409.219897460937,79.0391799926758,202.37232208252,233.968807220459,406.545263671875,79.8556716918945,210,228.325714111328,418.570556640625,77.2027145385742,220,233.72127532959,365.352001953125,74.6628189086914
"537",791,"eBird","C2","Morocco",2019,3,10,1,"w",NA,6688330,-6.08301,33.46266,149.847083091736,281.929998397827,561.25,64.3375720977783,141.480224609375,383.087158203125,757.9072265625,60.058349609375,104.75,304,1345.75,82,139,362.25,837.75,60.75,175.754776000977,303.959593772888,654.709808349609,62.5241270065308,177.981195449829,314.108204841614,648.278961181641,63.4783115386963,186.072483062744,303.09093952179,691.573257446289,63.1880798339844,190.830817222595,311.809859275818,621.528533935547,60.7821855545044
"538",792,"eBird","C4","Palestinian Territory",2020,5,9,1,"a",NA,6917241,35.23505,31.64578,172.07466506958,251.088001251221,367.8,109.936680603027,171.1498046875,325.438671875,498.6517578125,70.3638671875,140,298.2,324,109,177.6,292.8,418.8,101.2,203.058101654053,285.952816009521,509.465789794922,114.859837341309,204.374786376953,297.76424407959,518.902923583984,113.187475585938,215.168663024902,288.672061920166,524.877453613281,113.376303100586,219.38508605957,299.586448669434,506.006115722656,110.56577911377
"539",793,"eBird","C3","Palestinian Territory",2020,5,4,1,"a",NA,6896524,35.33769,31.82823,190.691666603088,251.079998016357,306.75,108.374984741211,189.8291015625,333.199462890625,426.41064453125,65.9033203125,158.25,295.25,277,111.25,196,300,338.75,99.5,216.771988868713,283.629493713379,477.100570678711,114,217.812342643738,294.403119087219,483.229438781738,112,228.475909233093,282.433843612671,493.435073852539,113.964307785034,232.366247177124,293.952889442444,476.426467895508,110.084846496582
"540",798,"eBird","C2","Morocco",2019,3,12,1,"w",NA,6657229,-6.93421,33.73479,168.65749835968,220.879998207092,470.5,76.7004356384277,168.64111328125,282.64404296875,566.52392578125,71.093017578125,143.5,262,831,86.75,166,265,584.75,71.25,200,251.739583015442,418.201232910156,77.3540515899658,200.036134719849,258.405876159668,415.18717956543,78.1645679473877,210,251.287908554077,428.753387451172,75.7480754852295,216.653866767883,257.456841468811,374.916053771973,73.155029296875
"541",799,"eBird","C3","Palestinian Territory",1986,3,26,1,"a",NA,6891346,35.43043,31.87481,211.922082901001,258.450002670288,242,108.399494171143,211.31787109375,349.479736328125,332.589599609375,61.886474609375,178.5,306,203,109.5,217,313.75,238.75,97.25,235.196332931519,277.1373462677,432.049263000488,114,236.542844772339,286.988735198975,437.625755310059,111.989681243896,246.535677909851,274.870758056641,447.434707641602,114.015676498413,249.856791496277,284.931411743164,431.728477478027,110.632724761963
"542",800,"eBird","C3","Palestinian Territory",2018,3,4,1,"a",NA,6912060,35.20627,31.7057,166.539587974548,244.229998588562,407.25,109.802080154419,166.8251953125,322.90185546875,546.69921875,72.900146484375,135.75,296,367.25,110.25,173,290.25,470,102,195.841689109802,289.369077682495,563.646545410156,115.007869720459,197.604751586914,299.737701416016,572.384780883789,113.332572937012,208.872957229614,289.939632415771,581.508804321289,113.998241424561,213.455309867859,300,561.271957397461,110.998241424561
"543",802,"eBird","C3","Palestinian Territory",2020,3,7,1,"a",NA,6912063,35.33112,31.70449,192.706246376038,253.399996757507,285.75,108.20662689209,190.631103515625,335.798095703125,398.42578125,64.38623046875,158.5,301.75,247.75,110,197,302.5,310.25,99,222.441029548645,275.291113853455,449.872535705566,114,224.020948410034,285.983448028564,457.643539428711,112.264848709106,234.485630989075,276.635136604309,464.299224853516,113.381139755249,237.979273796082,288.841009140015,447.157302856445,110.087396621704
"544",803,"eBird","C4","Palestinian Territory",2020,3,28,1,"a",NA,6948316,35.01015,31.38659,177.005834579468,257.520003318787,295,108.53466796875,173.319580078125,320.888427734375,411.867431640625,65.356689453125,142,302.5,246,107.25,179.25,289.25,327,99.5,204.049897193909,279.433646202087,419.183532714844,113.095512390137,205.685143470764,286.697859764099,429.739372253418,111.377090454102,218.489022254944,280.239253044128,429.43815612793,109.532707214355,221.783318519592,294.322514533997,413.502029418945,106.515506744385
"545",806,"eBird","C3","Palestinian Territory",2021,3,14,1,"a",NA,6912062,35.26964,31.67294,179.023662567139,251.391998291016,342.8,109.732690429687,177.9138671875,328.22421875,469.5806640625,68.507421875,146.6,299.2,304,110,184.2,295.2,387,100.6,209.753662109375,283.624530792236,484.173303222656,114.616879272461,211.057441711426,295.059810638428,492.822973632812,112.938745117187,221.869281768799,286.035980224609,499.134680175781,113.396662902832,225.777976989746,297.989395141602,481.077197265625,110.516307067871
"546",807,"eBird","C3","Palestinian Territory",2021,3,20,1,"a",NA,6865445,35.40759,32.07668,200.549163818359,257.620005607605,327.25,109.419979095459,200.271240234375,339.30029296875,412.37353515625,66.4267578125,168.25,288.25,287.75,109.75,206.5,306,323.25,99.5,222.263612747192,301.374220848083,460.996620178223,112.736074447632,223.893666267395,308.389205932617,465.759017944336,110.471590042114,232.865014076233,293.032073974609,478.823661804199,113.428152084351,236.504163742065,300.708708763123,464.928611755371,109.766479492188
"547",811,"eBird","C4","Turkey",1986,3,27,1,"a",NA,6233567,38.79504,37.16568,180.70333480835,380.249996185303,456.5,79.0108394622803,173.764892578125,460.177978515625,566.900390625,68.2529296875,124.5,381.75,462,85,173,405,516.5,72.25,207.399868965149,408.888864517212,438.555122375488,76.213794708252,209.922695159912,411.840686798096,453.09041595459,76.3307018280029,221.383991241455,380,499.05167388916,80.4449787139893,226.618313789368,380,502.718421936035,77.7876052856445
"548",815,"eBird","C4","Palestinian Territory",2021,4,9,1,"a",NA,6896523,35.3046,31.8323,178.88708114624,246.360001564026,369.25,109.299407958984,178.16650390625,326.488037109375,512.990966796875,71.348876953125,146.75,290.75,356.5,111.5,184.5,293.75,433.25,101.75,205.844902992249,288.062148094177,538.475242614746,114.00234413147,206.680178642273,298.53967666626,545.122528076172,112.015235900879,217.435398101807,287.252378463745,556.858337402344,113.915441513062,221.237959861755,298.465938568115,538.178688049316,110.135654449463
"549",817,"eBird","C3","Tunisia",1978,4,20,1,"w",NA,6274329,10.56829,36.81714,NA,NA,NA,NA,NA,NA,NA,NA,131.25,277.25,417,64.25,NA,NA,NA,NA,208.033165931702,216.854701042175,531.895378112793,66.9357414245605,208.102836608887,219.730854034424,515.443214416504,62.6036520004272,217.459416389465,203.088574409485,541.105545043945,69.9310932159424,218.892741203308,222.091684341431,565.614196777344,70.2227401733398
"550",818,"eBird","C3","Tunisia",1978,4,15,1,"w",NA,6476305,8.74849,35.18931,166.317083835602,312.259998321533,311.25,27.7787094116211,153.497802734375,399.45654296875,357.027587890625,31.736572265625,113,295.5,320.5,42.5,159.5,365.25,378.25,30.5,189.375004768372,348.064489364624,303.9775390625,29.540506362915,189.867186546326,350,302.092254638672,26.4964818954468,199.463872909546,350,309.139305114746,25.9397392272949,202.480936050415,360,313.809410095215,25.1093182563782
"551",819,"eBird","C4","Turkey",2014,6,7,1,"a",NA,6041716,30.87277,38.69429,111.18958234787,325.47999382019,460.5,40.7173004150391,108.65087890625,403.112548828125,527.35595703125,38.998291015625,55,333.75,427,44.75,108.25,353,489.75,33.5,145.528502464294,369.680976867676,386.943939208984,37.1177845001221,146.471176147461,370,393.793609619141,38.1442670822144,157.514824867249,340,393.067420959473,38.9770231246948,165.528500080109,340,397.071899414062,37.4844369888306
"552",821,"eBird","C3","Turkey",2012,4,21,1,"a",NA,5881168,32.19372,39.95995,115.785554250081,331.299997965495,402.833333333333,42.6534455617269,114.77490234375,417.279947916667,481.1640625,44.4988606770833,62.8333333333333,351.166666666667,401,43.5,115.333333333333,361.333333333333,442.5,36.6666666666667,147.997612953186,388.063176472982,394.815938313802,42.8457037607829,149.703359603882,389.437071482341,411.489278157552,43.4621073404948,162.375758488973,357.407372792562,423.509562174479,48.0857785542806,168.180456161499,350.499884287516,418.056091308594,45.0577379862467
"553",822,"eBird","C4","Turkey",2016,6,4,1,"a",NA,5979615,33.29582,39.16884,110.609583854675,341.949987411499,411.5,52.8080177307129,107.91796875,422.989990234375,479.700439453125,53.43994140625,55.25,367.5,379.5,54,107.75,368.75,434.25,46.5,158.993113040924,366.018829345703,389.956741333008,45.5846452713013,159.91804599762,369.022340774536,402.717620849609,47.782039642334,175.628700256348,334.86475944519,413.118606567383,48.6581401824951,179.817457199097,329.893102645874,413.500587463379,46.8109741210938
"554",824,"eBird","C4","Turkey",2016,7,2,1,"a",NA,5896722,32.75556,39.85201,101.517002105713,338.159996032715,400.8,43.2595260620117,102.612109375,426.8048828125,474.5109375,45.0583984375,48.8,366,401.2,43.8,102.4,368.4,443.2,38.8,140.106172561646,379.931510925293,438.108776855469,36.855330657959,141.562166213989,380,458.016107177734,38.5800224304199,154.37674331665,340,465.223004150391,40.1526672363281,161.086652755737,340,463.609844970703,39.7245780944824
"555",826,"eBird","C3","Turkey",2017,4,27,1,"a",NA,5912261,32.71483,39.70951,106.380000114441,342.370014190674,397.5,42.5252799987793,106.333984375,427.896484375,451.614013671875,45.95947265625,54,367.5,368.25,44.25,107,371.5,413,38.75,145.408117771149,380,397.706832885742,36.2504472732544,147.431876659393,380,415.562103271484,38.8274383544922,159.643368721008,340,420.347236633301,39.0291938781738,167.431874275208,340,419.756370544434,39
"556",828,"eBird","C3","Turkey",2017,4,27,1,"a",NA,5927801,32.7152,39.61941,107.398750782013,342.159996032715,393.75,42.8452939987183,107.37646484375,427.759033203125,445.141357421875,46.641845703125,55.25,367.5,357.25,44.75,107.75,371,405.5,39.5,146.546382904053,380,376.891288757324,36.9090490341187,148.204293251038,380,393.359352111816,39.0007486343384,161.572523117065,340,397.107772827148,39,168.204298019409,340,397.217063903809,39
"557",830,"eBird","C3","Turkey",2017,5,4,1,"a",NA,5907083,32.7928,39.75648,108.439166545868,344.420013427734,386,42.1004161834717,109.446533203125,430.425537109375,442.94873046875,45.986083984375,57,370.75,364,44,110,373.25,405.75,38.25,149.608407020569,380,375.355834960938,36.7385663986206,150,380,392.565956115723,38.9561882019043,165.195250511169,340,397.041984558105,39.1878938674927,170,340,396.578575134277,39.2056770324707
"558",831,"eBird","C3","Turkey",2017,5,14,1,"a",NA,5917441,32.74256,39.69671,108.090333938599,344.560012817383,391.6,42.1679222106934,108.4763671875,429.3091796875,443.8517578125,46.1615234375,56,369,361.2,44.4,109,372.8,405.2,38.6,148.072832107544,380,375.753887939453,36.3176872253418,149.142362594604,380,392.683361816406,38.9001708984375,163.747903823853,340,397.043060302734,39.0003898620605,169.142360687256,340,396.6296875,39
"559",832,"eBird","C3","Turkey",2017,5,4,1,"a",NA,5917442,32.77875,39.67228,109.054666519165,344.968002319336,390.8,41.9480079650879,108.8810546875,428.7703125,439.6625,46.739453125,56.4,369.2,354.4,45,109.4,372.4,400.2,39.4,149.009510040283,380,364.493231201172,36.6603454589844,149.604295730591,380,380.842340087891,39.1145462036133,164.398139953613,340,384.6025390625,39,169.604297637939,340,384.616766357422,39.0246109008789
"560",834,"eBird","C3","Turkey",2018,4,15,1,"a",NA,5907081,32.7253,39.76971,104.916332244873,342.456008911133,394.6,42.9785675048828,105.0939453125,428.1748046875,460.100390625,45.4962890625,52.6,367.4,381.4,44,105.8,370.4,424.2,38.6,144.269550323486,380,402.460510253906,36.2294082641602,145.362367630005,380,420.7380859375,38.3875862121582,157.941953659058,340,426.292816162109,39.5335746765137,165.252466201782,340,425.291467285156,39.0351860046387
"561",835,"eBird","C4","Turkey",2018,4,21,1,"a",NA,5989944,32.00236,39.08757,118.39124917984,320.289998054504,382.75,39.2314462661743,115.631591796875,410.625,463.509521484375,40.716552734375,65.25,340,349.5,42.75,115.75,359,422,35.5,158.002684116364,393.714771270752,337.192008972168,39.9964027404785,159.646337032318,400,345.23560333252,41,170,360.220375061035,344.932861328125,41.8655338287354,178.958053588867,359.41554069519,347.328079223633,40
"562",842,"eBird","C4","Turkey",2020,5,27,1,"e",NA,6026467,42.98882,38.79664,87.3136692047119,346.047996520996,493.4,52.5145950317383,78.844140625,486.2458984375,616.7744140625,39.3427734375,28.2,371.4,461.2,60,81.2,400.8,546.6,48,137.017873764038,343.200309753418,549.800402832031,55.6821151733398,137.503429412842,339.838928222656,570.769982910156,57.8067237854004,150.85048866272,312.759796142578,585.364318847656,54.0794761657715,158.837404251099,322.663185119629,593.753039550781,54.0963241577148
"563",843,"eBird","C4","Turkey",2017,5,13,1,"a",NA,5819055,34.12893,40.47983,124.724668502808,338.167991638184,432.2,32.8591087341309,123.8287109375,414.3287109375,472.9609375,41.0529296875,72.4,360.2,394.2,39,124.4,365.2,443,33,169.409267425537,380,330.997418212891,37.7418411254883,169.710693359375,380.284881591797,347.750665283203,40.3920867919922,182.843242645264,359.959358215332,344.669604492187,41.4282035827637,189.215538024902,359.495826721191,343.888836669922,41.0659027099609
"564",846,"eBird","C4","Turkey",2018,4,28,1,"a",NA,5860512,34.84,40.16,106.22166633606,337.370004653931,472,37.1973295211792,103.236328125,422.93603515625,495.115478515625,42.922119140625,51.5,372.75,408,44.25,104.25,374.25,455.75,39.75,139.685258865356,370,442.053924560547,36.600193977356,143.344094753265,370,460.966865539551,38.9901342391968,158.750879764557,338.654146194458,453.172142028809,39.9064388275146,162.254900932312,340,452.780174255371,39.8658800125122
"565",847,"eBird","C4","Turkey",2018,5,5,1,"a",NA,6150471,29.82449,37.811,127.430000305176,307.343997955322,539.6,49.4044136047363,130.32109375,398.3107421875,573.100390625,51.6861328125,75.6,327,579.6,60,128.8,363,542,40.6,177.403369903564,349.863822937012,393.988500976562,44.5630828857422,178.44998550415,359.843505859375,392.699694824219,44.8374061584473,183.930885314941,333.84423828125,409.148669433594,49.1948417663574,188.838386535645,332.436698913574,393.593572998047,45.0642105102539
"566",848,"eBird","C3","Turkey",2016,4,21,1,"w",NA,5689374,26.60835,41.52192,135.357999801636,301.847995758057,598,33.4694732666016,134.4375,437.2771484375,690.3765625,44.0896484375,75,336.8,658.4,37.6,135.8,346.8,651.8,30,170,340,561.5353515625,38.3775184631348,170,350.018753051758,567.647924804687,34.3589767456055,179.863021850586,339.35179901123,585.704870605469,40.0578071594238,188.152488708496,340,589.906762695313,40.419669342041
"567",852,"eBird","C3","Turkey",2014,5,3,1,"w",NA,5741219,28.4618,41.1122,135.914998054504,259.119997024536,673.75,44.3848924636841,132.935546875,361.65380859375,752.02197265625,53.291015625,78.25,309.5,697.25,47,133.75,286.5,719.5,40,166.612882614136,242.762889862061,744.784454345703,46.5248966217041,166.773524284363,256.576070785522,778.928451538086,44.4758739471436,177.404203414917,248.463611602783,807.699600219727,50.4232082366943,183.675775527954,259.419627189636,819.459167480469,49.1380224227905
"568",853,"eBird","C3","Turkey",2014,5,26,1,"w",NA,5736040,28.53056,41.12654,138.91722202301,257.11999575297,676,45.418124516805,136.574055989583,358.927734375,743.668619791667,53.6964518229167,82.1666666666667,308.666666666667,686.333333333333,47.3333333333333,137.5,284,710.166666666667,40.6666666666667,169.507185618083,241.977761586507,679.764353434245,47.0995934804281,169.536155064901,255.580247243245,711.230163574219,44.9898376464844,179.666035970052,247.870515187581,737.658894856771,51.0621407826742,188.496554692586,258.835233052572,748.072001139323,49.7405033111572
"569",857,"eBird","C3","Turkey",2020,6,8,1,"w",NA,5746393,28.2446,41.06988,138.796667098999,260.907329559326,633,45.5150047302246,135.538162231445,369.073590087891,698.689135742188,54.4290336608887,80.2,302.8,644,49.2,136,294.8,660.6,39.6,170,244.447593688965,560.552099609375,45.7886993408203,170,256.91529083252,584.60322265625,43.5499885559082,180,247.834552764893,603.361364746094,48.8206069946289,188.350894927979,259.2717628479,611.4599609375,48.1188453674316
"570",859,"eBird","C3","Turkey",2021,6,26,1,"w",NA,5746394,28.25757,41.06418,NA,NA,NA,NA,NA,NA,NA,NA,80.8,302.4,648.2,49.6,NA,NA,NA,NA,170,242.12202835083,564.1484375,46.7109367370605,170,253.773212432861,588.696228027344,44.4915512084961,180,244.907634735107,608.491088867188,49.7271820068359,188.884986877441,256.595237731934,616.969873046875,48.9701591491699
"571",861,"eBird","C4","Turkey",2013,7,17,1,"w",NA,6057160,26.842,38.55461,NA,NA,NA,NA,NA,NA,NA,NA,119.2,254.6,710.6,80.4,171,296.4,700.6,76.2,200,267.440238952637,530.277294921875,82.7553970336914,200,275.958335876465,527.544177246094,80.5144592285156,210,264.655704498291,543.548559570312,80.3360885620117,219.940357208252,274.825759887695,530.355749511719,81.3461837768555
"572",866,"eBird","C3","Turkey",2020,5,8,1,"w",NA,6057162,26.93941,38.56552,171.009670257568,280.919998168945,650.2,82.4609024047852,173.448947143555,345.300628662109,762.150073242188,77.93046875,119.4,257,713.4,79.4,171.2,301.8,701,74.6,200,301.470699310303,574.093591308594,80.9257431030273,200,310.065628051758,571.087866210937,78.6620147705078,210,296.148143768311,591.609191894531,78.8876800537109,219.619277954102,305.708686828613,577.102270507812,79.8218887329102
"573",869,"eBird","C4","Turkey",2020,7,12,1,"e",NA,5788198,43.45608,40.74297,60.3224992752075,409.039993286133,438,53.6263217926025,49.775146484375,518.226806640625,542.89013671875,50.259033203125,4.25,430,307,41.5,51.5,448.75,488.25,48.25,95.4814577102661,429.103336334229,467.649375915527,44.3261566162109,97.9523277282715,414.877042770386,500.59716796875,48.0224637985229,110.576999187469,382.353944778442,499.398193359375,43.6282787322998,120,418.317680358887,492.064842224121,42.9383335113525
"574",872,"eBird","C3","Turkey",2015,6,4,1,"a",NA,6109103,32.82741,38.14846,99.5186653137207,340.199996948242,439.8,60.6377990722656,99.0478515625,430.9466796875,460.0845703125,50.9849609375,49.8,364.8,346.4,53,99,380,413.2,47.2,143.451583862305,380.108322143555,385.425927734375,46.1538093566895,144.914455413818,382.821754455566,390.385461425781,48.070100402832,157.801847457886,344.336067199707,397.803302001953,47.1210578918457,164.474105834961,340.031234741211,395.345233154297,45.1426597595215
"575",873,"eBird","C4","Turkey",2017,6,29,1,"a",NA,6192008,33.86804,37.48337,115.416000366211,356.416000366211,437.4,60.8206573486328,113.0916015625,425.9228515625,433.711328125,46.516796875,63.4,358.6,351,52.2,112.8,382,394.4,43.4,159.657562255859,379.854957580566,285.074389648437,50.1830390930176,162.436813354492,380.028663635254,291.361865234375,52.1637161254883,169.657566070557,349.635848999023,288.599224853516,51.4706344604492,179.27571105957,350.034255981445,276.3865234375,48.2677177429199
"576",875,"eBird","C3","Turkey",2017,6,10,1,"a",NA,6135005,32.90983,37.91995,107.318751811981,340.160007476807,451.75,61.1403341293335,107.303466796875,429.1259765625,425.578369140625,50.36865234375,57.75,364.5,323.25,53.75,107.75,379,377,46.25,156.451683044434,386.072454452515,348.466461181641,48.011061668396,156.960985660553,388.568391799927,353.112174987793,49.939920425415,167.048878669739,351.082992553711,354.002082824707,48.4012680053711,175.448718070984,350,347.423362731934,46.1907663345337
"577",877,"eBird","C3","Turkey",2018,4,14,1,"a",NA,6057312,33.20139,38.55884,109.781999588013,344.176002502441,511.8,73.2622680664062,111.028125,428.113671875,558.2470703125,65.0974609375,60,370.8,445.4,68.4,110.8,377.6,506.2,63,160,340.667930603027,340.075579833984,46.8499565124512,160,342.132339477539,343.104241943359,47.8052711486816,172.830837249756,305.267189025879,356.02998046875,49.2405418395996,180,304.285511016846,355.797827148437,46.9030776977539
"578",878,"eBird","C4","Turkey",2017,4,27,1,"w",NA,6238479,27.6267,37.12398,186.307916641235,273.590006828308,766.75,90.2482929229736,182.831401824951,343.47216796875,891.67594909668,85.9709815979004,135.5,370.25,793.25,87,181.5,297,858.25,85.75,208.052325248718,231.441702842712,759.530456542969,93.2826766967773,208.320379257202,239.231085777283,722.382614135742,93.6358966827393,218.124265670776,225.571084022522,771.010971069336,94.2846641540527,223.917961120605,231.464943885803,757.074478149414,96.5222244262695
"579",881,"eBird","C3","Turkey",2016,7,19,1,"a",NA,5694749,34.73682,41.48855,119.269334793091,282.456001281738,642.4,26.4543334960937,123.415234375,339.6900390625,651.000390625,37.5357421875,78.4,288.6,554.2,33.2,123.6,288.4,640.2,27.2,151.34494972229,340.105590820312,549.646276855469,24.15094871521,152.520101547241,341.136817932129,569.84765625,25.1498477935791,170.198360443115,319.706848144531,544.956640625,23.2872077941895,174.488246917725,320.92707824707,541.601928710938,21.9643821716309
"580",883,"eBird","C3","Turkey",2015,4,28,1,"w",NA,5741198,27.613,41.10617,132.938333511353,270.695999145508,599.8,42.2472244262695,126.8216796875,388.515625,682.2400390625,53.730078125,69.6,296,631.2,49,128.2,311,634.8,38.4,165.68278503418,279.80827331543,577.81142578125,39.1717559814453,165.809997558594,292.422168731689,597.122485351563,36.933292388916,175.927959442139,283.654228210449,597.413330078125,41.1407783508301,180.576930999756,291.74772644043,594.709729003906,42.0122406005859
"581",885,"eBird","C3","Turkey",1987,4,26,1,"a",NA,6243907,37.98335,37.04914,176.601337432861,381.959999084473,403,79.1538223266602,171.9384765625,460.8666015625,484.44921875,70.9169921875,123.8,382,385.4,86.8,172,409.2,423.6,72.8,212.322448730469,410,358.866619873047,76.1824752807617,213.920867919922,419.483093261719,370.551263427734,76.4492736816406,226.399620056152,380,397.742761230469,79.6143630981445,232.120235443115,380,391.770281982422,76.9135070800781
"582",886,"eBird","C4","Turkey",2021,7,7,1,"a",NA,6275006,38.76102,36.83028,186.316661834717,396.512001037598,360,79.2160827636719,172.9955078125,458.0240234375,446.974609375,67.43515625,125.8,376.4,345.2,83.6,172.8,407.8,396,71.2,210.783992767334,417.904579162598,333.355053710938,77.9127380371094,217.687305450439,420,343.466876220703,77.7350189208984,229.81042098999,380.09765625,373.421051025391,81.1998718261719,234.816841125488,380.264457702637,375.523522949219,78.1181762695312
"583",888,"eBird","C3","Turkey",2016,5,22,1,"e",NA,6062735,43.32613,38.50057,90.3745818138123,364.079999923706,433,54.4309844970703,81.159423828125,480.026611328125,527.68212890625,40.673583984375,30,368.5,377.5,59.5,83,398.5,454.5,49.75,136.399652957916,377.061290740967,419.366989135742,54.7333555221558,136.280024051666,376.397104263306,434.075592041016,57.0173902511597,153.758218288422,346.320095062256,442.682418823242,53.9452257156372,158.740532398224,355.284280776978,447.645263671875,54.0767049789429
"584",889,"eBird","C3","Turkey",2018,4,14,1,"a",NA,6093578,33.4341,38.28911,109.08749739329,351.606674194336,454.333333333333,65.9873797098796,110.5048828125,439.264322916667,465.0576171875,55.9153645833333,58.1666666666667,384.5,364.5,58.1666666666667,110.333333333333,387.333333333333,414.833333333333,52.5,160,367.656733194987,342.927378336589,47.9051431020101,160,368.89134089152,346.275548299154,48.6642157236735,171.717220942179,331.853008270264,356.564737955729,50.0285409291585,180,333.143145243327,354.708989461263,47.5819975535075
"585",890,"eBird","C3","Turkey",2018,5,19,1,"a",NA,6078037,33.40882,38.39798,108.922666549683,343.832000732422,471.4,67.7335189819336,110.9646484375,436.9482421875,486.9689453125,58.60625,58.6,382.6,384.8,61,111,385,435.8,55.2,160,349.269706726074,344.956469726562,47.9032386779785,160,350.247047424316,347.848278808594,48.5422065734863,173.849555969238,313.775684356689,359.761944580078,50.104793548584,180,314.351333618164,358.801495361328,47.5917022705078
"586",892,"eBird","C4","Turkey",2000,6,6,1,"a",NA,6212719,33.49843,37.2933,114.618334770203,351.129999160767,437.5,60.9451570510864,113.465576171875,421.711181640625,472.194580078125,49.4375,64.25,356.5,389.25,55.5,112.75,380,435.5,45.75,158.555550575256,369.999990463257,332.729949951172,50.0149431228638,159.439651966095,373.019981384277,336.290618896484,51.7916479110718,168.812556266785,339.949054718018,339.011245727539,52.1083793640137,172.183356285095,340.050935745239,324.306465148926,47.8765182495117
"587",893,"Catry",NA,"Portugal",2017,NA,NA,1,"w",NA,6071864,-7.97149,38.45775,161.826667785645,270.113331476847,612.333333333333,60.6369743347168,157.986002604167,280.301920572917,707.943684895833,64.2919921875,120.833333333333,218.5,976.333333333333,76,156.166666666667,269.5,708.5,58.8333333333333,189.81987953186,280.461222330729,598.82709757487,65.3317082722982,190,280.8136399587,588.030253092448,65.013422648112,194.905726114909,269.625568389893,638.288899739583,64,200,282.927414576213,548.875111897786,58.0215822855631
"588",894,"Catry",NA,"Portugal",2017,NA,NA,1,"w",NA,6066684,-7.97719,38.46387,161.826667785645,270.113331476847,612.333333333333,60.6369743347168,157.986002604167,280.301920572917,707.943684895833,64.2919921875,120.833333333333,218.5,976.333333333333,76,156.166666666667,269.5,708.5,58.8333333333333,189.81987953186,280.461222330729,598.82709757487,65.3317082722982,190,280.8136399587,588.030253092448,65.013422648112,194.905726114909,269.625568389893,638.288899739583,64,200,282.927414576213,548.875111897786,58.0215822855631
"589",895,"Catry",NA,"Portugal",2017,NA,NA,1,"w",NA,6066683,-8.02398,38.48475,161.695413589478,264.339990615845,618.75,60.998348236084,158.03759765625,277.599853515625,714.4384765625,64.490966796875,121,217.25,986.75,76,156.25,267,715,59,188.218417167664,280,603.868637084961,65.0432071685791,189.758820533752,280,593.180282592773,65,191.099095344543,267.587299346924,645.278198242188,64,199.589872360229,280,554.463104248047,58
"590",896,"Catry",NA,"Portugal",2017,NA,NA,1,"w",NA,6118487,-7.84482,38.07979,164.95100402832,268.936004638672,557.2,62.0557228088379,160.5232421875,299.2806640625,664.7498046875,66.486328125,123.4,244.8,893.4,76.2,158.8,287,661,60,190,287.643028259277,522.885601806641,64.9612503051758,190.276584625244,288.932590484619,516.686511230469,65.7618240356445,197.748229980469,274.985641479492,547.501452636719,63.643595123291,200.069145202637,287.508769989014,474.152789306641,58.4509689331055
"591",897,"Catry",NA,"Portugal",2017,NA,NA,1,"w",NA,6134032,-7.6574,37.95081,168.615997314453,271.76000213623,535.2,62.8240562438965,163.4822265625,297.68125,638.534375,66.7244140625,126.2,244,845.8,75.6,162,284.2,631,60.2,192.198593139648,290,471.151599121094,64.1971923828125,196.728141784668,291.777240753174,465.560278320312,65.3422027587891,199.814590454102,280,486.569915771484,63.1581588745117,202.769077301025,290,423.883862304688,58.1843688964844
"592",898,"Catry",NA,"Portugal",2017,NA,NA,1,"w",NA,6108127,-7.85491,38.14532,165.097332000732,268.376007080078,561,61.8944328308105,160.664453125,297.2005859375,667.51171875,65.8505859375,123.6,240,898.8,76,158.8,284.8,662.2,59.8,189.973693847656,287.86519241333,531.262121582031,64.4367202758789,190.149730682373,288.807983398438,523.969287109375,65.1847702026367,199.924209594727,275.008983612061,558.18994140625,63.2318778991699,200.30313873291,288.461502075195,482.875085449219,57.9671836853027
"593",899,"Catry",NA,"Portugal",2017,NA,NA,1,"w",NA,6102942,-8.08196,38.1782,166.772918701172,254.159998893738,568.25,63.2501831054688,163.1630859375,282.5888671875,666.826171875,66.97119140625,127.75,230,896.75,77,161.5,270.25,660.5,61.25,190,280,534.311996459961,66.134744644165,190,280,528.563873291016,66.8172779083252,196.304802894592,260.163426399231,568.046981811523,64.8940334320068,200,278.533892631531,489.101531982422,59.8905191421509
"594",901,"Catry",NA,"Portugal",2017,NA,NA,1,"w",NA,6175474,-7.56967,37.62396,172.200555801392,268.300005594889,528.166666666667,66.2229665120443,164.22021484375,282.20947265625,631.65625,68.3121744791667,129.5,254.666666666667,826,75.8333333333333,163.5,265.666666666667,624.833333333333,62.1666666666667,196.381839116414,290,477.744817097982,66.550589243571,199.862626393636,290,473.061462402344,67.6230951944987,200,280,485.803746541341,65.8295936584473,201.197137832642,289.888788859049,425.796691894531,60.9421291351318
"595",902,"Catry",NA,"Portugal",2017,NA,NA,1,"w",NA,6170292,-7.66075,37.64112,173.207502365112,266.529998779297,523,66.8701667785645,165.586669921875,280.51953125,625.987548828125,68.701171875,131.25,254.25,817.75,76.25,164.5,264,616.5,63,198.234272003174,290,452.728393554688,66.6601371765137,200,290,448.568832397461,67.8145999908447,200,280,461.141571044922,65.8421230316162,201.552119255066,289.718751907349,403.327545166016,60.7498378753662
"596",903,"Catry",NA,"Portugal",2017,NA,NA,1,"w",NA,6113307,-7.86892,38.0971,164.802918434143,268.350009918213,560,62.0414953231812,160.272705078125,298.492431640625,667.791015625,66.5224609375,123.5,244.5,898.5,76.5,158.5,286,663.75,60,190,285.005798339844,531.611328125,65.1403560638428,190,287.148370742798,525.4365234375,65.9258995056152,196.981840133667,271.611890792847,557.518096923828,63.8589248657227,200,284.980425834656,482.629219055176,58.6017122268677
"597",905,"Catry",NA,"Portugal",2017,NA,NA,1,"w",NA,6165106,-7.88436,37.69299,167.227001190186,266.536010742188,557.8,65.2279449462891,160.2587890625,284.0447265625,657.6408203125,68.5466796875,126.6,252,873,78,158.8,268.6,655.4,63.2,189.715629577637,281.985870361328,493.956787109375,67.6104202270508,190,282.821437835693,491.667510986328,68.687580871582,190,268.518260955811,510.662310791016,66.9758453369141,192.0202293396,278.327770233154,444.960119628906,61.8942596435547
"598",906,"Catry",NA,"Portugal",2017,NA,NA,1,"w",NA,6159922,-8.07395,37.726,164.964170455933,260.379996299744,572.25,65.5406932830811,158.799072265625,278.746826171875,668.593017578125,68.908203125,126,247.25,891,78.5,157.25,263,670.25,64,181.501007080078,276.331629753113,521.139472961426,68.8303489685059,187.127356529236,274.693956375122,521.071418762207,70,184.889426231384,260,545.881317138672,68.3021240234375,189.408702850342,265.603122711182,475.003532409668,63.7015371322632
"599",908,"Catry",NA,"Portugal",2017,NA,NA,1,"w",NA,6154739,-8.18522,37.78824,163.230832417806,250.940001805623,582.833333333333,65.2414512634277,158.604329427083,275.220865885417,677.25537109375,68.6728515625,125.666666666667,239,902.666666666667,78.6666666666667,156.666666666667,259.666666666667,677.833333333333,64.1666666666667,180,271.297804514567,529.065073649089,69,180.46648979187,270,530.367736816406,70.1044235229492,180.080518722534,258.611796696981,559.259521484375,68.8786277770996,186.894779205322,261.390155156453,485.550064086914,64.0800005594889
"600",909,"Catry",NA,"Portugal",2017,NA,NA,1,"w",NA,6149558,-8.22941,37.81925,163.369169235229,247.049999237061,585.5,65.1671810150146,159.045654296875,273.09814453125,678.234619140625,68.68798828125,126.25,236.5,904.5,78.75,157,257.75,679,64,180.073761940002,271.679096221924,526.925903320312,69.0457515716553,180.994172096252,270.068883895874,528.402801513672,70.2627696990967,180.407423973083,257.435293197632,558.348678588867,68.9495391845703,186.118288040161,261.143789291382,484.149993896484,64.1051559448242
"601",910,"Catry",NA,"Portugal",2017,NA,NA,1,"w",NA,6154741,-8.08818,37.78288,164.212083816528,256.269989013672,572.25,64.8241920471191,159.20166015625,280.45947265625,669.47216796875,68.69189453125,126,244.5,891.5,78.25,157.75,265.25,668.75,63.5,180.571999549866,277.700572013855,503.25666809082,68.9895820617676,188.629741668701,275.677185058594,503.302513122559,70,187.024807929993,260,528.748428344727,68.0555000305176,190,267.987837791443,459.323974609375,63.6927289962769
"602",911,"Catry",NA,"Portugal",2017,NA,NA,1,"w",NA,6149562,-8.07278,37.7951,164.444999694824,256.687992095947,570.6,64.7729644775391,159.4099609375,281.1951171875,668.1896484375,68.63984375,126.2,245,889.4,78.2,158,265.8,667.4,63.4,181.961132049561,278.160457611084,498.129089355469,68.8693435668945,188.903793334961,276.541748046875,497.976861572266,69.9930847167969,187.619846343994,260,523.003887939453,68.0444000244141,190,268.390270233154,454.3130859375,63.5547431945801
"603",912,"Catry",NA,"Portugal",2017,NA,NA,1,"w",NA,6165105,-7.93456,37.69383,166.702914237976,265.110001564026,560,65.5439281463623,159.87841796875,282.56591796875,659.927734375,68.787109375,126.25,250.5,876.25,78.25,158.75,266.5,658.5,63.5,188.431510925293,280,503.531639099121,67.9826774597168,190,280.110840797424,501.779571533203,69.1762619018555,190,264.099521636963,522.337028503418,67.4983997344971,190.20637512207,273.776941299438,455.009140014648,62.3650684356689
"604",913,"Catry",NA,"Portugal",2017,NA,NA,1,"w",NA,6159923,-8.00125,37.72201,166.262502670288,262.780003547668,562.75,65.6636085510254,159.77392578125,280.828369140625,661.4990234375,69.074951171875,127,249,878,78.25,158.5,264.75,660,63.75,186.07271194458,280,509.688049316406,68.2219772338867,190,279.855637550354,508.774040222168,69.7660064697266,189.775724411011,260,531.344436645508,68,190,269.855637550354,462.584854125977,63.073657989502
"605",915,"Catry",NA,"Portugal",2017,NA,NA,1,"w",NA,6154742,-8.04639,37.76837,165.228757858276,260.47999382019,568.5,65.1739673614502,159.471923828125,280.74755859375,665.50634765625,68.900146484375,126,247.25,885.75,78,158,265.25,666.5,63.5,182.852458953857,279.299983978271,504.906616210938,68.709156036377,189.578456878662,278.307332992554,504.579063415527,70,188.30894947052,260,528.517333984375,68.0301094055176,190,269.021511077881,459.623931884766,63.391655921936
"606",917,"Catry",NA,"Portugal",2017,NA,NA,1,"w",NA,6154743,-8.00996,37.75199,166.029171943665,261.889991760254,561.75,65.3075790405273,160.1513671875,282.6201171875,660.922119140625,68.74755859375,126.75,248.25,878.25,78,158.75,266.75,659.25,63.25,187.580490112305,280,493.666084289551,68.2238655090332,190,279.964032173157,492.865821838379,69.6962337493896,189.856119155884,260,515.285308837891,67.9827136993408,190,269.964032173157,448.211494445801,62.9705362319946
"607",918,"Catry",NA,"Portugal",2017,NA,NA,1,"w",NA,6154738,-8.219,37.77633,163.462665557861,248.792003631592,582.8,65.4024810791016,159.10546875,272.7916015625,675.538671875,68.9302734375,126.2,236.6,899,79,157.2,257.2,676,64.4,180,270.428153991699,523.476556396484,69.0895294189453,180.860527038574,269.959636688232,525.201861572266,70.3186126708984,180.040363311768,256.364635467529,554.269067382813,69.1086288452148,186.623184204102,260.276584625244,481.100872802734,64.2848236083984
"608",920,"Catry",NA,"Portugal",2017,NA,NA,1,"w",NA,6149557,-8.26446,37.80578,163.861331939697,245.464000701904,581.2,65.5593505859375,159.8654296875,270.056640625,673.0076171875,69.164453125,127.4,234,894.4,79.2,158,254.4,673,64.6,180.047130584717,270.036197662354,512.956353759766,69.3261306762695,182.031967163086,269.744560241699,514.964434814453,70.6978149414062,180.498138427734,252.771461486816,544.116455078125,69.1898620605469,187.820598602295,259.95337677002,471.920001220703,64.5346237182617
"609",921,"Catry",NA,"Portugal",2017,NA,NA,1,"w",NA,6154744,-7.9748,37.75792,166.524669647217,262.367992401123,557.4,65.3301544189453,160.5779296875,283.8126953125,658.1953125,68.678515625,126.8,248.6,872.6,77.6,159.4,267.8,655.2,63,189.005382537842,280,484.630529785156,68.1077026367188,190,280,483.4515625,69.3569869995117,190,261.72908782959,504.814562988281,67.6132019042969,190.241569519043,271.661514282227,439.216241455078,62.5560127258301
"610",924,"Catry",NA,"Portugal",2017,NA,NA,1,"w",NA,6159920,-8.15677,37.74329,163.260662078857,254.263996124268,581.8,65.3554473876953,158.0376953125,276.0462890625,677.048828125,68.7728515625,125.4,241.4,900.6,79,156.4,259.8,677.8,64,180,270.159801483154,530.178466796875,69,180.379600524902,270.062911987305,531.348571777344,70.026496887207,180.061233520508,259.595584869385,559.023205566406,68.9308792114258,185.684070587158,260.247951507568,485.991418457031,64.0669647216797
"611",927,"Catry",NA,"Portugal",2017,NA,NA,1,"w",NA,6154740,-8.14246,37.75304,163.339996337891,254.719994862874,580.833333333333,65.3094749450684,158.147298177083,276.548177083333,676.166341145833,68.7159830729167,125.5,241.666666666667,899.666666666667,79,156.5,260.5,676.666666666667,64,180,270.618874231974,527.939086914062,69,181.146211624146,270.205895105998,528.988911946615,70.0220807393392,180.350545247396,259.662987391154,556.417012532552,68.8127326965332,186.403392155965,260.830135345459,483.705963134766,64.05411084493
"612",928,"Catry",NA,"Portugal",2017,NA,NA,1,"w",NA,6149560,-8.13747,37.81232,163.51566696167,252.583999633789,580.2,65.00166015625,158.683984375,278.2291015625,675.8205078125,68.46875,125.6,241.2,901.4,78.4,157,263,675.6,64,180.046493530273,275.166481018066,522.668572998047,69,183.119190216064,272.014106750488,523.347479248047,70,182.256820678711,259.994400024414,551.47353515625,68.4454742431641,188.589111328125,265.440975189209,478.726550292969,63.973860168457
"613",930,"Catry",NA,"Portugal",2017,NA,NA,1,"w",NA,6165107,-7.87006,37.6962,167.46458530426,266.790008544922,556.5,65.1769962310791,160.469482421875,284.446044921875,656.46875,68.50244140625,126.75,252.5,870.25,78,159,269.25,653.5,63,190,282.48233795166,489.533111572266,67.5130252838135,190,283.526797294617,487.129203796387,68.6094760894775,190,270,505.673622131348,66.7797718048096,192.5252866745,279.915528297424,440.664878845215,61.759428024292
"614",934,"Catry",NA,"Portugal",2017,NA,NA,1,"w",NA,6165104,-7.99165,37.67422,165.702331542969,263.112007141113,566.8,65.7748291015625,158.7810546875,279.9681640625,665.72734375,69.114453125,125.8,249.6,885.8,78.6,157.6,263.4,666.2,64,183.556446075439,280,524.695288085937,68.3552856445312,189.495464324951,279.746227264404,523.444030761719,69.7446838378906,188.152519226074,260.518260955811,545.948181152344,68.0027267456055,189.983200073242,270.141574859619,475.589129638672,63.0809646606445
"615",935,"Catry",NA,"Portugal",2017,NA,NA,1,"w",NA,6159921,-8.11163,37.72893,163.856666564941,257.75199508667,579,65.4224716186523,158.1091796875,277.71328125,674.34453125,68.7849609375,125.4,244.2,898,78.8,156.6,261.8,675.6,64,180.017971038818,272.398151397705,529.285375976562,68.9941146850586,183.524173736572,271.282524108887,529.826928710938,70,181.425888061523,260,556.143823242188,68.6134796142578,187.652004241943,262.373668670654,483.787109375,63.9508544921875
"616",936,"Catry",NA,"Portugal",2017,NA,NA,1,"w",NA,6149563,-8.00644,37.80854,165.470333099365,259.31999206543,562.6,64.8445831298828,160.12421875,283.9064453125,663.0212890625,68.5322265625,126.4,247,882.4,77.8,158.8,268.4,661.4,63,186.882377624512,280,481.199475097656,68.3787139892578,190,279.981246948242,480.389624023437,69.7334030151367,190,260.193241119385,503.2998046875,67.8965560913086,190,270,437.309997558594,62.9205146789551
"617",940,"Catry",NA,"Portugal",2017,NA,NA,1,"w",NA,6159924,-7.9743,37.71047,166.410557428996,263.433335622152,561.166666666667,65.6076240539551,159.890625,281.562337239583,660.686848958333,68.95458984375,126.833333333333,249.666666666667,876.833333333333,78,158.666666666667,265.333333333333,659.166666666667,63.6666666666667,187.144832611084,280,506.028355916341,68.1479848225911,190,279.903758366903,504.833638509115,69.5106709798177,189.850482940674,261.066347757975,526.72395324707,67.8158823649089,190.034395853678,270.811367034912,458.613271077474,62.7936674753825
"618",941,"Catry",NA,"Portugal",2017,NA,NA,1,"w",NA,6159919,-8.16788,37.74015,163.095412254333,253.269996643066,582.25,65.341423034668,158.0419921875,275.631591796875,677.6484375,68.82861328125,125.25,240.75,901.75,79,156.25,259.5,678.5,64,180,270,529.63166809082,69,180,270,530.94548034668,70.0331211090088,180,259.494481086731,558.943511962891,68.9654273986816,185.196385383606,260.086431503296,485.849403381348,64.0837059020996
"619",943,"Catry",NA,"Portugal",2017,NA,NA,1,"w",NA,6165103,-8.00825,37.68151,165.506999969482,262.064002990723,568.2,65.8532760620117,158.65390625,278.9439453125,666.7693359375,69.209765625,125.8,249,887.6,78.8,157.4,262.6,667.6,64,181.964641571045,279.379188537598,527.212719726562,68.5540603637695,189.154983520508,278.435977935791,526.289196777344,69.9446838378906,187.183010101318,260,549.567834472656,68.1097732543945,189.983200073242,268.688831329346,478.707232666016,63.3763542175293
"620",956,"Catry",NA,"Portugal",2017,NA,NA,1,"w",NA,6149559,-8.18318,37.83121,163.545004526774,249.54000155131,583.833333333333,64.9474360148112,158.9365234375,276.065755208333,677.337890625,68.4423828125,125.833333333333,238.5,905.333333333333,78.3333333333333,157,261.166666666667,678,64,180.144770940145,275.157527923584,524.157323201497,69,181.819845835368,271.579275131226,525.106430053711,70.0248692830404,181.131035486857,259.718427658081,554.437042236328,68.5782686869303,187.343769073486,264.92805480957,480.848047892253,63.9946155548096
"621",960,"Catry",NA,"Portugal",2017,NA,NA,1,"w",NA,6165101,-8.11271,37.69702,163.763668060303,257.303997039795,580.4,65.576887512207,157.7837890625,276.537109375,675.7962890625,68.9802734375,125.2,243.8,901,79.2,156.2,260.4,677.6,64,180.123825073242,271.66817855835,536.995007324219,68.9987747192383,182.525074005127,270.7568359375,537.65869140625,70,181.162036895752,260,564.290710449219,68.8040664672852,185.845359802246,261.178199768066,491.102435302734,63.9898139953613
"622",978,"RU-BIRDS.RU",NA,"Azerbaijan",2013,5,12,0,"e",NA,5923017,49.21992,39.65137,151.985668182373,319.44800567627,301.6,44.723902130127,146.018359375,418.137890625,345.541015625,38.5796875,115.4,384,189.8,32,149.2,340.8,301.2,39.6,180,330.342872619629,248.656311035156,48.5500411987305,180,326.325580596924,255.851260375977,48.3344200134277,200,299.184638977051,244.783386230469,50.7902893066406,200,305.594402313232,253.226947021484,55.3251861572266
"623",985,"Tracking",NA,"Bulgaria",2018,NA,NA,1,"w",NA,5565071,27.3238,42.53625,126.629335403442,308.975997924805,553.6,17.406734085083,124.9873046875,435.3048828125,637.5951171875,39.689453125,66.6,313.6,590.6,39,129,326.4,613.4,25.4,160,301.830265045166,484.848864746094,20.2723022460938,160,317.740093231201,492.25849609375,18.1574485778809,170,309.829124450684,495.030230712891,21.2644603729248,180,304.421806335449,478.572344970703,17.4897228240967
"624",988,"Tracking",NA,"Greece",2014,NA,NA,1,"w",NA,5932738,22.59433,39.57307,153.7906665802,315.527996063232,439,37.5496788024902,162.7130859375,399.72421875,615.803125,49.5853515625,102.8,317.8,523,41.8,158.8,353.4,516,34,190,323.671695709229,439.6986328125,43.7016632080078,190,335.762321472168,448.841937255859,45.8927177429199,200,326.989398956299,460.165838623047,46.0690010070801,210,326.174583435059,446.527777099609,43.1232780456543
"625",990,"Tracking",NA,"Greece",2014,NA,NA,1,"w",NA,5943101,22.74148,39.46267,154.821664810181,299.495998382568,452,41.4341720581055,166.315625,390.2537109375,634.890625,50.186328125,107,319.8,543.2,42.6,162.2,343.2,534.8,35.8,189.916923522949,302.056873321533,454.160235595703,44.3967597961426,189.922397613525,314.38013458252,464.044860839844,46.7509239196777,199.941795349121,305.457389831543,476.929864501953,47.1920288085937,209.527908325195,306.917030334473,462.519995117187,45.5838523864746
"626",992,"Tracking",NA,"Greece",2016,NA,NA,1,"w",NA,5963820,22.6961,39.3324,144.916666348775,296.82666460673,506.666666666667,41.1170380910238,155.4091796875,387.0849609375,702.1669921875,48.078125,95.3333333333333,310.333333333333,614.833333333333,44.6666666666667,150.333333333333,340.5,609.833333333333,35.8333333333333,177.703838348389,299.060522715251,486.366165161133,41.889554977417,178.687219619751,310.237852732341,497.44465637207,44.3027235666911,188.902165095011,301.389640172323,511.768137613932,45.6073665618896,193.869724273682,304.648853937785,495.967859903971,43.7971076965332
"627",993,"Tracking",NA,"Greece",2016,NA,NA,1,"w",NA,5948281,22.74225,39.42553,153.565999984741,299.511993408203,460.8,41.5158172607422,165.0037109375,388.7990234375,647.948828125,49.98984375,106.4,318.2,554.8,43.2,161.4,341.8,547.2,36.4,188.927894592285,299.276039123535,471.914422607422,43.5386619567871,189.059001922607,311.651023864746,482.306994628906,45.9745338439941,199.150405883789,303.286464691162,495.876812744141,46.6642913818359,206.778327941895,305.266159057617,480.867584228516,45.1292060852051
"628",1003,"Tracking",NA,"France",2012,NA,NA,1,"w",NA,5476431,3.14001,43.23001,148.092664718628,240.935997009277,569.6,32.9941841125488,143.0041015625,327.3298828125,673.755993652344,40.4244789123535,94.4,277.2,673.8,33,144.2,283,683.2,33.4,174.700016021729,234.871616363525,639.16669921875,46.0271865844727,174.69571685791,233.684505462646,652.163537597656,43.271556854248,184.495861053467,245.651821136475,677.228796386719,46.3896186828613,190,257.953392028809,607.661596679687,43.8257392883301
"629",1019,"Tracking",NA,"Portugal",2008,NA,NA,1,"w",NA,6144381,-8.10166,37.85556,164.451999664307,253.143993377686,573.4,64.6907180786133,159.6974609375,281.1744140625,670.1505859375,68.4513671875,126.2,242,894.6,78,158.2,266.8,668.8,63.4,181.310520172119,279.650787353516,491.466778564453,68.8553817749023,188.271907806396,278.014106750488,491.210723876953,69.939289855957,187.509819030762,260,517.774047851562,67.9567520141602,189.973697662354,269.772789001465,449.115124511719,63.4671752929687
"630",1028,"Tracking",NA,"Spain",2017,NA,NA,1,"w",NA,5647166,-5.4166,41.86345,123.098750114441,286.179995536804,523.75,35.9005088806152,115.542724609375,348.180908203125,487.604248046875,49.86181640625,76.75,259.75,470.5,44.5,116.5,309,441.5,33,150,330,443.560646057129,42.3131761550903,158.312170505524,329.688949584961,430.771003723145,40.5319871902466,166.268672943115,310,429.94962310791,37.9402341842651,170,320,405.226203918457,38.2512493133545
"631",1037,"Tracking",NA,"Spain",2017,NA,NA,1,"w",NA,5600750,3.11083,42.23746,152.498323440552,248.68773651123,527.2,34.2953399658203,NA,NA,NA,NA,110,252.2,555.2,28.4,NA,NA,NA,NA,179.95051574707,226.878028869629,586.357446289063,42.1206153869629,179.95051574707,225.984004974365,593.138269042969,36.702725982666,190,230.623313903809,632.671716308594,42.9868927001953,199.95051574707,248.443794250488,560.071179199219,37.9118789672852
"632",1038,"Tracking",NA,"France",2016,NA,NA,1,"w",NA,5398737,3.41395,43.85043,106.480667114258,251.695999145508,866.4,29.5407127380371,104.6400390625,327.5828125,817.76875,26.9810546875,55.4,235.4,821.2,28.4,107,287.4,830.6,20.8,131.953191757202,266.078029632568,1453.42746582031,48.2893363952637,131.865041732788,260.165901184082,1457.03408203125,45.4270072937012,141.650590896606,278.073081970215,1485.38559570313,44.5525291442871,150.215663909912,290.193439483643,1388.45046386719,45.1007995605469
"633",1039,"Tracking",NA,"Italy",2017,NA,NA,1,"w",NA,5777190,16.42342,40.81663,141.275665283203,262.808010101318,544.8,29.2136249542236,139.87890625,308.5599609375,720.919921875,38.86015625,79,221.6,593.8,32.8,136.2,284.2,643.6,26,170.618438720703,303.817615509033,569.703466796875,28.3167022705078,170.951766967773,301.170394897461,572.762670898437,25.9989547729492,182.470771789551,300.732780456543,570.369079589844,28.1556705474854,190.061794281006,314.481143951416,559.906591796875,27.5612205505371
"634",1040,"Tracking",NA,"Italy",2017,NA,NA,1,"w",NA,5797914,16.60384,40.665,144.636665980021,263.50666364034,606.5,32.7045799891154,145.10888671875,311.6064453125,727.239420572917,41.21728515625,84.8333333333333,223.5,589.833333333333,35.3333333333333,141,284.666666666667,648.166666666667,28.3333333333333,176.778281529744,303.203372955322,529.317011515299,30.1536273956299,178.240207036336,300.000905990601,531.565877278646,28.8288860321045,190.365959803263,300.769446690877,531.59651184082,29.51655737559,194.485937754313,311.634016036987,522.449193318685,29.4922091166178
"635",1063,"Tracking",NA,"Italy",2016,NA,NA,1,"w",NA,5777193,16.55277,40.82859,139.774332046509,264.77600479126,553.8,28.3520092010498,138.086328125,310.055078125,734.4767578125,38.3029296875,78.2,223.4,608.6,32.2,134.6,283.6,659.8,26,170,299.989063262939,593.418127441406,30.3122657775879,170.013149261475,299.400329589844,594.843530273438,28.031819152832,181.534732818604,299.806228637695,592.129821777344,29.4967586517334,189.95378112793,309.989063262939,581.042993164063,29.1533805847168
"636",1071,"Tracking",NA,"Italy",2014,NA,NA,1,"w",NA,6232980,14.35478,37.15197,172.103338241577,230.069999694824,411.5,68.1424789428711,171.16259765625,252.52978515625,551.630126953125,61.50537109375,120.75,208.25,402,56.75,165.75,232.5,462.25,62.75,197.472462654114,265.550575256348,464.399742126465,68.0478668212891,197.488899230957,264.426045417786,447.159301757812,68.1863918304443,206.354942321777,253.807883262634,498.224380493164,77.3402214050293,209.527907371521,264.824786186218,487.398796081543,71.4664669036865
"637",1072,"Tracking",NA,"Italy",2015,NA,NA,1,"w",NA,6227799,14.31338,37.17529,171.566947301229,229.213333129883,410,68.2589213053385,171.001302083333,250.069173177083,549.433268229167,61.16064453125,120.166666666667,208.5,401.833333333333,56.1666666666667,165.166666666667,230.166666666667,460.666666666667,62.3333333333333,196.961374282837,266.942625045776,452.559137980143,67.6199595133464,197.037757237752,265.761082967122,435.398635864258,67.7934379577637,205.124371846517,255.096060434977,484.941045125326,76.7791290283203,209.08935546875,266.229384740194,475.458643595378,71.1020304361979
"638",1073,"Tracking",NA,"Italy",2015,NA,NA,1,"w",NA,6238160,14.35786,37.10604,174.649002075195,228.335998535156,401.6,69.4276947021484,173.004962158203,248.517617797852,545.020935058594,62.158984375,122.4,203.2,395.8,57.8,167.6,229,456,64,198.749713897705,244.037528991699,483.361865234375,69.9514617919922,198.755699157715,242.531795501709,464.894305419922,70.2346221923828,208.058044433594,230.73104095459,519.413452148438,79.3273223876953,213.319095611572,244.035690307617,507.527624511719,73.5499877929688
"639",1075,"Tasos",NA,"Greece",2020,NA,NA,1,"w",NA,5710092,26.50396039,41.35319523,136.901666323344,290.726661682129,613.666666666667,37.417584101359,133.694498697917,428.302571614583,705.727213541667,46.55078125,73.6666666666667,339.333333333333,682.5,39,134.666666666667,341.333333333333,668.5,33.3333333333333,170,340,609.901184082031,43.445453008016,171.196012496948,350.170351664225,614.161529541016,39.8932355244954,179.9320824941,336.77588780721,635.646555582682,44.8163846333822,187.810443242391,340,640.544596354167,45.1257953643799
"640",1076,"Tasos",NA,"Greece",2020,NA,NA,1,"w",NA,5751505,25.40782271,41.03712697,143.307668685913,296.951999664307,549.6,40.3878425598145,143.11328125,404.2455078125,641.04140625,49.7767578125,83.6,353.8,598.2,33.6,143.2,320.2,594,35.6,179.714023590088,313.043399810791,507.75185546875,54.1241104125977,179.910137176514,327.520767211914,495.902099609375,50.9940322875977,189.910137176514,309.966567993164,540.784619140625,56.7503349304199,197.511684417725,313.410316467285,530.625573730469,57.223657989502
"641",1077,"Tasos",NA,"Greece",2020,NA,NA,1,"w",NA,5746325,25.4044341,41.04304316,143.338335355123,297.166668574015,549.5,40.2514629364014,143.121256510417,404.492838541667,640.530110677083,49.6783854166667,83.5,354.166666666667,597.333333333333,33.5,143.166666666667,320.333333333333,593.5,35.5,179.756914774577,312.385587692261,508.280080159505,54.1197414398193,179.925114313761,326.671861012777,496.251724243164,51.0034434000651,189.925114313761,308.990856806437,541.313802083333,56.6800931294759,197.294880549113,312.691351572673,531.202840169271,57.2296937306722
"642",1078,"Tasos",NA,"Greece",2020,NA,NA,1,"w",NA,5746324,25.35864749,41.04896783,143.489168485006,296.446666717529,548.166666666667,40.2665201822917,143.248860677083,404.3359375,639.174153645833,49.48681640625,83.3333333333333,354.666666666667,595.166666666667,33.1666666666667,143.166666666667,320,592.666666666667,35.5,179.891379674276,305.016930898031,517.567647298177,54.7347831726074,180,319.331490198771,505.008346557617,51.6477597554525,190,301.44510269165,551.617411295573,57.0862255096436,196.547393798828,305.314661661784,541.080190022786,57.7938461303711
"643",1079,"Tasos",NA,"Greece",2020,NA,NA,1,"w",NA,5886184,25.33992689,39.92039209,157.853100299835,251.179704666138,503.75,62.882737159729,155.801403045654,329.743057250977,633.437652587891,64.7071838378906,105,301,564.25,44.25,153.75,258.25,572.25,52.75,188.476915359497,185.189218521118,495.893753051758,72.252197265625,188.77507686615,196.999764442444,498.226341247559,70.9686222076416,199.140801429749,180,530.59782409668,69.8859443664551,200,190.333032608032,510.559638977051,72.0507049560547
"644",1080,"Tasos",NA,"Greece",2020,NA,NA,1,"w",NA,5886183,25.33273782,39.92760476,157.853100299835,251.179704666138,503.75,62.882737159729,155.801403045654,329.743057250977,633.437652587891,64.7071838378906,105,301,564.25,44.25,153.75,258.25,572.25,52.75,188.476915359497,185.189218521118,495.893753051758,72.252197265625,188.77507686615,196.999764442444,498.226341247559,70.9686222076416,199.140801429749,180,530.59782409668,69.8859443664551,200,190.333032608032,510.559638977051,72.0507049560547
"645",1081,"Tasos",NA,"Greece",2020,NA,NA,1,"w",NA,5896543,25.32409426,39.86648033,157.668935775757,247.768955230713,498.2,63.3789016723633,156.020324707031,327.286047363281,633.49423828125,65.0522323608398,105.2,296.8,562.6,45,153.4,257.2,571.8,53.2,186.611125946045,181.57612991333,498.624591064453,72.9841094970703,187.34196472168,191.89241027832,500.296728515625,71.6459259033203,197.430240631104,180,533.069403076172,70.1271102905273,199.755084991455,190,511.985162353516,72.4745071411133
"646",1082,"Tasos",NA,"Greece",2020,NA,NA,1,"w",NA,5891363,25.31016937,39.88224583,157.632446289062,248.174130121867,497.166666666667,63.140146891276,156.001429239909,327.759068806966,632.778330485026,64.7822736104329,105.333333333333,297.333333333333,561.5,44.6666666666667,153.5,257.5,570.833333333333,53,186.933511098226,181.337963740031,493.379348754883,72.8038813273112,187.626975377401,191.902538935343,495.055892944336,71.4584757486979,197.745469411214,180,527.591430664062,70.006534576416,199.795904159546,190,506.759165445964,72.316104888916
"647",1083,"Tasos",NA,"Greece",2020,NA,NA,1,"w",NA,5891362,25.28877378,39.90587418,157.324578762054,252.225494384766,500,61.8976736068726,155.412689208984,330.91153717041,631.678039550781,63.821834564209,105,302.5,562.75,43,153.25,259.5,570.5,52,187.841463088989,183.02041053772,482.698913574219,71.7878913879395,188.535308837891,195.705013275146,484.809387207031,70.4472160339355,199.057455062866,180,516.843696594238,69.5006580352783,200,190.061855316162,497.165214538574,71.5306854248047
"648",1084,"Tasos",NA,"Greece",2020,NA,NA,1,"w",NA,6191748,23.01213487,37.48575778,169.453342437744,263.663738250732,541.8,68.6124847412109,173.645721435547,323.951251220703,717.697436523438,67.4869049072266,120.2,287.8,601.6,68.6,169.8,293.2,627.8,66.2,205.474231719971,255.283420562744,441.489715576172,66.7421737670898,208.682800292969,263.463443756104,423.372314453125,67.0059631347656,214.881259918213,254.36988067627,488.429364013672,74.119108581543,221.721672058105,255.095779418945,427.688397216797,68.6295959472656
"649",1085,"Tasos",NA,"Greece",2020,NA,NA,1,"w",NA,6134767,22.99992921,37.92342523,170.727343559265,276.866674423218,537.75,65.8096218109131,177.223472595215,338.180107116699,718.516464233398,65.5860118865967,121.25,283.75,601,67.75,173,307.75,622.5,61,203.252658843994,257.184743881226,333.355522155762,67.9171562194824,204.1872215271,267.063999176025,323.978721618652,69.0754833221436,213.560767173767,256.896042823792,367.427879333496,73.9437999725342,218.050842285156,260.079803466797,329.381202697754,70.7859420776367
"650",1086,"Tasos",NA,"Greece",2020,NA,NA,1,"w",NA,5787707,22.9769997,40.74765156,140.672222773234,323.519999186198,450.5,21.6645714441935,148.628092447917,406.4599609375,565.484537760417,43.3981119791667,89.5,312.333333333333,484.166666666667,28,147,342.5,492.666666666667,24.1666666666667,176.61239306132,326.980425516764,564.184722900391,26.9485870997111,177.361510594686,340.021095275879,565.041870117188,27.3119567235311,190.740858713786,330.100237528483,582.182830810547,28.4802042643229,196.228609085083,327.450930277507,569.037068684896,26.863302230835
"651",1087,"Tasos",NA,"Greece",2020,NA,NA,1,"w",NA,6046705,22.8826389,38.63298613,147.963333129883,285.119998931885,614,54.4551307678223,158.709375,358.7607421875,806.1826171875,55.910546875,100.6,290.8,705.8,59.2,153.6,321.4,718.4,48.6,173.831287384033,312.351364135742,600.967504882812,52.2581336975098,174.404342651367,322.503196716309,602.557446289062,53.8501640319824,185.26150894165,316.663711547852,639.840405273437,56.6619071960449,190.958381652832,318.983348846436,607.579211425781,53.7075790405273
"652",1088,"Tasos",NA,"Greece",2020,NA,NA,1,"w",NA,5958642,22.77655405,39.36954693,150.385665893555,295.439998626709,481.2,41.1882316589355,161.3095703125,385.69296875,668.0619140625,49.4232421875,101.8,317.2,578.2,43.4,156.8,338.6,572.8,36.2,184.33309173584,282.169410705566,484.939416503906,44.0595588684082,185.047927856445,294.654933929443,495.629730224609,46.5273834228516,195.388038635254,286.936065673828,510.038610839844,47.4496704101563,201.10754776001,290.65104675293,494.528216552734,46.2308082580566
"653",1089,"Tasos",NA,"Greece",2020,NA,NA,1,"w",NA,5772162,22.77565343,40.84156297,146.388998031616,335.447998046875,442.2,20.7949462890625,151.214453125,412.0904296875,551.13828125,43.6619140625,92.8,307.4,471.8,30,150,348.6,481.4,23.2,182.358604431152,348.774917602539,503.596923828125,35.0296760559082,185.906913757324,360.210945129395,501.315240478516,34.1946800231934,197.775394439697,349.303825378418,518.976788330078,35.1735710144043,200.406772613525,348.129730224609,506.128601074219,33.9678382873535
"654",1092,"Tasos",NA,"Greece",2020,NA,NA,1,"w",NA,5953461,22.74422472,39.3811181,150.937085151672,297.300000190735,477.25,41.3642749786377,162.298583984375,386.769287109375,665.75537109375,49.506103515625,103.5,316,574.25,43.75,158.5,339.75,568,36.25,185.426006317139,290.053267478943,486.086090087891,43.2002382278442,186.100316047668,302.602100372314,496.88362121582,45.6985626220703,196.292862892151,294.554252624512,511.127380371094,46.6485910415649,202.423758506775,297.54204750061,495.56990814209,45.2139768600464
"655",1094,"Tasos",NA,"Greece",2020,NA,NA,1,"w",NA,6171021,22.73009633,37.63631023,169.237504005432,280.529999732971,583.75,69.0255374908447,175.214900970459,329.287635803223,774.251159667969,67.521240234375,119.25,260.5,686.25,71.5,171,302,684.5,64.75,206.009092330933,305.28103351593,423.286697387695,57.0715742111206,206.87123298645,317.695250511169,407.223197937012,56.4890089035034,215.990214347839,300,473.19800567627,65.2470684051514,218.392586708069,299.971036911011,420.008491516113,58.8755664825439
"656",1095,"Tasos",NA,"Greece",2020,NA,NA,1,"w",NA,5772161,22.71130817,40.85300582,146.61566734314,335.752006530762,437.4,20.9602046966553,150.98515625,413.1845703125,549.621484375,43.658203125,92.4,307,471,30.2,149.8,350,480.6,23,182.906497955322,350.384757995605,494.789105224609,36.042985534668,185.725093841553,363.293411254883,492.294525146484,35.2594100952148,197.418724060059,352.143966674805,509.705035400391,35.9888069152832,200.821754455566,349.674087524414,496.958776855469,34.9836624145508
"657",1096,"Tasos",NA,"Greece",2020,NA,NA,1,"w",NA,5937920,22.70693057,39.50475214,154.702084064484,302.800002098083,447.75,40.4842576980591,165.546630859375,392.7197265625,627.976806640625,50.02880859375,106,318.75,536.5,42.5,161.5,345.5,527.75,35,189.978818893433,307.053160667419,438.57438659668,44.5889282226562,189.985661506653,319.559321403503,447.946159362793,46.9113063812256,199.990549087524,310.793385505676,460.181365966797,47.2015237808228,209.773125648499,312.125754356384,446.251037597656,45.3090257644653
"658",1097,"Tasos",NA,"Greece",2020,NA,NA,1,"w",NA,5943100,22.69643754,39.48858224,154.363666534424,304.024002075195,449.8,40.2254302978516,164.894140625,393.024609375,630.6271484375,49.876171875,105.4,317.8,539,42.8,160.8,346.2,530.6,35,189.641532897949,310.148342132568,442.924285888672,44.2719032287598,189.721866607666,322.663967132568,452.418432617187,46.615860748291,199.781631469727,313.656818389893,464.725433349609,46.9389671325684,208.615814208984,314.895107269287,450.675616455078,44.9767318725586
"659",1099,"Tasos",NA,"Greece",2020,NA,NA,1,"w",NA,5948280,22.67778552,39.43821146,151.195999145508,302.687995910645,467.2,40.1195854187012,161.6859375,391.1646484375,654.7720703125,49.1416015625,102.6,316.4,563.2,43,157.6,344.8,555.4,35.4,185.680614471436,311.012264251709,479.237591552734,42.8586563110352,186.069675445557,323.378223419189,489.811956787109,45.2234489440918,196.291938781738,314.785415649414,503.286694335938,45.9576278686523,203.008331298828,316.727897644043,488.033056640625,44.0827827453613
"660",1100,"Tasos",NA,"Greece",2020,NA,NA,1,"w",NA,5953459,22.65693093,39.40852348,146.589998245239,303.36799621582,490,38.9838653564453,155.37109375,391.1953125,682.5328125,47.8904296875,96.4,313.4,590.4,43.2,151.6,344.8,583.6,35,178.636699676514,315.608005523682,505.005090332031,42.1729286193848,179.405704498291,327.288311004639,516.349859619141,44.4251846313477,189.704792022705,318.400573730469,530.536328125,45.3328498840332,194.380443572998,320.949279785156,514.460424804687,43.3684226989746
"661",1101,"Tasos",NA,"Greece",2020,NA,NA,1,"w",NA,5932739,22.64274282,39.55678027,154.567084312439,312.789998054504,442.25,38.1557054519653,163.8994140625,397.032958984375,619.812744140625,49.654052734375,104,318.75,527.25,42,160,350.25,519.75,34.25,190,315.821161270142,441.876846313477,44.4549579620361,190,328.012533187866,451.008987426758,46.7011814117432,200,318.7806224823,462.923309326172,46.8070192337036,210,318.799195289612,449.034622192383,44.3494548797607
"662",1102,"Tasos",NA,"Greece",2020,NA,NA,1,"w",NA,5937919,22.63959949,39.50506569,153.503000259399,311.424003601074,453,38.9525741577148,162.6345703125,395.684765625,634.180078125,49.39296875,102.8,317,542.6,42.8,158.6,349.6,534.6,34.6,188.484554290771,322.894958496094,446.223797607422,43.4376037597656,188.606815338135,334.815040588379,455.759918212891,45.7926658630371,198.710067749023,326.063709259033,467.906365966797,46.1532470703125,206.225070953369,326.506290435791,453.792303466797,43.7666389465332
"663",1105,"Tasos",NA,"Greece",2020,NA,NA,1,"w",NA,5917197,22.5791011,39.67444287,152.804999351501,313.259992599487,430.25,36.7226266860962,160.633544921875,402.99365234375,605.96484375,48.739501953125,101.25,320.5,510.25,40.75,157.75,355.5,505,32.75,189.349756240845,310.296778678894,496.238426208496,43.208984375,189.364895820618,321.648354530334,506.228096008301,45.3440256118774,199.372549057007,312.807364463806,518.07438659668,45.1485948562622,208.784313201904,313.096313476562,503.427688598633,42.0276021957397
"664",1106,"Tasos",NA,"Greece",2020,NA,NA,1,"w",NA,5927557,22.57584922,39.6113266,153.333665847778,315.655990600586,431,37.9716728210449,161.87421875,402.31484375,609.605078125,49.39765625,102,319.2,516,41.6,158.2,355.4,510,33.6,190,322.335494995117,447.361206054688,43.208430480957,190,334.169883728027,456.555212402344,45.3982109069824,200,325.236183166504,467.582403564453,45.3789642333984,210,324.50520324707,454.037426757813,42.2688621520996
"665",1107,"Tasos",NA,"Greece",2020,NA,NA,1,"w",NA,5943097,22.559091,39.49830948,152.069446245829,318.833335240682,461.833333333333,37.3962910970052,159.542154947917,398.3681640625,645.096516927083,48.6595052083333,99.6666666666667,315.166666666667,553.5,42.8333333333333,155.5,352.666666666667,546.5,34,186.016696294149,337.160097757975,454.606669108073,42.4171148935954,186.510829925537,349.573879241943,464.386871337891,44.6942723592122,196.630738576253,340.423812866211,476.600555419922,45.3270435333252,201.412706375122,340.706354777018,462.136591593424,42.4091478983561
"666",1108,"Tasos",NA,"Greece",2020,NA,NA,1,"w",NA,5948277,22.54541741,39.45377992,147.157502174377,317.990002632141,489.25,37.3343019485474,153.35400390625,396.42041015625,681.26806640625,47.282958984375,93.25,311.5,592.75,43.25,149,350.25,585.25,33.75,177.415924072266,338.949546813965,472.465225219727,42.0053243637085,178.180389404297,351.369066238403,482.865928649902,44.0796251296997,188.386616706848,341.962194442749,495.935920715332,45.3503770828247,193.345441818237,343.131666183472,480.758239746094,42.3361988067627
"667",1109,"Tasos",NA,"Greece",2020,NA,NA,1,"w",NA,5932736,22.53958489,39.5679081,153.342499732971,319.589991569519,438.25,37.7595539093018,161.365234375,402.113525390625,616.326416015625,49.44580078125,101.5,316.75,524.75,42,157.5,356.25,517,34,190,335.148572921753,420.289825439453,42.82004737854,190,346.919202804565,429.05004119873,44.9777965545654,200,338.008089065552,439.551635742188,45.2244539260864,209.335951805115,336.824350357056,426.621803283691,41.933931350708
"668",1110,"Tasos",NA,"Greece",2020,NA,NA,1,"w",NA,5927556,22.53486223,39.62156601,153.226249217987,318.959980010986,431.25,37.6147804260254,161.140869140625,403.52783203125,609.256591796875,49.34814453125,101.5,318,517,42,157.5,357,509.5,33.5,190,329.108619689941,436.520584106445,42.3271808624268,190,340.636768341064,445.554756164551,44.5661487579346,200,331.901454925537,455.990730285645,44.577018737793,210,330.689697265625,442.928588867188,41.2757959365845
"669",1112,"Tasos",NA,"Greece",2020,NA,NA,1,"w",NA,5953456,22.50024863,39.38691393,148.737916946411,316.029992103577,511.75,38.8745012283325,156.13427734375,394.310546875,704.8564453125,47.5087890625,96,306.25,619.25,45.75,151.75,349.75,608.25,35,178.003487586975,339.577102661133,423.887855529785,42.0231695175171,178.791913986206,353.969459533691,433.293174743652,44.2307395935059,189.250411987305,344.072494506836,445.935340881348,45.993257522583,194.614133834839,343.241634368896,432.029693603516,43.0368947982788
"670",1113,"Tasos",NA,"Greece",2020,NA,NA,1,"w",NA,5922375,22.49906224,39.63161669,153.086247444153,323.899993896484,433,36.7583112716675,160.234375,405.31005859375,609.9892578125,49.37646484375,100.5,317.25,517.75,42.5,156.5,359.5,511.25,33.5,190,336.805667877197,421.802314758301,41.4058494567871,190,348.468389511108,430.595558166504,43.7110080718994,200,339.55192565918,440.430816650391,43.786771774292,210,338.158531188965,427.917083740234,40.2564973831177
"671",1114,"Tasos",NA,"Greece",2020,NA,NA,1,"w",NA,5917195,22.47838387,39.67592654,152.499163945516,320.853331883748,430.5,36.3393980662028,159.364420572917,406.85546875,606.714029947917,49.24951171875,99.5,318.5,513.166666666667,42,155.5,361.333333333333,508.166666666667,32.8333333333333,189.610007603963,332.594445546468,452.617446899414,39.4377059936523,189.621839523315,344.257297515869,462.126032511393,41.8383007049561,199.701592127482,335.545279184977,471.760528564453,41.7478364308675,209.35152053833,334.524676005046,459.002588907878,38.1030902862549
"672",1115,"Tasos",NA,"Greece",2020,NA,NA,1,"w",NA,5937915,22.4704056,39.51039588,152.337665557861,329.607978820801,469.8,36.7853546142578,158.610546875,401.490625,651.723046875,48.3056640625,98.4,312.8,559.8,44,154.4,357,551.8,34,185.206817626953,348.442268371582,432.804455566406,42.7181854248047,187.241271972656,359.570922851562,441.941815185547,44.9439147949219,197.190879821777,350.742362976074,453.733618164062,45.9291694641113,200.159297943115,349.44864654541,439.728472900391,42.2662422180176
"673",1116,"Tasos",NA,"Greece",2020,NA,NA,1,"w",NA,5932735,22.46689835,39.56374877,153.056001663208,327.103996276855,447.6,36.7812973022461,159.876953125,404.0240234375,626.232421875,49.104296875,99.8,314.8,532.4,43.2,155.8,359,527.2,34,189.499752044678,345.528167724609,417.885089111328,42.4684646606445,189.83854675293,357.539596557617,426.62412109375,44.6914192199707,199.83854675293,347.539596557617,437.236724853516,45.1674919128418,205.162452697754,346.530769348145,424.190502929688,41.5900382995605
"674",1117,"Tasos",NA,"Greece",2020,NA,NA,1,"w",NA,5943094,22.44644899,39.46439978,151.788997650146,330.856002807617,486.4,37.496085357666,157.8576171875,399.8416015625,672.1203125,47.88984375,98.2,308.8,583,44.8,153.8,356,572,34.4,181.084781646729,349.315383911133,434.179443359375,43.022900390625,183.112117767334,360,443.350036621094,45.1200897216797,193.285285949707,352.219902038574,455.849041748047,46.5827072143555,199.649879455566,350.669242858887,441.430993652344,42.9052268981934
"675",1118,"Tasos",NA,"Greece",2020,NA,NA,1,"w",NA,5782513,22.41572349,40.78718188,149.594168663025,332.919998168945,441.5,22.8572282791138,149.7236328125,416.467529296875,558.45068359375,42.74267578125,91,307.25,478.25,31.75,148,357.5,486.5,24,179.896969795227,354.042730331421,592.673980712891,34.6700191497803,181.514420509338,368.814325332642,592.035842895508,34.3618154525757,193.916077613831,356.803932189941,609.675415039062,33.9594449996948,199.072737693787,350,594.884231567383,33.0929584503174
"676",1119,"Tasos",NA,"Greece",2020,NA,NA,1,"w",NA,6072593,22.40245728,38.45103126,158.783725738525,290.828311920166,640.4,58.2400047302246,166.303411865234,350.915991210937,879.753393554687,59.1060943603516,108.4,257.4,808.4,65,163,318.8,781.6,53,186.787506103516,264.701240539551,497.451086425781,59.9164443969727,188.017200469971,277.511287689209,496.682153320313,61.1758850097656,198.667957305908,264.788738250732,533.852728271484,65.025479888916,204.765487670898,273.867012023926,501.642144775391,57.9315895080566
"677",1120,"Tasos",NA,"Greece",2020,NA,NA,1,"w",NA,5963813,22.38493248,39.29540442,152.161664962769,312.784004211426,533,44.2756271362305,160.697265625,392.6384765625,739.0765625,48.3927734375,100.8,298.4,656.8,49.2,156.6,350,642,37.4,182.596473693848,338.696136474609,446.263305664062,44.1059127807617,183.563812255859,354.733520507812,454.826544189453,45.7296531677246,193.838817596436,344.942497253418,470.728460693359,48.4876594543457,196.203605651855,344.432197570801,454.854858398438,44.9637420654297
"678",1121,"Tasos",NA,"Greece",2020,NA,NA,1,"w",NA,6077773,22.38330102,38.37717081,163.789718151093,285.969595909119,632.75,60.8524160385132,169.678714752197,346.462982177734,871.895355224609,60.8746318817139,110.75,252,805.5,66.75,164.75,316.25,779.25,54.5,192.917189598083,264.604778289795,508.40535736084,63.8224649429321,193.375029563904,277.03896522522,505.845771789551,64.907543182373,203.713421821594,264.604110717773,547.52938079834,69.0186252593994,211.634006500244,273.970146179199,511.650825500488,61.7864980697632
"679",1122,"Tasos",NA,"Greece",2020,NA,NA,1,"w",NA,6186552,22.37345565,37.51092264,129.889583587646,293.509993553162,774.75,60.4427709579468,133.510009765625,340.8876953125,977.322021484375,63.017578125,77.25,250.75,927.25,69.75,129.5,314.75,912,60.5,158.061604499817,317.540774345398,603.335540771484,63.3195419311523,158.607699871063,320.567188262939,584.513244628906,63.8233060836792,167.923259735107,309.922208786011,675.076141357422,72.6528377532959,174.606490135193,311.03235244751,601.673538208008,63.5349349975586
"680",1123,"Tasos",NA,"Greece",2020,NA,NA,1,"w",NA,5937912,22.36513378,39.52401588,153.192081451416,329.409999847412,475,39.2173938751221,158.918212890625,405.6083984375,658.6533203125,48.0888671875,99,311,565.75,45,155,361.75,556.25,34.5,189.548206329346,349.845714569092,410.957969665527,44.0483961105347,189.751324653625,360,419.259643554688,46.0131940841675,199.751324653625,353.896579742432,430.761024475098,47.1570377349854,200,350,417.165992736816,43.158371925354
"681",1124,"Tasos",NA,"Greece",2020,NA,NA,1,"w",NA,5927552,22.3493477,39.61793767,152.462001800537,324.688011169434,457.4,38.2690872192383,158.1294921875,408.7201171875,633.9271484375,48.4455078125,97.8,313.4,542.4,43.6,154.2,364.6,535.6,34,189.319019317627,342.146156311035,438.439886474609,39.792081451416,189.592849731445,356.17822265625,447.715069580078,42.1075675964355,199.592849731445,346.17822265625,457.603436279297,42.5546859741211,204.793079376221,344.100326538086,444.769549560547,38.5178375244141
"682",1125,"Tasos",NA,"Greece",2020,NA,NA,1,"w",NA,5932732,22.3368184,39.57703848,152.395000457764,325.550012588501,469.25,38.9615039825439,157.58251953125,407.53076171875,650.7109375,47.82568359375,97.25,312.25,559.5,44,153.75,363.75,549.75,34,188.712401390076,345.814571380615,430.436233520508,41.9782238006592,189.178709983826,359.376153945923,439.300132751465,44.190842628479,199.178709983826,349.376153945923,450.136360168457,44.9369497299194,200.518598556519,347.852363586426,436.713302612305,40.8477230072021
"683",1126,"Tasos",NA,"Greece",2020,NA,NA,1,"w",NA,5948271,22.29928985,39.43457835,152.29966545105,323.672004699707,526.8,41.110498046875,157.8609375,400.5587890625,718.694140625,47.4099609375,97.8,303.8,632.8,47,153.8,357.4,621.8,35.8,182.608100891113,348.534118652344,446.976525878906,46.9489479064941,183.355361938477,359.883598327637,455.309320068359,48.5149124145508,193.733219146729,349.883598327637,470.547155761719,50.530143737793,197.245681762695,349.941795349121,454.590637207031,46.8724708557129
"684",1127,"Tasos",NA,"Greece",2020,NA,NA,1,"w",NA,5912010,22.28869573,39.73688721,150.012917518616,326.489992141724,474.25,35.4900960922241,153.376220703125,410.857421875,646.022216796875,46.707763671875,94,313.25,552.25,42.5,150.75,365,547.75,31.75,184.27806854248,328.326377868652,518.079475402832,30.0195083618164,184.707250595093,338.974838256836,529.949508666992,33.1984033584595,194.780006408691,330.844745635986,536.431518554688,32.0578355789185,200.9703540802,329.603700637817,525.424873352051,28.6598887443542
"685",1128,"Tasos",NA,"Greece",2020,NA,NA,1,"w",NA,5974170,22.27454534,39.23956057,156.974000930786,314.071998596191,558.6,47.611548614502,165.0751953125,391.649609375,771.055859375,49.2685546875,105.2,293,693.4,52,160.8,349.6,673.8,39.6,186.685108184814,338.960960388184,461.345172119141,47.8065490722656,187.347087860107,349.768005371094,468.60849609375,48.8502891540527,197.455558776855,340.109786987305,487.676220703125,52.2215362548828,198.465480804443,340,469.971966552734,48.4696495056152
"686",1129,"Tasos",NA,"Greece",2020,NA,NA,1,"w",NA,5953450,22.26510098,39.38851966,156.489999771118,321.664001464844,534.2,44.5581512451172,162.7271484375,399.3060546875,730.823828125,48.4962890625,103.4,300.8,645.4,49.4,159.2,357,631.4,37.4,188.096622467041,345.776321411133,435.134271240234,48.0618171691895,188.280090332031,359.928901672363,442.576306152344,49.3426811218262,198.407566070557,349.928901672363,458.697601318359,51.7828575134277,199.275196075439,349.964447021484,442.745562744141,48.1833656311035
"687",1130,"Tasos",NA,"Greece",2020,NA,NA,1,"w",NA,5927550,22.26009636,39.61497025,153.121000289917,327.288009643555,487.2,39.3610298156738,157.0216796875,409.4546875,665.455859375,47.308984375,97.4,311.4,574.6,44.4,153.8,365.6,565.2,33.6,187.160449981689,341.166618347168,461.626348876953,40.2121299743652,187.607715606689,354.211013793945,471.187634277344,42.3931617736816,197.607715606689,344.484832763672,482.113330078125,42.9258277893066,201.6037940979,342.768531799316,468.365203857422,38.8939125061035
"688",1131,"Tasos",NA,"Greece",2020,NA,NA,1,"w",NA,5937909,22.244794,39.50068267,153.046247959137,329.750003814697,517.5,41.044246673584,158.760009765625,405.166259765625,701.246826171875,47.22412109375,98.75,306.25,614,46.5,154.75,362.25,603.75,35.25,184.154362678528,349.778318405151,458.927505493164,46.9549798965454,185.175032615662,360,467.446182250977,48.4787321090698,195.321836471558,350.628728866577,482.172874450684,50.079719543457,199.97022151947,350,466.159317016602,46.1963977813721
"689",1132,"Tasos",NA,"Greece",2020,NA,NA,1,"w",NA,5958629,22.21009934,39.35595243,157.706665992737,324.359998703003,547.5,46.2805614471436,164.36279296875,399.683837890625,743.328369140625,48.690185546875,104.5,299.25,663.25,50.25,160.5,358,644.75,38.25,189.686470031738,345.732135772705,444.604957580566,49.3859224319458,189.753370285034,359.984693527222,451.580757141113,50.2793827056885,199.753370285034,349.984693527222,468.98804473877,52.8653001785278,200.04762172699,349.992341995239,452.169525146484,49.3163690567017
"690",1133,"Tasos",NA,"Greece",2020,NA,NA,1,"w",NA,5927546,22.12419267,39.60786591,147.226667404175,325.930004119873,554.75,38.6826696395874,148.2666015625,407.716796875,736.511474609375,45.193603515625,88.5,306.75,651.5,44.75,144.5,363.5,644,33.75,174.035139083862,337.837944030762,516.547554016113,42.3928174972534,174.834451675415,349.992895126343,526.876640319824,44.0954418182373,185.025367736816,340.706577301025,540.72013092041,44.8525819778442,190.302257537842,341.848392486572,524.841201782227,41.2158603668213
"691",1134,"Tasos",NA,"Greece",2020,NA,NA,1,"w",NA,5943085,22.08067616,39.46546652,157.562916278839,325.319995880127,577.5,47.2182235717773,163.46044921875,404.55419921875,761.057373046875,47.975341796875,103.5,302.5,680.5,50.5,159.5,362.75,664,38.5,190,350,478.848304748535,50.354754447937,190,360,485.871337890625,51.0321502685547,200,350,504.780097961426,53.2422170639038,208.354859352112,350,486.542251586914,49.6901540756226
"692",1135,"Tasos",NA,"Greece",2020,NA,NA,1,"w",NA,5953441,21.89657925,39.40270071,158.854999542236,328.35000038147,657.5,51.7947235107422,164.606689453125,402.752197265625,839.380859375,49.432861328125,105,299,769,53.5,160.5,363.5,746,42.25,189.953126907349,341.864500045776,581.96159362793,49.8988666534424,189.953126907349,358.290414810181,588.670196533203,49.9003658294678,199.964842796326,344.781188964844,613.949829101562,52.2032585144043,203.691811561584,342.036075592041,590.930801391602,48.9429225921631
"693",1136,"Tasos",NA,"Greece",2020,NA,NA,1,"w",NA,5932718,21.76893497,39.5555977,159.409167766571,337.569999694824,703.25,51.4065675735474,161.919189453125,410.855224609375,852.888427734375,48.447021484375,102.5,306,779.75,53.25,157.75,370,763.25,42.75,189.82225894928,345.953207015991,571.692016601562,50.5814361572266,189.82225894928,360,577.823593139648,50.2510032653809,199.955563545227,349.566087722778,602.926544189453,52.0157423019409,200,342.988214492798,580.472503662109,48.8095121383667
"694",1137,"Tasos",NA,"Greece",2020,NA,NA,1,"w",NA,5792856,21.67993262,40.68990414,121.272998809814,320.351997375488,577.6,23.0706470489502,115.3267578125,409.16015625,677.378125,39.4720703125,57.2,297.8,605.8,32.4,114.2,357.8,612.8,24,151.442548751831,349.784141540527,519.283813476562,31.03974609375,153.295562744141,359.888023376465,526.018884277344,31.5635215759277,167.997215270996,349.419982910156,528.620574951172,26.2595108032227,172.997512817383,349.634162902832,510.172058105469,26.5507247924805
"695",1138,"Tasos",NA,"Greece",2020,NA,NA,1,"w",NA,6082930,21.42985749,38.36951326,165.302215576172,275.911865234375,746,72.0307281494141,177.595596313477,323.007794189453,995.002185058594,70.3078475952148,120,232.6,936.6,71.4,NA,NA,NA,NA,198.827899932861,241.455215454102,760.391235351562,75.2628662109375,198.958240509033,253.765613555908,756.304467773438,76.2310821533203,216.871170043945,240.466770172119,807.770190429688,78.1054229736328,218.704971313477,253.765613555908,757.2953125,72.1922317504883
"696",1139,"Tasos",NA,"Greece",2020,NA,NA,1,"w",NA,6072568,21.35387738,38.4365804,163.133972167969,275.418670654297,795.2,69.7608917236328,175.112857055664,327.322668457031,1042.31159667969,69.5474060058594,116.8,236.6,990.8,69.8,170.6,301.8,959,63.8,196.679161071777,244.667671203613,850.680053710938,73.9989379882813,197.057678222656,256.154663085938,846.859777832031,74.8064849853516,210.731479644775,242.870288848877,899.321020507812,75.9907852172852,216.093063354492,256.377838134766,846.253991699219,70.5631683349609
"697",1140,"Tasos",NA,"Greece",2020,NA,NA,1,"w",NA,6134726,21.26264111,37.93843277,167.512802124023,255.041618347168,772,78.8686874389648,183.586795043945,309.150378417969,998.581787109375,73.9946365356445,127.8,225.4,912.6,76,179.4,282.4,912,71.8,200,260.496879577637,690.103686523438,81.3753952026367,200,270.120338439941,680.603295898438,83.5972442626953,210,253.150203704834,762.689868164063,88.8394195556641,219.714569091797,262.543926239014,700.013781738281,79.9891036987305
"698",1141,"Tasos",NA,"Greece",2020,NA,NA,1,"w",NA,6072565,21.23125549,38.45419737,166.003608703613,275.153331756592,812.166666666667,71.0475158691406,179.191429138184,326.176966349284,1059.16979980469,70.6135597229004,121,239.166666666667,1002.83333333333,70,174.5,299.5,977.5,65,199.732999801636,234.909219741821,816.780090332031,74.8681933085124,199.82458114624,245.384613672892,812.276326497396,75.6720110575358,212.462422053019,233.866914113363,860.034657796224,76.1134821573893,219.441665013631,247.232351303101,811.515309651693,71.2689399719238
"699",1142,"Tasos",NA,"Greece",2020,NA,NA,1,"w",NA,5922336,20.85249981,39.66322643,129.996945063273,292.513329188029,987.666666666667,49.1258080800374,128.038248697917,362.143880208333,1231.79280598958,55.7853190104167,70.5,262.833333333333,1224,52,125,326.333333333333,1176.66666666667,46.6666666666667,154.443298975627,328.295186360677,1090.71220906576,59.1840527852376,155.45742670695,339.053764343262,1085.86690266927,56.6525758107503,168.498338063558,328.205973307292,1149.27335611979,55.7409756978353,173.37341149648,329.861602783203,1094.20420328776,52.2956682840983
"700",1144,"Michelangelo",NA,"Italy",2020,NA,NA,1,"w",NA,6207074,14.12369,37.33952,165.154166221619,239.349999427795,438,64.5522613525391,164.517822265625,258.234130859375,573.123046875,59.25146484375,114.75,225.5,426.25,52,159.5,235.25,486,59,188.4397315979,309.232807159424,455.819313049316,58.9808511734009,188.696246147156,307.988595962524,438.672607421875,58.3610134124756,195.461163520813,299.399309158325,487.426803588867,66.3836345672607,200.607342720032,305.562305450439,483.38988494873,62.288143157959
"701",1146,"Michelangelo",NA,"Italy",2020,NA,NA,1,"w",NA,6155255,13.31446,37.78123,140.428665161133,240.919998168945,560.2,56.3603134155273,143.13515625,285.3138671875,679.0955078125,55.43828125,93.6,232.4,579.8,50.6,138,254,614,53.2,164.849042892456,281.593463897705,778.016369628906,54.8190200805664,164.883808135986,280.246353149414,743.660705566406,53.0741912841797,173.061008453369,271.526023864746,843.714855957031,60.7637069702148,178.129764556885,279.827342987061,840.8826171875,57.6120162963867
"702",1147,"Michelangelo",NA,"Italy",2020,NA,NA,1,"w",NA,6155256,13.34768,37.76749,134.081666469574,242.219996452332,575.5,55.7499732971191,138.287109375,288.533447265625,677.804443359375,54.6357421875,88,238,578.75,49.5,132,257.5,613.5,52.5,160.093877315521,286.295971870422,775.259323120117,54.5098104476929,160.156211853027,282.792992591858,741.102340698242,52.7854976654053,167.965488433838,276.209082603455,841.377166748047,60.2725210189819,172.816214561462,281.577806472778,840.331253051758,57.3635549545288
"703",1148,"Michelangelo",NA,"Italy",2020,NA,NA,1,"w",NA,6232978,14.25394,37.15466,170.127086639404,229.850001335144,414,67.9077739715576,168.701416015625,248.167724609375,548.27685546875,60.58349609375,118,210,401.25,54.75,162.75,228,460.75,61.5,194.507465362549,263.668675422668,451.629493713379,67.4449043273926,194.659805297852,262.550826072693,433.92455291748,67.65842628479,201.264305114746,251.650972366333,483.553344726562,76.4400367736816,206.984958648682,263.151907920837,475.518379211426,71.0536727905273
"704",1149,"Michelangelo",NA,"Italy",2020,NA,NA,1,"w",NA,6207075,14.12812,37.37165,161.652917861938,240.85000038147,453.75,63.6536026000977,161.483154296875,262.306884765625,580.52294921875,58.548828125,110.75,230.25,437,50.25,155.75,239.75,493.75,58,184.65548992157,310,464.240142822266,57.1395292282104,184.825568199158,310,447.164176940918,56.2657995223999,192.475905418396,300,496.064186096191,64.1767349243164,196.995944976807,309.315114021301,492.06095123291,60.3260984420776
"705",1150,"Michelangelo",NA,"Italy",2020,NA,NA,1,"w",NA,6238158,14.2598,37.12157,175.245003700256,224.159998893738,387.5,70.2262630462646,173.504848480225,239.622909545898,535.790878295898,61.1745262145996,123.25,200.75,386.5,56.75,168,220.5,445.75,63,198.797993659973,244.445424079895,442.778060913086,69.4252853393555,198.917622566223,242.950630187988,424.936279296875,69.8051013946533,206.786274909973,231.609811782837,474.524002075195,78.5280723571777,213.317952156067,244.596786499023,466.256744384766,73.17506980896
"706",1151,"Michelangelo",NA,"Italy",2020,NA,NA,1,"w",NA,6238157,14.24848,37.12477,175.245003700256,224.159998893738,387.5,70.2262630462646,173.504848480225,239.622909545898,535.790878295898,61.1745262145996,123.25,200.75,386.5,56.75,168,220.5,445.75,63,198.797993659973,244.445424079895,442.778060913086,69.4252853393555,198.917622566223,242.950630187988,424.936279296875,69.8051013946533,206.786274909973,231.609811782837,474.524002075195,78.5280723571777,213.317952156067,244.596786499023,466.256744384766,73.17506980896
"707",1152,"Michelangelo",NA,"Italy",2020,NA,NA,1,"w",NA,6222621,14.38922,37.23435,158.304584026337,232.119998931885,459.5,65.8117523193359,159.29150390625,269.177001953125,580.4697265625,59.884033203125,108.25,223.5,431.5,53.25,154.25,246.75,492.5,60.5,184.691643714905,295.705528259277,476.754730224609,65.7343444824219,184.806394577026,293.946590423584,460.14119720459,65.4576301574707,192.215204238892,284.732413291931,510.973007202148,74.8610687255859,196.785879135132,293.763151168823,499.677459716797,68.831995010376
"708",1153,"Michelangelo",NA,"Italy",2020,NA,NA,1,"w",NA,6227798,14.2745,37.17519,170.183334350586,229.792003631592,414,67.9452133178711,169.2994140625,249.7806640625,549.9775390625,60.8208984375,118.4,210.4,403.6,55.4,163.4,229.4,462,61.8,194.828918457031,266.878475189209,452.522821044922,67.3186676025391,194.92357635498,265.639923095703,435.091833496094,67.5036148071289,202.558361053467,254.873161315918,484.605023193359,76.4128707885742,207.469730377197,266.32808303833,475.933203125,70.8765029907227
"709",1158,"Michelangelo",NA,"Italy",2020,NA,NA,1,"w",NA,6232975,14.16427,37.14284,175.823287963867,220.563473701477,381,70.2052459716797,174.849666595459,235.762321472168,532.662048339844,61.139123916626,125,200,383.25,56.5,169.5,216,443.5,62.75,198.760194778442,243.406481742859,429.783401489258,69.3725833892822,198.760194778442,242.220788002014,411.728385925293,69.9544639587402,208.158617019653,229.522233009338,460.844253540039,78.1706809997559,214.477434158325,242.770586013794,454.771629333496,73.4142284393311
"710",1160,"Michelangelo",NA,"Italy",2020,NA,NA,1,"w",NA,6227802,14.43067,37.17754,165.129999160767,234.551998138428,440,67.1323577880859,164.5830078125,264.980078125,569.8970703125,61.4880859375,113.6,217.4,421.4,55.2,159.2,243.6,482.8,62.2,192.164455413818,277.795303344727,500.769201660156,67.6466323852539,192.174613952637,276.193981170654,483.193060302734,67.583024597168,199.734378814697,266.270542144775,538.163800048828,77.1137588500977,203.769649505615,276.475242614746,524.977893066406,70.7441299438477
"711",1161,"Michelangelo",NA,"Italy",2020,NA,NA,1,"w",NA,6227801,14.40673,37.19198,165.138999938965,232.175998687744,436.2,67.2382171630859,165.0826171875,264.0212890625,569.9185546875,60.9115234375,114.8,217.2,419.6,54.8,160.4,242.4,480.8,61.8,192.009780883789,286.940807342529,474.424731445312,66.7746063232422,192.064205169678,285.746406555176,457.721032714844,66.6513732910156,199.887496948242,275.359298706055,509.020349121094,76.0432525634766,203.49951171875,285.199272155762,497.33291015625,69.8841995239258
"712",1165,"Michelangelo",NA,"Italy",2020,NA,NA,1,"w",NA,6227800,14.3687,37.18187,170.336670875549,231.129999160767,419.25,67.8671016693115,169.8330078125,256.2294921875,556.635498046875,61.503173828125,119.25,211,406.75,56,164.25,236.25,468.25,62.5,196.587824821472,271.548767089844,467.888999938965,67.7195491790771,196.604261398315,270.63793182373,450.845359802246,67.7917785644531,205.363335609436,259.856524467468,502.108291625977,77.0128326416016,208.154201507568,270.434951782227,490.857643127441,71.0525703430176
"713",1166,"Michelangelo",NA,"Italy",2020,NA,NA,1,"w",NA,6232976,14.17385,37.14554,173.3095703125,224.586776733398,396,68.8808227539062,171.823165893555,240.669171142578,539.1734375,60.7617935180664,122,204.2,389.6,55.6,166.6,220.6,450.6,62.2,196.943359375,253.151000976562,439.318017578125,68.3565277099609,197.066410064697,252.355712890625,421.323333740234,68.721940612793,204.894008636475,240.306503295898,470.760595703125,77.1021179199219,210.643241882324,252.387214660645,464.192797851562,72.2160140991211
"714",1168,"Michelangelo",NA,"Italy",2020,NA,NA,1,"w",NA,6165635,14.15876,37.70759,146.434168815613,245.529999732971,517.5,59.2795429229736,149.0048828125,277.3388671875,629.494873046875,55.674560546875,97.25,238.25,495.25,45,143.25,252.75,540.25,53.5,172.371373176575,297.400970458984,545.199142456055,48.2132692337036,172.813267707825,295.566320419312,527.614547729492,46.8764028549194,180.091753005981,284.263100624084,579.728378295898,54.1421928405762,184.338974952698,294.81761932373,570.388168334961,50.4391431808472
"715",1169,"Michelangelo",NA,"Italy",2020,NA,NA,1,"w",NA,6191536,14.19942,37.48061,156.79700088501,241.439998626709,472,62.3447158813477,158.4544921875,269.7724609375,598.2537109375,57.696484375,107.4,234,454.4,49.2,152.6,246.2,507.8,56.8,181.405120849609,310,464.752313232422,52.9509407043457,181.464763641357,308.833560943604,448.828839111328,51.6317626953125,187.761463165283,300,494.128558349609,59.249925994873,192.987804412842,305.458374023438,489.475952148438,55.6979080200195
"716",1170,"Michelangelo",NA,"Italy",2020,NA,NA,1,"w",NA,6144909,13.88331,37.87484,164.600419998169,228.660001754761,489.25,59.5549478530884,167.142578125,266.630615234375,664.49072265625,57.511962890625,116.5,216.75,546.25,51,162.5,241.5,581.5,56.25,188.577442169189,247.14870929718,694.687881469727,52.4570341110229,188.830852508545,246.401147842407,668.67854309082,50.5038738250732,197.358388900757,233.255004882812,754.971420288086,57.6257381439209,201.92346572876,245.31521320343,738.544403076172,54.7639961242676
"717",1171,"Michelangelo",NA,"Italy",2020,NA,NA,1,"w",NA,6129375,14.15646,37.97307,157.189998626709,219.376007080078,506,58.9777267456055,163.75390625,270.7302734375,669.6427734375,56.8771484375,110.4,225.6,546.4,46.8,157.2,247,580.6,54.8,184.841751098633,216.510391235352,615.039611816406,55.8110855102539,184.851127624512,215.266262054443,594.847082519531,54.1850975036621,194.463905334473,203.255462646484,661.776989746094,62.5751678466797,198.713237762451,217.382289886475,635.194177246094,57.8988967895508
"718",1172,"Michelangelo",NA,"Italy",2020,NA,NA,1,"w",NA,6155260,13.503,37.76481,145.547499656677,240.130004882812,531.75,57.2443704605103,150.18212890625,280.5791015625,671.4267578125,56.2314453125,100,231.5,563.25,50.25,144.75,251.25,601.5,54.5,171.065859794617,297.444295883179,628.457626342773,52.5920124053955,171.109313964844,296.397929191589,602.022598266602,50.9263124465942,178.92246723175,286.169047355652,685.564346313477,57.8373756408691,183.912529945374,293.49214553833,684.236877441406,55.591197013855
"719",1173,"Michelangelo",NA,"Italy",2020,NA,NA,1,"w",NA,6201907,14.63517,37.37783,167.361669540405,249.229998588562,464,66.1732006072998,168.458984375,288.113525390625,617.45263671875,61.273193359375,115.75,237.5,465.25,55.5,162.75,266.75,526,61.75,196.162948608398,315.889320373535,458.064498901367,67.1881008148193,196.162948608398,310.46434879303,441.996055603027,65.8348731994629,203.384351730347,303.032035827637,493.298637390137,76.0673923492432,207.416377067566,310,478.586135864258,68.8239860534668
"720",1175,"Michelangelo",NA,"Italy",2020,NA,NA,1,"w",NA,6212252,14.03826,37.31238,167.595839500427,237.800002098083,433.75,64.9947052001953,166.961669921875,254.20849609375,569.32666015625,59.041259765625,116.75,224.75,424.25,52.25,161.5,230.75,484,59.5,190.678453445435,308.739156723022,440.532493591309,59.7524518966675,190.832262039185,308.417553901672,423.011566162109,59.2901258468628,197.384305000305,298.669319152832,473.489952087402,67.1236877441406,202.950234413147,306.943411827087,471.262222290039,63.3238668441772
"721",1176,"Michelangelo",NA,"Italy",2020,NA,NA,1,"w",NA,6134549,13.91533,37.91835,151.795001029968,228.449997901917,524.75,57.2922506332397,155.20556640625,272.64501953125,670.298583984375,55.81689453125,102.75,222.75,553,48,148.75,247.75,588,53.5,175.81109046936,231.066374778748,757.662155151367,53.8520698547363,175.81109046936,229.595184326172,729.308883666992,51.9464387893677,184.693913459778,218.004999160767,822.582061767578,59.3856534957886,189.474477767944,230.070304870605,799.461349487305,56.1316576004028
"722",1177,"Michelangelo",NA,"Italy",2020,NA,NA,1,"w",NA,6155251,13.1257,37.77295,168.933334350586,233.280005455017,499.75,60.2394123077393,170.984130859375,267.24169921875,681.986083984375,58.621826171875,122.5,212.25,584.5,56.5,166.5,236.75,618.25,58,192.561173439026,281.723794937134,698.648345947266,57.2097644805908,192.752089500427,280.938315391541,666.413803100586,55.8241004943848,200.824346542358,271.885952949524,752.634628295898,64.418662071228,205.509743690491,279.107780456543,750.706558227539,60.4419393539429
"723",1178,"Michelangelo",NA,"Italy",2020,NA,NA,1,"w",NA,6139713,13.22032,37.91259,162.638332366943,236.14400100708,517.2,57.5794311523438,165.033203125,269.19375,704.9568359375,58.1095703125,115.8,211,610,54.6,160.6,239.6,640.8,56.6,187.328121185303,284.6731300354,809.840710449219,56.0110420227051,187.328121185303,284.057754516602,774.5376953125,54.077693939209,196.63293838501,276.147079467773,877.092785644531,62.4936790466309,199.833675384521,282.638622283936,863.890869140625,58.5469757080078
"724",1179,"Michelangelo",NA,"Italy",2020,NA,NA,1,"w",NA,6191535,14.16025,37.47886,159.072999954224,239.991996765137,465.6,62.5035377502441,160.452734375,267.606640625,597.1869140625,57.821875,109.6,233.8,453.8,49.6,154.8,244.2,507,57.2,183.161727905273,310,457.558428955078,52.9065010070801,183.251304626465,310,441.631018066406,51.6192237854004,189.427097320557,300,487.486437988281,59.1291564941406,194.721668243408,308.330390930176,483.474072265625,55.7787796020508
"725",1180,"Michelangelo",NA,"Italy",2020,NA,NA,1,"w",NA,6217441,14.37872,37.25203,157.052915096283,232.649998664856,462.5,65.3751163482666,158.34228515625,269.0888671875,580.94970703125,59.53857421875,107.25,225,432.75,52.75,153,246.75,493.25,60,183.308300971985,296.534609794617,468.511459350586,65.1445465087891,183.423051834106,294.762978553772,452.125602722168,64.8661413192749,191.088523864746,285.673961639404,501.677635192871,74.154260635376,195.420279502869,294.639759063721,491.178245544434,68.2658615112305
"726",1181,"Michelangelo",NA,"Italy",2020,NA,NA,1,"w",NA,6170791,13.16634,37.64554,150.307666778564,231.040000915527,543.2,59.4854629516602,153.501953125,278.73359375,658.05859375,56.9693359375,104.4,228.8,558.4,54.2,148,247,596.6,55.6,174.192054748535,250.959609985352,807.514953613281,61.0476860046387,174.332420349121,249.006340026855,768.035595703125,60.2285789489746,182.646739959717,238.196846008301,871.848376464844,68.7062576293945,187.166301727295,248.145931243896,876.940588378906,65.0546073913574
"727",1182,"Michelangelo",NA,"Italy",2020,NA,NA,1,"w",NA,6170809,13.90908,37.64639,154.15633392334,244.311992645264,494.8,59.7553283691406,155.9892578125,272.189453125,628.62265625,56.551953125,105.6,234.8,497.8,48.4,151,246.2,545.6,55,176.977626800537,304.391204833984,517.251959228516,49.7203941345215,177.296237945557,302.588047027588,497.945251464844,47.9204078674316,184.754348754883,293.885810852051,559.699426269531,54.7146636962891,190.047565460205,300.187198638916,556.4017578125,52.3029472351074
"728",1183,"Michelangelo",NA,"Italy",2020,NA,NA,1,"w",NA,6175980,13.51624,37.5983,144.830415248871,236.829996109009,543.5,58.5888862609863,145.501220703125,282.012451171875,649.400634765625,55.662841796875,96.5,241.75,532.25,50,140.75,251.5,579.75,54.5,167.764523029327,296.119947433472,572.637954711914,54.8340511322021,168.169975280762,293.480877876282,547.304573059082,53.4667539596558,175.5006980896,285.119776725769,625.143676757812,60.5781564712524,179.696311950684,291.453986167908,627.883651733398,58.2000846862793
"729",1185,"Michelangelo",NA,"Italy",2020,NA,NA,1,"w",NA,6212266,14.6219,37.33046,164.267921447754,246.139998435974,467.5,66.4366283416748,165.439697265625,286.444580078125,613.91943359375,61.3056640625,112.5,235,462,55.25,159.5,265,523,61.5,192.840209007263,314.988369941711,500.569190979004,68.1883525848389,192.840209007263,310.318841934204,483.302131652832,67.1074600219727,199.64946269989,302.92064666748,539.740966796875,77.3841342926025,204.202852249146,310,523.428665161133,70.0040740966797
"730",1186,"Michelangelo",NA,"Italy",2020,NA,NA,1,"w",NA,6232979,14.31724,37.14737,173.855335235596,228.584003448486,401.2,68.7134735107422,172.839453125,246.9822265625,544.5470703125,61.5041015625,122.2,205.6,396.6,57,167.2,227.2,454.8,63,198.261341094971,257.686321258545,454.523937988281,68.4797729492188,198.329830169678,256.431247711182,437.099096679687,68.7050430297852,207.139617919922,245.560043334961,487.334753417969,77.7166870117187,211.870529174805,257.385265350342,477.596124267578,72.0239883422852
"731",1190,"Michelangelo",NA,"Italy",2020,NA,NA,1,"w",NA,6139729,13.89297,37.88532,157.989002227783,229.391998291016,506.8,58.6291229248047,161.178515625,269.4375,666.6052734375,56.6908203125,109.6,220.4,547.2,49.6,155.6,244.4,584.2,55,182.202602386475,245.782466888428,716.865795898437,52.670890045166,182.405330657959,244.607593536377,690.003466796875,50.7167739868164,191.017459869385,232.219837188721,778.620239257812,57.9136161804199,195.58358001709,244.034687042236,760.723229980469,54.9392463684082
"732",1198,"Michelangelo",NA,"Italy",2020,NA,NA,1,"w",NA,6232977,14.2168,37.12807,175.552792549133,222.133474349976,383.5,70.1124706268311,174.033386230469,236.846858978271,533.337295532227,61.1153631210327,124,199.75,382,56.75,168.75,217.75,443.25,63,198.615913391113,243.203392028809,435.187721252441,69.4303646087646,198.735542297363,242.302007675171,417.296142578125,69.8815326690674,207.113795280457,229.98074054718,466.422912597656,78.3762836456299,214.003467559814,243.347911834717,459.244148254395,73.3095569610596
"733",1202,"Michelangelo",NA,"Italy",2020,NA,NA,1,"w",NA,6222619,14.30931,37.22329,164.195833206177,230.149998664856,435.5,66.6594161987305,164.427001953125,259.32958984375,564.689208984375,60.206787109375,113.75,217.5,416.5,54,159,237,476.75,60.75,189.939651489258,285.859732627869,451.909996032715,65.6711940765381,190.085482597351,284.221849441528,435.386642456055,65.5879573822021,197.167835235596,274.91651058197,483.641929626465,74.541088104248,201.809425354004,284.196786880493,474.753074645996,69.0312023162842
"734",1205,"Michelangelo",NA,"Italy",2020,NA,NA,1,"w",NA,6217438,14.28917,37.27077,159.688749313354,235.029997825623,451.25,65.1155195236206,160.15673828125,264.104248046875,574.3515625,59.342529296875,109.5,224.25,426,52,154.75,241.75,485,59.25,184.003467559814,295.870523452759,464.054840087891,63.4189004898071,184.148969650269,294.910745620728,447.157081604004,63.0699253082275,190.688529014587,285.341577529907,495.60506439209,71.8390007019043,196.0964012146,294.970965385437,487.775169372559,66.6381988525391
"735",1206,"Michelangelo",NA,"Italy",2020,NA,NA,1,"w",NA,6217439,14.31489,37.27488,156.435415744781,236.590003967285,464,64.4457502365112,157.27685546875,268.1484375,580.6787109375,59.032958984375,106.5,227.75,433,51.5,152,245.75,492.25,59,181.39835357666,299.153370857239,460.496063232422,63.3015031814575,181.39835357666,298.002514839172,444.115928649902,62.9367866516113,187.886309623718,288.869256973267,491.942436218262,71.8277549743652,193.373112678528,298.002514839172,483.509269714355,66.4649124145508
"736",1216,"Michelangelo",NA,"Italy",2020,NA,NA,1,"w",NA,6155276,14.16842,37.75305,139.796667098999,244.490003585815,534.25,58.376784324646,142.946044921875,279.722412109375,635.59228515625,54.7822265625,91.5,238.75,504.5,43.75,137.75,255.25,547,52.5,166.557059288025,289.635462760925,609.918014526367,48.8830852508545,166.933999061584,287.395739555359,590.306259155273,47.3304786682129,173.867449760437,276.038661003113,649.368072509766,54.8098287582397,178.562278747559,286.69261932373,636.793731689453,50.9986276626587
"737",1217,"Michelangelo",NA,"Italy",2020,NA,NA,1,"w",NA,6191524,13.69585,37.46843,164.593997955322,235.040004730225,465.4,62.8142288208008,164.8064453125,263.4890625,610.8080078125,58.016015625,116.8,234,476.8,52.2,160.4,236.2,531,58.2,185.214107513428,304.344974517822,471.227276611328,56.4148223876953,185.308506011963,301.584812164307,450.797790527344,55.6238250732422,192.387023925781,295.263885498047,515.072692871094,62.5353622436523,197.572525024414,299.763946533203,517.198504638672,60.1904922485352
"738",1218,"Michelangelo",NA,"Italy",2020,NA,NA,1,"w",NA,6191526,13.75104,37.48845,163.8587474823,236.690001487732,466.75,62.6536798477173,164.611328125,263.322021484375,613.21728515625,57.866943359375,115.75,232.5,478.5,51.5,159.75,237.25,532.5,57.75,183.861246109009,309.967122077942,450.881225585938,53.9674043655396,183.876056671143,309.118995666504,432.012619018555,52.9089517593384,191.977138519287,300,491.948799133301,59.7293949127197,196.09429359436,305.624794960022,492.96044921875,57.4799165725708
"739",1219,"Michelangelo",NA,"Italy",2020,NA,NA,1,"w",NA,6196705,13.72012,37.45606,162.410997390747,235.664005279541,468.2,62.7106452941895,162.6658203125,264.659765625,609.580859375,57.801171875,114.6,235.4,474.8,51.4,158.2,237.2,529.2,58,183.126396179199,306.384174346924,490.004760742188,56.4459426879883,183.239025115967,303.774265289307,468.869836425781,55.6725509643555,190.824851989746,297.499691009521,535.313812255859,62.5917457580566,195.708389282227,301.888782501221,537.313439941406,60.2115234375
"740",1220,"Michelangelo",NA,"Italy",2020,NA,NA,1,"w",NA,6186346,13.76996,37.51648,164.551248550415,237.210001945496,465,62.4523916244507,165.360107421875,262.761474609375,612.9482421875,57.953369140625,116.25,230.75,479.75,51.25,160.5,236.75,532,57.75,184.554891586304,310,442.102005004883,53.3041257858276,184.577188491821,309.947266578674,423.88892364502,52.1717138290405,192.510280609131,300,481.953964233398,58.9780130386353,196.139025688171,307.689509391785,482.547500610352,56.7314319610596
"741",1222,"Michelangelo",NA,"Italy",2020,NA,NA,1,"w",NA,6191525,13.71385,37.49263,164.837493896484,235.330004692078,467,62.64857006073,165.850830078125,262.8896484375,615.380859375,58.099609375,117,232.25,482.75,52.5,160.75,236.75,535.25,58.25,185.147652626038,307.452907562256,450.397705078125,54.5552568435669,185.202007293701,304.721727371216,431.181205749512,53.4785928726196,192.933034896851,298.818130493164,492.006538391113,60.3629035949707,197.732429504395,300.844831466675,493.506362915039,58.1054830551147
"742",1224,"Michelangelo",NA,"Italy",2020,NA,NA,1,"w",NA,6181169,13.89055,37.56476,157.19066619873,239.104000091553,482.8,60.8150413513184,158.508984375,268.5205078125,616.8525390625,57.091796875,108,236,482.8,48.8,153.2,243.6,532.2,56,180.290855407715,310,465.736706542969,50.5809875488281,180.290855407715,309.870548248291,448.045660400391,49.0198165893555,187.110542297363,300,503.870922851563,55.9773292541504,192.191791534424,307.730560302734,502.219403076172,53.5602912902832
"743",1226,"Michelangelo",NA,"Italy",2020,NA,NA,1,"w",NA,6155257,13.40394,37.75272,140.268667221069,240.663997650146,548.8,56.7011489868164,145.503515625,283.9580078125,673.512890625,55.6146484375,95.2,234.2,570.4,50.4,139.4,254,606.8,53.8,167.098365783691,291.29195022583,705.583044433594,53.8223777770996,167.139514923096,288.548706054688,675.042431640625,52.1111938476563,175.109302520752,280.259658813477,767.220825195312,59.3477409362793,179.503047943115,286.751842498779,766.407556152344,56.6978645324707
"744",1230,"Michelangelo",NA,"Italy",2020,NA,NA,1,"w",NA,6144895,13.32145,37.8542,150.507665634155,240.015995025635,537.4,56.8482330322266,153.47109375,277.871484375,689.8251953125,56.7951171875,103.2,222,591.6,52.4,148.2,247.2,623.6,54.8,175.724601745605,279.794097900391,763.708715820312,54.9619354248047,175.738800048828,279.660617828369,730.429809570312,53.0972343444824,184.35181427002,269.720260620117,828.867370605469,60.8941925048828,188.357795715332,279.660617828369,820.85458984375,57.5868675231934
"745",1232,"Michelangelo",NA,"Italy",2020,NA,NA,1,"w",NA,6134536,13.3482,37.95389,145.027000427246,235.592002868652,548.2,55.7301651000977,149.284765625,278.2400390625,695.780078125,56.11328125,98.6,218.6,601,50.8,144.2,248.2,626.2,53.8,170.957801818848,267.334564208984,821.409948730469,55.5992233276367,171.005470275879,265.589099884033,787.024755859375,53.6348754882813,180.216526031494,257.15616607666,894.61728515625,61.4022941589355,185.393615722656,265.96150970459,876.686181640625,58.0283088684082
"746",1233,"Michelangelo",NA,"Italy",2020,NA,NA,1,"w",NA,6129354,13.2735,37.95914,147.824166615804,235.013338724772,552.166666666667,56.1284650166829,151.289225260417,276.244140625,699.72509765625,56.359375,101.333333333333,216.166666666667,604.666666666667,51.5,146.166666666667,246.333333333333,632.166666666667,54.1666666666667,173.654139836629,277.068974177043,842.285003662109,56.0892461140951,173.585456212362,275.814167658488,806.480000813802,54.1065209706624,182.590249379476,267.461341222127,915.060892740885,62.3023948669434,187.855002085368,275.975433985392,896.522450764974,58.5185871124268
"747",1234,"Michelangelo",NA,"Italy",2020,NA,NA,1,"w",NA,6134537,13.41329,37.94973,153.124997615814,230.289998054504,523.75,56.5130701065063,158.15869140625,273.200439453125,703.39697265625,57.29833984375,107,214,606,52.25,152.5,245,633.75,55,177.95045375824,253.709030151367,769.380004882812,55.2955617904663,178.038349151611,252.356328964233,737.702209472656,53.3632907867432,187.19916343689,242.111177444458,839.876556396484,60.7265148162842,191.548914909363,252.577180862427,822.390014648438,57.7599983215332
"748",1243,"Michelangelo",NA,"Italy",2020,NA,NA,1,"w",NA,6232974,14.10675,37.1561,171.050003051758,223.984001159668,407.6,68.1244018554687,169.9591796875,243.753515625,544.4830078125,60.625,120.8,210.2,397.8,54.2,165,222,459.2,61.4,194.798313140869,263.671806335449,447.50654296875,67.2820297241211,195.030078887939,261.677173614502,428.565924072266,67.741520690918,202.799201965332,250.534355163574,480.117022705078,75.7707702636719,207.671157836914,261.412059783936,475.328967285156,71.2396072387695
"749",1245,"Michelangelo",NA,"Italy",2020,NA,NA,1,"w",NA,6222612,14.01719,37.21648,170.590000152588,230.631988525391,417.8,66.950927734375,169.19453125,247.95625,554.837109375,60.192578125,120.8,219,407.4,53.8,164.4,224.6,471.4,61,193.679264068604,286.235481262207,452.581860351563,64.7107803344727,193.761829376221,285.957481384277,433.227520751953,64.83525390625,202.302932739258,275.097072601318,487.196636962891,72.6627197265625,206.118209838867,284.543395996094,484.827777099609,68.6233413696289
"750",1249,"Michelangelo",NA,"Italy",2020,NA,NA,1,"w",NA,6222623,14.46006,37.21703,160.892081260681,235.079998970032,454.5,66.4913082122803,160.962158203125,270.861083984375,581.027587890625,60.924560546875,110,221.75,431.25,54.25,156.25,248.25,493,61.75,187.557225227356,291.6277551651,508.06859588623,67.0484066009521,187.630953788757,289.92235660553,490.691719055176,66.7993984222412,194.766230583191,280.375490188599,546.016555786133,76.4355335235596,199.725346565247,290.010089874268,532.316787719727,69.9386730194092
"751",1250,"Michelangelo",NA,"Italy",2020,NA,NA,1,"w",NA,6222617,14.24716,37.21026,164.837498664856,231.700000762939,433.5,66.3375072479248,164.2900390625,255.98779296875,560.359375,60.007080078125,113.5,217.5,413.5,53,158.5,234.25,473.5,60.25,188.6829662323,280.137872695923,462.257308959961,65.6561069488525,188.821310997009,278.754076957703,444.636421203613,65.6806964874268,195.685214996338,268.55975151062,494.450416564941,74.3968448638916,201.617994308472,278.841967582703,486.768867492676,69.1417484283447
"752",1251,"Michelangelo",NA,"Italy",2020,NA,NA,1,"w",NA,6243342,14.44356,37.06283,171.83332824707,229.031997680664,416.6,70.327619934082,170.905859375,256.8810546875,555.7107421875,62.917578125,120.2,206.6,404.6,59,165.8,236.6,467.6,65,197.286037445068,238.235851287842,545.461352539063,70.3653793334961,197.429016113281,236.898750305176,525.375860595703,70.5413391113281,206.294860839844,225.712818145752,587.744091796875,79.8841415405273,211.065589904785,238.936614990234,572.175720214844,73.7962493896484
"753",1253,"Michelangelo",NA,"Italy",2020,NA,NA,1,"w",NA,6144891,13.1308,37.84881,169.246249198914,235.130004882812,501.25,59.703763961792,171.30078125,266.4990234375,690.443359375,58.595458984375,122.5,209.75,593.25,56.5,166.75,236.5,627.25,57.75,193.317832946777,287.295227050781,693.103302001953,56.7516288757324,193.435020446777,286.779751777649,661.57470703125,55.2526693344116,201.261029243469,278.078279495239,746.957473754883,63.8515939712524,207.21987247467,284.725089073181,742.217559814453,59.8053894042969
"754",1254,"Michelangelo",NA,"Italy",2020,NA,NA,1,"w",NA,6160427,12.99758,37.71553,168.811249732971,229.530000686646,504.75,61.1638307571411,170.7060546875,268.612548828125,654.627685546875,58.672119140625,122.5,212.75,559,57.5,166,237.5,592.75,58.25,191.46870136261,258.756756782532,714.891784667969,61.0851125717163,191.723251342773,257.749586105347,679.676025390625,60.3330717086792,199.339971542358,248.70285987854,768.086791992188,69.7309017181396,204.817318916321,257.820687294006,770.643478393555,65.3632621765137
"755",1255,"Michelangelo",NA,"Italy",2020,NA,NA,1,"w",NA,6170792,13.19372,37.63139,158.316667556763,229.335998535156,520.4,60.8829170227051,160.9318359375,274.2572265625,654.518359375,57.902734375,113.4,224.2,551.4,55.4,157,241.6,591.4,57.2,180.875457763672,254.01012802124,771.695056152344,60.6081665039062,181.051105499268,251.628211975098,734.25751953125,59.7727310180664,189.213481903076,240.559589385986,834.016015625,68.085578918457,193.712200164795,250.56388092041,839.366125488281,64.5790863037109
"756",1256,"Michelangelo",NA,"Italy",2020,NA,NA,1,"w",NA,6144901,13.55211,37.8671,158.094331741333,235.616004943848,508.2,57.700821685791,161.072265625,272.2375,687.41875,57.2482421875,111,217,583.6,52,156.4,243.4,614,56,181.901802062988,265.087394714355,622.707397460938,53.3769966125488,182.00089263916,264.556797027588,597.034582519531,51.4002906799316,190.649448394775,253.624237060547,680.857824707031,58.3604103088379,194.861190795898,262.424507141113,671.33974609375,55.9365432739258
"757",1257,"Michelangelo",NA,"Italy",2020,NA,NA,1,"w",NA,6139720,13.51328,37.8921,155.847916603088,235.050001144409,512.75,57.354941368103,159.4521484375,273.3515625,690.07080078125,57.1826171875,109.25,218,588.25,52,154.5,244.5,618.25,55.5,180.428676605225,262.761006355286,642.083374023438,53.7053442001343,180.667934417725,262.08619594574,615.634750366211,51.7452192306519,189.124798774719,251.465420722961,701.781478881836,58.7467527389526,193.402814865112,260.420341491699,691.443389892578,56.2287178039551
"758",1258,"Michelangelo",NA,"Italy",2020,NA,NA,1,"w",NA,6150081,13.573,37.82725,158.596332550049,237.335998535156,503.4,58.2848411560059,161.74765625,272.0658203125,680.7970703125,57.241796875,111.8,219.8,573,52,157,243.2,606.8,56.2,182.442863464355,277.405765533447,601.384326171875,52.6583351135254,182.456924438477,276.520240783691,576.594897460938,50.730989074707,191.008483886719,266.20055770874,657.338391113281,57.6300552368164,195.381000518799,274.305671691895,650.729321289062,55.2460952758789
"759",1260,"Michelangelo",NA,"Italy",2020,NA,NA,1,"w",NA,6165617,13.41339,37.68396,130.821666717529,238.159999847412,584.25,56.4549942016602,133.656005859375,291.711669921875,669.043701171875,54.272216796875,84.75,245.5,561.75,48.75,129.5,260,604,52.25,155.089640617371,291.237473487854,716.282073974609,54.9794187545776,155.160434246063,287.897748947144,684.404983520508,53.4610271453857,162.739531993866,280.233683586121,779.413467407227,60.759783744812,167.915968894958,286.409773826599,782.135406494141,58.1583566665649
"760",1261,"Michelangelo",NA,"Italy",2020,NA,NA,1,"w",NA,6175981,13.57355,37.58989,141.456665039062,237.823997497559,549.4,58.2523857116699,142.4953125,283.273046875,648.2384765625,55.2216796875,93,245.4,529.6,48.6,137.4,253.2,577.6,53.6,164.007244110107,299.454181671143,566.499212646484,54.0859527587891,164.29955291748,297.910228729248,541.889862060547,52.7270576477051,171.677791595459,288.885612487793,619.0232421875,59.7380325317383,176.278205871582,295.569877624512,621.317749023438,57.4608749389648
"761",1262,"Michelangelo",NA,"Italy",2020,NA,NA,1,"w",NA,6181161,13.56891,37.55562,159.11833190918,235.631996154785,495.4,60.6485298156738,160.0623046875,270.030078125,632.177734375,57.4388671875,111.4,235.6,509.6,52.4,155.4,241.4,559.8,57,178.432647705078,296.575355529785,496.307006835938,55.2503227233887,178.685138702393,294.695781707764,474.448657226562,54.0678482055664,186.328075408936,285.344757080078,542.395971679687,61.1265426635742,190.786029815674,291.918090820312,545.054010009766,58.7922355651855
"762",1263,"Michelangelo",NA,"Italy",2020,NA,NA,1,"w",NA,6139724,13.6928,37.88168,161.408668518066,231.959999084473,498.8,58.7278030395508,164.8166015625,268.55625,678.8779296875,57.44921875,113.8,215.4,568.2,52,159.6,241.8,600.8,56,184.529762268066,252.237529754639,639.021325683594,52.898072052002,184.606983184814,251.864860534668,613.569299316406,50.8836837768555,192.942150115967,239.235061645508,698.913330078125,57.7753395080566,197.887428283691,249.745086669922,686.601098632813,55.4786926269531
"763",1264,"Michelangelo",NA,"Italy",2020,NA,NA,1,"w",NA,6165632,14.03771,37.69905,146.691250801086,244.580006599426,513,59.319803237915,149.86962890625,276.631591796875,631.199951171875,55.6884765625,98.5,236.25,501.25,46,144.5,251.75,545,53.5,173.345680236816,297.577729225159,568.977813720703,49.0181465148926,173.381333351135,295.695533752441,549.451324462891,47.0864753723145,180.787253379822,284.57706451416,609.733581542969,54.1570053100586,184.807767868042,294.893307685852,601.980926513672,51.0952978134155
"764",1266,"Michelangelo",NA,"Italy",2020,NA,NA,1,"w",NA,6165637,14.21878,37.68392,142.761251926422,244.900002479553,526.5,59.433648109436,145.003662109375,279.293701171875,625.4716796875,55.419921875,93.25,240.25,490,44,139.25,255.5,535,53,168.200895786285,300.11387348175,533.14623260498,48.0558261871338,168.535680770874,299.253334999084,516.486724853516,46.358286857605,175.544304847717,289.33518409729,564.971115112305,54.0375843048096,180.383362770081,299.321546554565,556.22265625,50.0688419342041
"765",1267,"Michelangelo",NA,"Italy",2020,NA,NA,1,"w",NA,6165636,14.16956,37.66714,150.565419197083,245.490002632141,506.25,59.8244609832764,153.07275390625,275.561767578125,623.751220703125,56.284912109375,100.75,237.75,488.5,45.5,146.75,251.5,534.25,54.5,176.015810966492,300.416765213013,497.749664306641,48.1217823028564,176.479849815369,299.66157913208,481.620361328125,46.896484375,184.225926399231,289.775767326355,528.919738769531,54.0256652832031,188.147950172424,299.515571594238,521.81428527832,50.5064487457275
"766",1268,"Michelangelo",NA,"Italy",2020,NA,NA,1,"w",NA,6170817,14.21158,37.64542,146.657502651215,243.610000610352,511.75,59.9236421585083,149.3828125,277.55322265625,621.050537109375,56.023193359375,97,239.25,483.5,45.75,143,254,530.75,53.75,172.816758155823,302.378206253052,496.249626159668,48.2920169830322,173.208360671997,300.017538070679,480.532814025879,46.7401313781738,179.830913543701,291.858630180359,525.876510620117,54.1767206192017,184.266304969788,299.775362014771,518.733833312988,50.4826021194458
"767",1269,"Michelangelo",NA,"Italy",2020,NA,NA,1,"w",NA,6175995,14.13295,37.6065,153.476250171661,244.23999786377,492.25,60.5785036087036,155.46240234375,273.373779296875,616.4521484375,56.681640625,103.75,236.5,480.5,46.75,149.75,249.5,528,55.25,177.655577659607,306.960506439209,473.747482299805,49.0012197494507,178.023900985718,302.861399650574,458.066421508789,47.4373912811279,185.310206413269,296.460857391357,504.009689331055,54.6139345169067,189.982714653015,300.304188728333,498.614891052246,51.4617214202881
"768",1270,"Michelangelo",NA,"Italy",2020,NA,NA,1,"w",NA,6160456,14.19343,37.73882,137.177001953125,244.208003997803,540.6,58.3626762390137,140.5197265625,280.6341796875,635.8697265625,54.5572265625,88.6,240.4,503.6,43,134.8,256.2,547,51.8,164.077789306641,290.954193115234,608.820837402344,48.7471229553223,164.476081848145,287.970867156982,589.540869140625,47.1450630187988,171.220504760742,277.416732788086,647.239001464844,54.6997161865234,176.367370605469,287.835849761963,634.557690429687,50.8011169433594
"769",1272,"Michelangelo",NA,"Italy",2020,NA,NA,1,"w",NA,6227793,14.06266,37.17417,170.062777201335,224.980001449585,414.166666666667,67.9132525126139,168.6640625,245.805501302083,548.270670572917,60.5681966145833,119.666666666667,214,401.166666666667,54.1666666666667,163.666666666667,223.166666666667,464.833333333333,61,193.256826400757,266.515302658081,453.57383219401,67.0054308573405,193.423379262288,265.226341883341,433.992375691732,67.4908561706543,201.661847432454,253.609406153361,487.430333455404,75.3618227640788,206.095965703328,264.975465138753,483.69878133138,71.0374043782552
"770",1287,"Michelangelo",NA,"Italy",2020,NA,NA,1,"w",NA,6238156,14.17557,37.12372,175.823287963867,220.563473701477,381,70.2052459716797,174.849666595459,235.762321472168,532.662048339844,61.139123916626,125,200,383.25,56.5,169.5,216,443.5,62.75,198.760194778442,243.406481742859,429.783401489258,69.3725833892822,198.760194778442,242.220788002014,411.728385925293,69.9544639587402,208.158617019653,229.522233009338,460.844253540039,78.1706809997559,214.477434158325,242.770586013794,454.771629333496,73.4142284393311
"771",1292,"Michelangelo",NA,"Italy",2020,NA,NA,1,"w",NA,6227795,14.1592,37.17895,169.888336181641,226.751998901367,412,67.6850921630859,168.7923828125,245.4408203125,546.35078125,60.376953125,118.8,210.8,400,54.2,163.4,224.6,460.4,61.4,193.675270080566,266.178569793701,445.943902587891,66.9978286743164,193.838684082031,265.098514556885,427.632604980469,67.2514587402344,201.41561126709,253.610374450684,477.931713867188,75.5021286010742,206.536071777344,264.316219329834,472.242456054688,70.7954299926758
"772",1294,"Michelangelo",NA,"Italy",2020,NA,NA,1,"w",NA,6232973,14.08175,37.15561,170.101251602173,224.870004653931,413,67.9401893615723,168.7939453125,245.3818359375,547.165283203125,60.54931640625,119.75,213.25,400.25,53.75,163.75,223,463,61,193.36362361908,266.479215621948,453.104690551758,67.0059146881104,193.585295677185,264.839396476746,433.729187011719,67.4902210235596,201.676597595215,253.384037017822,486.53214263916,75.4351463317871,206.186647415161,264.556670188904,482.324081420898,71.0031108856201
"773",1296,"Michelangelo",NA,"Italy",2020,NA,NA,1,"w",NA,6155275,14.13977,37.78714,129.2213306427,242.064002990723,566.6,57.1617698669434,133.903515625,283.027734375,647.949609375,53.3142578125,81,241,522.4,41.6,127.4,258.4,562.6,50.4,155.981653213501,279.853000640869,677.401196289062,49.7616798400879,156.120452880859,277.225765228271,655.116857910156,48.1008331298828,163.530857086182,267.670967102051,723.316223144531,55.7206809997559,168.519027709961,278.016429901123,707.391333007812,51.7910926818848
"774",1297,"Michelangelo",NA,"Italy",2020,NA,NA,1,"w",NA,6139701,12.73985,37.90527,168.884338378906,232.119998931885,514.8,60.0937164306641,169.8125,262.5166015625,649.9248046875,58.5390625,121.6,202.8,555.8,57,165.4,234,589.6,56.8,195.598243713379,271.785430908203,636.407287597656,59.7460502624512,195.598243713379,271.589855194092,606.69052734375,58.9592292785645,205.628067016602,264.745899200439,679.975134277344,69.5204330444336,209.849731445312,274.450912475586,672.93583984375,64.5112045288086
"775",1298,"Michelangelo",NA,"Italy",2020,NA,NA,1,"w",NA,6160432,13.19448,37.74005,157.100997924805,235.072002410889,522.4,58.9599685668945,159.935546875,274.276953125,675.7548828125,57.585546875,111.6,221.8,576.6,54.8,155.6,243,612,56.6,180.755935668945,276.175731658936,802.383911132812,56.969654083252,180.962455749512,274.81037902832,765.415563964844,55.6170867919922,188.825347900391,263.739395141602,866.164562988281,63.8546203613281,193.828502655029,272.901126861572,866.820581054688,60.3014724731445
"776",1299,"Michelangelo",NA,"Italy",2020,NA,NA,1,"w",NA,6186345,13.71043,37.53216,160.992078781128,237.259993553162,481,61.6643724441528,161.83203125,266.8720703125,623.51171875,57.56689453125,112.5,234.25,493,51.25,156.5,240.25,544.25,57,181.091122627258,308.890390396118,464.446136474609,53.1751585006714,181.159477233887,305.288767814636,444.960395812988,51.923394203186,188.808746337891,299.672884941101,507.23291015625,58.7963285446167,193.451442718506,300.701546669006,508.287033081055,56.5696535110474
"777",1300,"Michelangelo",NA,"Italy",2020,NA,NA,1,"w",NA,6181164,13.6867,37.56751,157.931663990021,237.699995040894,491.25,60.8139972686768,158.436279296875,270.443603515625,631.9736328125,57.01904296875,110,235.75,502.75,50.5,154,242.5,553.5,56.25,178.364672660828,307.521758079529,497.419441223145,52.8070487976074,178.597583770752,302.513518333435,476.627235412598,51.4596939086914,185.978608131409,298.447179794312,543.503173828125,58.3224039077759,190.55673122406,300.282878875732,544.544525146484,56.128737449646
"778",1301,"Michelangelo",NA,"Italy",2020,NA,NA,1,"w",NA,6212255,14.12597,37.32123,165.154166221619,239.349999427795,438,64.5522613525391,164.517822265625,258.234130859375,573.123046875,59.25146484375,114.75,225.5,426.25,52,159.5,235.25,486,59,188.4397315979,309.232807159424,455.819313049316,58.9808511734009,188.696246147156,307.988595962524,438.672607421875,58.3610134124756,195.461163520813,299.399309158325,487.426803588867,66.3836345672607,200.607342720032,305.562305450439,483.38988494873,62.288143157959
"779",1302,"Michelangelo",NA,"Italy",2020,NA,NA,1,"w",NA,6217437,14.24372,37.28859,158.80083322525,237.300000190735,456.75,64.3213596343994,158.57275390625,265.16162109375,577.205322265625,58.796142578125,108,227.5,427.75,51,153.5,242.5,487.75,58.75,182.349047660828,299.281129837036,485.962890625,62.2243356704712,182.40161895752,298.29873085022,468.141395568848,61.789421081543,188.909759521484,289.09773349762,518.670692443848,70.3755073547363,194.531164169312,298.29873085022,511.416175842285,65.4374332427979
"780",1303,"Michelangelo",NA,"Italy",2020,NA,NA,1,"w",NA,6222618,14.26345,37.23529,161.76000213623,233.599998474121,444.8,65.4447998046875,161.578125,261.4271484375,569.2724609375,59.5640625,111.2,222.6,420.2,52.2,156.2,238.6,481,59.6,185.699321746826,291.71590423584,469.512316894531,64.2507949829102,185.743465423584,290.230613708496,452.135357666016,64.0666893005371,192.501392364502,280.732036590576,501.816510009766,72.765641784668,198.171314239502,290.221237182617,494.143603515625,67.5847106933594
"781",1304,"Michelangelo",NA,"Italy",2020,NA,NA,1,"w",NA,6201893,14.07286,37.39377,162.663667678833,239.944000244141,452,63.6664398193359,162.9396484375,261.040234375,583.4826171875,58.533203125,112.4,230.4,439.8,50.2,157.2,237.8,497.2,58.2,185.231735229492,310.417568206787,439.997747802734,56.1554222106934,185.555946350098,310,423.484405517578,55.1785705566406,193.377670288086,300,471.620031738281,62.8434539794922,197.814945220947,310,468.919384765625,59.3451721191406
"782",1305,"Michelangelo",NA,"Italy",2020,NA,NA,1,"w",NA,6201892,14.03762,37.38997,164.10083770752,239.6399974823,446,64.1161060333252,163.860107421875,259.36181640625,580.528076171875,58.695556640625,114,229.25,436.5,50.75,158.75,235.5,494.25,58.5,186.291475296021,310.373029708862,439.898735046387,56.9543905258179,186.531705856323,310,423.067977905273,56.1569108963013,194.16271686554,300,472.231498718262,63.806586265564,198.709945678711,310,469.882049560547,60.3010997772217
"783",1307,"Michelangelo",NA,"Italy",2020,NA,NA,1,"w",NA,6217433,14.04531,37.29007,168.339586257935,236.809997558594,430.5,65.1633586883545,167.5185546875,252.8974609375,565.92529296875,59.281005859375,117.5,223.75,420.75,52.25,162,229.5,480.75,59.75,191.582608222961,307.352933883667,440.466163635254,60.7626571655273,191.717200279236,306.650958061218,422.83373260498,60.4129447937012,198.127317428589,297.265691757202,473.252586364746,68.3013401031494,203.740434646606,304.282288551331,470.792831420898,64.3392305374146
"784",1314,"Michelangelo",NA,"Italy",2020,NA,NA,1,"w",NA,6222611,13.98213,37.20905,171.885557174683,229.906660715739,415.166666666667,67.2198206583659,170.546223958333,246.8271484375,554.644368489583,60.19189453125,122.166666666667,218.666666666667,407.333333333333,54.1666666666667,165.833333333333,223.5,471,61.1666666666667,194.811051686605,284.57571665446,454.425333658854,64.9978574117025,194.869651794434,284.273420969645,434.537068684896,65.2306537628174,203.437452316284,273.306201299032,489.929000854492,72.911387125651,207.727499008179,282.887223561605,488.27805074056,69.0035820007324
"785",1315,"Michelangelo",NA,"Italy",2020,NA,NA,1,"w",NA,6139730,13.93505,37.87611,137.646110852559,230.753332773844,559.833333333333,56.2835744222005,142.675130208333,277.704264322917,674.100748697917,54.109375,88.8333333333333,231,553,44.8333333333333,135,252,595.333333333333,51.1666666666667,163.040943145752,248.336391448975,755.686391194661,52.8923587799072,163.373187383016,245.350049336751,727.49658203125,50.9073880513509,171.612544059753,234.861367543538,818.549611409505,58.3402926127116,176.263704299927,246.450236638387,798.021769205729,55.000571568807
"786",1321,"Michelangelo",NA,"Italy",2020,NA,NA,1,"w",NA,6196715,14.1362,37.42449,157.721000671387,241.192001342773,467.8,62.8828071594238,158.5416015625,266.801953125,589.500390625,57.7884765625,107.2,233.2,446.8,49.4,152.4,243.8,501.6,57.2,181.408462524414,310,475.435314941406,55.2688888549805,181.457286834717,310,458.354986572266,54.1162567138672,188.421844482422,300,507.264349365234,61.8989364624023,193.233692169189,309.381359100342,503.130541992187,58.2625434875488
"787",1322,"Michelangelo",NA,"Italy",2020,NA,NA,1,"w",NA,6201904,14.52641,37.40264,161.088755130768,242.870001792908,472.75,64.4823083877563,162.740966796875,281.583740234375,611.416259765625,59.65673828125,110.5,235.5,462.75,52.25,157,259.75,520.5,59.75,187.782664299011,310.294260978699,458.204627990723,63.9375286102295,188.274536132812,310,441.923164367676,62.4080972671509,195.292458534241,300.05012512207,490.736747741699,72.2229270935059,200.070757865906,310,478.195289611816,65.8010673522949
"788",1324,"Michelangelo",NA,"Italy",2020,NA,NA,1,"w",NA,6150084,13.6715,37.79866,155.443334579468,237.459998130798,504.75,58.5318040847778,158.689208984375,273.221435546875,667.059326171875,56.80224609375,107.75,224.5,553,50.5,153.25,245,590.75,55.25,179.949450492859,283.305172920227,591.205764770508,51.4025363922119,180.043849945068,281.913571357727,567.613800048828,49.5862646102905,187.744889259338,270.996398925781,646.235961914062,56.1556072235107,192.618236541748,279.637856483459,640.824966430664,54.1014757156372
"789",1325,"Michelangelo",NA,"Italy",2020,NA,NA,1,"w",NA,6129363,13.65076,37.95978,162.257663408915,220.031105677287,501,58.1160844167074,165.157234191895,268.230077107747,692.628234863281,57.4144109090169,114.333333333333,210.166666666667,588,52.3333333333333,160.5,241.333333333333,615.833333333333,56,184.934663772583,227.596858342489,683.594767252604,54.8200352986654,185.021575291952,226.327231725057,656.236470540365,52.9615968068441,194.22056833903,214.371134440104,749.025126139323,59.916348139445,199.48600769043,226.283496220907,730.666819254557,57.3731880187988
"790",1327,"Michelangelo",NA,"Italy",2020,NA,NA,1,"w",NA,6238159,14.31034,37.10672,176.691333770752,224.856002807617,387.4,70.2859039306641,175.33635559082,242.260827636719,537.229272460938,61.9659042358398,125,199.6,388,58.4,170,223,446.6,64,199.959247589111,239.49494934082,462.273748779297,70.2386871337891,199.959247589111,237.805637359619,444.113739013672,70.5768112182617,209.417610168457,226.268909454346,496.225158691406,79.5055099487305,216.284122467041,239.775543212891,485.869647216797,73.9419250488281
"791",1332,"Michelangelo",NA,"Italy",2020,NA,NA,1,"w",NA,6155272,14.00545,37.75775,140.454585552216,242.969999313354,529.25,58.5152492523193,143.5966796875,279.69873046875,638.961669921875,54.906005859375,92.5,237.25,514.25,44.25,138,254.25,553.75,52.25,166.178622245789,289.524445533752,658.782043457031,49.4608783721924,166.317625045776,287.214245796204,635.423812866211,47.5942440032959,173.950791358948,275.778374671936,708.435028076172,54.7693967819214,178.595314025879,286.369547843933,697.962387084961,51.7231330871582
"792",1333,"Michelangelo",NA,"Italy",2020,NA,NA,1,"w",NA,6144898,13.45299,37.839,142.571246623993,234.259996414185,543.75,56.1969919204712,149.043701171875,280.934326171875,683.90576171875,56.09814453125,97.5,227.5,580.25,50.5,143,251.5,613.75,53.75,169.543414115906,281.955232620239,699.578262329102,53.4341125488281,169.798951148987,279.883151054382,670.049011230469,51.5036592483521,177.279262542725,271.164412498474,762.655334472656,58.5188093185425,181.858849525452,278.002896308899,755.99299621582,56.0089683532715
"793",1334,"Michelangelo",NA,"Italy",2020,NA,NA,1,"w",NA,5259039,10.14323,44.9776,126.827665328979,317.727996826172,750.2,22.7123519897461,126.5056640625,387.8513671875,873.1732421875,25.6958984375,62.6,293.4,807.2,29.6,126.2,341.2,862.2,22.6,170,328.774467468262,700.917163085938,26.8857727050781,170,320,714.116870117188,25.4508949279785,180,328.190933227539,737.224890136719,28.8049575805664,190,339.948432922363,698.722412109375,28.4153327941895
"794",1335,"Michelangelo",NA,"Italy",2020,NA,NA,1,"w",NA,5259040,10.19127,44.96142,127.036666870117,318.279997507731,737.333333333333,22.326145807902,126.176920572917,387.350260416667,878.542643229167,25.3977864583333,62.3333333333333,292.166666666667,812.666666666667,29.8333333333333,125.833333333333,340.5,867.333333333333,22.5,170,329.862632751465,694.842142740885,26.9499890009562,170,320,707.795633951823,25.3142086664836,180,327.96838760376,733.337249755859,29.0104653040568,190,339.957027435303,695.014872233073,28.6697216033936
"795",1338,"Michelangelo",NA,"Italy",2020,NA,NA,1,"w",NA,5264220,10.19102,44.95693,127.036666870117,318.279997507731,737.333333333333,22.326145807902,126.176920572917,387.350260416667,878.542643229167,25.3977864583333,62.3333333333333,292.166666666667,812.666666666667,29.8333333333333,125.833333333333,340.5,867.333333333333,22.5,170,329.862632751465,694.842142740885,26.9499890009562,170,320,707.795633951823,25.3142086664836,180,327.96838760376,733.337249755859,29.0104653040568,190,339.957027435303,695.014872233073,28.6697216033936
"796",1340,"Michelangelo",NA,"Italy",2020,NA,NA,1,"w",NA,5259038,10.11736,44.97556,126.83099937439,319.391994476318,759.4,23.4257781982422,126.9076171875,387.4287109375,869.55,26.333984375,63,292.2,804.2,30.2,126.4,341.2,859.2,23.2,170,328.904708862305,698.367065429688,27.6508644104004,170,320,710.403283691406,26.033186340332,180,327.192169189453,733.842810058594,29.3411952972412,190,339.866928100586,694.975720214844,28.8934841156006
"797",1341,"Michelangelo",NA,"Italy",2020,NA,NA,1,"w",NA,5968667,8.82022,39.26191,166.242664337158,253.303997039795,547.8,54.3377967834473,157.39296875,294.91171875,620.0564453125,57.8595703125,111.4,216,588.4,61.2,156.8,268.4,607,54.8,191.793601989746,285.678436279297,542.305859375,59.2285278320312,192.915233612061,284.144725799561,532.929272460937,61,198.987308502197,280.567127227783,557.426708984375,62.0069145202637,206.20751953125,292.078857421875,543.703955078125,59.1642280578613
"798",1342,"Michelangelo",NA,"Italy",2020,NA,NA,1,"w",NA,5823626,8.75143,40.45172,144.244999885559,242.230000495911,808,57.9289855957031,145.6513671875,294.67724609375,868.590576171875,58.761962890625,95,233.25,851.5,58.25,143,268.5,866.5,56,167.061448097229,286.767663955688,667.610656738281,57.3479242324829,167.301840782166,284.294366836548,666.037368774414,59.7228631973267,177.902088165283,284.058032035828,749.915145874023,57.8940076828003,181.988453865051,296.93286895752,707.974182128906,57.7402963638306
"799",1343,"Michelangelo",NA,"Italy",2020,NA,NA,1,"w",NA,5808087,8.82945,40.5485,150.342915058136,244.930000305176,714,55.7395248413086,151.410888671875,291.774658203125,798.697509765625,58.45263671875,100.5,237.75,771.25,56.25,149.25,266,786,56,171.050672531128,291.225609779358,566.256301879883,54.9751901626587,171.901769638062,288.970756530762,566.158920288086,57.5365724563599,182.323980331421,287.522192001343,638.725051879883,55.6693992614746,189.218287467957,299.586954116821,601.873352050781,55.4425611495972
"800",1344,"Michelangelo",NA,"Italy",2020,NA,NA,1,"w",NA,5792542,8.618,40.67866,149.10333442688,234.583999633789,694.4,54.1396095275879,153.201953125,289.953515625,774.2404296875,59.6109375,103.6,242.4,748.6,54.6,151.6,263.6,760,57.4,174.882308959961,244.518844604492,655.902087402344,59.2551826477051,174.996887207031,241.538055419922,654.733605957031,61.9767723083496,185.234916687012,238.755142211914,741.944946289062,59.6548347473145,190.770038604736,253.628986358643,697.879370117187,59.4064994812012
"801",1345,"Michelangelo",NA,"Italy",2020,NA,NA,1,"w",NA,5802912,9.00062,40.58622,144.192500114441,233.140006065369,737.5,55.1345071792603,144.906494140625,289.141357421875,822.291015625,56.591064453125,93.25,235.75,804,53.5,142,263,816.25,53,165.962119102478,299.927091598511,603.685104370117,50.7616147994995,166.686100959778,299.708366394043,604.859191894531,53.227388381958,176.439504623413,299.242091178894,683.886993408203,51.7802038192749,180.871810913086,308.978261947632,643.780288696289,51.3621225357056
"802",1346,"Michelangelo",NA,"Italy",2020,NA,NA,1,"w",NA,5906501,8.58239,39.77349,169.899106025696,223.221907615662,513.5,57.2715244293213,166.073810577393,270.29190826416,638.09748840332,60.6409502029419,117,185.5,601.75,63.75,164,249,626.75,58,190,229.038972854614,600.234100341797,64.7542057037354,190,226.087312698364,595.489990234375,67.6314525604248,200,218.954977989197,635.163909912109,65.8984622955322,209.912109375,235.069551467896,616.633728027344,65.5534420013428
"803",1347,"Michelangelo",NA,"Italy",2020,NA,NA,1,"w",NA,5839159,8.47587,40.3009,NA,NA,NA,NA,NA,NA,NA,NA,110.8,210,687.8,62.2,NA,NA,NA,NA,186.795001983643,230.989906311035,744.339233398438,64.5294326782227,187.0032081604,228.708110809326,737.512683105469,67.2474563598633,197.510391235352,224.399826049805,826.40087890625,64.9237594604492,204.32852935791,242.503082275391,783.953344726562,65.08173828125
"804",1348,"Michelangelo",NA,"Italy",2020,NA,NA,1,"w",NA,5787363,8.64752,40.74608,144.516388575236,229.94000116984,716.166666666667,54.9192110697428,148.872233072917,286.217447916667,792.36572265625,58.3525390625,97.6666666666667,242,783.166666666667,52.3333333333333,145.833333333333,260.166666666667,788.666666666667,55.6666666666667,170.248934427897,239.358851114909,725.330098470052,58.6248912811279,170.600500106812,235.378271738688,726.344685872396,61.4931888580322,181.071421305339,232.684685389201,823.80263264974,59.0974349975586,186.53138478597,248.302853902181,774.571024576823,58.7645276387533
"805",1349,"Michelangelo",NA,"Italy",2020,NA,NA,1,"w",NA,5782195,9.16102,40.78038,145.09033203125,224.303997039795,675.4,53.3608421325684,144.3271484375,278.4119140625,773.848046875,54.88671875,93.2,233.6,746.8,48.8,142.2,251.2,752.8,51.8,168.511507034302,290.107753753662,657.094458007812,47.181029510498,169.288475036621,286.180271148682,661.931518554688,50.5415786743164,178.67635345459,283.956707000732,755.361413574219,48.8554191589355,184.473888397217,294.613346099854,707.9826171875,48.3129066467285
"806",1350,"Michelangelo",NA,"Italy",2020,NA,NA,1,"w",NA,5823649,9.72934,40.44066,165.09973526001,225.941337585449,441.4,50.690161895752,162.757885742188,271.388122558594,603.498681640625,56.5456642150879,111.2,206.6,528.2,50.8,160.2,243,560.4,53,188.437606811523,212.275394439697,506.304119873047,59.9158821105957,189.043842315674,209.034851074219,507.06162109375,63.9515663146973,199.044368743896,200.162548065186,588.005151367188,63.4278503417969,204.580715179443,215.903099060059,551.331274414062,63.7294944763184
"807",1351,"Michelangelo",NA,"Italy",2020,NA,NA,1,"w",NA,5942772,9.01582,39.48745,164.798336029053,264.263999938965,517.6,51.6265815734863,156.633203125,299.76640625,591.5345703125,56.3775390625,108.2,218.8,550.8,58.4,154.6,273.6,575,52,188.010948181152,293.988674163818,645.931274414062,59.346647644043,188.324493408203,292.291961669922,636.795666503906,60.7854835510254,196.895526885986,286.372394561768,671.330358886719,61.7787811279297,200.241645812988,299.244739532471,655.392272949219,59.7453193664551
"808",1352,"Michelangelo",NA,"Italy",2020,NA,NA,1,"w",NA,5797924,17.03296,40.63492,148.363666534424,262.720001220703,598.4,35.1913948059082,152.412109375,317.4330078125,689.27578125,43.8125,93.6,233.8,550.8,34.8,149,285.8,612,31.2,185.492012023926,278.163307189941,552.337451171875,36.7103790283203,185.834732055664,277.093357086182,548.161804199219,36.1756980895996,199.079792022705,278.91370010376,548.092333984375,34.9643974304199,204.960136413574,291.145748138428,534.734539794922,35.0499008178711
"809",1353,"Michelangelo",NA,"Italy",2020,NA,NA,1,"w",NA,5808275,16.66427,40.55732,154.926249980927,257.309999465942,624.25,37.9746170043945,157.41943359375,309.302978515625,682.983154296875,45.570068359375,97.75,222.25,537,37.75,153.5,281.25,597.5,32.25,187.819790840149,286.716365814209,473.180511474609,34.1887273788452,188.061809539795,283.816776275635,474.894271850586,34.0520668029785,201.381554603577,283.409714698792,476.667976379395,33.7007780075073,207.123003005981,296.119875907898,468.633934020996,34.0987911224365
"810",1354,"Michelangelo",NA,"Italy",2020,NA,NA,1,"w",NA,5740921,16.07738,41.08562,143.232498168945,260.829997062683,429.75,26.3631253242493,139.9951171875,310.533935546875,657.1533203125,36.40625,78.5,225.5,549.5,28.25,136,285.25,579.25,24.5,172.143926620483,299.607610702515,540.671546936035,29.6533212661743,172.374882698059,297.118668556213,543.714477539062,27.0715174674988,183.360552787781,298.134622573853,538.769096374512,30.9065532684326,189.451551437378,309.27818775177,521.034034729004,29.5324511528015
"811",1355,"Michelangelo",NA,"Italy",2020,NA,NA,1,"w",NA,5803106,17.11842,40.59109,155.306669235229,256.063999176025,583.2,38.116291809082,160.6083984375,313.7642578125,649.660546875,46.736328125,102,232.2,510.2,36.2,157,281.6,567,33.8,192.744716644287,266.894680023193,519.990350341797,40.0102691650391,193.167629241943,265.538284301758,514.594958496094,39.8585838317871,205.517440795898,269.011219024658,515.274157714844,38.2667907714844,211.866596221924,281.562000274658,502.161773681641,38.2625053405762
"812",1356,"Michelangelo",NA,"Italy",2020,NA,NA,1,"w",NA,5792752,17.33926,40.70287,141.051666736603,254.350008964539,582,35.2326793670654,142.1162109375,316.140869140625,751.37353515625,43.197265625,83.75,236.75,635,31.75,139.25,282.25,687.75,32.5,174.655714035034,258.576369285583,649.124526977539,46.5423069000244,175.483818054199,257.390666007996,635.909072875977,45.5248374938965,189.747729301453,261.535005569458,637.700500488281,44.1459321975708,194.104452133179,275.728054046631,621.681503295898,44.3661508560181
"813",1357,"Michelangelo",NA,"Italy",2020,NA,NA,1,"w",NA,5725387,16.29665,41.22724,156.601999282837,255.096004486084,448.2,28.267830657959,153.4533203125,306.353125,636.0154296875,39.5048828125,93.2,223.8,539.2,29.2,150.8,277.4,562.8,28.6,185.799541473389,266.979015350342,512.478491210937,36.7589370727539,186.147205352783,265.510936737061,510.30927734375,34.3578804016113,198.141593933105,267.816925048828,502.569573974609,36.2890213012695,202.782760620117,282.511177062988,489.712457275391,35.8634918212891
"814",1359,"Michelangelo",NA,"Italy",2020,NA,NA,1,"w",NA,5766840,16.84544,40.89719,143.785999298096,260.231998443604,576.6,28.9371505737305,143.2775390625,315.576953125,740.866015625,38.655078125,83.8,231.4,626.4,31,140.2,285.8,676.4,27.2,180.352233886719,282.101474761963,587.182824707031,38.8260726928711,180.633750915527,279.208301544189,581.578247070312,36.2530258178711,192.173240661621,282.849395751953,579.632995605469,36.7905227661133,199.713943481445,293.948253631592,566.283825683594,37.2466361999512
"815",1361,"Michelangelo",NA,"Italy",2020,NA,NA,1,"w",NA,5828996,16.68959,40.41099,158.676945368449,257.306667963664,633.666666666667,41.8452606201172,161.177734375,307.5615234375,678.313802083333,48.18359375,101.5,220,524.166666666667,40.1666666666667,157,278.833333333333,585.666666666667,35,191.866963704427,271.951484680176,500.928049723307,38.458911895752,192.440099716187,268.248720169067,502.125264485677,39.3670387268066,204.704634348551,267.844950358073,506.681635538737,38.6775360107422,210.880839029948,281.169239679972,498.033320109049,39.097339630127
"816",1362,"Michelangelo",NA,"Italy",2020,NA,NA,1,"w",NA,5761662,16.91845,40.9548,148.663749694824,254.010009765625,569,30.4829678535461,149.01904296875,311.6640625,720.798583984375,39.75341796875,89.75,228,612.25,30.75,146.25,279.25,657,29,186.011171340942,261.742444038391,594.145370483398,40.4466686248779,186.977963447571,259.926872253418,586.279159545898,37.6066780090332,199.116892814636,263.708434104919,583.769943237305,38.1207847595215,203.401117324829,276.228628158569,569.853820800781,38.572678565979
"817",1363,"Michelangelo",NA,"Italy",2020,NA,NA,1,"w",NA,5766838,16.76913,40.8909,140.604166984558,258.369998931885,563.5,28.387122631073,139.13916015625,314.09228515625,747.559326171875,37.968505859375,79.5,229.5,630.5,31,136.25,285.25,682.75,26.5,175.762786865234,289.891819953918,602.797988891602,36.498893737793,175.927667617798,287.96865940094,599.204467773438,34.0247688293457,186.747641563416,289.626054763794,596.50373840332,34.725811958313,195.211682319641,300.330352783203,583.395462036133,34.9788074493408
"818",1364,"Michelangelo",NA,"Italy",2020,NA,NA,1,"w",NA,5797922,16.93974,40.62804,149.03416633606,264.933331807454,606.333333333333,34.597292582194,152.452799479167,317.33642578125,687.894856770833,43.513671875,93,232.166666666667,549.666666666667,35,148.666666666667,287.166666666667,609.833333333333,30.5,185.268665949504,280.643577575684,550.66298421224,35.6790339152018,186.039473215739,278.637431462606,548.341766357422,35.2490488688151,199.49135462443,280.052658716838,548.120544433594,34.143887201945,204.584010442098,293.210795720418,535.636901855469,34.2860984802246
"819",1365,"Michelangelo",NA,"Italy",2020,NA,NA,1,"w",NA,5828990,16.44016,40.378,157.23805586497,259.073324203491,676.166666666667,42.1356054941813,159.427571614583,301.6943359375,736.93017578125,47.9599609375,99,213.166666666667,583,41.3333333333333,154.833333333333,276.666666666667,644,35.6666666666667,187.494188944499,312.499233881633,504.505696614583,33.156556447347,187.730083465576,310.108286539714,507.771026611328,33.2450218200684,200.143473943075,311.3667456309,514.560862223307,34.6558539072673,206.404892603556,320.432821909587,506.803736368815,34.6516253153483
"820",1366,"Michelangelo",NA,"Italy",2020,NA,NA,1,"w",NA,5818630,16.45705,40.49845,151.542499065399,253.700003623962,640.75,38.6990270614624,152.7880859375,305.57861328125,730.1748046875,45.151611328125,92,215.75,582.25,38.75,148,280.25,644.25,32.25,181.200523376465,315.719952583313,518.405364990234,31.7015361785889,181.642408370972,310.986957550049,522.135917663574,31.394838809967,193.688020706177,313.735604286194,525.962013244629,32.4611892700195,200.17041683197,321.647090911865,518.370071411133,32.5196676254272
"821",1367,"Michelangelo",NA,"Italy",2020,NA,NA,1,"w",NA,5823835,17.47527,40.42798,162.066329956055,252.631999969482,546,43.7380264282227,165.9865234375,316.300390625,661.10859375,51.391015625,107.8,238.2,529.4,37.2,162.2,282.4,579,40,196.155487060547,248.797603607178,567.343481445312,47.319263458252,197.923358917236,248.289806365967,556.301538085938,47.8573539733887,210,250.954349517822,560.157507324219,45.3221740722656,216.106658935547,265.499095916748,544.925354003906,44.7084091186523
"822",1368,"Michelangelo",NA,"Italy",2020,NA,NA,1,"w",NA,5808278,16.75586,40.57743,148.226664066315,262.309999465942,619.75,34.9675664901733,148.575439453125,313.92236328125,710.97412109375,43.126708984375,89.25,227,567.75,35.75,145,285.5,629.75,30,182.106237411499,279.734382629395,540.775650024414,33.4384202957153,182.528109550476,276.943712234497,541.580444335938,33.1273150444031,194.020280838013,276.338739395142,542.048477172852,32.3811707496643,200.424218177795,288.937044143677,531.956253051758,32.7417988777161
"823",1369,"Michelangelo",NA,"Italy",2020,NA,NA,1,"w",NA,5777202,16.92216,40.79907,138.855834007263,269.000005722046,604.75,29.0157203674316,139.254638671875,323.32373046875,766.87451171875,38.14794921875,80,239,646,32,136,293.75,703,27,179.39112663269,289.273037910461,605.384246826172,37.1822872161865,179.949545860291,286.149439811707,600.711273193359,35.2151622772217,190,289.635367393494,599.932922363281,35.2990980148315,197.045984268188,299.947910308838,585.919586181641,35.5755319595337
"824",1371,"Michelangelo",NA,"Italy",2020,NA,NA,1,"w",NA,5813474,17.43428,40.53829,157.843055725098,251.93333307902,555.333333333333,40.290142695109,160.49609375,319.4228515625,675.882649739583,48.7330729166667,102.5,240.666666666667,550,35.1666666666667,157.166666666667,285.5,599.833333333333,37.5,191.591475804647,260,568.332041422526,45.7024002075195,192.166560490926,259.921007156372,556.521820068359,45.5066483815511,204.108956654867,260,559.084788004557,43.5269196828206,211.201607386271,277.571611404419,544.751088460286,43.2742309570312
"825",1372,"Michelangelo",NA,"Italy",2020,NA,NA,1,"w",NA,5803089,16.38785,40.5977,145.301334381104,250.856002807617,621.6,36.0248184204102,146.2224609375,305.934375,738.8974609375,42.9763671875,85.8,216.8,596,36.8,142,281.6,654.2,30,175.868473052979,318.164089202881,509.372094726563,31.0333637237549,176.510917663574,313.049060821533,513.927014160156,30.1881801605225,188.047092437744,314.411220550537,516.858129882812,31.9387203216553,194.808818817139,322.390083312988,508.809869384766,31.6837238311768
"826",1373,"Michelangelo",NA,"Italy",2020,NA,NA,1,"w",NA,5787545,16.24376,40.74336,145.824999809265,260.970001220703,577.75,31.4596662521362,144.954345703125,307.194580078125,712.640625,40.942138671875,84,217.75,585.5,35,140.75,284,630.5,27.5,175.232315063477,316.534433364868,493.567581176758,26.9551796913147,175.604543685913,312.175073623657,498.71460723877,25.1903023719788,187.478055953979,312.090601921082,499.411140441895,28.4089956283569,193.678450584412,321.724405288696,489.61735534668,27.2710132598877
"827",1374,"Michelangelo",NA,"Italy",2020,NA,NA,1,"w",NA,5782391,17.3268,40.75567,142.546668052673,253.620004653931,579.5,34.7580556869507,142.710205078125,315.75634765625,751.27587890625,43.016845703125,84.75,236.75,637,31.75,140.25,281.75,688,32.5,178.856816291809,256.034173965454,634.414306640625,47.2383375167847,179.509463310242,254.859519004822,620.832366943359,45.8971900939941,190.086431503296,259.609832763672,622.526779174805,44.6828498840332,197.159748077393,273.317513465881,607.039535522461,45.0388250350952
"828",1375,"Michelangelo",NA,"Italy",2020,NA,NA,1,"w",NA,5803099,16.79808,40.62495,141.909580230713,265.779995918274,615.25,32.9959864616394,142.626708984375,316.7822265625,737.7685546875,41.21728515625,82.5,231.25,599.25,34.5,138.5,288.5,662.25,28.5,178.318400382996,284.019899368286,593.689437866211,33.9749031066895,179.089708328247,279.046754837036,593.838439941406,33.3998832702637,189.908375740051,280.210680961609,593.73405456543,32.673077583313,195.336756706238,293.830623626709,581.931747436523,33.0312652587891
"829",1376,"Michelangelo",NA,"Italy",2020,NA,NA,1,"w",NA,5834212,18.17263,40.35203,168.331996917725,239.656005859375,568.2,50.5323745727539,167.8751953125,299.7421875,756.40390625,54.953125,110.8,226.8,700.4,34,164.2,262.6,688.4,46.4,200,254.383277893066,655.726916503906,50.5950653076172,200,259.228363037109,634.355383300781,50.131226348877,211.769828796387,260.666965484619,628.052746582031,45.7318786621094,220,273.216064453125,605.928479003906,47.2323318481445
"830",1377,"Michelangelo",NA,"Italy",2020,NA,NA,1,"w",NA,5808272,16.50207,40.56946,150.689167976379,254.530000686646,622.5,36.8351612091064,153.072021484375,307.38232421875,711.5966796875,44.08544921875,92,218.75,570.25,37.75,148.5,282,628.5,31,183.555340766907,312.777414321899,493.015258789062,31.873414516449,183.555340766907,309.484062194824,496.315048217773,31.4011082649231,194.751281738281,311.265730857849,498.656440734863,32.4030599594116,202.055006027222,320.36018371582,490.984039306641,32.369725227356
"831",1378,"Michelangelo",NA,"Italy",2020,NA,NA,1,"w",NA,5828993,16.553,40.39019,158.74033164978,257.831996917725,657.6,42.577547454834,161.7908203125,303.9705078125,707.4751953125,48.6005859375,101.4,216.2,551,41.2,157.2,277.2,614.6,36,190.829555511475,299.802108764648,477.857293701172,35.0499267578125,191.804553985596,296.21505355835,480.123480224609,35.6195487976074,204.878128051758,297.57772064209,485.837030029297,36.0302581787109,208.952861785889,308.760189056396,478.465307617187,36.2887245178223
"832",1379,"Michelangelo",NA,"Italy",2020,NA,NA,1,"w",NA,5777207,17.12586,40.7939,137.850832939148,259.040007591248,589.25,32.2892513275146,139.04296875,318.976318359375,763.103271484375,40.04248046875,80.5,237.25,643.75,31.5,136.25,286.75,701.25,29.5,175.535454750061,277.20235824585,641.628387451172,40.245532989502,176.827969551086,275.050649642944,632.130950927734,38.3546581268311,189.963545799255,279.747681617737,632.264907836914,38.0334186553955,194.350714683533,291.79811000824,616.283706665039,38.2875394821167
"833",1380,"Michelangelo",NA,"Italy",2020,NA,NA,1,"w",NA,5772026,17.12041,40.85441,142.479000091553,259.504001617432,585,31.2186233520508,142.5388671875,317.7361328125,752.152734375,39.970703125,83.8,236,637.4,31,139.8,285.2,691.6,29.6,180.119300842285,266.893997192383,618.0986328125,41.5080505371094,180.201057434082,265.331489562988,608.08408203125,39.1547035217285,190.680248260498,270.852210998535,607.942907714844,39.0529418945313,199.625789642334,282.341567993164,592.534680175781,39.5323989868164
"834",1381,"Michelangelo",NA,"Italy",2020,NA,NA,1,"w",NA,5766842,16.94892,40.88732,143.768999099731,262.919990539551,583.6,29.689030456543,143.577734375,317.7103515625,745.31796875,38.9775390625,84.4,234.4,630.2,31.2,140.6,287.2,683.8,27.8,180,274.52269744873,591.4671875,40.0506416320801,180.089466094971,272.478965759277,584.295739746094,37.5481803894043,191.41739654541,276.325450897217,583.207958984375,37.901197052002,200,287.512580871582,569.168725585938,38.2908905029297
"835",1382,"Michelangelo",NA,"Italy",2020,NA,NA,1,"w",NA,5813453,16.54843,40.5141,150.678335189819,253.552001953125,635.4,38.2513603210449,152.183984375,307.4896484375,720.6595703125,45.01015625,91.4,219,573.4,38.2,147.4,281,635.4,31.8,181.564880371094,304.282112121582,528.728875732422,32.872883605957,182.079708099365,300.483512878418,531.671948242187,32.8122177124023,194.953647613525,301.419448852539,535.029437255859,33.1597915649414,200.216869354248,313.585483551025,526.926263427734,33.4159400939941
"836",1383,"Michelangelo",NA,"Italy",2020,NA,NA,1,"w",NA,5777198,16.75286,40.79181,135.710000991821,264.23999786377,577,28.9082865715027,134.15234375,315.478271484375,767.3193359375,38.060546875,74,230.5,643.25,32,130.5,288,701.25,26,170.281729698181,299.843730926514,635.833877563477,33.2334661483765,170.542459487915,291.221165657043,634.57698059082,31.1052751541138,180.895667076111,299.525022506714,632.477676391602,31.6060357093811,190,309.539337158203,619.226913452148,31.7683272361755
"837",1384,"Michelangelo",NA,"Italy",2020,NA,NA,1,"w",NA,5694289,15.54463,41.4622,157.009170055389,276.609992980957,497.25,24.0028295516968,159.105712890625,346.759033203125,618.2177734375,34.056884765625,98.25,270.75,520.25,24.5,156.5,315,539.75,24.5,191.953864097595,330,419.43431854248,31.5445508956909,191.564879417419,328.637943267822,425.540534973145,30,200.035495758057,322.394981384277,423.060447692871,33.9862251281738,209.979000091553,330,399.575950622559,31.1055574417114
"838",1385,"Michelangelo",NA,"Italy",2020,NA,NA,1,"w",NA,5756455,15.81563,40.9607,139.634445508321,258.533328374227,515.333333333333,28.6858307520549,140.720377604167,312.33447265625,659.311197916667,37.396484375,79.1666666666667,225,550.833333333333,29.6666666666667,136.833333333333,289.833333333333,575.5,25.5,171.32209777832,318.226067225138,503.638509114583,28.6982142130534,171.390784581502,309.923833211263,509.985580444336,26.6114638646444,182.045176823934,308.415622711182,511.987950642904,31.7508296966553,188.271408081055,319.942061106364,488.933308919271,29.6275002161662
"839",1386,"Michelangelo",NA,"Italy",2020,NA,NA,1,"w",NA,5678745,15.37777,41.60105,157.489664077759,269.775997161865,466.2,25.5160667419434,158.622265625,329.9169921875,653.6142578125,35.3033203125,97.6,259,557.2,25.2,155.6,297.8,578,26.2,191.411918640137,323.755256652832,434.063568115234,31.101623916626,191.000583648682,320,440.786102294922,30,200.09663772583,320,439.826550292969,33.5092216491699,209.494972229004,326.533599853516,415.992272949219,30.1814277648926
"840",1387,"Michelangelo",NA,"Italy",2020,NA,NA,1,"w",NA,5668386,15.43202,41.67722,159.266998291016,264.896003723145,435.8,25.1098064422607,158.9908203125,326.136328125,641.46875,36.009375,98.6,258.2,550.2,24.2,156.8,291.8,568.4,27.4,195.878337860107,320.212970733643,471.027404785156,31.0466808319092,195.245269775391,318.850204467773,478.934802246094,30.1842380523682,203.084896087646,318.991485595703,477.747882080078,32.9228225708008,210,321.395458221436,452.960308837891,29.9905075073242
"841",1388,"Michelangelo",NA,"Italy",2020,NA,NA,1,"w",NA,5652842,15.25997,41.81357,159.469997406006,251.639999389648,405.2,25.8172805786133,157.231976318359,307.791882324219,688.739233398437,36.0740516662598,97.2,247,596.8,24.2,154.8,273.8,617,28.6,191.079677581787,281.392864227295,493.63564453125,34.5709167480469,191.376026153564,276.945995330811,502.003228759766,34.0318473815918,200.751182556152,276.870742797852,505.521484375,35.9288429260254,207.964241027832,284.289756774902,480.564990234375,33.4102268218994
"842",1389,"Michelangelo",NA,"Italy",2020,NA,NA,1,"w",NA,5678754,15.76458,41.5923,159.08766746521,280.639999389648,440.4,20.5158618927002,157.1318359375,330.6197265625,582.21328125,37.333984375,97.2,260.2,495.4,23.4,155.2,297,508.6,28,195.43334197998,315.757930755615,412.177178955078,29.6569049835205,195.380599975586,312.632129669189,418.018927001953,29.5213466644287,205.085563659668,313.450096130371,413.224560546875,31.01086769104,210,317.214092254639,393.671411132813,28.4638236999512
"843",1390,"Michelangelo",NA,"Italy",2020,NA,NA,1,"w",NA,5673572,15.68788,41.64846,155.619667053223,272.272003173828,372.4,20.2285079956055,149.1748046875,323.67578125,602.3830078125,34.9044921875,89.8,254.4,514.8,20.6,147.6,290.4,527.2,26.6,187.293064117432,319.728786468506,527.71171875,28.9072929382324,187.114933013916,316.375076293945,536.230969238281,28.9195518493652,196.84436416626,316.659038543701,530.881652832031,30.2943302154541,202.635684967041,320.732032775879,505.576208496094,27.551895904541
"844",1391,"Michelangelo",NA,"Italy",2020,NA,NA,1,"w",NA,5694293,15.71677,41.49914,157.722084522247,282.420001029968,483.75,22.0916767120361,158.943115234375,341.5869140625,591.82275390625,36.099609375,98.5,268,500.75,24,156.5,308.75,516,26.25,200,325.246534347534,396.46240234375,31.0341396331787,200,320.054950714111,401.946395874023,30.1447448730469,209.92657661438,320.068488121033,398.193283081055,32.8880767822266,210,327.769622802734,377.771324157715,30.3314237594604
"845",1392,"Michelangelo",NA,"Italy",2020,NA,NA,1,"w",NA,5704658,15.93472,41.38882,160.932085514069,266.929998397827,467,25.5230722427368,161.888916015625,323.923095703125,587.927978515625,39.69921875,101.5,244.75,495.25,28.25,159.5,292.75,513,29.5,200,284.926562309265,414.958084106445,35.7659378051758,200,283.157691955566,417.187614440918,34.3978242874146,210,282.786254882812,413.201553344727,36.8272905349731,210,291.380686759949,394.696426391602,35.2617692947388
"846",1393,"Michelangelo",NA,"Italy",2020,NA,NA,1,"w",NA,5699473,15.714,41.42717,158.06233215332,280.008003234863,493,23.8277465820312,159.65,340.2384765625,596.583984375,36.1646484375,99,263.8,501.4,25,157,308.2,519.4,26,200,325.387958526611,412.893310546875,32.0191696166992,199.990623474121,319.871871948242,418.18603515625,30.8709072113037,209.883598327637,319.689338684082,414.780352783203,34.0495574951172,210,327.786766052246,392.933764648437,31.7396606445312
"847",1394,"Michelangelo",NA,"Italy",2020,NA,NA,1,"w",NA,5689116,15.85135,41.50726,161.266482671102,273.603493372599,458.5,24.1201763153076,161.6201171875,328.505498250326,579.741068522135,38.9983723958333,101.666666666667,252.833333333333,490.166666666667,26.5,159.333333333333,295.166666666667,505.5,29.3333333333333,200,301.05491956075,398.338226318359,33.1411218643188,200,298.238337834676,402.311762491862,32.481588045756,209.995009104411,297.642507553101,398.101165771484,34.3846925099691,210,305.585301717122,379.468404134115,32.3044169743856
"848",1395,"Michelangelo",NA,"Italy",2020,NA,NA,1,"w",NA,5720190,15.59362,41.28334,152.80366897583,275.528003692627,515.4,25.4568927764893,155.32109375,336.29921875,622.216015625,34.808203125,93.8,255.6,521.4,26,151.8,308.4,541,24.6,189.478538513184,320.755302429199,450.523333740234,31.0552757263184,189.414608001709,320,456.562188720703,29.7481716156006,199.414608001709,319.723052978516,454.316943359375,34,204.704063415527,325.512748718262,428.80693359375,31.0256267547607
"849",1396,"Michelangelo",NA,"Italy",2020,NA,NA,1,"w",NA,5725368,15.51192,41.23284,149.078333377838,271.93000793457,528.75,27.0555377006531,152.079345703125,330.64599609375,633.6953125,35.201171875,90.25,248,535.25,26.75,148.5,304.25,551.75,24.5,183.323311805725,319.928059577942,464.12629699707,30.8966655731201,182.964577674866,317.598376274109,470.245056152344,29.1984047889709,192.576231956482,311.062908172607,468.732208251953,33.912615776062,198.625211715698,320,442.06372833252,30.9671397209167
"850",1397,"Michelangelo",NA,"Italy",2020,NA,NA,1,"w",NA,5730551,15.62937,41.18579,146.835666656494,270.056007385254,496.8,26.8040863037109,148.2296875,324.550390625,620.636328125,35.2859375,86.4,241.2,518.2,26.6,144.8,299.2,538.4,24,179.613330841064,320,481.05166015625,30.2480285644531,179.469047546387,316.279193878174,487.318499755859,28.3408542633057,189.39794921875,313.065044403076,486.181744384766,33.2193054199219,196.059356689453,320.083099365234,459.596484375,30.415567779541
"851",1398,"Michelangelo",NA,"Italy",2020,NA,NA,1,"w",NA,5725372,15.69109,41.22859,151.689001083374,274.23999786377,496.2,26.0149787902832,152.76953125,330.2845703125,617.47265625,35.2982421875,91.2,248,514.8,26.6,149.6,303.8,535.6,24.4,186.788249969482,320.402740478516,453.852069091797,31.236873626709,186.484218597412,320,459.653100585938,29.5354141235352,196.484218597412,319.780342102051,457.660943603516,33.9363563537598,202.705944061279,324.197090148926,432.831646728516,31.4711971282959
"852",1399,"Michelangelo",NA,"Italy",2020,NA,NA,1,"w",NA,5735730,15.59334,41.13049,146.944000244141,267.984008789062,535.4,28.3367557525635,149.81328125,324.1505859375,633.4427734375,36.3201171875,87.8,239.2,533.6,28.4,146.4,298.6,550.4,24.6,180.31468963623,320,467.621575927734,30,180.138774871826,312.296669006348,473.627362060547,28,190.132652282715,310,473.405883789062,33,196.981845855713,320,447.508117675781,30.0138294219971
"853",1400,"Michelangelo",NA,"Italy",2020,NA,NA,1,"w",NA,5735734,15.77363,41.12873,151.730833053589,269.619998931885,514.666666666667,27.6267093022664,152.993815104167,323.70361328125,626.945149739583,37.15283203125,91.5,238.833333333333,523,28.8333333333333,149.5,298.166666666667,544.833333333333,25.5,186.235068639119,319.481401443481,460.800298055013,30.4024194081624,186.017948786418,316.492525736491,466.185053507487,28.353232383728,196.441129048665,311.680847803752,465.256434122721,33.1992022196452,202.916873296102,320,441.738286336263,30.8481308619181
"854",1401,"Michelangelo",NA,"Italy",2020,NA,NA,1,"w",NA,5740912,15.68737,41.10632,149.965999603271,268.624000549316,534,28.3577892303467,151.9044921875,323.9107421875,633.86875,37.033203125,90.4,238.8,530.6,29,148.4,298.6,551.2,25.6,184.124717712402,320,460.768933105469,30.007787322998,184.010143280029,318.638595581055,466.551782226563,28.0136989593506,194.259998321533,310.894039154053,466.410388183594,32.9962501525879,200.039745330811,320,441.852319335938,30.2061176300049
"855",1402,"Michelangelo",NA,"Italy",2020,NA,NA,1,"w",NA,5735732,15.70193,41.15071,148.363334655762,270.81600189209,494,26.9439308166504,149.4470703125,324.707421875,620.7931640625,35.8056640625,87.6,241,517.4,26.6,145.8,299.4,538.4,24,181.773391723633,320,474.985009765625,30.4973537445068,181.502300262451,318.989242553711,480.945678710938,28.5530700683594,191.577045440674,315.03621673584,479.741436767578,33.3968925476074,198.526741027832,320.072937011719,454.171643066406,30.7809112548828
"856",1403,"Michelangelo",NA,"Italy",2020,NA,NA,1,"w",NA,6191544,14.53677,37.48519,162.934584617615,249.299998283386,482.75,63.7885160446167,163.88037109375,284.331298828125,626.333251953125,59.171875,111.25,239.75,478.5,51.5,158.25,262,534,59,188.716201782227,310,421.432548522949,59.8868093490601,188.918495178223,310,406.830986022949,57.7699775695801,195.739483833313,300,450.284065246582,67.4550437927246,199.851007461548,310,439.050674438477,61.3325281143188
"857",1404,"Michelangelo",NA,"Italy",2020,NA,NA,1,"w",NA,6196724,14.53273,37.43986,161.591005325317,242.328002929688,473.4,64.5989143371582,163.9025390625,282.0482421875,615.0751953125,59.617578125,111,236.4,467.2,52.4,157.8,260,523.6,59.4,188.729797363281,310,442.296954345703,62.6369552612305,189.278873443604,310,426.626281738281,60.9020538330078,195.945182800293,300,473.186767578125,70.6705215454102,200.592136383057,310,461.271234130859,64.3829559326172
"858",1405,"Michelangelo",NA,"Italy",2020,NA,NA,1,"w",NA,6160469,14.74175,37.73534,146.121334075928,248.104000091553,558.6,59.3941566467285,148.4123046875,286.7041015625,701.2078125,56.01953125,94.8,248.8,557.2,44.2,142.8,263.2,613.8,53.6,172.349159240723,296.442764282227,727.511560058594,47.677921295166,172.694343566895,294.036247253418,709.951159667969,45.5168022155762,179.338619232178,284.154598236084,780.594604492188,55.6011535644531,184.306453704834,294.596786499023,757.037866210938,48.394352722168
"859",1406,"Michelangelo",NA,"Italy",2020,NA,NA,1,"w",NA,6217447,14.6476,37.27402,162.931003570557,240.600002288818,467.6,67.4227447509766,164.902734375,285.2572265625,608.7544921875,62.0240234375,111.8,231,458.2,56.2,159.2,264,518.8,62.8,192.50171661377,311.489837646484,530.526501464844,68.8471527099609,192.559268951416,308.916172027588,512.994995117188,68.117578125,200.194557189941,300.89331817627,573.07431640625,78.3519393920898,204.138561248779,308.627510070801,555.36435546875,70.8288665771484
"860",1407,"Michelangelo",NA,"Italy",2020,NA,NA,1,"w",NA,6222627,14.62653,37.24529,161.590838432312,239.329996109009,468,67.3123016357422,163.59228515625,282.982666015625,603.90087890625,61.842041015625,110.5,228.5,453.25,56.25,157.75,261.5,515,62.5,190.502252578735,308.314046859741,542.975845336914,68.5506801605225,190.647754669189,306.982827186584,525.127159118652,68.0028705596924,198.175449371338,298.973813056946,586.338180541992,78.1657867431641,202.774214744568,306.466722488403,568.523986816406,70.801326751709
"861",1408,"Michelangelo",NA,"Italy",2020,NA,NA,1,"w",NA,6222630,14.75699,37.24561,152.993748188019,241.370000839233,507.25,66.0001220703125,154.5068359375,287.11474609375,631.9130859375,61.392822265625,100.5,226.75,481.25,55.75,148.25,266,546.75,61.25,182.499723434448,310.085611343384,591.650772094727,69.0735340118408,182.536506652832,308.681993484497,573.354339599609,68.4945259094238,189.405317306519,300.171217918396,640.1865234375,78.4795513153076,194.69584941864,309.58936214447,619.54914855957,70.8771896362305
"862",1410,"Michelangelo",NA,"Italy",2020,NA,NA,1,"w",NA,6212269,14.74269,37.30473,161.398664474487,241.75199508667,484,66.9797943115234,163.5486328125,291.106640625,627.02265625,62.152734375,109.6,233,476.4,56.4,157.2,270.2,538.8,62.6,191.887420654297,313.255317687988,537.545758056641,69.7928070068359,191.969844818115,311.061908721924,520.201861572266,68.8417999267578,199.639781951904,303.330593109131,581.428356933594,78.9508560180664,204.258945465088,310,562.534619140625,71.4635757446289
"863",1411,"Michelangelo",NA,"Italy",2020,NA,NA,1,"w",NA,6217449,14.73571,37.25188,154.129444758097,240.440003077189,501.833333333333,66.0628242492676,155.9111328125,286.792805989583,627.42919921875,61.501953125,102,227.166666666667,477.5,55.6666666666667,149.666666666667,265.833333333333,541.666666666667,61.5,183.898379007975,310.404100418091,579.35454305013,69.0343297322591,183.922901153564,308.466831843058,561.222529093424,68.4499066670736,190.824162165324,300.344632466634,626.742421468099,78.5021375020345,196.049105326335,309.112974802653,606.651682535807,70.8480021158854
"864",1413,"Michelangelo",NA,"Italy",2020,NA,NA,1,"w",NA,6165649,14.74356,37.69421,156.336665153503,248.559994697571,538,61.0812330245972,159.2998046875,289.408447265625,692.921630859375,57.885498046875,104.75,250.5,546.25,47.25,152.75,266,604.25,56,185.483961105347,299.695601463318,670.214752197266,49.1944274902344,185.617265701294,298.681254386902,653.283309936523,46.9367656707764,192.336010932922,288.252205848694,719.010177612305,57.0622529983521,197.619223594666,298.61385345459,698.183059692383,49.880578994751
"865",1414,"Michelangelo",NA,"Italy",2020,NA,NA,1,"w",NA,6212265,14.54725,37.29948,157.454168796539,242.880001068115,477.5,65.5568161010742,157.73876953125,279.7041015625,601.827880859375,60.223876953125,105.75,229.25,453,53.75,152.25,258,514,60.5,184.359536170959,309.031443595886,524.86344909668,67.2538986206055,184.680500030518,308.1276512146,506.948265075684,66.4647979736328,191.861968040466,299.342632293701,564.704986572266,76.544849395752,196.736521720886,307.641663551331,549.046722412109,69.546178817749
"866",1416,"Michelangelo",NA,"Italy",2020,NA,NA,1,"w",NA,6201906,14.59936,37.37697,167.115837732951,248.426666259766,462.333333333333,66.0302581787109,168.191080729167,286.315104166667,614.679361979167,61.0830078125,115.666666666667,237.166666666667,462.833333333333,54.8333333333333,162.5,265.166666666667,522.833333333333,61.6666666666667,195.90584119161,314.435338973999,452.76421101888,66.7280044555664,196.09821955363,310.479265848796,436.906733194987,65.3920739491781,202.298568089803,302.061726252238,487.193822224935,75.5752983093262,207.772041956584,310,473.019861857096,68.4387321472168
"867",1419,"Michelangelo",NA,"Italy",2020,NA,NA,1,"w",NA,6207087,14.62616,37.34146,164.267921447754,246.139998435974,467.5,66.4366283416748,165.439697265625,286.444580078125,613.91943359375,61.3056640625,112.5,235,462,55.25,159.5,265,523,61.5,192.840209007263,314.988369941711,500.569190979004,68.1883525848389,192.840209007263,310.318841934204,483.302131652832,67.1074600219727,199.64946269989,302.92064666748,539.740966796875,77.3841342926025,204.202852249146,310,523.428665161133,70.0040740966797
"868",1420,"Michelangelo",NA,"Italy",2020,NA,NA,1,"w",NA,5595778,11.7571,42.25366,152.841333389282,258.128002166748,494.6,43.6646087646484,158.930233764648,298.006524658203,769.1318359375,47.1079689025879,97.4,210.2,761.2,32.4,155,261.6,691,44,185.966201782227,260.903614044189,767.373010253906,55.1443283081055,186.103176116943,257.165840148926,771.516296386719,53.3577919006348,197.565696716309,246.232528686523,836.181884765625,52.3712539672852,205.110851287842,260.010498046875,769.484851074219,53.2405250549316
"869",1421,"Michelangelo",NA,"Italy",2020,NA,NA,1,"w",NA,5600959,11.80586,42.21736,153.497999191284,257.535999298096,501.4,44.280354309082,159.4884765625,295.5609375,779.025390625,47.8064453125,97.8,206.2,770,33,155.8,259.8,701,44.4,186.364604949951,257.423274993896,798.788354492188,55.2313209533691,186.501453399658,253.797878265381,802.097619628906,53.4035980224609,197.829315185547,242.853893280029,868.752758789062,52.3889221191406,205.01526260376,256.99186706543,800.37421875,53.2961486816406
"870",1422,"Michelangelo",NA,"Italy",2020,NA,NA,1,"w",NA,5606140,11.84112,42.19518,150.235666275024,254.464000701904,445,43.4037651062012,157.237890625,298.38671875,785.7201171875,46.2712890625,95.4,208.4,780,31.8,153.4,262.8,707.2,43,181.320541381836,260.59188079834,861.313830566406,54.77236328125,181.472492218018,256.651786804199,864.453015136719,52.9194458007812,193.947078704834,245.735279083252,934.527685546875,51.8458503723145,199.763668060303,259.992919921875,861.928540039062,52.7521141052246
"871",1424,"Michelangelo",NA,"Italy",2020,NA,NA,1,"w",NA,6005124,17.01912,38.95993,169.725023905436,246.757774353027,743.666666666667,63.7991409301758,177.74186706543,298.645660400391,892.878377278646,64.7822825113932,119.833333333333,234.666666666667,701.833333333333,55.5,171.5,270.666666666667,787.166666666667,62,196.753664016724,234.498662948608,701.056732177734,61.9538682301839,197.210149765015,234.250262578328,706.630442301432,63.0077838897705,207.289899190267,230.1194190979,819.360911051432,72.3409538269043,213.021688461304,240.046704610189,744.437377929688,64.7758700052897
"872",1429,"Michelangelo",NA,"Italy",2020,NA,NA,1,"w",NA,6005125,17.04182,38.98378,166.577501296997,248.2200050354,739.75,63.4781589508057,175.0908203125,300.654052734375,886.68017578125,64.4091796875,116.5,235.5,697,55,168.5,272.5,781,61.5,193.454523086548,231.862630844116,773.554214477539,60.6872501373291,194.142174720764,231.929202079773,778.682510375977,61.6809511184692,204.415440559387,226.663527488708,902.515701293945,71.278169631958,210.139656066895,237.059855461121,821.123870849609,63.6066675186157
"873",1430,"Michelangelo",NA,"Italy",2020,NA,NA,1,"w",NA,5663192,14.84911,41.74096,135.586668014526,246.336006164551,483,22.1345352172852,133.9478515625,304.2478515625,772.2306640625,33.608203125,72,238.4,666.4,26.8,130.6,273.6,696.4,25,161.050043106079,315.177093505859,600.313012695313,35.2298851013184,161.566576004028,309.336372375488,605.434753417969,32.7152481079102,171.405773162842,301.892234802246,618.169140625,36.6231323242188,177.04638671875,311.937164306641,587.37763671875,33.8604019165039
"874",1431,"Michelangelo",NA,"Italy",2020,NA,NA,1,"w",NA,5854928,18.031526,40.179399,168.271331787109,239.687999725342,538.8,52.1037406921387,170.17360534668,303.921643066406,729.023962402344,55.9237533569336,112.8,230,635,36,166.2,269.6,648.4,47,199.931785583496,233.322834014893,631.868017578125,53.7280914306641,199.990245819092,235.510875701904,615.540441894531,54.8604026794434,210,235.590969085693,621.478674316406,51.0235626220703,219.424812316895,250.087802886963,596.862487792969,51.0611328125
"875",1432,"Michelangelo",NA,"Italy",2020,NA,NA,1,"w",NA,5854932,18.170322,40.173828,167.79333114624,243.11999797821,569,52.4071254730225,168.0703125,300.33154296875,754.6943359375,56.15869140625,110.75,227.5,682.5,35.75,164.25,264.75,679,47.5,199.979000091553,239.238777160645,643.243453979492,53.0216999053955,199.993000030518,241.192955970764,624.443115234375,53.935375213623,210,242.528390884399,627.39372253418,49.6594314575195,219.844574928284,257.22909450531,601.331985473633,50.3264427185059
"876",1433,"Michelangelo",NA,"Italy",2020,NA,NA,1,"w",NA,5886016,18.358435,39.930209,167.255310058594,232.782772064209,590.8,56.7355285644531,169.890594482422,275.178314208984,833.265576171875,60.3497512817383,113,202,762.2,39.6,165.6,241,758,53,195.673824310303,209.881107330322,646.126000976563,59.659748840332,196.635219573975,211.970825195312,628.225085449219,61.8643768310547,209.121887207031,208.327186584473,647.607739257812,59.325163269043,211.850189208984,221.524478912354,612.50322265625,58.6202377319336
"877",1434,"Michelangelo",NA,"Italy",2020,NA,NA,1,"w",NA,5865289,18.063837,40.093762,166.862525939941,231.688766479492,545.2,54.058602142334,169.43046875,299.488671875,745.7859375,56.8076171875,112.4,225.8,649.2,37.2,165.4,265.4,664,48.4,197.534851074219,214.368835449219,619.428942871094,55.9263450622559,198.303215026855,216.533031463623,603.632116699219,57.5514694213867,209.698429107666,214.210266113281,614.777795410156,54.2865791320801,213.873889923096,229.568977355957,587.07177734375,53.7772415161133
"878",1435,"Michelangelo",NA,"Italy",2020,NA,NA,1,"w",NA,5818649,17.229797,40.475354,163.61337184906,237.798976898193,559,43.4506874084473,171.385360717773,308.723335266113,607.888397216797,51.7567157745361,113.25,226.75,463,39.75,168,275.25,515.5,39,200,238.820095062256,508.970947265625,47.4605550765991,200,238.538045883179,501.700019836426,48.2872638702393,210,241.536264419556,504.359756469727,45.7801656723022,220,256.597943305969,490.651679992676,45.7064847946167
"879",1436,"Michelangelo",NA,"Italy",2020,NA,NA,1,"w",NA,5803103,16.970667,40.585372,156.623334884644,259.160000483195,597.666666666667,37.5270716349284,161.347493489583,313.3095703125,642.68115234375,46.6350911458333,102.166666666667,229.166666666667,501.5,36.6666666666667,157.5,281.666666666667,558.833333333333,32.8333333333333,194.232683181763,274.686164855957,507.864339192708,37.5586325327555,195.564057032267,272.376165390015,505.118677775065,37.5531578063965,207.501567204793,274.676300684611,505.446014404297,36.0344753265381,212.75785446167,285.790761311849,493.599970499674,36.1769873301188
"880",1437,"Michelangelo",NA,"Italy",2020,NA,NA,1,"w",NA,5756486,17.114617,40.966463,151.406667709351,251.623992919922,567.6,32.6761600494385,151.809765625,311.2935546875,722.3857421875,41.6431640625,93.2,230.2,616.6,31.4,149.2,277,663,31.4,189.039360046387,240.973129272461,595.755688476562,44.7076477050781,189.132064819336,240.762977600098,583.524182128906,41.872322845459,199.982818603516,244.941120147705,582.746105957031,41.7791290283203,207.944091796875,259.144653320312,568.027221679688,42.5709014892578
"881",1438,"Michelangelo",NA,"Italy",2020,NA,NA,1,"w",NA,5844533,16.564737,40.291142,159.151946703593,252.760000228882,668,45.5336437225342,162.95068359375,301.967122395833,719.949544270833,50.23388671875,103.166666666667,214,559.166666666667,42,158.333333333333,274.833333333333,624.666666666667,37.8333333333333,192.230596542358,291.39126141866,503.407348632812,36.7855434417725,192.723865509033,288.262297312419,505.118743896484,37.7499955495199,204.517787297567,289.006837209066,514.291371663411,38.4912516276042,210.762157440186,300.031029383341,505.712153116862,38.5471045176188
"882",1439,"Michelangelo",NA,"Italy",2020,NA,NA,1,"w",NA,5854892,16.523857,40.168922,151.726110776265,246.033334732056,711.333333333333,47.4526945749919,155.462076822917,297.31298828125,788.45654296875,50.3458658854167,94.8333333333333,210.166666666667,622.833333333333,42.8333333333333,149.833333333333,271.333333333333,697.166666666667,39,183.456207911173,283.961410522461,587.257568359375,37.3115304311117,183.757753372192,281.230983734131,587.992787679036,38.2978858947754,195.516751607259,281.861610412598,606.741424560547,40.5945536295573,201.433372497559,291.785573959351,593.917327880859,39.7529907226562
"883",1440,"Michelangelo",NA,"Italy",2020,NA,NA,1,"w",NA,5740931,16.482912,41.11644,152.128665924072,254.296005249023,476.8,29.2636875152588,149.3392578125,303.8556640625,670.687890625,39.076953125,89.4,220.4,569.8,29.6,146.6,274.6,600.6,27.8,184.084354400635,268.832378387451,555.450012207031,36.076203918457,184.165855407715,266.93138885498,552.575244140625,33.3598724365234,196.161525726318,269.527278900146,544.806005859375,35.1121597290039,201.453357696533,283.017448425293,532.901928710937,34.862279510498
"884",1441,"Michelangelo",NA,"Italy",2020,NA,NA,1,"w",NA,5766826,16.254295,40.91555,141.229166984558,265.289993286133,497.5,27.611189365387,138.43408203125,307.70849609375,699.37060546875,37.710205078125,77.5,220.75,581.5,31.5,134.75,284,619,25.25,170.882658958435,307.403516769409,529.970207214355,26.9105253219604,171.142916679382,303.966541290283,533.449913024902,24.0483794212341,181.75929069519,304.003324508667,529.987831115723,27.7194356918335,188.499236106873,319.249753952026,518.249984741211,26.2258253097534
"885",1442,"Michelangelo",NA,"Italy",2020,NA,NA,1,"w",NA,5756462,16.093377,40.964669,142.484664916992,263.543998718262,481.6,28.3775505065918,140.5505859375,309.816796875,675.0115234375,37.609375,79.6,222.8,559.8,30.6,136.8,286,594,25.2,171.148403167725,311.70943069458,490.362493896484,27.3090961456299,171.240329742432,308.992118835449,494.7478515625,24.9403427124023,182.682361602783,309.377681732178,492.280053710938,29.0359764099121,190.352951049805,319.930854797363,477.589111328125,27.5364635467529
"886",1443,"Michelangelo",NA,"Italy",2020,NA,NA,1,"w",NA,5683937,15.890417,41.569784,NA,NA,NA,NA,NA,NA,NA,NA,101.4,248,486.6,26.4,NA,NA,NA,NA,199.422966003418,291.240573883057,401.473718261719,32.0537963867188,199.353820800781,288.272094726562,405.484759521484,31.767809677124,208.833862304688,287.102794647217,400.746844482422,32.7318344116211,210,295.246273040771,383.246789550781,30.5547679901123
"887",1453,"Michelangelo",NA,"Italy",2020,NA,NA,1,"w",NA,5689117,15.894521,41.540455,NA,NA,NA,NA,NA,NA,NA,NA,102.333333333333,248.166666666667,488.166666666667,26.6666666666667,NA,NA,NA,NA,199.966599146525,289.677219390869,398.452372233073,33.2931191126506,199.966599146525,287.313181559245,402.021174112956,32.77694384257,209.922326405843,286.31295522054,397.631612141927,34.1093120574951,210,294.598423639933,379.93608601888,32.0946219762166
"888",1456,"Michelangelo",NA,"Italy",2020,NA,NA,1,"w",NA,5694298,15.94953,41.461755,NA,NA,NA,NA,NA,NA,NA,NA,103.2,244.6,490,28,NA,NA,NA,NA,200,279.940017700195,407.690869140625,35.832495880127,200,277.743404388428,409.943829345703,34.7886795043945,210,276.609642028809,405.677746582031,36.5953918457031,210,286.379745483398,387.988916015625,34.9689476013184
"889",1457,"Michelangelo",NA,"Italy",2020,NA,NA,1,"w",NA,5699476,15.846764,41.447435,160.802669525146,277.968002319336,472.6,23.9450824737549,161.4443359375,330.55546875,584.294140625,38.690625,101.4,254,492,26.6,159,298,509.4,28.8,200,304.6842918396,403.741387939453,33.5593368530273,200,301.882389068604,407.688739013672,32.6371368408203,210,301.806091308594,403.646173095703,34.9716972351074,210,308.73286819458,384.352874755859,32.9284694671631
"890",1458,"Michelangelo",NA,"Italy",2020,NA,NA,1,"w",NA,5699475,15.806516,41.456842,160.192778905233,280.486666361491,477.166666666667,23.5063664118449,160.912923177083,333.424967447917,586.081705729167,38.0315755208333,100.833333333333,257.166666666667,493.333333333333,26,158.5,300.666666666667,511,28.1666666666667,200,311.202519734701,402.886459350586,32.9024289449056,200,308.716952006022,407.262420654297,32.0414412816366,210,308.628737131755,403.308125813802,34.475502649943,210,314.307813644409,383.550440470378,32.3337507247925
"891",1459,"Michelangelo",NA,"Italy",2020,NA,NA,1,"w",NA,5694295,15.807636,41.470937,160.063667297363,280.888000488281,477.4,23.4057319641113,160.7724609375,334.13359375,586.1982421875,37.8572265625,100.8,257.8,493.2,26,158.4,301.2,511.2,28,200,312.87170791626,402.278771972656,32.7003067016602,200,310.288627624512,406.753234863281,31.8729412078857,210,310.186672210693,402.831494140625,34.3229469299316,210,315.71070098877,382.994641113281,32.1418552398682
"892",1460,"Michelangelo",NA,"Italy",2020,NA,NA,1,"w",NA,5694296,15.865891,41.487678,161.357112884521,272.2121925354,456.8,24.4502372741699,161.7369140625,327.899176025391,579.993579101563,39.0904296875,101.8,251.8,490.2,26.6,159.4,294.6,505.6,29.4,200,299.191459655762,399.753869628906,33.3961692810059,200,296.771461486816,403.596697998047,32.6930351257324,210,296.229911804199,399.382495117187,34.5953300476074,210,303.99068069458,380.770758056641,32.5617076873779
"893",1465,"Michelangelo",NA,"Italy",2020,NA,NA,1,"w",NA,5694294,15.762377,41.486085,159.142667770386,282.215995788574,478.4,22.4584213256836,159.8818359375,337.5681640625,586.4787109375,37.1552734375,99.6,263,495.4,25,157.4,304.4,511.4,27.2,200,318.16149520874,395.465142822266,31.6002490997314,200,315.270824432373,400.550103759766,30.8459434509277,209.993877410889,315.53723526001,396.541259765625,33.298836517334,210,321.140884399414,376.789337158203,30.8895412445068
"894",1466,"Michelangelo",NA,"Italy",2020,NA,NA,1,"w",NA,5689113,15.739539,41.500064,158.2994445165,282.353331247966,481.333333333333,22.2367121378581,159.34326171875,339.951009114583,589.688639322917,36.55908203125,99,266,498.833333333333,24.1666666666667,156.833333333333,307,514.166666666667,26.6666666666667,200,322.943709691366,395.592595418294,31.2098894119263,200,318.313369750977,400.952992757161,30.3979187011719,209.94594891866,318.514877955119,397.083770751953,33.0192311604818,210,325.162048339844,376.946044921875,30.4976971944173
"895",1468,"Michelangelo",NA,"Italy",2020,NA,NA,1,"w",NA,5689112,15.692726,41.513291,157.524000167847,282.456001281738,483,22.3104042053223,158.93515625,341.8412109375,593.1984375,35.93671875,98.4,268.2,501.6,23.8,156.4,309,517.2,26.2,200,326.197227478027,396.786291503906,31.009912109375,200,320.602798461914,402.373303222656,30.1157958984375,209.931102752686,320.216243743896,398.698986816406,32.8926445007324,210,328.215698242188,378.142102050781,30.2651390075684
"896",1473,"Michelangelo",NA,"Italy",2020,NA,NA,1,"w",NA,5704655,15.79395,41.40601,159.634165763855,281.450004577637,485.75,23.8762469291687,160.42431640625,335.029052734375,590.78662109375,37.3251953125,100.25,257.5,496.5,26.25,157.75,303,515,27.75,200,316.471228599548,410.473663330078,32.7922163009644,200,314.092607498169,414.979454040527,31.737087726593,210,314.091787338257,411.320434570312,34.6231021881104,210,318.957099914551,390.60285949707,32.4387607574463
"897",1474,"Michelangelo",NA,"Italy",2020,NA,NA,1,"w",NA,5709836,15.850325,41.333634,158.442778587341,270.586665471395,480,26.0220657984416,159.56396484375,329.435221354167,596.24560546875,38.0794270833333,98.6666666666667,249.5,501.333333333333,27.3333333333333,156.666666666667,299.833333333333,519.833333333333,27.5,198.868551254272,305.293203989665,423.658325195312,33.8338623046875,198.376687367757,302.502743403117,427.374348958333,32.3423341115316,208.598594665527,302.459233601888,423.955281575521,35.6131102244059,210,309.758656819661,403.198684692383,33.6468626658122
"898",1475,"Michelangelo",NA,"Italy",2020,NA,NA,1,"w",NA,5709835,15.807595,41.354319,158.479333877563,275.072002410889,486,25.5859432220459,159.845703125,332.544921875,595.5833984375,37.528515625,99,253.6,500.2,27,157,302,519.4,27.2,199.457065582275,313.218196868896,419.048077392578,33.1730476379395,199.196521759033,310.865074157715,423.284460449219,31.8149272918701,209.294063568115,310.885395050049,419.987841796875,35.1298500061035,210,317.070194244385,398.775927734375,32.9436851501465
"899",1476,"Michelangelo",NA,"Italy",2020,NA,NA,1,"w",NA,5709834,15.789844,41.358899,158.924167156219,278.230004310608,488.75,24.9127345085144,160.1298828125,334.3955078125,594.574951171875,37.26025390625,99.5,255.75,499,27,157.25,303.25,518.25,27.25,200,316.809616088867,416.558807373047,32.8575849533081,200,314.858255386353,421.042457580566,31.6073527336121,210,314.867219924927,417.650772094727,34.836350440979,210,319.628310203552,396.356330871582,32.5532178878784
"900",1479,"Michelangelo",NA,"Italy",2020,NA,NA,1,"w",NA,5704653,15.747546,41.402475,158.759582042694,280.970005989075,491.75,23.555025100708,159.978759765625,338.1982421875,594.364013671875,36.596923828125,99.5,261,499.25,25.75,157.25,306.25,517.25,26.5,200,321.712484359741,412.155693054199,32.2030839920044,200,318.940191268921,417.126609802246,31.236047744751,210,318.902912139893,413.629524230957,34.2051954269409,210,325.158243179321,392.156867980957,31.982262134552
"901",1480,"Michelangelo",NA,"Italy",2020,NA,NA,1,"w",NA,5683936,15.840488,41.577501,160.917943954468,271.895328521729,434.4,22.0465995788574,NA,NA,NA,NA,99.6,251.8,489.2,25.2,NA,NA,NA,NA,197.230243682861,300.831733703613,407.616149902344,30.9988819122314,197.126335144043,297.344097137451,412.400897216797,30.7589218139648,206.459629058838,296.39527130127,407.533239746094,31.9391204833984,210,304.131977081299,389.155279541016,29.5813617706299
"902",1481,"Michelangelo",NA,"Italy",2020,NA,NA,1,"w",NA,5683935,15.824756,41.562815,160.480667114258,278.071994781494,447.2,21.4789058685303,159.26887512207,328.513708496094,577.848315429688,38.3564628601074,99.4,255.8,491,24.8,157.2,295.2,504.4,29,197.468181610107,308.606590270996,402.562701416016,30.7851661682129,197.41544342041,304.489025115967,407.588305664062,30.5103893280029,207.150730133057,304.208656311035,402.943511962891,32.0350158691406,210,311.395915985107,384.166058349609,29.6107582092285
"903",1485,"Michelangelo",NA,"Italy",2020,NA,NA,1,"w",NA,5683934,15.779923,41.5664,159.43800163269,280.519996643066,442.8,20.545877456665,157.65625,330.18515625,580.539453125,37.5908203125,97.6,258.6,493.6,23.8,155.6,296.8,507,28.2,195.951354980469,313.495933532715,408.174377441406,29.9379863739014,195.881038665771,309.771842956543,413.758337402344,29.7643684387207,205.640544891357,310.272243499756,408.9849609375,31.2727710723877,210,315.653652191162,389.712817382812,28.7593326568604
"904",1486,"Michelangelo",NA,"Italy",2020,NA,NA,1,"w",NA,5678755,15.79682,41.590475,159.517502784729,280.209994316101,436.75,20.2652406692505,157.2919921875,328.508056640625,579.322021484375,37.65087890625,97.25,257.25,492.5,23.5,155.25,295.25,505.75,28.5,194.946846961975,311.869916915894,412.023994445801,29.9347567558289,194.858951568604,307.399253845215,417.573959350586,29.7520928382874,204.565987586975,307.928700447083,412.672302246094,31.1628260612488,210,314.567065238953,393.433975219727,28.6522302627563
"905",1490,"Michelangelo",NA,"Italy",2020,NA,NA,1,"w",NA,5683933,15.731039,41.554705,158.673331737518,281.859998703003,467,21.5174264907837,158.824462890625,337.326416015625,586.248046875,36.920654296875,98.5,264.5,498,24.5,156.5,304,512.5,27,199.618577957153,320.521030426025,394.223587036133,30.2648048400879,199.596109390259,317.792377471924,399.842216491699,29.9052844047546,209.162039756775,318.35391998291,395.676391601562,31.9469771385193,210,322.839126586914,376.088027954102,29.440122127533
"906",1491,"Michelangelo",NA,"Italy",2020,NA,NA,1,"w",NA,5683932,15.684379,41.556322,157.764999866486,282.180008888245,469,21.9587759971619,158.69482421875,339.5654296875,591.607177734375,36.330322265625,98.25,266.5,501.25,23.75,156.25,306.25,517.25,26.25,199.992346763611,325.98198890686,396.647369384766,30.2364349365234,199.992346763611,319.867963790894,402.550689697266,29.9035744667053,209.497380256653,319.933576583862,398.679069519043,32.0990281105042,210,327.395820617676,378.493949890137,29.565233707428
"907",1492,"Michelangelo",NA,"Italy",2020,NA,NA,1,"w",NA,5704656,15.864908,41.403919,160.641000747681,276.071998596191,475.6,24.6034000396729,161.452734375,329.315234375,587.2271484375,38.733203125,101,251.2,494.6,27,159,297.8,512.2,28.8,200,301.633632659912,409.238317871094,34.1265525817871,200,299.289779663086,412.823852539062,32.990588760376,210,299.299938201904,408.929418945312,35.6002243041992,210,306.135219573975,389.395599365234,33.6321060180664
"908",1493,"Michelangelo",NA,"Italy",2020,NA,NA,1,"w",NA,5699477,15.913323,41.428696,161.392917633057,268.979997634888,465.75,25.0479030609131,162.147216796875,325.121284484863,585.061141967773,39.6712408065796,101.75,247,494,27.5,159.75,293,510.25,29.75,200,288.998985290527,408.657203674316,35.2544136047363,200,286.752243041992,411.350219726562,34.0322141647339,210,286.350040435791,407.336265563965,36.3483829498291,210,294.155383110046,388.796432495117,34.6482086181641
"909",1494,"Michelangelo",NA,"Italy",2020,NA,NA,1,"w",NA,5704657,15.904956,41.416101,161.101668675741,271.799996693929,469.333333333333,24.8386843999227,161.888834635417,326.704554239909,585.754302978516,39.3596032460531,101.5,248.666666666667,494.166666666667,27.1666666666667,159.5,294.833333333333,510.833333333333,29.3333333333333,200,293.675038019816,408.624252319336,34.8104565938314,200,291.485706965129,411.691360473633,33.6372934977214,210,291.226905186971,407.690282185872,36.0551732381185,210,298.772249221802,388.795262654622,34.2676874796549
"910",1498,"Michelangelo",NA,"Italy",2020,NA,NA,1,"w",NA,5730554,15.784343,41.189562,152.175000508626,272.119998931885,489,26.5083122253418,152.768229166667,326.455729166667,617.710286458333,36.1930338541667,91.3333333333333,243.166666666667,515.5,27.3333333333333,149.333333333333,299.666666666667,536,24.8333333333333,188.598095575968,318.123076756795,454.256876627604,31.4864937464396,188.427521387736,315.503346125285,459.395050048828,29.6126902898153,198.623285293579,314.163649876912,457.515207926432,34.0394528706869,202.509282430013,320,434.042348225911,31.7539052963257
"911",1499,"Michelangelo",NA,"Italy",2020,NA,NA,1,"w",NA,5735733,15.72945,41.165483,149.785834948222,271.759999593099,493.833333333333,26.7627852757772,150.695638020833,325.121744791667,620.692708333333,36.0393880208333,89.1666666666667,241.333333333333,517,26.8333333333333,147.166666666667,299.5,538.666666666667,24.3333333333333,184.04704729716,320,468.429112752279,30.7677437464396,183.768183390299,318.94481976827,474.129353841146,28.8354304631551,194.055528640747,315.386257171631,472.756500244141,33.5781313578288,199.981269836426,320.060780843099,447.940582275391,31.1250321070353
"912",1502,"Michelangelo",NA,"Italy",2020,NA,NA,1,"w",NA,5720193,15.718094,41.270727,154.68800163269,273.135997772217,497,26.1471012115479,155.9892578125,333.4244140625,611.96484375,35.8861328125,94.6,251.6,509.6,26.8,152.8,305,531,25,191.26566696167,320.785537719727,435.659185791016,31.87790184021,191.217472076416,319.490859985352,440.926538085938,30.140246963501,201.079181671143,319.575634002686,438.446417236328,34.1526275634766,208.37894821167,326.065277099609,415.037310791016,31.9943168640137
"913",1503,"Michelangelo",NA,"Italy",2020,NA,NA,1,"w",NA,5647672,15.680633,41.873118,158.661111195882,238.533334732056,339,24.4170487721761,NA,NA,NA,NA,93.3333333333333,245.166666666667,537.666666666667,19,NA,NA,NA,NA,190.424556732178,248.668530782064,519.822718302409,35.7222830454508,190.345567067464,244.68679745992,526.386210123698,35.6359831492106,200.483150482178,243.831755320231,528.473714192708,35.9806664784749,203.737538655599,254.031419754028,505.971379597982,34.414675394694
"914",1504,"Michelangelo",NA,"Italy",2020,NA,NA,1,"w",NA,5709844,16.19623,41.348142,162.924499511719,251.688220977783,444.8,30.4832805633545,162.700598144531,309.367376708984,601.40283203125,41.9428260803223,102.8,229.2,510,29.8,160.6,278,528.2,31.6,196.771186828613,247.683757781982,458.193103027344,40.1975708007812,197.000514984131,247.414749145508,455.590051269531,38.0077682495117,209.660327911377,247.162921905518,449.66689453125,39.6548286437988,210,261.116828918457,435.846936035156,39.139559173584
"915",1505,"Michelangelo",NA,"Italy",2020,NA,NA,1,"w",NA,5694290,15.618077,41.4619,157.086665630341,279.579997062683,492.25,23.9932050704956,159.00537109375,345.0380859375,604.166748046875,34.74609375,98,269.25,510.25,24,156,313.5,525.75,25,199.2999792099,330,410.990737915039,31.2412695884705,199.111833572388,329.263296127319,416.867172241211,30.0072913169861,205.990214347839,327.099275588989,413.806716918945,33.6127328872681,210,330,391.320533752441,30.7068276405334
"916",1506,"Michelangelo",NA,"Italy",2020,NA,NA,1,"w",NA,5694287,15.496561,41.497545,156.952500343323,275.859994888306,484.75,24.5155272483826,159.27099609375,342.95703125,626.673095703125,34.452392578125,98.25,268.5,529.5,24.75,156.75,311,549,24.75,191.946206092834,330,417.672233581543,31.3338260650635,191.422452926636,326.403388977051,423.90599822998,30,200.035490989685,320.689163208008,421.797439575195,33.8523683547974,209.993000030518,330,398.461769104004,30.7413187026978
"917",1507,"Michelangelo",NA,"Italy",2020,NA,NA,1,"w",NA,5689105,15.392424,41.503927,155.156386693319,272.213331858317,487.166666666667,25.0904026031494,156.59423828125,334.2578125,652.163411458333,34.4278971354167,95.3333333333333,260,553.5,25.8333333333333,153.5,303.333333333333,574,24.6666666666667,189.574038187663,326.394538879395,433.835271199544,31.9134267171224,189.48203086853,320.276819864909,439.999659220378,30,198.708486557007,320,438.941980997721,34.0880648295085,204.569565455119,328.146216074626,414.329788208008,30.9967927932739
"918",1508,"Michelangelo",NA,"Italy",2020,NA,NA,1,"w",NA,5652846,15.417002,41.827722,160.061247348785,247.410001754761,395.75,25.2894387245178,158.588623046875,311.708251953125,649.8134765625,36.489501953125,99.5,251.75,568.25,22,157,276.25,579.5,29,194.397921562195,273.570237159729,505.475128173828,35.4055204391479,194.899706840515,269.965381622314,513.983726501465,35.2499227523804,204.334797859192,269.46816444397,516.202247619629,36.3818845748901,209.687457084656,277.336192131042,491.473678588867,34.1195335388184
"919",1509,"Michelangelo",NA,"Italy",2020,NA,NA,1,"w",NA,5663206,15.443421,41.717182,160.469665527344,264.10400390625,425.6,25.1075332641602,159.5349609375,322.9482421875,637.987890625,36.4154296875,99.6,256.6,549.2,24,157.6,288.4,566.2,28,199.493621826172,315.854454040527,499.205609130859,31.484415435791,199.358470916748,312.650165557861,507.891796875,30.8945659637451,206.856948852539,313.063835144043,506.794592285156,33.0773277282715,210,317.49133682251,481.189776611328,30.2079818725586
"920",1510,"Michelangelo",NA,"Italy",2020,NA,NA,1,"w",NA,5709843,16.134557,41.362848,162.909923553467,246.930629730225,439.6,30.0564311981201,162.955078125,311.639959716797,594.259094238281,41.8465759277344,103.2,231.6,503,29.8,160.8,279.4,520.4,32,200,247.760181427002,441.250109863281,40.1852798461914,200,247.589336395264,439.459625244141,38.2362434387207,210,246.293632507324,434.311950683594,39.8766761779785,210,260.404460906982,419.558233642578,39.1875938415527
"921",1511,"Michelangelo",NA,"Italy",2020,NA,NA,1,"w",NA,5772032,17.360935,40.836659,153.597499529521,247.693335215251,559.333333333333,36.1817073822021,154.911303202311,313.233774820964,714.463205973307,44.8990186055501,97,233.5,609.333333333333,32.6666666666667,152.166666666667,278.333333333333,653.333333333333,34.8333333333333,187.585134506226,240.18666267395,591.362945556641,49.9065748850505,188.313213984172,239.94558652242,576.678426106771,48.0819956461589,201.091343561808,243.793341318766,578.095794677734,46.9242560068766,206.822436650594,257.381795247396,563.905436197917,47.581288655599
"922",1512,"Michelangelo",NA,"Italy",2020,NA,NA,1,"w",NA,5787574,17.42638,40.741827,146.678331375122,248.623996734619,564.6,37.0877403259277,148.0052734375,314.3642578125,737.2951171875,44.7314453125,89.6,236,631.2,32,144.8,279.6,677,34.6,181.142436981201,240.304611206055,633.935229492188,50.4452278137207,181.475368499756,239.650588989258,618.057849121094,49.1484565734863,192.625247955322,242.664627075195,620.283447265625,47.6454727172852,200.821865081787,257.37455368042,605.492834472656,48.0957984924316
"923",1513,"Michelangelo",NA,"Italy",2020,NA,NA,1,"w",NA,5787577,17.577998,40.729523,156.025663375854,243.151996612549,538.2,39.9421813964844,157.3677734375,310.792291259766,715.283117675781,47.4050033569336,99.2,233.4,618.8,32.2,153.8,274.8,655.8,37.8,187.890361785889,231.499114990234,632.338916015625,53.0063972473145,188.774482727051,230.847434997559,614.004772949219,51.590478515625,202.257141113281,232.936336517334,616.336511230469,49.8481719970703,206.336318969727,247.755336761475,602.379333496094,50.444660949707
"924",1514,"Michelangelo",NA,"Italy",2020,NA,NA,1,"w",NA,5797936,17.515628,40.64588,150.302667617798,247.232006072998,548.6,39.731103515625,152.3896484375,313.7880859375,722.115234375,46.4537109375,94.8,236.2,614.2,32.4,149.4,279,657.6,36.6,182.509357452393,247.822677612305,671.860888671875,49.4251327514648,183.562747955322,247.011459350586,654.8525390625,48.4596458435059,197.447746276855,249.468006134033,657.60595703125,46.7071876525879,201.651302337646,263.678211212158,642.00751953125,46.8942863464355
"925",1515,"Michelangelo",NA,"Italy",2020,NA,NA,1,"w",NA,5818668,18.025,40.479,167.289329528809,235.255996704102,513.8,47.7577713012695,167.404849243164,297.845928955078,729.414196777344,53.4235893249512,110.2,223.8,663.2,33.2,164,260.4,662.6,44.8,200,269.439361572266,648.107568359375,49.9678863525391,200,269.864421844482,627.287524414063,48.7924125671387,215.021064758301,277.629127502441,620.876440429687,45.3928367614746,220,287.764282226562,603.458447265625,46.5702438354492
"926",1516,"Michelangelo",NA,"Italy",2020,NA,NA,1,"w",NA,5813478,17.583414,40.530432,158.306665420532,246.650004386902,535.25,41.6099243164062,160.462646484375,313.79736328125,694.60791015625,49.652099609375,102.75,236.75,581,34,157,278.5,623.5,39.25,190,259.620065689087,638.574554443359,47.9696264266968,190,259.63586807251,623.043487548828,47.4575481414795,207.31201171875,260,625.595458984375,45.2147750854492,210,278.007545471191,610.521377563477,45.2051725387573
"927",1517,"Michelangelo",NA,"Italy",2020,NA,NA,1,"w",NA,5797946,17.934964,40.630793,166.497500737508,229.602912267049,487.833333333333,44.7726097106934,167.162526448568,293.705474853516,722.690938313802,52.5718847910563,110.166666666667,218.5,657.333333333333,33.1666666666667,164.333333333333,255.5,658.666666666667,44.6666666666667,200,248.223581314087,626.680847167969,52.6185181935628,200,250.713758468628,605.030771891276,50.7938721974691,213.034159342448,253.389091491699,599.649820963542,48.2022266387939,220,265.842323303223,585.426025390625,49.4149564107259
"928",1518,"Michelangelo",NA,"Italy",2020,NA,NA,1,"w",NA,5818659,17.639754,40.499727,160.540002187093,245.506664911906,524.666666666667,43.1604207356771,163.2197265625,311.051432291667,691.612467447917,50.7220052083333,105.5,234.833333333333,581.333333333333,34.1666666666667,159.666666666667,276,618.666666666667,40.6666666666667,193.738540013631,259.83226776123,624.881134033203,48.0559743245443,195.888287226359,259.777711232503,609.588185628255,47.9377301534017,209.991645812988,260,611.64311726888,45.0727844238281,213.638381958008,275.681778589884,596.890096028646,45.1036752065023
"929",1519,"Michelangelo",NA,"Italy",2020,NA,NA,1,"w",NA,5829019,17.63475,40.398261,163.465999603271,249.183994293213,528.2,44.7905921936035,166.45859375,310.423828125,681.2109375,52.3138671875,108.6,234.8,560.2,35.4,162.6,276.2,603.8,41.8,200,245.96312713623,615.803479003906,48.4603607177734,200,245.729797363281,602.468713378906,48.9282089233398,210,248.380432128906,605.808361816406,45.8953346252441,220,262.422870635986,590.012097167969,45.5943305969238
"930",1520,"Michelangelo",NA,"Italy",2020,NA,NA,1,"w",NA,5875658,18.455891,40.035218,166.954498291016,233.060002326965,646.5,58.589485168457,NA,NA,NA,NA,111.25,197.75,809.5,39.25,NA,NA,NA,NA,199.708995819092,222.654089927673,658.26611328125,57.9903593063354,200,226.748533248901,637.751846313477,59.1982164382935,210.519423484802,225.449542999268,645.90007019043,55.0464344024658,216.549067497253,238.808584213257,615.457717895508,55.6727752685547
"931",1521,"Michelangelo",NA,"Italy",2020,NA,NA,1,"w",NA,5875656,18.346695,40.028167,166.35266494751,238.768005371094,612.6,55.9685585021973,167.980191040039,279.312396240234,819.379016113281,58.711058807373,111.2,206,755.6,38.4,164,243.4,746.4,51.2,199.977592468262,228.249267578125,638.927319335937,56.4466339111328,200,232.426887512207,620.092224121094,58.0190246582031,210,231.93236541748,629.397180175781,54.2025955200195,213.743953704834,243.308139801025,599.090283203125,54.5677337646484
"932",1522,"Michelangelo",NA,"Italy",2020,NA,NA,1,"w",NA,5259057,10.89856,44.99591,130.811111132304,312.413339614868,642.833333333333,18.3777112960815,130.602864583333,387.577473958333,855.07373046875,22.0068359375,67,288,765.166666666667,23.1666666666667,130.833333333333,334,829.666666666667,19,170,329.693304697673,683.035512288411,22,170,320.609302520752,705.420593261719,22,180,323.856430053711,727.13466389974,24.5012385050456,190,340,682.573089599609,24.984182993571
"933",1523,"Michelangelo",NA,"Italy",2020,NA,NA,1,"w",NA,5300513,11.577214,44.64721,135.503888130188,309.820000330607,633.333333333333,18.1929550170898,137.8740234375,381.7724609375,769.888671875,24.0003255208333,75,282.333333333333,665.5,24.3333333333333,137.833333333333,329.333333333333,730.5,21,170,339.851881663005,610.586049397786,21.4948714574178,170,330,633.139912923177,20.0752147038778,190,330,666.606129964193,21.9340225855509,200,340,624.741912841797,22.0846509933472
"934",1527,"Michelangelo",NA,"Italy",2020,NA,NA,1,"w",NA,5264242,11.11696,44.95764,133.477223714193,315.67333539327,655.833333333333,17.6193202336629,133.297037760417,386.47802734375,837.939290364583,22.24755859375,70.1666666666667,285.333333333333,742.666666666667,22.5,133.5,332.5,808.5,19.3333333333333,170,330,666.404123942057,22,170,328.466777801514,690.397827148438,21.9579448699951,189.680999120077,330,712.512186686198,23.9654534657796,190,340,667.156270345052,24
"935",1529,"Michelangelo",NA,"Italy",2020,NA,NA,1,"w",NA,5269426,11.253933,44.903808,135.260997772217,313.760005950928,669.4,16.8494384765625,134.9888671875,386.5345703125,818.08515625,22.489453125,72.2,284.6,719,23,135,331.4,787,19.4,170,330,650.566906738281,21.3064716339111,170,330,675.437841796875,21.4659324645996,190,330,698.408410644531,22.8740901947021,194.807140350342,340,653.472961425781,23.1708969116211
"936",1530,"Michelangelo",NA,"Italy",2020,NA,NA,1,"w",NA,5269425,11.249881,44.90079,135.145276387533,314.173339207967,667.5,16.8897266387939,134.919759114583,386.527018229167,819.629069010417,22.5322265625,72.1666666666667,284.5,720.166666666667,23.1666666666667,135,331.666666666667,788.666666666667,19.5,170,330,649.397369384766,21.416374206543,170,330,674.040028889974,21.4317251841227,190,330,697.362721761068,22.8974609375,194.005950291952,340,652.463826497396,23.2083438237508
"937",1531,"Michelangelo",NA,"Italy",2020,NA,NA,1,"w",NA,5264243,11.151978,44.94935,134.103332519531,315.847999572754,660.8,17.4414936065674,133.787109375,386.2775390625,832.950390625,22.2578125,70.8,285.6,738.2,22.4,134,332.2,801.8,19.2,170,330,664.524719238281,22,170,328.362968444824,689.067175292969,21.9368255615234,190,330,710.776281738281,23.820108795166,190,340,665.387780761719,23.9836990356445
"938",1532,"Michelangelo",NA,"Italy",2020,NA,NA,1,"w",NA,5290149,11.37581,44.74277,134.724998474121,312.010006904602,659.5,16.9118933677673,136.739501953125,387.421142578125,799.323486328125,23.789794921875,74.5,284.25,691.5,24.5,137,335,763,21,170,340,619.319519042969,21.1322069168091,170,330,641.806533813477,20.3136763572693,190,330,673.458038330078,22.0035157203674,200,340,629.897094726562,22.1976289749146
"939",1533,"Michelangelo",NA,"Italy",2020,NA,NA,1,"w",NA,5305693,11.54923,44.61,135.770666122437,311.112003326416,641.6,18.5761047363281,138.280859375,382.758203125,777.558203125,23.9564453125,75.2,282.8,672.6,25.2,138.2,330.8,738.4,21,170,339.870048522949,614.072521972656,21.9349937438965,170,330,635.938903808594,20.2547313690186,190,330,671.106005859375,22.12922706604,200,340,629.004431152344,22.2838451385498
"940",1535,"Michelangelo",NA,"Italy",2020,NA,NA,1,"w",NA,5279791,11.467129,44.80248,135.771667480469,310.256000518799,664.2,16.1950775146484,136.4244140625,383.2205078125,775.44453125,23.9873046875,73.6,282.6,671.6,23.2,136.4,329,738,21.2,170,336.938896179199,624.178796386719,21,170,330,648.617578125,20.7928588867188,190,330,676.243054199219,21.869047164917,200,340,632.807702636719,22
"941",1537,"Michelangelo",NA,"Italy",2020,NA,NA,1,"w",NA,5274609,11.40221,44.83909,135.495834350586,310.766668319702,681.5,16.0499199231466,136.03173828125,385.13525390625,793.932942708333,23.39990234375,73.3333333333333,284.5,689.166666666667,22.8333333333333,136,330.833333333333,757.833333333333,20.5,170,331.17800394694,632.493336995443,21,170,330,657.023895263672,20.9877293904622,190,330,683.400685628255,22.0001624425252,199.947910308838,340,639.27826944987,22.1906105677287
"942",1539,"Michelangelo",NA,"Italy",2020,NA,NA,1,"w",NA,5269428,11.34555,44.89232,135.755331039429,311.224002838135,679.4,15.9551332473755,135.673046875,385.519140625,804.3181640625,22.8677734375,73,284.2,702,22.8,135.8,331.2,771.2,20,170,330,642.309741210938,21,170,330,667.302209472656,21.1611927032471,190,330,691.336193847656,22.117431640625,199.483318328857,340,646.7146484375,22.9245712280273
"943",1543,"Michelangelo",NA,"Italy",2020,NA,NA,1,"w",NA,5264244,11.205829,44.95107,134.513664245605,314.85599899292,665,17.181192779541,134.154296875,386.257421875,828.86796875,22.152734375,71,285.6,734.4,22.2,134.4,331.4,797.4,19.2,170,330,664.9126953125,21.9621509552002,170,328.157371520996,689.998718261719,21.9269565582275,190,330,711.126159667969,23.5571655273437,190.076293945312,340,665.659716796875,23.903882598877
"944",1545,"Michelangelo",NA,"Italy",2020,NA,NA,1,"w",NA,5264241,11.04483,44.9504,132.745666503906,315.544006347656,650,17.5832378387451,132.75078125,386.9228515625,842.4630859375,22.369140625,69.4,286,747,22.8,133,333,814.4,19.6,170,330,665.369384765625,22,170,328.571327209473,688.672985839844,21.9709911346436,186.857406616211,330,711.625256347656,23.9982421875,190,340,666.496337890625,24.0053108215332
"945",1548,"Michelangelo",NA,"Italy",2020,NA,NA,1,"w",NA,5300521,11.907655,44.660423,135.200668334961,300.951999664307,646,20.1635990142822,135.1482421875,372.601953125,748.0060546875,21.8353515625,70.6,285.4,660.4,20.6,135,316.8,704.2,19.4,170,329.556228637695,582.986315917969,20.325806427002,170,327.692230224609,608.169763183594,20.326725769043,190,328.96312713623,637.837707519531,20.9627471923828,200,340,601.730053710937,21
"946",1552,"Michelangelo",NA,"Italy",2020,NA,NA,1,"w",NA,5300523,11.962575,44.62693,134.190003871918,302.249994277954,659.75,19.2876954078674,134.864013671875,370.916259765625,747.18505859375,21.750732421875,70,285.25,661.25,20,134.75,315,701.25,19.25,170,325.114316940308,581.814193725586,20.9488306045532,170,321.010856628418,607.054138183594,20.9586119651794,190,322.436275482178,637.666473388672,21,200,337.949819564819,602.496124267578,21
"947",1553,"Michelangelo",NA,"Italy",2020,NA,NA,1,"w",NA,5290152,11.51104,44.74694,135.646667480469,312.293341954549,637,16.8110729853312,136.9658203125,381.971028645833,766.238444010417,24.1546223958333,74.1666666666667,282.5,662.666666666667,23.5,137,328.5,728.166666666667,21.5,170,340,615.209889729818,21,170,330,639.092814127604,20.2639627456665,190,330,668.508565266927,21.5820430119832,200,340,625.956329345703,21.9939104715983
"948",1554,"Michelangelo",NA,"Italy",2020,NA,NA,1,"w",NA,5284972,11.51121,44.75298,135.646667480469,312.293341954549,637,16.8110729853312,136.9658203125,381.971028645833,766.238444010417,24.1546223958333,74.1666666666667,282.5,662.666666666667,23.5,137,328.5,728.166666666667,21.5,170,340,615.209889729818,21,170,330,639.092814127604,20.2639627456665,190,330,668.508565266927,21.5820430119832,200,340,625.956329345703,21.9939104715983
"949",1557,"Michelangelo",NA,"Italy",2020,NA,NA,1,"w",NA,5295340,11.83926,44.66924,135.486999511719,298.416000366211,632.8,20.5319023132324,135.68984375,374.078515625,748.872265625,22.0783203125,71.4,284.6,657.4,21,135.6,318.2,706.8,19.8,170,330,588.821484375,20.1812557220459,170,329.977592468262,613.880786132813,20.0100524902344,190,329.952743530273,643.456555175781,20.9042362213135,200,340,606.128125,21
"950",1558,"genetics",NA,"Croatia",2014,NA,NA,1,"w",NA,5285051,14.792165,44.758807,139.912838935852,258.17449092865,1060,32.6194000244141,130.407493591309,366.650543212891,1230.31509399414,30.057550907135,57.25,298.5,1303.75,17.5,133.5,296.75,1227.75,29.5,170.601143836975,246.129460334778,1841.49267578125,41.119909286499,171.582579612732,250.602464675903,1873.78717041016,39.110390663147,187.346658706665,258.284587860107,1961.54010009766,38.2210721969604,196.272940635681,272.401614189148,1898.37683105469,41.5648498535156
"951",1565,"genetics",NA,"Spain",2014,NA,NA,1,"w",NA,5916498,-6.55,39.7,162.14133644104,284.688007354736,570.2,54.0082229614258,153.78359375,341.2748046875,659.355859375,57.82421875,114.2,246,824.4,67.8,155.8,310.4,641.4,51.2,185.54638671875,321.385963439941,589.739978027344,61,190.472930908203,325.11319732666,580.433947753906,62,195.464748382568,301.495872497559,587.845495605469,59,200.898445129395,320,522.396850585938,53
"952",1567,"genetics",NA,"Spain",2014,NA,NA,1,"w",NA,5880245,-6.26,39.97,156.777332305908,275.016002655029,571.2,52.9028106689453,151.76171875,346.923046875,592.69609375,57.144140625,111.8,248.8,706.8,65,154,313,563.8,48.8,187.244766235352,329.982421875,723.62138671875,62.9062141418457,189.054954528809,330.178260803223,710.003271484375,63.2977760314941,198.007808685303,313.621025085449,723.330285644531,60.9248710632324,200.953552246094,329.964851379395,647.802868652344,55.4432388305664
"953",1569,"genetics",NA,"Spain",2014,NA,NA,1,"w",NA,5890623,-5.53,39.89,156.280666351318,299.14400100708,433,46.2865180969238,149.3763671875,365.4642578125,497.866796875,56.8119140625,109.6,260.6,528.2,60.2,152.4,327.6,458,45.2,186.392879486084,333.76309967041,749.506005859375,63.2894691467285,188.744552612305,339.566413879395,731.854516601563,63.9039199829102,198.525020599365,320,758.682507324219,59.8065086364746,204.895236968994,336.374786376953,693.348840332031,56.2513145446777
"954",1572,"genetics",NA,"Spain",2007,NA,NA,1,"w",NA,6201399,-6.539811,37.390484,176.740002632141,280.050005912781,526.5,65.950101852417,170.431396484375,297.699951171875,651.5390625,66.317626953125,129.75,237.75,818.75,77.5,168.5,280.75,647.5,63,204.176664352417,298.849143981934,594.682006835938,72,210,300.074553489685,580.249221801758,72,207.982273101807,280.074553489685,621.960220336914,73.0168933868408,210,290.379929542542,535.993743896484,67.566463470459
"955",1577,"genetics",NA,"Spain",2007,NA,NA,1,"w",NA,6201401,-6.42847,37.387163,176.38399887085,283.776000976562,535.2,65.9690963745117,170.1025390625,308.85625,670.0359375,65.8564453125,128.8,243.2,845,77.8,168.4,290.6,670.4,63,202.980941772461,300.12580871582,602.883020019531,71.8416534423828,210,301.698661804199,587.908435058594,72,207.734020233154,283.05545425415,630.964794921875,72.8708801269531,210,295.291896820068,543.781677246094,67.0009368896484
"956",1580,"genetics",NA,"Greece",2015,NA,NA,1,"w",NA,5937918,22.606587,39.52184,153.386335372925,315.128002166748,451.2,38.0794059753418,162.0580078125,397.5544921875,631.2236328125,49.30546875,102.2,316.8,540.4,42.6,158.2,351.8,532.2,34.2,188.826076507568,328.913589477539,445.416632080078,43.1902954101563,188.873477935791,340.540008544922,454.896520996094,45.519889831543,198.920875549316,331.713836669922,466.798858642578,45.8455795288086,206.030391693115,331.673072814941,452.722381591797,43.1527565002441
"957",1585,"genetics",NA,"Greece",2019,NA,NA,1,"w",NA,5917156,20.850155,39.669563,129.996945063273,292.513329188029,987.666666666667,49.1258080800374,128.038248697917,362.143880208333,1231.79280598958,55.7853190104167,70.5,262.833333333333,1224,52,125,326.333333333333,1176.66666666667,46.6666666666667,154.443298975627,328.295186360677,1090.71220906576,59.1840527852376,155.45742670695,339.053764343262,1085.86690266927,56.6525758107503,168.498338063558,328.205973307292,1149.27335611979,55.7409756978353,173.37341149648,329.861602783203,1094.20420328776,52.2956682840983
"958",1603,"genetics",NA,"Israel",2016,NA,NA,1,"a",NA,6803280,35.200688,32.554804,190.873332023621,247.479991912842,534,112.516019821167,190.3330078125,303.653564453125,627.8173828125,81.348388671875,158,239,557,113.5,195,273.5,559.25,104.5,218.08132648468,284.290680885315,529.98282623291,110.404800415039,218.735933303833,289.840159416199,534.758598327637,108.459402084351,228.445086479187,272.724590301514,558.378387451172,112.962865829468,232.393193244934,282.107238769531,547.984077453613,108.080007553101
"959",1619,"genetics",NA,"Italy",2014,NA,NA,1,"w",NA,5777203,16.995076,40.828003,140.389583110809,264.839992523193,590.25,30.6580924987793,141.447021484375,320.36181640625,756.555908203125,39.048583984375,82.25,237.75,638,31.75,138.5,289.25,694.75,28.25,179.850625991821,277.951698303223,605.47314453125,39.4526615142822,179.900417327881,275.934963226318,598.098495483398,37.2521820068359,190.017747879028,280.013976097107,597.679168701172,37.3507194519043,198.902416229248,291.738395690918,582.906311035156,37.6988019943237
"960",1672,"genetics",NA,"Turkey",2019,NA,NA,1,"a",NA,5964093,34.042372,39.332642,97.6287508010864,328.439989089966,431.5,46.9155406951904,95.74365234375,413.904541015625,509.939208984375,48.0244140625,40.75,368.5,419,51,95.75,364.5,469.5,44.25,137.228593826294,373.538208007812,445.001586914062,43.681568145752,138.805389404297,370.647630691528,462.108451843262,46.1058664321899,155.362815856934,339.159154891968,470.345680236816,45.8914213180542,161.422889232635,340,472.937759399414,45.4223194122314
"961",1973,"GBIF",NA,NA,2019,6,4,0,"e",NA,6177058,58.4524,37.5894,97.1795845031738,355.64001083374,416.5,44.8249158859253,84.001953125,507.5126953125,344.9970703125,79.569580078125,40.25,403.25,204.75,59,84,440,330.75,73.5,108.985505104065,369.026308059692,315.179756164551,64.0733976364136,109.30255651474,360,334.230270385742,68.5931358337402,121.861612796783,347.380437850952,354.72891998291,63.3337936401367,129.30255651474,348.301687240601,354.993064880371,62.5866222381592
"962",1985,"GBIF",NA,NA,2009,5,20,0,"e",NA,6379021,56.0647,35.968,163.414667129517,367.008003234863,200.6,78.966032409668,151.0517578125,477.551953125,212.7970703125,82.833203125,104.8,365.2,101.4,66.6,150.2,406.6,173.8,70.6,186.422149658203,409.248725891113,164.190341186523,82.3405242919922,186.940135955811,401.992012023926,167.37741394043,83.6584594726562,198.46187210083,378.562774658203,188.176678466797,84.7862701416016,205.093479156494,381.755180358887,188.154296875,82.5539489746094
"963",1986,"GBIF",NA,NA,2018,6,4,0,"e",NA,6161446,55.447535,37.711826,161.139999389648,330.623992919922,300.2,61.057054901123,155.8240234375,416.31875,291.2904296875,66.4439453125,111,333.4,191.2,59.2,155,374.8,280,59,190.003364562988,370,426.778442382812,42.1437202453613,190.399971008301,364.727661132812,445.139587402344,41.6333587646484,202.041259765625,342.009101867676,489.419592285156,40.4449882507324,208.515068054199,359.604286193848,492.771014404297,41.7357002258301
"964",1987,"GBIF",NA,NA,2019,5,25,0,"e",NA,6166625,55.381573,37.682176,162.668334960938,331.223991394043,303.4,61.3688934326172,158.7330078125,411.9251953125,298.337890625,66.471875,114,329,195.6,58.6,158,371.8,287.4,59,193.080078125,370,421.600689697266,41.3122772216797,194.082805633545,362.939682006836,439.156188964844,40.6812118530273,206.249980926514,340.573715209961,482.990692138672,39.7960105895996,211.014598846436,359.343620300293,486.262084960938,40.8498817443848
"965",1991,"GBIF",NA,NA,2013,6,5,0,"e",NA,6208046,54.584,37.3599,175.262494087219,318.53000164032,279.75,48.8467979431152,173.751953125,394.73583984375,329.287841796875,52.035400390625,132.75,319.5,221.75,43.5,173.25,350,325,45.5,210,358.158597946167,263.366432189941,43.4635438919067,210,350,264.88240814209,40.5989847183228,228.787884712219,330,285.981750488281,42.5372219085693,230,350,285.445434570312,43.0540370941162
"966",1994,"GBIF",NA,NA,2013,6,5,0,"e",NA,6208045,54.571,37.3546,176.691661834717,319.864002227783,285.2,48.0782722473145,173.74296875,393.265234375,335.380078125,51.8095703125,133,317.8,225.8,43.6,173.4,348.2,331.8,45,210,357.362945556641,265.316296386719,44.5612571716309,210,350,266.518835449219,41.4437255859375,229.183700561523,329.591705322266,287.550482177734,43.6457450866699,230,349.648490905762,287.067193603516,44.1874771118164
"967",1995,"GBIF",NA,NA,2013,6,4,0,"e",NA,6265013,54.0701,36.9094,177.544334411621,313.823997497559,418,37.6309906005859,174.0591796875,375.9724609375,465.0181640625,43.9173828125,136.4,309.8,306.8,35.8,173.6,321.8,473.6,42.8,200.619945526123,263.839721679688,496.399737548828,46.3637474060059,210,260.009254455566,505.528814697266,41.6530548095703,220,233.354949951172,529.454833984375,46.5077713012695,221.239624023438,257.520751953125,532.063024902344,48.7773376464844
"968",2000,"GBIF",NA,NA,2019,5,26,0,"e",NA,6228751,53.9972,37.1793,171.987085342407,312.199993133545,322.5,40.5919971466064,168.96435546875,379.022705078125,369.8232421875,44.70556640625,132.25,317.75,252.75,36.75,168.75,328.75,373.75,41.5,207.416954040527,259.831442832947,363.530937194824,55.1908130645752,210,256.315836906433,367.38557434082,50.9694547653198,220,228.31467628479,381.78490447998,56.908595085144,229.97754573822,253.295669555664,386.2138671875,59.192253112793
"969",2002,"GBIF",NA,NA,2018,5,19,0,"e",NA,6275361,53.5469,36.795,176.010007858276,302.669997215271,465.75,47.2800188064575,168.55859375,365.5908203125,539.54736328125,40.874267578125,133.75,314,352.25,35,168.75,307,556.25,43,200,286.948394775391,531.364288330078,50.6631126403809,200,284.858889579773,538.93391418457,46.831883430481,210,255.434875488281,555.955673217773,51.4419097900391,220,276.583971977234,563.663513183594,55.0769882202148
"970",2003,"GBIF",NA,NA,2013,6,4,0,"e",NA,6363412,53.1973,36.0965,144.762664794922,323.736003875732,285.4,41.7951835632324,139.3458984375,466.2267578125,258.909765625,59.621484375,104.2,421.4,129.4,46,140,395,229.2,46.8,134.316705703735,339.796752929688,795.521704101562,26.7466835021973,135.125947952271,330.881744384766,815.857800292969,21.3450672149658,145.25080871582,300.232807159424,854.850646972656,25.8235500335693,152.127246856689,320.087631225586,847.051318359375,30.0651546478271
"971",2006,"GBIF",NA,NA,2013,6,13,0,"e",NA,6384127,52.9934,35.9309,118.266248703003,359.969997406006,229.5,52.8699464797974,116.886474609375,499.070068359375,205.681640625,74.490478515625,83,449.75,90.25,59.75,118.75,426.75,166.75,61,113.493628501892,343.554573059082,736.607421875,18.8350358009338,114.053862094879,337.558307647705,760.444854736328,17.7251696586609,123.864398002625,309.795117378235,797.661041259766,17.8000292778015,131.433746814728,328.311882019043,788.485168457031,21.1241059303284
"972",2008,"GBIF",NA,NA,2019,6,27,0,"e",NA,6394465,52.0767,35.8519,82.9205544789632,386.506678263346,211,68.813855489095,83.8401692708333,518.930989583333,209.102864583333,81.8671875,50.6666666666667,463.333333333333,90.6666666666667,71.3333333333333,85.6666666666667,448.666666666667,167.666666666667,75,92.70210425059,381.435559590658,811.984537760417,51.9036305745443,93.2216469446818,374.384956359863,826.706787109375,50.4022649129232,103.618580500285,348.108062744141,874.34706624349,46.9729029337565,111.115967432658,357.399533589681,867.545491536458,48.0940208435059
"973",2009,"GBIF",NA,NA,2018,6,19,0,"e",NA,6378923,51.9748,35.9806,43.2599997520447,386.624000549316,237.2,71.3468139648437,46.2966796875,522.5517578125,236.155078125,85.10078125,11.2,474.2,109.8,71.4,45.4,452.6,200.2,80,44.703061580658,397.742851257324,1072.84816894531,48.108470916748,45.2180228233337,389.160774230957,1100.78111572266,47.1431579589844,55.8943309783936,363.723327636719,1156.27019042969,43.9851928710938,62.5157465934753,374.079986572266,1149.94089355469,45.7382171630859
"974",2010,"GBIF",NA,NA,2010,6,1,0,"e",NA,6425538,51.769,35.614,153.860001564026,380.470008850098,193.5,69.0678863525391,144.698486328125,509.983642578125,209.587158203125,71.972900390625,107.5,428.25,89,70,144.5,440.75,166,65,176.805529594421,421.408138275146,418.387855529785,74.9635066986084,177.038779258728,412.613687515259,417.415573120117,73.514612197876,188.425970077515,382.737398147583,444.418678283691,71.2699813842773,194.798383712769,392.742586135864,441.090347290039,70.8384704589844
"975",2011,"GBIF",NA,NA,2009,5,19,0,"e",NA,6420357,51.7257,35.6664,148.20472240448,383.506654103597,199,68.7997411092122,138.140950520833,509.54833984375,213.968912760417,71.92236328125,101.666666666667,428.666666666667,91.8333333333333,71.6666666666667,138.333333333333,440,170.666666666667,66,166.894749005636,421.938603719076,466.290766398112,73.3409283955892,167.101354598999,412.944221496582,466.076136271159,71.8825149536133,178.44495455424,383.543421427409,494.997512817383,69.5138104756673,185.085741678874,392.351659138997,491.72944132487,69.2058461507161
"976",2012,"GBIF",NA,NA,2015,6,25,0,"e",NA,6404815,51.6405,35.7738,137.50333404541,382.624008178711,213,68.4869338989258,128.4611328125,507.521484375,224.5830078125,71.7287109375,91.8,432,97.2,67.2,128.4,438,180.6,67,149.591278076172,418.823837280273,488.075854492187,67.076350402832,150.23907661438,412.806953430176,491.855798339844,66.1097900390625,161.600273132324,383.965087890625,518.541937255859,63.0237571716309,168.385810852051,390.353477478027,516.009429931641,63.0554801940918
"977",2014,"GBIF",NA,NA,2019,5,28,0,"e",NA,6399634,51.6021,35.8139,127.305999755859,381.463996887207,219,69.1978897094727,118.7490234375,508.63984375,227.38125,73.400390625,81.2,434.6,98,68,117.8,440.4,183.2,68.4,136.195419311523,419.854751586914,511.346051025391,65.2235130310059,136.626941680908,413.502586364746,517.202026367188,64.6215980529785,148.150114059448,384.683380126953,543.404650878906,61.1779884338379,155.133047103882,392.00129699707,541.136364746094,61.2696853637695
"978",2016,"GBIF",NA,NA,2019,6,6,0,"e",NA,6404813,51.5439,35.7593,151.835000514984,367.150011062622,226.5,67.9221801757812,141.411376953125,501.082275390625,241.4677734375,68.799560546875,104.75,420.5,105.25,69.75,141.75,431.75,195.25,64.75,165.191266536713,429.073295593262,440.435356140137,70.7066841125488,165.492377281189,420.092763900757,442.978630065918,69.9552192687988,177.024631500244,391.295680999756,467.820587158203,66.9038143157959,183.946318626404,399.98387336731,465.106224060059,66.6649856567383
"979",2017,"GBIF",NA,NA,2015,5,21,0,"e",NA,6482512,51.5406,35.1635,178.619585037231,378.460006713867,198.25,71.9769172668457,171.992431640625,503.606689453125,201.07958984375,67.51318359375,131.5,397,80.75,79.75,171.5,436,155.25,64,220,449.861316680908,198.939449310303,81.9442615509033,220,440,196.864692687988,79.6645450592041,230,410,212.388668060303,78.0352516174316,240,420,208.466304779053,76.6846313476562
"980",2020,"GBIF",NA,NA,2019,6,29,0,"e",NA,6389272,51.5266,35.8906,95.0920844078064,385.390005111694,227.5,70.3169975280762,93.708251953125,513.76611328125,230.21826171875,77.208984375,57.5,441.25,97.5,70.75,93.75,446.25,185.5,72.75,104.007732868195,423.626699447632,627.152465820312,65.1201219558716,104.530832767487,415.428915023804,636.675216674805,64.7886180877686,115.711991786957,387.592496871948,665.066635131836,60.9262590408325,121.944901943207,395.187044143677,662.960678100586,61.1313581466675
"981",2022,"GBIF",NA,NA,2019,5,17,0,"e",NA,6373731,51.4969,36.0013,64.465833902359,382.080011367798,248.25,70.1249523162842,59.356201171875,518.130859375,245.18701171875,80.671875,25.75,452,107.25,74.5,61.5,449.5,202.5,76.5,64.95445728302,421.218423843384,804.622909545898,57.1380128860474,65.6702625751495,412.292633056641,826.529159545898,58.1928510665894,76.4511728286743,385.866193771362,856.352996826172,53.4795551300049,83.4436905384064,393.472347259521,854.806945800781,53.935227394104
"982",2038,"GBIF",NA,NA,2019,6,27,0,"e",NA,6399629,51.4027,35.8213,110.41900062561,375.783996582031,236,70.5981140136719,98.9,512.4759765625,237.719140625,76.2203125,62,434,100.4,70.2,98.8,445.4,191.6,71.8,115.557199478149,436.475624084473,535.791174316406,68.8498443603516,116.328817367554,427.57495880127,542.080871582031,68.7366516113281,127.439390182495,399.829750061035,568.761590576172,64.9181221008301,134.119184494019,407.314819335938,565.933728027344,64.7611747741699
"983",2040,"GBIF",NA,NA,2019,6,13,0,"e",NA,6420341,51.0682,35.6391,159.162499904633,367.93999671936,258.5,68.0517234802246,153.1240234375,483.8994140625,291.293701171875,62.030517578125,114.75,388.25,127.25,67.25,152.75,423.5,246,58.5,190,447.870779037476,328.0283203125,77.7586898803711,190,440,325.63298034668,76.6858215332031,200.442991256714,410,349.043434143066,74.0665798187256,210,420,345.861846923828,74
"984",2041,"GBIF",NA,NA,2019,6,4,0,"e",NA,6352994,50.7502,36.1693,106.582500934601,393.130006790161,276.25,67.1819591522217,100.2666015625,497.99853515625,287.283203125,72.707275390625,66,413.75,128.25,67.75,101.75,437,241.25,69.75,119.121720790863,413.252182006836,700.208145141602,58.8862590789795,119.732077121735,404.167566299438,716.333404541016,61.0019559860229,130.445759296417,378.330812454224,738.742156982422,56.7436227798462,136.812300682068,387.468547821045,738.268859863281,56.9631872177124
"985",2042,"GBIF",NA,NA,2019,5,19,0,"e",NA,5840164,50.3474,40.3074,144.169583320618,274.110007286072,236.75,50.8420906066895,143.754638671875,375.71533203125,299.53857421875,35.888427734375,110,330.25,200,37.5,146,310,268.25,44,170,230,185.700248718262,51.5491619110107,170,230,193.904792785645,54.5458555221558,190,226.281533241272,191.295234680176,52.1454200744629,190,240,196.32772064209,54.5394382476807
"986",2045,"GBIF",NA,NA,2007,5,21,0,"e",NA,5840150,49.76,40.3119,142.548332214355,280.847995758057,239,44.3271377563477,145.2494140625,384.8646484375,313.944921875,35.780859375,111.4,335.6,203.8,29.4,148,312.4,281,33.2,169.609783172607,264.687515258789,219.134704589844,50.9876075744629,176.389293670654,263.34880065918,228.214065551758,52.8187057495117,188.671199798584,251.833145141602,222.107321166992,51.3775428771973,197.01598739624,255.997547149658,227.752365112305,54.6043891906738
"987",2046,"GBIF",NA,NA,2015,5,17,0,"e",NA,6259724,49.5312,36.9178,148.923332691193,280.200004577637,769.75,49.210654258728,152.4130859375,381.697021484375,990.606689453125,42.063720703125,118.25,316,502.75,37.75,154.25,323.5,989.5,46.5,171.764669418335,337.482967376709,794.196136474609,34.265118598938,173.051285743713,328.170480728149,799.687149047852,30.1925897598267,189.014344215393,296.227970123291,784.287200927734,32.5884413719177,195.926442146301,306.195740699768,772.828491210938,36.0894203186035
"988",2047,"GBIF",NA,NA,2007,5,21,0,"e",NA,5866041,49.3782,40.1122,146.25833272934,313.449997901917,269,42.5342893600464,141.040771484375,406.776123046875,340.030029296875,36.278564453125,107,360,210.75,31,144,333.5,303,29.75,169.585609436035,322.263832092285,255.973197937012,43.4282321929932,172.567777633667,320.179843902588,266.795211791992,44.0644979476929,188.176431655884,300.495314598083,255.792549133301,43.9523057937622,193.97970199585,304.758043289185,262.873741149902,47.171947479248
"989",2048,"GBIF",NA,NA,2007,6,18,0,"e",NA,5959280,49.3408,39.3687,148.068749904633,287.409996986389,348,47.1954050064087,144.526611328125,405.15185546875,418.880126953125,39.661376953125,117,376.5,226.25,31.25,148,325.25,384,50,180,264.176530838013,305.713661193848,55.4150609970093,180,261.534605026245,314.006759643555,55.3191480636597,200,241.088485717773,300.872268676758,59.0690145492554,206.996703147888,251.529259681702,311.149681091309,64.3036003112793
"990",2049,"GBIF",NA,NA,2011,5,30,0,"e",NA,5819419,49.3176,40.496,131.771391232808,313.373343149821,303.333333333333,35.1561717987061,128.047200520833,406.882161458333,421.50390625,33.0445963541667,91.6666666666667,353,279.166666666667,30.3333333333333,131.5,348,395.666666666667,29.5,155.298886299133,327.610282897949,309.624572753906,37.5056997934977,157.553351720174,324.060611724854,323.568588256836,38.5514049530029,170.190270741781,304.360739390055,311.469609578451,36.3759930928548,177.960033416748,309.593337376912,317.300043741862,39.1045112609863
"991",2050,"GBIF",NA,NA,2013,5,18,0,"e",NA,5923018,49.273479,39.660276,152.114723523458,317.340008417765,293.833333333333,45.0340805053711,146.02685546875,415.2744140625,345.64111328125,38.5618489583333,115.333333333333,381.333333333333,192.666666666667,31,149.333333333333,337.5,302,39.8333333333333,180,319.288098017375,245.998524983724,49.5597070058187,180,316.264553070068,253.211977640788,49.4104906717936,200,290.826218922933,242.508659362793,51.9630406697591,200,296.60356203715,250.951321919759,56.5599689483643
"992",2051,"GBIF",NA,NA,2019,6,5,0,"e",NA,5757258,49.2544,40.9658,131.181669235229,301.73999786377,291.25,30.2708420753479,132.405029296875,430.80810546875,435.085693359375,33.316650390625,95.25,388.75,286.75,30,136.25,390.5,414.25,30,156.22766494751,302.076082229614,328.216941833496,35.5482769012451,162.727746963501,300.231184959412,342.214027404785,36.0387048721313,174.954409599304,284.088745117188,328.863723754883,32.7299671173096,183.309440612793,289.28731918335,334.541275024414,35.8221073150635
"993",2052,"GBIF",NA,NA,2012,5,19,0,"e",NA,5762437,49.240227,40.950066,129.629335403442,304.18399810791,301,29.6582904815674,130.6244140625,429.228515625,439.307421875,32.98515625,93.4,386.6,289.6,29.4,134.4,388.6,418.4,29.8,154.066947937012,303.905620574951,334.359130859375,35.0245170593262,159.724561691284,302.027252197266,348.652294921875,35.524356842041,172.500183105469,285.416404724121,335.1466796875,32.1590896606445,180.360111236572,290.973064422607,340.865625,35.2378273010254
"994",2054,"GBIF",NA,NA,2019,5,24,0,"e",NA,5772797,49.2143,40.8674,123.911333084106,310.81600189209,338.2,29.3580211639404,122.137109375,415.25234375,460.044921875,32.2080078125,84.2,369.8,304.2,29.4,125.2,371,439,29.4,149.181940078735,313.903545379639,337.307678222656,33.620775604248,151.594449996948,311.316337585449,351.974273681641,34.3092422485352,165.80916595459,292.854507446289,339.027038574219,31.0413803100586,172.447956085205,298.322364807129,344.322943115234,34.0036849975586
"995",2055,"GBIF",NA,NA,2010,5,18,0,"e",NA,5767616,49.1997,40.8783,122.353666305542,312.184001922607,349,28.6385139465332,120.282421875,415.2703125,464.3197265625,31.628125,83,369.8,304.8,28.6,124,371.6,442.8,28.8,146.998945236206,316.450687408447,347.486169433594,32.8110866546631,149.044668197632,313.771789550781,362.641070556641,33.4651653289795,163.655075073242,295.060375213623,349.361749267578,30.0159610748291,169.900016784668,300.599426269531,354.787707519531,32.9767303466797
"996",2056,"GBIF",NA,NA,2018,6,1,0,"e",NA,5912656,49.185895,39.709625,151.096668243408,320.42667388916,296,44.2922846476237,145.9951171875,419.967610677083,340.458984375,38.6202799479167,114.5,384.166666666667,188,32.8333333333333,149,343.333333333333,295.333333333333,37.8333333333333,180,337.937819163005,243.155370076497,47.6496016184489,180,334.279429117839,250.376375834147,47.3448467254639,200,306.590671539307,239.659304300944,49.6520220438639,200,313.370145161947,247.721967061361,54.0115903218587
"997",2086,"GBIF",NA,NA,2018,6,1,0,"e",NA,5912655,49.164787,39.733614,150.592501163483,320.090003013611,291.5,44.1502885818481,145.87841796875,420.5439453125,337.91162109375,38.69580078125,114,383.5,189,33,149,344,292.75,36.5,180,342.549524307251,239.498210906982,46.9013910293579,180,339.588813781738,246.802307128906,46.4893159866333,199.926266670227,312.125716209412,236.34725189209,48.695987701416,200,318.601069450378,244.135334014893,52.8182535171509
"998",2088,"GBIF",NA,NA,2018,6,1,0,"e",NA,5907475,49.149006,39.751933,149.833612442017,318.279997507731,295.833333333333,43.4604225158691,145.758138020833,421.583984375,338.350260416667,38.71875,113.833333333333,384.5,189.166666666667,33.1666666666667,149,345.166666666667,292.833333333333,36.5,180,344.934927622477,240.643931070964,46.5906867980957,180,342.076218922933,247.899319966634,46.1829083760579,199.950844446818,314.313195546468,237.419975280762,48.3547477722168,200,319.897750218709,245.193204243978,52.4452323913574
"999",2090,"GBIF",NA,NA,2011,6,5,0,"e",NA,5715813,49.0712,41.2929,125.713609059652,298.639993667603,283.166666666667,30.3370936711629,133.95947265625,484.080403645833,385.899088541667,33.2882486979167,95.3333333333333,438.833333333333,243.666666666667,25.3333333333333,137.333333333333,442.833333333333,359.166666666667,25.8333333333333,160,289.252773920695,338.720352172852,36.0024528503418,160,287.102591196696,352.737314860026,35.6222445170085,173.558899561564,271.960468292236,338.196756998698,31.211701075236,180,278.050635655721,346.018458048503,34.6746362050374
"1000",2092,"GBIF",NA,NA,2019,5,30,0,"e",NA,5762433,49.0421,40.9183,105.369584560394,313.499999046326,429,28.0799775123596,106.156982421875,416.88134765625,503.4482421875,29.19873046875,69.25,354.25,327.25,27,109.75,359.5,484.5,27.25,128.128297328949,332.611885070801,436.835670471191,28.6856093406677,129.97367143631,327.967529296875,456.685096740723,29.3147010803223,143.927936553955,306.733341217041,441.402938842773,24.5081310272217,150.395262241364,314.261980056763,447.740112304688,27.3818264007568
"1001",2093,"GBIF",NA,NA,2011,5,23,0,"e",NA,5923012,49.008,39.6307,150.537330627441,314.408000946045,323,43.3686019897461,145.540625,429.7078125,351.7431640625,38.2529296875,114.4,393.4,189.4,31.4,149,352,306.4,37,180,353.087265014648,267.820416259766,45.9835739135742,180,350.042846679688,274.82880859375,45.4493232727051,200,319.569095611572,262.996948242188,47.8667022705078,200,324.013595581055,271.374560546875,52.3419898986816
"1002",2094,"GBIF",NA,NA,2011,5,24,0,"e",NA,5928191,48.9967,39.6198,150.59166431427,313.699998855591,322,43.9241695404053,145.516357421875,430.274658203125,352.7060546875,38.43017578125,114.25,393.75,190,31.5,149,352.5,307,37,180,353.977088928223,268.5009765625,45.9549045562744,180,351.052312850952,275.507431030273,45.3116540908813,200,319.898118972778,263.678443908691,47.8123645782471,200,325.016994476318,272.004119873047,52.2238740921021
"1003",2100,"GBIF",NA,NA,2007,5,17,0,"e",NA,5731349,48.8816,41.1695,111.071667671204,308.479995727539,408.25,26.1813097000122,115.538330078125,440.284423828125,477.847900390625,29.698486328125,78.25,389.25,299.25,25.25,119.5,396.5,455.75,25,137.457840442657,329.184198379517,449.133079528809,25.5982131958008,139.553995132446,327.049617767334,469.241371154785,25.4028997421265,153.032972812653,305.024709701538,454.738609313965,19.4990496635437,159.112770557404,309.858260154724,462.747497558594,22.8221793174744
"1004",2101,"GBIF",NA,NA,2004,6,5,0,"e",NA,5731348,48.8722,41.1704,111.071667671204,308.479995727539,408.25,26.1813097000122,115.538330078125,440.284423828125,477.847900390625,29.698486328125,78.25,389.25,299.25,25.25,119.5,396.5,455.75,25,137.457840442657,329.184198379517,449.133079528809,25.5982131958008,139.553995132446,327.049617767334,469.241371154785,25.4028997421265,153.032972812653,305.024709701538,454.738609313965,19.4990496635437,159.112770557404,309.858260154724,462.747497558594,22.8221793174744
"1005",2102,"GBIF",NA,NA,2012,5,18,0,"e",NA,5658822,48.618622,41.779247,116.706665039062,287.408004760742,335.8,31.1096748352051,123.618359375,463.4466796875,388.6947265625,34.0626953125,85.2,421,233.8,29,127,420.2,361.8,31.8,157.530799865723,301.302391052246,308.799353027344,38.5605842590332,159.084791183472,294.686630249023,318.423278808594,36.849390411377,169.919273376465,280.869411468506,313.509515380859,34.6282577514648,177.221424102783,286.21996307373,321.873724365234,38.0717620849609
"1006",2103,"GBIF",NA,NA,2011,6,5,0,"e",NA,5653642,48.6179,41.7925,116.526665687561,285.240001678467,331,31.3188428878784,124.087646484375,464.7646484375,385.609375,34.27294921875,85.5,422.5,232.75,29,127.5,421.5,358.75,32,159.155292510986,298.692512512207,306.98624420166,39.0355825424194,159.892091751099,292.176365852356,316.473121643066,37.3625726699829,170,278.163638114929,311.591239929199,35.1463775634766,178.814163208008,283.343062400818,319.978172302246,38.5999431610107
"1007",2110,"GBIF",NA,NA,2019,6,29,0,"e",NA,6337365,47.0522,36.3332,82.3350012302399,394.31999206543,397.25,73.1991519927979,77.9853515625,503.798095703125,492.841552734375,66.0283203125,24.5,420.5,314,75.5,76.5,449.75,438.75,72.5,112.631683349609,427.484788894653,522.094757080078,65.1919422149658,113.664402961731,420.175809860229,540.260772705078,68.3365688323975,124.849932193756,396.882352828979,568.753692626953,64.793384552002,133.657393455505,402.015352249146,557.501907348633,65.0860786437988
"1008",2113,"GBIF",NA,NA,2018,5,16,0,"e",NA,6472026,46.2631,35.2464,119.611999511719,388.960006713867,742.4,87.6305511474609,111.296875,506.0591796875,780.7333984375,77.1361328125,57,441.6,669.4,96,112,448.2,783,82.6,144.203462600708,438.408241271973,1125.00402832031,81.3817825317383,145.024684906006,432.937294006348,1160.01596679688,80.3627243041992,154.066614151001,417.485610961914,1296.84736328125,80.034944152832,160.992744445801,422.391586303711,1284.32751464844,78.862434387207
"1009",2114,"GBIF",NA,NA,2019,5,16,0,"e",NA,6466844,46.1876,35.2768,110.068333148956,388.939990997314,745.75,87.1744613647461,101.42724609375,508.41845703125,779.393798828125,77.32958984375,44.75,443,649.75,95,100,450.5,780,83,135.128886699677,437.296905517578,1247.16732788086,83.2681312561035,136.106426715851,430.186891555786,1284.58270263672,81.7903003692627,144.87025976181,415.617475509644,1436.17565917969,81.8648567199707,151.799936294556,420.103874206543,1422.90649414062,80.5956001281738
"1010",2117,"GBIF",NA,NA,2017,6,4,0,"e",NA,6461663,46.1634,35.2964,109.657499790192,387.899990081787,744.25,87.1129703521729,100.88330078125,508.462158203125,783.75830078125,77.458984375,42.5,442.5,644.25,95,97.75,450.25,777,82.75,136.111254692078,436.773805618286,1240.36206054688,83.9086475372314,137.200775146484,430,1276.92050170898,82.2283325195312,145.801689624786,414.214363098145,1427.98712158203,82.4448184967041,152.67945766449,420,1414.83117675781,81.1321411132812
"1011",2118,"GBIF",NA,NA,2018,5,19,0,"e",NA,6404661,45.2414,35.7599,146.678750514984,386.500005722046,797.25,93.9169960021973,130.466796875,500.1240234375,859.20849609375,79.998779296875,76.75,419.25,715.5,98,128.75,436.75,853.5,86.75,161.218817234039,437.227277755737,1087.79209899902,79.6782913208008,162.318766117096,437.63726234436,1128.79473876953,79.2094192504883,171.673753261566,400.044441223145,1267.14102172852,80.4653472900391,178.121507167816,409.743175506592,1274.25680541992,80.1001930236816
"1012",2121,"GBIF",NA,NA,2009,5,22,0,"e",NA,6306235,44.9861,36.5739,72.289665222168,374.080001831055,643.6,80.1543441772461,54.069921875,495.4119140625,712.8306640625,65.8423828125,-4.4,419.8,584.8,80.8,51.6,432.2,685.8,75,76.8702545166016,406.737884521484,1203.01181640625,73.4751846313477,78.2271270751953,401.474426269531,1250.07890625,73.8983367919922,92.0227193832397,358.688194274902,1328.69152832031,74.1373184204102,99.3356084823608,361.328590393066,1347.75183105469,72.6010681152344
"1013",2123,"GBIF",NA,NA,2013,5,26,0,"e",NA,5539588,44.6682,42.7152,9.58374988287687,281.529998779297,988.5,33.0465407371521,-1.89306640625,437.925537109375,1005.70483398438,55.08203125,-37,361.25,599.25,42.25,4.5,349.25,1011,51.75,22.0189449191093,348.79469871521,1559.95736694336,40.0522937774658,22.725490629673,339.647884368896,1656.24688720703,42.1160402297974,44.40239995718,305.231337547302,1614.35275268555,39.9631223678589,50.5939707159996,318.196558952332,1605.98272705078,38.7049694061279
"1014",2124,"GBIF",NA,NA,2009,5,21,0,"e",NA,6259596,44.1956,36.9436,156.333000183105,391.888000488281,756,92.0264450073242,153.7001953125,500.4595703125,872.1880859375,74.6693359375,98.6,422.8,799.2,94.2,154.4,434.2,844,83.6,177.665721893311,444.811363220215,907.444287109375,79.9244491577148,179.208431243896,440.235313415527,944.762060546875,80.7565536499023,192.636940002441,396.217994689941,1028.03111572266,81.9814361572266,199.401660919189,399.840911865234,1042.05684814453,80.6903167724609
"1015",2126,"GBIF",NA,NA,2009,5,31,0,"e",NA,6249229,43.8814,37.0411,153.891248703003,384.579992294312,824.75,90.5605697631836,151.151123046875,503.155517578125,950.575439453125,75.375,93,426.5,897.75,93.75,149.5,434.75,931.75,83.25,173.939762115479,449.657554626465,1038.20819091797,77.6467399597168,175.597307682037,445.35493850708,1079.70666503906,78.9558124542236,187.979483604431,400.523262023926,1174.9621887207,80.1985969543457,193.865866661072,409.367847442627,1197.9599609375,78.7973709106445
"1016",2128,"GBIF",NA,NA,2009,5,26,0,"e",NA,6223320,43.5094,37.2256,140.801250934601,386.53000831604,839.25,83.5537242889404,131.788818359375,499.312744140625,956.493408203125,69.18798828125,75.25,421.5,899,87.75,133.75,428,947,77.25,153.158648014069,436.161527633667,865.368469238281,74.6213455200195,154.281685352325,430.356588363647,902.366851806641,76.472505569458,165.759060382843,392.615184783936,982.500228881836,77.7169380187988,171.539669036865,400,1004.65704345703,76.2332172393799
"1017",2130,"GBIF",NA,NA,2009,5,30,0,"e",NA,6238859,43.4803,37.0926,151.715333938599,391.504005432129,861.8,87.3000732421875,139.744921875,500.664453125,981.2212890625,72.333203125,85.6,424,912.4,91,143.4,429,972.4,80.8,159.653413772583,441.162742614746,890.195495605469,76.2521759033203,161.182844161987,440,924.721057128906,77.6057464599609,173.411211013794,400,1014.12069091797,79.3666793823242,178.805480957031,404.437141418457,1036.77447509766,77.8284103393555
"1018",2132,"GBIF",NA,NA,2009,5,27,0,"e",NA,6249217,43.3901,37.0217,145.248664855957,380.807998657227,852.2,86.4494354248047,136.3830078125,498.712109375,965.7162109375,71.8013671875,80.2,421.2,886,89.8,137.2,425.8,957.8,79.8,152.6851978302,440.006126403809,1066.19881591797,77.0084060668945,153.753973007202,439.686592102051,1104.14611816406,77.9989685058594,166.198905944824,395.794990539551,1219.94541015625,80.1584579467773,172.336362838745,400.030616760254,1246.74970703125,78.741633605957
"1019",2134,"GBIF",NA,NA,2018,6,24,0,"e",NA,6295823,42.8183,36.6274,203.720273971558,375.073331197103,718.5,92.1513608296712,187.629231770833,502.972981770833,818.115071614583,77.8619791666667,136.333333333333,413.5,677,96,189.333333333333,427.166666666667,791.166666666667,86.8333333333333,228.024117151896,428.009802500407,421.101119995117,82.8094240824382,230.034955342611,430.671952565511,428.846557617188,82.0067927042643,245.105555852254,380,489.645324707031,86,248.894987106323,380,501.511138916016,84
"1020",2135,"GBIF",NA,NA,2007,6,11,0,"a",NA,6388971,38.9896,35.902,193.488330841064,371.087997436523,165.2,79.6767883300781,181.2205078125,443.705859375,249.5490234375,71.116015625,135.4,363.6,168.2,90.6,181.8,402.8,192.6,80.4,226.335762023926,400,177.44826965332,82.6037734985352,227.24446105957,400.453544616699,182.907437133789,83.4155395507812,237.655784606934,370,192.842233276367,83.995182800293,242.651382446289,370,193.734350585938,82.8266143798828
"1021",2136,"GBIF",NA,NA,2018,5,26,0,"w",NA,5653008,22.1922,41.8244,124.911998748779,353.97599029541,459.6,18.8783710479736,121.138671875,430.746484375,547.996484375,39.748828125,62.6,318,501.8,24.6,122.8,358.4,514.6,23.4,164.806665420532,362.431060791016,549.364178466797,25.4027122497559,167.145874023438,378.32551574707,539.793078613281,26.599280166626,177.89183807373,364.846694946289,554.740197753906,22.8517543792725,184.643882751465,365.825866699219,536.353375244141,20.7478179931641
"1022",2137,"GBIF",NA,NA,2019,5,17,0,"w",NA,5694447,22.143686,41.470249,139.301330566406,360.095993041992,435.8,19.3658466339111,130.12734375,427.266015625,550.615625,40.68828125,72,314.2,493.8,27.6,130.8,361.2,504.4,23,175.399143218994,371.104339599609,503.940338134766,25.6106201171875,176.705673217773,387.61531829834,496.566552734375,26.5324909210205,187.384960174561,376.32559967041,512.006121826172,21.9724914550781,194.138965606689,376.739669799805,494.032183837891,20.9099308013916
"1023",2139,"GBIF",NA,NA,2017,5,22,0,"w",NA,5694446,22.095601,41.491394,140.029331207275,362.479988098145,437.2,19.3974750518799,130.9349609375,428.4546875,550.228125,40.766015625,72.8,315.8,496.4,27.4,131.6,362.4,506.2,22.8,177.917640686035,376.735877990723,476.1296875,26.1972438812256,178.921901702881,389.722137451172,469.291857910156,27.0646625518799,189.600776672363,379.544303894043,482.662542724609,22.0548973083496,196.860610961914,379.618385314941,465.821820068359,21.1573497772217
"1024",2140,"GBIF",NA,NA,2017,5,22,0,"w",NA,5694444,22.02989,41.466647,133.80933380127,355.231994628906,438.4,19.5047924041748,125.8271484375,426.1328125,562.100390625,39.8900390625,67.4,313.8,507.4,27.2,126.2,361.6,519.8,23,170.424388885498,370.407325744629,483.246539306641,25.1908985137939,173.16374206543,386.007164001465,477.429284667969,26.0581512451172,184.706031799316,375.357437133789,489.178576660156,20.2949172973633,189.3244972229,375.218635559082,472.231011962891,19.8703132629395
"1025",2146,"GBIF",NA,NA,2016,5,15,0,"w",NA,5694443,21.9803,41.4831,136.036250591278,356.319999694824,438.75,19.7802710533142,128.498291015625,427.305419921875,560.42626953125,40.26025390625,70.25,316,509,27.75,129.25,363.25,520,23,175.819697380066,375.812864303589,452.680313110352,25.899317741394,177.83552646637,389.320869445801,447.485725402832,26.5774073600769,188.530321121216,379.234933853149,457.071250915527,20.3014869689941,194.340329170227,378.95076751709,441.297988891602,20.0745124816895
"1026",2147,"GBIF",NA,NA,2018,6,29,0,"w",NA,5678902,21.9489,41.5873,136.211334228516,361.712005615234,442,19.3019702911377,128.71171875,429.0615234375,557.104296875,40.16640625,70.4,318.8,510.4,27,130,364.2,520.8,22.8,176.128067016602,378.456970214844,445.717730712891,27.5124397277832,177.403171539307,389.927734375,440.346960449219,28.1820709228516,188.465167999268,379.83854675293,447.955261230469,21.1013675689697,195.666736602783,379.87890625,432.842163085938,21.0471168518066
"1027",2148,"GBIF",NA,NA,2017,6,18,0,"w",NA,5689262,21.946287,41.523203,136.384000778198,357.824005126953,440.4,19.8279178619385,128.8830078125,427.726171875,560.7419921875,40.444921875,70.6,317.2,512.8,27.8,130.2,363.8,522,23,176.339897155762,377.59455871582,455.595324707031,26.3387706756592,177.640151977539,389.370086669922,450.594616699219,27.0520076751709,188.672176361084,379.139106750488,458.710931396484,20.1194652557373,195.641468048096,379.395858764648,442.983111572266,20.1482879638672
"1028",2149,"GBIF",NA,NA,2014,6,26,0,"w",NA,5699620,21.8693,41.4354,122.198335647583,337.944007873535,454.8,19.9109912872314,116.595703125,420.846484375,593.265234375,38.8859375,58.2,312,541.4,27.4,117.2,359.6,552.6,23,158.200428009033,361.965293884277,504.435278320312,24.883451461792,159.61017036438,377.194435119629,500.615460205078,25.7109413146973,171.947154998779,366.436111450195,508.454632568359,18.5222354888916,178.080509185791,366.78311920166,490.576428222656,18.9307319641113
"1029",2150,"GBIF",NA,NA,2018,6,29,0,"w",NA,5652999,21.802,41.8013,121.332332611084,350.26399230957,457.2,19.0783340454102,117.2140625,427.71640625,570.13828125,38.701953125,58.4,318.6,535.8,25,118.4,363.2,544,22,161.941213607788,365.757102966309,498.282470703125,27.1802837371826,163.668399810791,380.052871704102,493.185198974609,27.9475208282471,175.608257293701,367.789306640625,495.941870117187,19.0931465148926,182.320636749268,369.659774780273,480.667309570313,20.2073436737061
"1030",2151,"GBIF",NA,NA,2017,6,29,0,"w",NA,5668538,21.784601,41.696884,128.364000320435,355.840003967285,450.8,19.3916343688965,123.04609375,428.7974609375,572.242578125,38.9576171875,64.4,320,534.6,26,124.4,365.4,540.2,22,167.820259094238,369.516036987305,495.893231201172,26.0006401062012,169.668445587158,381.763389587402,491.549633789063,26.8671360015869,181.319114685059,371.89998626709,493.847106933594,17.4565280914307,187.822864532471,372.689308166504,478.254071044922,18.7577110290527
"1031",2152,"GBIF",NA,NA,2005,6,25,0,"w",NA,5642636,21.6863,41.8971,117.77166557312,342.911987304688,471.4,18.6601516723633,117.384765625,428.1482421875,576.8181640625,38.0298828125,58.6,321.2,548.4,25,119.2,364.6,553,21,162.636238098145,363.15608215332,473.317126464844,27.7387294769287,164.133653640747,379.069091796875,469.237493896484,28.2988136291504,178.12377166748,364.573532104492,470.293072509766,19.9865135192871,184.16869354248,367.369369506836,455.80380859375,21.3976188659668
"1032",2153,"GBIF",NA,NA,2013,5,23,0,"w",NA,5321314,14.94072,44.486709,141.940299987793,267.110107421875,982,32.3438087463379,130.523066711426,367.516394042969,1158.48115234375,31.823677444458,58.6,314.2,1235.2,13.8,134.2,301.2,1148.2,31.4,176.267478942871,277.304710388184,1436.11977539062,43.9457748413086,176.372173309326,281.436466217041,1460.58190917969,40.912523651123,191.947891235352,287.84688949585,1537.83615722656,39.5601127624512,198.661529541016,301.723037719727,1493.40473632812,43.7427062988281
"1033",2154,"GBIF",NA,NA,2013,6,19,0,"w",NA,5316134,14.927224,44.516426,144.176063537598,266.758918762207,972.8,32.4177207946777,132.392617797852,367.54580078125,1152.74235839844,31.9161056518555,60.6,313.6,1224.6,14.2,136.4,301.2,1140.2,31.4,177.919692993164,274.777252197266,1425.55769042969,43.8832740783691,177.98363494873,279.617046356201,1449.94470214844,40.8688117980957,193.843856811523,285.655757904053,1527.04831542969,39.5664932250977,199.533798217773,299.917678833008,1482.58200683594,43.685164642334
"1034",2155,"GBIF",NA,NA,2017,6,19,0,"w",NA,6393264,2.00455,35.8587,135.295417308807,301.669998168945,624.5,54.0112171173096,124.69677734375,356.1787109375,684.626220703125,52.0771484375,82.25,234.5,919.5,71.5,126.75,324.75,737.75,47.75,161.345400810242,350,552.028518676758,43.5531492233276,163.256545066833,350,529.917587280273,39.2253465652466,172.918009757996,343.297834396362,553.370147705078,44.7383890151978,176.307139396667,351.451969146729,547.168182373047,43.8065671920776
"1035",2156,"GBIF",NA,NA,2017,6,10,0,"w",NA,6393262,1.95076,35.8638,133.865830898285,304.359998703003,630.25,54.4011201858521,123.947509765625,356.8701171875,687.76904296875,51.6044921875,80.25,235,932.75,70.75,124.25,324.75,750.25,47,160.346622467041,350,567.491546630859,45.1919364929199,161.742639541626,350,544.574981689453,40.9508514404297,171.436486244202,343.904418945312,568.448379516602,46.4181251525879,175.593557357788,350.607423782349,563.452651977539,45.7484102249146
"1036",2157,"GBIF",NA,NA,2019,6,24,0,"w",NA,6610678,-4.057814,34.107148,124.927333831787,296.343997955322,422.4,47.1019332885742,119.94921875,377.0060546875,547.66328125,44.466015625,80.4,274.2,624.6,68.8,118.8,348.8,555.4,43.2,157.892652511597,319.227474212646,672.306884765625,71.2026260375977,161.53067779541,322.296043395996,669.022875976563,71.9571838378906,166.871547698975,310.23282623291,707.766735839844,72.4243728637695,170.573135375977,320,642.914379882812,71.7524078369141
"1037",2158,"GBIF",NA,NA,2017,5,24,0,"w",NA,6615857,-4.12076,34.0791,126.49875164032,288.270001411438,423,48.414927482605,123.21435546875,378.379638671875,549.39501953125,44.966064453125,84,274.5,631.75,69.75,122.75,350,557,44.25,160.399334430695,316.967234611511,795.351760864258,72.1180629730225,164.267611503601,320.086431503296,792.362838745117,72.8778762817383,169.217848777771,310,837.188201904297,73.0294284820557,173.627982139587,319.985842704773,756.511337280273,72.3157405853271
"1038",2160,"GBIF",NA,NA,2008,5,22,0,"w",NA,6693536,-4.98711,33.4486,109.863998413086,314.399997711182,330.2,39.2690277099609,98.8044921875,410.3435546875,792.81953125,44.7869140625,56.8,299.4,1152.2,69.6,97.4,377,889.4,43.2,140.11555480957,311.569240570068,586.694738769531,52.3804244995117,144.608535766602,321.50048828125,578.071704101563,53.3827812194824,153.26686668396,310.726928710938,640.650610351562,56.2209991455078,156.601245880127,322.371063232422,582.345629882813,54.0323921203613
"1039",2161,"GBIF",NA,NA,2007,6,20,0,"w",NA,6621016,-4.98977,34.025,179.597501754761,289.489998817444,533.5,66.2465496063232,173.28662109375,374.83544921875,632.689697265625,57.8173828125,134.25,281,905.25,81.25,171.25,352.25,646.25,59.75,210.658931732178,309.011735916138,482.854736328125,67.8398323059082,212.321419715881,319.138851165771,483.713684082031,69.7861843109131,220.125060081482,300.156269073486,511.936332702637,68.502326965332,221.829209327698,310.052089691162,451.897064208984,66.3282413482666
"1040",2162,"GBIF",NA,NA,2019,6,19,0,"w",NA,6677996,-4.997856,33.542942,109.736251831055,306.630010604858,337,41.2672090530396,99.398681640625,408.196533203125,815.284423828125,45.875244140625,57.75,299.5,1193.25,70.75,98.25,377,908.75,44.25,140.313904285431,306.852502822876,676.046539306641,54.4986591339111,144.958252906799,319.757342338562,667.244857788086,55.7596807479858,152.91451215744,307.092409133911,739.772689819336,58.1783008575439,157.318890094757,320,670.376739501953,56.0387315750122
"1041",2163,"GBIF",NA,NA,2013,5,22,0,"w",NA,6677993,-5.086842,33.568146,118.602502346039,308.259997367859,356.25,44.2836856842041,108.254150390625,404.483154296875,869.142333984375,49.280029296875,66.75,299.25,1318.25,73.5,106.25,375,972.5,47.5,149.916100502014,300.316071510315,813.365386962891,58.3947982788086,154.128012657166,313.777947425842,805.220596313477,59.7480230331421,162.210867404938,300.377917289734,893.279312133789,61.6567478179932,167.697486877441,320,807.646331787109,59.6600494384766
"1042",2164,"GBIF",NA,NA,2014,6,9,0,"w",NA,6683173,-5.10827,33.528444,114.538333415985,306.659998893738,358.5,44.0121059417725,103.871337890625,408.550537109375,925.377197265625,50.08642578125,62.25,302.5,1430,74.25,101.75,378.75,1045.5,48,147.78835773468,305.943126678467,830.337066650391,58.3271646499634,150.955040454865,318.698220252991,821.847396850586,59.5530958175659,159.697382450104,305.813570022583,912.860305786133,61.5833034515381,165.040335655212,320,826.780471801758,59.6921730041504
"1043",2167,"GBIF",NA,NA,2016,5,16,0,"w",NA,6688352,-5.16009,33.4915,120.260832309723,304.980001449585,373.75,45.8005266189575,110.575927734375,406.70361328125,950.25390625,51.674072265625,69.25,300,1492.25,75.25,108.75,375.5,1074.5,49.5,154.18473482132,309.734315872192,861.129547119141,60.4384613037109,158.016903400421,319.880990982056,853.331817626953,61.4701814651489,166.994123458862,308.936772346497,948.694641113281,63.3257207870483,171.710467338562,320.171394348145,859.678695678711,61.6615428924561
"1044",2168,"GBIF",NA,NA,2018,5,29,0,"w",NA,6677992,-5.163803,33.553349,119.027917385101,304.069995880127,377,45.9076070785522,110.08984375,405.3544921875,949.057373046875,51.86376953125,68.5,300.75,1495,75.5,107.75,376,1076.5,49.5,153.254106044769,306.605529785156,889.736907958984,59.8850259780884,156.623547077179,317.501039505005,881.894088745117,61.1022443771362,165.626473426819,304.721264839172,979.87760925293,62.8630867004395,170.633330345154,320,887.183837890625,61.0568189620972
"1045",2170,"GBIF",NA,NA,2016,5,15,0,"w",NA,6698711,-5.17765,33.4021,112.28133392334,308.887996673584,376,43.7635032653809,103.2025390625,410.6876953125,929.7759765625,50.0748046875,60,303,1464.2,74.4,100.6,379.4,1063.2,47.8,144.239025115967,312.822456359863,796.220092773438,58.9541831970215,149.405397415161,322.231719970703,788.602062988281,59.8675323486328,158.053844451904,310.096351623535,875.19580078125,62.0021141052246,162.244981765747,327.950035095215,795.189465332031,60.2888717651367
"1046",2171,"GBIF",NA,NA,2015,6,7,0,"w",NA,6693530,-5.216897,33.437163,127.139167785645,307.089996337891,387.5,47.2962083816528,122.373291015625,402.507080078125,895.72314453125,51.823974609375,80.5,296.5,1423.75,75.5,120.5,371.25,1015,50,162.264943122864,311.73189163208,817.800323486328,60.9493026733398,166.683778762817,320.849590301514,810.851776123047,61.8972225189209,175.363941192627,310.120439529419,900.910751342773,63.8099603652954,180.054388046265,326.883363723755,817.85334777832,62.1107625961304
"1047",2173,"GBIF",NA,NA,2017,5,16,0,"w",NA,6698710,-5.222054,33.379442,113.604667663574,313.215995788574,389.8,44.7850608825684,104.9458984375,410.2126953125,921.492578125,50.191796875,63,303.4,1455,74.6,102.8,378.6,1054.8,48,144.993961334229,317.568641662598,816.248950195313,59.7953330993652,150.951223373413,326.624656677246,809.014318847656,60.5662063598633,158.644865036011,313.956695556641,897.113415527344,62.716584777832,163.154628753662,330,815.579406738281,61.0522354125977
"1048",2175,"Armenia",NA,"Armenia",2009,NA,NA,1,"e",NA,5917754,45.75,39.69,40.3833329677582,376.620006561279,520.75,37.7244920730591,35.55810546875,456.947021484375,603.330322265625,46.88232421875,2,363,266.5,54.5,41.25,377,553.5,45.5,61.5369617938995,392.577524185181,710.761459350586,35.5386018753052,61.6401493549347,377.605857849121,751.332214355469,39.2761240005493,80.7807731628418,326.590375900269,737.677536010742,33.9785041809082,87.2792899608612,342.877645492554,736.694366455078,33.261004447937
"1049",2182,"RU-BIRDS.RU","Possible breeding",NA,2018,5,26,1,"e",NA,5332240,38.527546,44.375125,126.987268129985,270.377979278564,1012,30.794945081075,123.538021087646,358.238316853841,972.941274007161,31.7262366612752,65.6666666666667,312.666666666667,836.333333333333,29.6666666666667,123.5,301.833333333333,989.666666666667,26.5,152.049204508464,275.144370396932,1013.46734619141,32.1957559585571,152.991801897685,279.918336868286,1053.93566894531,34.5148461659749,167.601346969604,270.954052607218,1001.54720052083,37.11776415507,176.574710210164,279.956754048665,1005.77156575521,33.1338971455892
"1050",2249,"RU-BIRDS.RU",NA,"Crimea",2019,6,13,0,"e",NA,5254485,36.22851968,45.03956695,NA,NA,NA,NA,114.579732259115,410.350128173828,443.395650227865,36.8972187042236,45.1666666666667,367.5,384.833333333333,24.8333333333333,NA,NA,NA,NA,150,254.686342875163,423.599380493164,20.7688649495443,150,262.580099105835,428.761652628581,20.2603712081909,160,261.14691734314,428.847157796224,22.8367382685343,169.863936106364,261.48935953776,425.212946573893,21.5367244084676
