,prog,locality,source,cluster,dup,X1,Y1,bio1_current,bio7_current,bio12_current,bio15_current,bio1_LIG,bio7_LIG,bio12_LIG,bio15_LIG,bio1_LGM,bio7_LGM,bio12_LGM,bio15_LGM,bio1_MH,bio7_MH,bio12_MH,bio15_MH,bio1_gfdlesm4_370,bio7_gfdlesm4_370,bio12_gfdlesm4_370,bio15_gfdlesm4_370,bio1_gfdlesm4_585,bio7_gfdlesm4_585,bio12_gfdlesm4_585,bio15_gfdlesm4_585,bio1_ukesm1_370,bio7_ukesm1_370,bio12_ukesm1_370,bio15_ukesm1_370,bio1_ukesm1_585,bio7_ukesm1_585,bio12_ukesm1_585,bio15_ukesm1_585
0,112,Namibia,GBIF,e,13070828,24.707917,-17.874583,239.3308306,271.9599962,589.75,114.4252377,214.333252,255.4562988,513.9609375,119.4128418,185.25,262,641.5,102.5,216.75,298.75,574.5,104,260,229.7306061,508.8015137,118.3020191,260,240,508.6235733,119.9107723,269.612813,250,548.2164459,119,279.2991924,240,518.7645111,115.9917316
1,113,Zimbabwe,GBIF,e,13070976,30.874583,-17.874583,186.2720776,231.4599991,787,106.8419571,170.0195313,201.6166992,885.7770996,110.654541,141.75,227.25,849.75,94.25,178,241.75,642.25,91.5,220,182.2866106,704.7543488,110.1393776,215.1510715,200,765.0486145,113.8427753,220,230,711.3884888,115.5803013,230,220,663.9056091,111.3475723
2,114,Botswana,GBIF,e,13060478,25.124583,-17.79125,243.4154177,249.659996,595.5,115.6459179,220.440918,245.0810547,553.4440918,116.6816406,192,251,670.25,103.75,223.25,289.5,599,105.75,260,220,537.0789337,116,259.2294931,240,547.9169159,118.3608189,268.2905245,250,577.584137,117.615263,270,240,545.7345428,113.1882572
3,116,Namibia,GBIF,e,13236380,16.04125,-19.207917,230.6937504,291.0299969,368,117.1230812,214.0422363,252.0930176,364.7548828,98.92749023,177.5,275.25,448.5,104.25,215,296.5,420,104.25,260,240,353.4704132,122.8765774,260,240,315.4147568,116.0037422,270,240,344.615036,111.0919228,280,239.2604494,329.9906464,108.0007477
4,117,Namibia,GBIF,e,13226012,15.707917,-19.124583,230.2537489,289.5300007,348.5,118.1337185,212.6398926,248.3334961,345.0290527,102.0871582,176.5,265.5,417.25,107.5,213.75,291.25,396.75,105,260,240,339.9232712,124.7836742,260,240,303.4657669,118.0655346,270,239.834671,335.2683029,113.3180695,274.6619654,230,314.5794754,109.7946873
5,118,Namibia,GBIF,e,13215666,16.29125,-19.04125,225.6075001,282.3699856,401.5,114.9777336,215.6660156,249.6040039,388.1630859,98.40698242,179.5,268.5,476.5,104.5,217.25,294.75,444.25,104,260,240,373.1327133,122,260,240,333.7322845,115.2086868,270,240,367.3250504,111,280,240,356.8864594,108
6,119,Botswana,GBIF,e,13174414,24.124583,-18.707917,239.6016645,284.3400049,501.75,111.7095051,214.0214844,254.385498,379.762207,135.7775879,182,264.25,529.25,100,217,295.25,464.25,100.75,260,242.1622324,474.0976334,113.8472519,260,258.9531183,458.2832947,114,270,255.2100897,506.9259491,115,280,250,478.688385,111.0432167
7,120,Namibia,GBIF,e,13060476,25.04125,-17.79125,242.7024984,259.3499947,606,115.8468266,219.7978516,247.8742676,544.3798828,117.204834,191.5,254.75,664.5,103.25,222.5,291.5,593,105,260,220,532.3189697,116.3069973,260,239.8639345,540.7813416,118.8177414,270,250,572.5559235,117.9793625,270,240,540.5820465,113.8706207
8,122,Mozambique,GBIF,e,13288638,35.124583,-19.624583,248.0479193,164.2700052,1389.5,75.07305336,237.0993652,163.6979218,1388.901917,85.81473541,221,218.25,1181.75,87.25,242,165.5,1254.75,72,266.4786386,108.0835509,1337.038818,74.89774513,260,109.8457646,1505.277496,78.58680916,270.1712227,121.9541216,1485.390839,78.69373894,280,120.9459949,1408.799316,79
9,123,Botswana,GBIF,e,13060474,24.957917,-17.79125,240.9108305,261.8700171,611,115.8400383,218.168457,249.9812012,539.0512695,117.6811523,189.5,256.5,660.75,103.5,220.5,293.75,591.5,105,260,220,530.9358215,117.017086,260,239.2351961,537.175827,118.9975891,269.7290087,250,570.9858246,118,270,240,539.2565613,114
10,124,Botswana,GBIF,e,13246896,22.54125,-19.29125,232.8591681,239.0699959,438.5,107.3364029,213.0913086,252.0024414,331.8640137,126.065918,181,264,506,94.5,218,291,429,95,260,260,452.6308289,115.9978523,260,270,434.4704819,113.9678116,270,270,492.5702133,118.6800175,280,260,462.8054962,110
11,126,Botswana,GBIF,e,13070832,24.874583,-17.874583,239.4491673,266.6400099,604.5,114.3186359,214.4501953,250.7441406,527.3920898,118.2211914,186,256.25,652.5,102.75,217,295,583,104.5,260,220,557.5423889,117.1599388,259.5617056,235.4841661,561.1529083,118.9918766,261.7823696,249.2366791,601.7678375,118.0066376,270.3743172,240,568.1435242,114.3336067
12,127,Botswana,GBIF,e,13246894,22.457917,-19.29125,233.2941675,252.6600122,440.75,107.4010601,213,252.4685059,329.7329102,124.2648926,181,265,504,94.5,218,291.75,427,95,260,260,448.3905334,115.6567287,260,270,430.4911194,113.2114143,270,269.765625,489.0622101,118.0256844,280,260.0444317,460.8386459,110
13,128,Mozambique,GBIF,e,13112520,35.207917,-18.207917,245.9541655,194.1499949,1027.75,88.72914696,233.809082,179.732666,1245.669434,99.5534668,217.75,193.5,975.25,99.75,240,210,1005.5,82,263.4569788,170,982.9187164,94.54945946,260.1892233,180,1111.05423,98.84663582,269.9117327,190,1033.35463,93.24645042,273.6892223,190,981.9046326,94.11642075
14,130,Botswana,GBIF,e,13329830,24.79125,-19.957917,241.4962482,281.4200068,402.75,108.638979,212.791748,249.1020508,330.3828125,140.8078613,180,259,431,95.25,214,288.5,381.5,94,260,259.9627209,418.2211456,110.011034,260,269.2593861,400.2354507,108,270,260,450.5369873,109.1765575,273.3919811,259.7017813,433.2663803,104.4571037
15,131,Botswana,GBIF,e,13070830,24.79125,-17.874583,239.7008371,269.2199993,601.25,114.4327965,214.4123535,253.3178711,520.0742188,118.8815918,185.75,258.25,644.75,103.5,216.75,297,577.5,104,260,222.1398783,527.6844635,117.9522781,260,239.7448063,529.2777786,119.2844982,266.1067486,249.8906326,569.2766571,118.5844803,275.01688,240,538.0389252,115.3015842
16,132,Botswana,GBIF,e,13609596,26.707917,-22.207917,186.0795879,270.1900005,445.75,92.03355026,179.9714355,255.0952148,383.6066895,127.3276367,147.75,254.75,492.75,81.5,180.25,274.5,434.25,82,229.9046326,230,450.715744,96,224.2664528,240,436.0122528,95,230,250,527.8875885,98.01539612,240,240.0211573,497.820816,95.17359734
17,133,Zimbabwe,GBIF,e,13184828,26.374583,-18.79125,215.1541662,279.5699978,599.5,113.046299,207.2687988,240.5827637,518.0546875,122.2348633,176.5,259,611.75,102.25,210,285.5,528.5,103,250,229.9358988,623.0625763,111.0687504,246.1061049,239.7581577,636.1613922,111.0656242,251.1295414,240,682.0114288,114.4532585,260,239.9358988,636.2761078,111.0030613
18,137,Zimbabwe,GBIF,e,13184840,26.874583,-18.79125,208.244586,279.0800047,613.75,111.9151535,198.2802734,246.6542969,562.2080078,120.6574707,168.25,269.5,632.75,102.5,201.25,293.5,551.25,102,240,220.0328779,647.1829224,111.1041412,240,230.098629,663.26297,110.6098213,250,233.8511419,703.7858887,114.9197636,250.5113888,230.0328779,654.5752869,112
19,139,Zimbabwe,GBIF,e,12801580,29.374583,-15.707917,249.8662472,249.1600037,755.5,123.5701923,236.9572754,209.4975586,762.1374512,124.5910645,208,252.25,721.25,116.25,243.25,263.75,575,115,288.9010286,170.0976563,780.8019257,121.1411095,279.4505167,206.3196945,843.2093048,125.7711639,288.6440372,232.2216606,856.9353638,130.27174,296.6199684,219.6754694,812.6010437,128.1999626
20,141,Mozambique,GBIF,e,13298994,34.957917,-19.707917,247.8879166,165.2099943,1425.25,76.43085098,236.7546387,165.1809082,1426.076416,85.71484375,220,217.75,1218,87.25,241,166.75,1290.25,72,270,122.662499,1327.610809,77.16340828,263.4381247,128.7041354,1492.520966,80.48092651,270,140.0550914,1473.944672,80.98966217,280,137.480855,1386.19693,80.24346352
21,142,Namibia,GBIF,e,13184602,16.957917,-18.79125,225.2837467,273.8100052,453.75,115.5613766,218.8144531,244.7060547,413.8395996,98.46533203,184.5,255.25,512,104.5,222,287,468.25,104.5,260,240,430.0737228,120.435997,264.2282009,240,390.5393372,114.5890408,270,240,428.4997101,113.6668682,280,240,418.6880798,110.9657555
22,143,Botswana,GBIF,e,13070834,24.957917,-17.874583,240.5924988,265.5600023,612.75,114.3344765,215.4694824,248.5085449,532.6931152,117.5029297,187,253.25,656.75,103.25,217.5,292.5,586.75,104.5,260,220,579.0361633,116.6610222,257.0288372,230.7249308,584.9359741,118.3458214,260.448761,246.6014051,625.0742035,118,270,239.6284342,589.5908813,113.9913559
23,144,Botswana,GBIF,e,13070836,25.04125,-17.874583,243.3054161,263.6200094,607,114.7152824,217.0834961,245.6704102,536.6027832,117.480957,189,250.75,657.25,103.75,219.5,290.5,587.5,104.75,260,220,577.2110138,116.0023594,256.7083645,231.3734102,585.351059,118,261.2008429,244.7474384,623.0554504,117.1874733,270,238.0512953,587.5517731,113.1784382
24,146,Zimbabwe,GBIF,e,13288506,29.624583,-19.624583,186.8758345,237.4500084,650.25,106.4270344,173.295166,207.2839355,638.2834473,111.6005859,144.5,221.75,632.25,93,178,244.75,561,93.5,211.7854977,190,733.0119476,104.8035755,210,210.0735617,755.6363983,104.7439613,216.4951563,226.0753155,699.3632813,106.8255024,224.8947382,213.131609,670.4470978,103.9587364
25,147,Botswana,GBIF,e,13091546,24.624583,-18.04125,236.1829185,268.4100008,580.25,113.3532295,212.0437012,255.8530273,486.9621582,121.7268066,183.25,261,618.75,102.25,214.25,298.75,551.75,103.75,260,223.5443401,506.8624496,117.8087463,260,240,504.9324875,118.7382088,267.2101498,242.1223402,549.712616,118.4054623,273.3757114,239.4150591,520.4200134,115.9551926
26,148,Zimbabwe,GBIF,e,13485412,32.374583,-21.207917,234.4112492,223.029995,534.5,93.62951851,225.3479004,215.3327637,506.046875,100.5366211,199,232.5,562.25,91.25,228,242.75,494.75,82.25,267.9185009,190,554.2807922,88,264.608283,193.0228996,580.4403534,88.75627136,272.0958471,200,645.6532898,100.4309483,278.0675888,200,579.5616302,97.01298904
27,149,Namibia,GBIF,e,13402168,17.207917,-20.54125,197.6875019,265.3600025,420.25,109.5715218,186.6865234,242.4904785,335.2648926,100.9345703,153.25,251.25,445,107.75,184.5,298.25,393.75,99.25,233.3916998,253.1752729,415.8113708,116.9827747,234.9991131,259.9876404,384.8699036,110.9982262,245.2808523,250.705061,407.4788971,107.0101891,245.6727409,254.607296,389.9279785,103.9618778
28,150,Namibia,GBIF,e,13060472,24.874583,-17.79125,238.9112473,264.6000004,610.25,115.5003128,216.8354492,252.255127,534.3215332,117.9462891,188.25,260.25,657.75,103,219.5,295.25,589,105,260,221.07306,522.9492035,117.8292427,260,239.9648428,527.0103455,119.4318657,269.9648428,250.0644159,562.2277832,118.4044075,270.2675724,240,531.244278,114.7437248
29,153,Botswana,GBIF,e,13982522,25.29125,-25.207917,192.8020859,278.7499952,447.75,80.91872978,179.7036133,292.4389648,379.2294922,109.9060059,147.5,272.75,548.5,70.75,174.5,292.5,499.25,68,219.9270868,259.9135685,444.0062561,84.94150543,219.9270868,261.9783163,443.3552399,87,229.8177195,260.9542608,493.233429,88,230,260.0359726,491.6298752,86
30,155,Zimbabwe,GBIF,e,13257456,30.874583,-19.374583,171.8733311,225.0499964,730,104.8619404,161.1867676,192.1928711,742.7504883,105.1489258,139,186.75,712,91.75,166.25,223.75,622.25,91.5,200,189.9625731,816.8318481,103.9996414,199.1473246,207.7799511,871.3984528,105.7852554,200,230,791.3718109,107.7588558,210,220,771.6926575,106.410902
31,158,Zimbabwe,GBIF,e,13070856,25.874583,-17.874583,227.1404219,274.4800091,646.25,118.6124611,217.1418457,248.8254395,622.9943848,117.4228516,190.5,258.75,727.25,107.75,220.75,293.75,635.25,109,258.8227034,220,589.1534576,116,252.6708269,240,612.2523651,118,260.101881,250,634.0184784,118.0007477,270,240,599.4803772,115.0220852
32,159,Namibia,GBIF,e,13495372,15.707917,-21.29125,210.0150013,251.6199923,266.75,117.1289425,187.2995605,225.1218262,218.9946289,111.5808105,151,249,334,112.25,185.5,264.5,307.25,105.25,249.2955208,228.0605602,298.6018219,130,250,230.0631571,274.7131729,124,259.9923468,225.5374432,273.1902237,116.4775219,260,230.0175762,257.0715065,114.0275803
33,160,Zimbabwe,GBIF,e,13329920,28.54125,-19.957917,195.0533342,242.1299982,566.25,105.5001068,185.4272461,213.2612305,531.010498,110.3081055,156,215.75,553.5,88.75,189,248.75,508.75,91,230.7675982,209.961729,516.013443,104.2515736,227.470727,229.4979763,523.5067902,102.287384,234.4399643,239.0708828,521.8809357,106.644083,241.4012194,229.3705225,495.9577713,103.9912109
34,164,Namibia,GBIF,e,13288226,17.957917,-19.624583,205.8475018,263.2600021,540.25,109.3493423,194.2260742,218.1972656,496.5273438,97.35766602,162,224,630,100.75,197.25,266,554.25,97,230.7848454,235.3926563,520.8484802,112.7625523,235.7240534,240,488.9770584,108.6972218,246.550703,240.1712227,517.6518555,104.0074558,249.8896599,238.3534384,516.2763596,101.9729004
35,166,Namibia,GBIF,e,13205316,16.707917,-18.957917,225.4233313,279.2599916,444,113.6998978,217.1955566,246.2583008,410.4599609,97.78222656,182.25,258.75,506.5,103.25,219.25,291.25,466.25,103.5,260,240,411.8975525,120,261.686697,240,370.113884,114.0329781,271.2960625,240,408.8395996,112.4682312,280,240,399.1163864,110.0198784
36,170,Botswana,GBIF,e,13164054,24.124583,-18.624583,238.9170837,286.2899971,510,112.2543411,213.7961426,254.9511719,389.8537598,133.1254883,182,265.75,537,100.5,216.5,296.75,472.25,101,260,240,481.1991196,114,260,250,466.2541656,114,270,250,515.5218811,115,280,247.1666241,486.9782562,111.430645
37,172,Botswana,GBIF,e,13081188,24.707917,-17.957917,237.5099993,270.809989,603.25,113.7833309,212.0375977,254.1196289,506.2441406,119.6010742,183,259.5,636.25,102.25,214,298,570,103.25,260,223.2515907,529.6318359,118.0007153,260,240,529.2167511,119.1238766,262.9027891,248.4345722,573.0194092,118.9743633,272.2218132,240,541.889389,115.9647083
38,173,Botswana,GBIF,e,13609650,28.957917,-22.207917,222.824173,272.1000099,332.5,87.13721657,213.3383789,265.8425293,280.5285645,118.8193359,186,272,344.75,82.25,216,284.75,299.75,81,267.6845598,220,289.4067383,94.54487801,260,220.378561,297.1416779,94.49790192,270,240,336.0138474,104.1576538,279.9565411,236.2203312,316.2581406,102.3855171
39,175,Zimbabwe,GBIF,e,13070968,30.54125,-17.874583,184.3862534,229.9499989,769.25,109.5980835,173.4719238,209.1887207,885.5219727,110.7739258,144,237.5,867,95.75,181.75,251.5,654.5,93.75,226.0972404,189.0017557,759.5336456,109.2057514,220,204.2898273,816.7357178,113.0306129,221.0708189,231.1015368,764.2439728,115,232.0477295,220,714.9378815,111
40,177,Zimbabwe,GBIF,e,13070982,31.124583,-17.874583,183.4808302,217.699995,846.5,106.8526649,167.9494629,190.4968262,941.6472168,110.362793,140.25,215.5,900,94.5,176,227.75,677.75,90.25,208.5965824,183.9523458,796.2623138,108.5966492,203.9928579,200,871.3879242,112.0085278,208.8890743,230,803.7448883,113.1766396,218.8890743,220,754.1300201,109.9230824
41,178,Botswana,GBIF,e,13164052,24.04125,-18.624583,236.8787479,287.5200033,509,112.0778446,213.3439941,254.8044434,391.5024414,132.5439453,181.25,266,538.5,100.5,216.25,296.75,474.25,101,260,240,490.5280075,114,260,250,474.4692383,114,270,249.8222637,524.6091919,115,280,246.8756199,495.3026886,110.9617691
42,180,Botswana,GBIF,e,13174412,24.04125,-18.707917,237.3391676,287.6100016,503.25,111.5585423,213.8122559,254.0827637,381.6091309,134.9848633,181.75,265.25,532.75,100,216.5,295.5,466,100.25,260,241.373024,483.3604431,113.9399281,260,257.4842548,466.3869858,114,270,251.6346025,515.9250641,115,280,250,486.9906006,110.5922127
43,186,Namibia,GBIF,e,13650804,17.04125,-22.54125,196.8124962,260.3599977,341.5,112.8773098,184.7824707,243.6455078,259.5024414,106.8972168,154.25,254.75,405.25,105.5,185,293.25,354,95.75,219.45961,256.5536022,326.3413773,126.215519,219.9874449,260,297.1904831,118.5135727,229.7662544,249.8626328,312.4281235,112.6184177,230.2124882,250,295.1622696,107.392662
44,188,Zimbabwe,GBIF,e,13091708,31.374583,-18.04125,175.7054186,221.4299917,880.5,104.5251904,163.0864258,190.1079102,982.7929688,108.7150879,135.25,218,934.25,94.5,171.25,230.25,714.5,90.5,201.2123013,180.030756,838.4164124,109,200,200,908.5077972,111,201.676507,230,848.7033844,113.0256996,211.5557337,219.4682646,805.9739838,110.4507637
45,189,Namibia,GBIF,e,13744010,15.624583,-23.29125,203.1566668,215.4300022,108.25,114.3277225,187.7172852,227.4724121,39.48071289,209.3735352,152.25,233.75,158.25,124,187,242.5,129,114,240.2212,228.0184793,89.34064865,124.5104446,242.2119951,227.9340076,84.93038559,120.5273495,250,228.9564371,82.39188957,118.1770477,250.2212,239.5594406,80.837183,115.6985779
46,190,Namibia,GBIF,e,13194962,16.957917,-18.874583,224.1216707,272.5099993,457.5,114.6954994,217.6647949,244.2612305,420.0217285,98.26635742,183.25,255,519.25,104.5,220.5,287.75,475.25,103.25,260,240,440.5103378,120,260,240,399.6146774,114.058445,270,240,437.8006897,113.3608608,280,240,428.3216782,110.7489338
47,191,Namibia,GBIF,e,13785456,15.874583,-23.624583,196.8187523,221.6700029,119.25,115.9749279,182.2817383,229.9350586,44.0300293,216.7692871,146.75,240.25,169.5,124,182.5,248.5,139,111,240.5911732,230,137.0077744,130.9102249,247.5949001,226.7485666,129.5651569,124.8214607,250.4370356,231.6032314,125.6217422,121.7443199,252.5236797,240.170579,124.7269764,119.3342724
48,192,Free State,GBIF,e,14438378,25.957917,-28.874583,166.2470818,327.9699993,490.5,66.8656311,159.7712402,323.4768066,341.4697266,88.8371582,126,318,514.25,59.5,159.25,320.75,463,59,200,300,542.0415192,71.956007,200,302.7249241,536.0777588,73.04264069,210.1814747,300,531.6844788,70.6797142,220,300,538.7169189,68.65584183
49,193,Northern Cape,GBIF,e,14427986,24.624583,-28.79125,183.0162477,320.7199955,435.5,72.1315155,169.9445801,319.5935059,301.9553223,87.24731445,136.5,307.5,473.25,62.75,168,317.5,421,59,210,299.701786,432.7630615,69.09351158,210,302.589922,420.2544556,68.53032684,220,310,422.4761963,68.98131752,230,309.701786,429.9450302,69.48006439
50,194,Mpumalanga,GBIF,e,13879078,31.79125,-24.374583,222.5466681,228.4799957,542.5,78.80215073,216.6242676,237.0698242,443.0039063,83.1003418,187.75,248.25,590.25,68.75,214.5,256.25,534.25,65.25,250.6627798,180.0852823,492.4265976,82,250,188.1837893,523.3186188,84.18671036,260,200,610.7814331,95.02329636,270,190,554.2835999,92.14635849
51,195,Free State,GBIF,e,14417648,25.54125,-28.707917,172.7466679,336.1099911,458.5,68.59053612,162.2150879,323.088623,298.8737793,99.57836914,129.25,315.5,469,62.25,161.25,321.25,424.25,59.5,209.993,296.5159416,511.9300385,71.87827492,210,300,504.8785553,73.43205261,220,301.4807653,498.0929642,70.84155464,220,300.5419874,506.7805862,69.78384018
52,196,Western Cape,GBIF,e,15090936,20.874583,-34.124583,179.5004177,235.2699947,404.75,19.22776508,163.6726074,221.8615723,464.0991211,24.55615234,138,295,523.75,21.5,167,241.75,513.75,23,180.3800964,182.4488688,478.710434,18.6701684,181.8083429,186.912446,467.0382843,18.37815714,190,197.3222637,478.5917587,26.54709864,190.5138969,198.6383629,467.0306549,28.20126438
53,197,Free State,GBIF,e,14469464,26.207917,-29.124583,158.1883335,321.0899925,537.75,66.28461838,151.1889648,305.9125977,413.3688965,76.07495117,117.5,301,591.75,56.25,150.75,308,531.5,56,190,307.7566242,625.8444061,70.15044022,190,310,618.5713348,72,200.2350855,300,612.5337982,69,208.4869719,300,622.379425,66.51266479
54,198,Eastern Cape,GBIF,e,14977086,25.457917,-33.207917,171.5841627,242.8700018,393.5,29.73586559,164.2749023,255.9724121,312.0739746,41.84228516,133,289.5,419.5,28,164.25,264.75,392,26.75,189.5134878,220.6822491,483.583107,33.17876911,189.0335083,231.1688757,485.9454956,30.47893286,199.6591616,250,450.8661423,31.92712784,204.3211222,240,471.2984161,34.86256123
55,199,Free State,GBIF,e,14262340,29.374583,-27.457917,140.2166677,267.1100044,679,75.26429367,130.3293457,274.7780762,584.1474609,70.19726563,99.75,265.75,729,59.5,130,271.5,689.5,65,165.7144475,230,601.0035248,75,165.7144475,240.9579849,615.9351349,77.75377846,177.3470402,250,602.2793884,76.97179604,183.1677818,249.7787905,622.5077057,78.87836647
56,200,Free State,GBIF,e,14407288,25.54125,-28.624583,171.6691589,332.3600006,465.75,69.06318092,159.982666,323.4685059,309.8723145,96.92797852,126.75,315.75,477.75,63,158.5,321.5,433.5,60,205.7481098,290,534.3955688,72.62407494,207.8414202,296.4898539,526.6050339,74.30980301,217.2819948,300,520.8426819,71.94129372,220,300,529.5857544,70.81712723
57,201,Free State,GBIF,e,14417650,25.624583,-28.707917,172.1033287,335.3999996,459.25,68.78800774,161.7819824,325.3024902,301.3557129,97.88061523,128.25,317,470.25,62.75,160.5,322.25,426.75,59.5,209.2557144,297.6126051,525.552948,71.89430618,210,300,518.8201294,73.62757683,220,300.4256201,513.3465652,71.00032806,220,300,521.9962311,69.90818787
58,203,Western Cape,GBIF,e,15122016,20.874583,-34.374583,176.5744448,198.7305546,424.75,23.23810959,165.8543129,196.1154938,507.9179306,23.26999187,140.75,278.5,561.25,22,169,214.75,557.5,25.25,186.3500404,118.2722974,512.6142578,16.64596653,187.592411,120.4520035,497.1013489,18.01069403,190,127.9319715,517.9806671,26.2194171,193.9646435,127.8987813,503.0095978,28.09744263
59,204,KwaZulu-Natal,GBIF,e,14324534,30.79125,-27.957917,172.6641703,229.2600012,827.75,70.73094177,171.7797852,228.1931152,709.6899414,62.77172852,143.25,215.25,836.25,61.75,171.25,227.25,812.75,65,197.4539614,210,793.9213409,70.74079132,196.2861633,212.0212412,823.864502,75.09863663,206.5473795,220,781.6476593,73.78531265,209.3906403,202.815485,791.8410034,74.11515808
60,205,Northern Cape,GBIF,e,14738792,24.874583,-31.29125,140.2479172,303.7699938,401.75,56.30314541,119.5195313,290.4401855,300.9509277,60.06982422,88.25,301.5,462.5,50.25,119.5,310,411.75,47.5,162.1027541,280,403.6668701,66.11679077,164.8779821,280,397.4095764,61.74865532,175.248251,298.9847851,374.6667786,61.66799831,180.1885223,290,396.4915619,60.17004967
61,206,Free State,GBIF,e,14583426,26.29125,-30.04125,144.7325015,319.2299986,512.5,61.1461916,132.4682617,310.956543,382.1853027,70.26782227,99.75,308.25,558.75,50.75,131.75,316,499.75,50.25,177.2393322,291.7284918,577.1459503,68,178.9984894,300,572.7252808,68,188.5893059,299.0780926,555.2058716,64.92581558,193.6831665,290,577.1132965,62.28835964
62,207,Limpopo,GBIF,e,13910084,28.707917,-24.624583,189.3879128,271.2500048,570.5,87.55153465,183.0444336,252.9243164,468.4606934,91.53588867,154.75,258,593.5,76.25,181.75,266.5,558.5,78.25,224.8843956,230,545.2593079,86,220.0153065,232.7780581,565.0179443,89,232.8033113,256.5558434,625.394516,93.00076485,240,250,604.5327148,92.57643127
63,208,Limpopo,GBIF,e,13982600,28.54125,-25.207917,194.7491693,266.1000013,569.75,82.85891914,184.0825195,271.6704102,475.8632813,91.45117188,156.5,265,615.5,72,181.75,283,584.5,76,229.4345856,249.8303938,547.8157501,84,229.158392,250,567.8740234,87.87565231,239.3256998,268.9171171,624.4902802,91.91111755,247.6757383,260,605.2693481,89.92622185
64,211,KwaZulu-Natal,GBIF,e,14334896,30.874583,-28.04125,175.7520819,224.829998,813.25,68.99270058,172.9038086,222.7197266,697.2961426,61.81665039,144.5,208.75,822.25,60,172.5,220.75,801.25,63.5,199.2972517,210,780.8252258,69.59203911,197.8558779,210.0774717,809.625351,73.98341179,208.4011316,220,766.8819275,72.3769989,211.6774511,200.0774717,778.2767944,72.74707413
65,212,Northern Cape,GBIF,e,14728430,24.79125,-31.207917,146.3629174,323.0700016,369.75,56.90345287,127.5039063,297.604248,266.083252,64.94384766,95.5,305.25,425,53.75,127.25,315,378,50.25,170.6155491,282.1382952,381.2558823,64.77353096,174.2270041,281.79111,375.043457,59.90449047,185.1814318,300,352.7013702,59.14495945,190,294.9541903,373.1688461,57.43331623
66,213,Eastern Cape,GBIF,e,14842408,25.54125,-32.124583,163.297081,294.2399931,408,49.06866264,152.5593262,274.1745605,231.095459,66.01147461,123,289.5,353,44.75,152.5,292.25,333.5,44,188.1587267,259.965992,383.7542496,52.88842964,189.4001198,264.6771526,381.9661865,50.9499855,197.7996826,274.6771526,361.9258118,50.71821499,203.9299297,262.1255684,382.8455276,52.99258232
67,214,Gauteng,GBIF,e,14044770,28.957917,-25.707917,176.7208338,248.5000038,677.5,80.86680031,161.5690918,271.1933594,547.3891602,82.64331055,137.5,258.5,685.25,69,160,280.5,660,71.75,199.611187,235.5097866,698.5734863,81.94889259,199.109726,240,721.6614685,84.94071007,209.611187,250,768.5881805,87.66241074,214.9818563,242.8907108,758.6504974,86.84100533
68,215,Western Cape,GBIF,e,15090924,20.374583,-34.124583,183.3274984,233.5299921,398.5,26.49195623,168.4272461,222.3374023,513.9765625,20.52563477,142.25,297,582.25,22.5,171.75,241.5,565.75,25,189.3826675,210.7536602,511.4855347,17.7610364,189.9694014,217.8946733,500.7611771,17.40392923,194.4774199,225.3809977,517.6192474,23.69576883,199.2477417,227.2870874,503.1593246,25.32542276
69,216,Free State,GBIF,e,14262338,29.29125,-27.457917,134.8020816,261.5400028,675.5,74.74588394,125.3989258,273.1630859,585.7485352,69.55371094,93.75,263.25,729.5,59.5,124.25,269.5,693.25,64.5,159.400506,230,685.9455109,75,159.3160343,245.1217365,702.7190247,77.55920219,172.6944542,250.0812149,688.5309906,76.81653976,177.5272608,250,712.8877106,79.1737442
70,217,Mpumalanga,GBIF,e,13972248,28.874583,-25.124583,200.0995827,259.260006,556.5,83.01075554,188.3237305,271.7858887,459.6567383,91.65820313,160.25,270,599,73.5,186.5,284.75,567,77,230,246.782465,532.6925507,84,230,250,553.7150726,87.08871651,240,260.6473494,602.982605,92,248.6101675,260,582.3448486,90
71,219,Free State,GBIF,e,14428022,26.124583,-28.79125,165.7104206,334.5100021,515.75,66.83670044,157.7268066,328.4020996,370.8193359,86.41772461,124,324.75,547.75,59.5,157,326.5,489.5,59,200,300,537.1511078,71,200,300,531.7349854,72.30127716,210,300,529.3006134,70,220,300,535.9316864,68.02574539
72,220,Gauteng,GBIF,e,14003322,28.624583,-25.374583,186.0816622,253.6199999,641.5,82.32479095,171.7561035,264.9067383,533.1882324,84.20019531,145,256,677.25,69.75,169,276.25,645.25,73.5,215.9005642,239.8471737,609.3539124,83.0172863,215.2952576,240.0852823,630.8666992,86.30101585,225.4568768,259.4261265,690.0623474,90.20319748,230.5151415,251.0766172,670.7440948,88.24772835
73,221,North West,GBIF,e,14220822,26.124583,-27.124583,169.6316624,303.9799929,594,73.91530228,159.1369629,289.2529297,469.7626953,89.4284668,126,285.5,672,66,158.5,291.25,593,64,198.4645605,267.3996782,560.1425171,77.06210899,199.3445778,277.5474882,557.3046112,78.99143791,209.8666954,261.2807608,576.1278534,78.49897194,212.5005007,260,595.5770264,79.84761047
74,222,Free State,GBIF,e,14386650,28.957917,-28.457917,139.9454165,240.7299948,788.25,70.91362953,129.1472168,256.4501953,675.9492188,64.55517578,96.75,248.75,814.25,57.5,127.75,257.75,762.25,61.75,156.9953036,239.8287773,904.9259491,75.73521423,156.9508696,240,920.4795227,77.45746422,169.6364069,240,881.7861938,74.38674736,174.0083313,238.9137459,912.172348,75.2683506
75,223,Free State,GBIF,e,14428008,25.54125,-28.79125,173.4408379,336.269989,455.5,67.9751339,162.9936523,321.7941895,295.0976563,99.47485352,129.5,314.75,463,62.5,161.75,320.25,418.75,58.75,209.9928427,300,506.5507965,71.0651207,210,300,499.5187302,72.29090691,220,309.5603275,491.754982,70.02757454,220,307.9488277,500.7717896,68.63262177
76,225,Limpopo,GBIF,e,13982594,28.29125,-25.207917,192.9425001,272.3700047,566.5,81.89062309,184.6813965,271.1245117,452.8830566,96.6940918,156.75,263.25,598.5,71.25,182.75,282.5,563,74.75,230,242.8533697,511.9761581,84,230,250,528.509201,88,240,270,582.6088257,91.17572403,240,260,567.9237213,90.0345726
77,226,Free State,GBIF,e,14417662,26.124583,-28.707917,166.2612486,335.4400063,517.5,66.77250862,156.7949219,333.092041,373.6677246,87.57763672,122.75,328.25,552,60,155.75,330.25,493.75,60,200,295.0791788,551.7667389,71.04264069,200,300,545.9862366,72.83761215,210,300,544.8549042,70.10233688,219.0229607,296.1878347,551.835556,68.77057457
78,227,Northern Cape,GBIF,e,14459064,24.54125,-29.04125,183.98458,325.2799892,416.5,70.58238029,165.2900391,328.3405762,294.6064453,83.64794922,131.5,317.75,463.25,60.75,163.75,325,416,57.5,210.1515293,300,383.1138077,66.63443947,213.7488556,310,370.602623,65.75454712,229.0260267,310,370.8349915,66.26515007,230,310,378.1182861,66.79937744
79,228,KwaZulu-Natal,GBIF,e,14283074,29.957917,-27.624583,174.8195839,256.1199951,764.5,75.81473541,163.4118652,272.7998047,657.5437012,67.36425781,133,266.5,807.5,61.75,163.25,277.5,760.5,64.5,195.658989,220.6157207,659.4412231,75.61868286,195.0214577,232.275691,684.6372375,78.99879456,207.7418423,243.078599,656.4254913,78.06655312,209.7477245,237.3176479,675.8016663,80.01839066
80,230,Eastern Cape,GBIF,e,14780234,24.957917,-31.624583,144.1479158,287.8700018,406.75,55.01313114,128.5119629,274.7028809,285.2219238,57.8034668,97,289.5,433,48.25,128,296.75,393.75,46,167.649138,280,407.323616,67.32395363,170.5252481,280,403.421608,64.11059952,181.1015701,291.8093395,377.9847336,64.68013763,185.919323,290,402.4904099,64.64989662
81,231,Free State,GBIF,e,14459104,26.207917,-29.04125,159.6224976,323.2299995,532,66.50561905,152.3737793,310.4709473,410.0373535,77.68579102,118.5,308.5,587.25,56.75,151.5,312.25,528.25,57,191.0800695,302.4431562,605.7571259,70.9187355,192.4171352,310,599.0673981,72,205.1780558,300,593.6302795,69,209.4345808,300,602.2897034,67
82,233,Western Cape,GBIF,e,14925112,18.207917,-32.79125,175.6712484,200.5099964,298.25,68.51550674,161.578289,187.9715157,214.3999825,58.022542,138.5,209.75,313.75,64.75,166,198,299.25,71.75,190,178.7224531,254.1930847,70.48980713,190,176.0787296,251.0326271,70.04496956,199.9642134,179.3410969,238.425396,63.03302956,200.6145811,185.0059795,234.4976425,65.29737282
83,234,Northern Cape,GBIF,e,14510858,24.29125,-29.457917,181.1983347,328.5999966,376.75,67.75928497,163.690918,324.3200684,230.5544434,86.56982422,129.75,316.75,398.25,57,162.75,324.75,349.5,54.25,210,300,365.0161972,62.86342716,210,309.9143887,352.3233871,60.97843266,220,310,345.2129364,60.36253643,227.7471113,310,353.2256622,61.40081882
84,235,Northern Cape,GBIF,e,14541938,24.29125,-29.707917,183.5950041,329.659996,355.75,65.812397,165.4829102,324.282959,195.6188965,87.16137695,131.25,321.25,362.25,53.75,164.5,329.5,317.75,50.75,210,300,333.9590607,60.96718884,210.6128216,309.7441578,324.0399094,58.80568218,229.17871,310,311.7880249,56.83388996,230,310,321.8599091,57.84285736
85,236,Free State,GBIF,e,14459108,26.374583,-29.04125,161.4433289,322.7099991,554.75,65.47246742,153.2299805,319.9873047,424.9919434,77.41210938,119.25,319,603.5,57.25,153,323.25,541.5,56.75,193.9390755,300.007,564.1313477,70.05446625,197.6283407,309.8428822,558.1875153,71.92173195,209.2753458,300,553.9068451,69,210,299.9290133,563.4073486,66.91893005
86,237,Northern Cape,GBIF,e,14459062,24.457917,-29.04125,184.1695833,324.800005,413,70.72300339,166.2548828,327.6289063,281.5124512,84.82446289,132.25,316.25,450.75,61,164.75,325.25,402,57,210.8103752,300,389.9898911,67.05097389,212.7916956,310,377.1060791,65.95768356,226.697011,310,377.7123947,66.58133316,230,310,384.6892853,67.36572647
87,238,Limpopo,GBIF,e,13765110,31.457917,-23.457917,222.6375008,239.3599844,489,81.04161835,216.9736328,221.2548828,374.4882813,98.66088867,185,243.75,513.25,73.75,215.5,250,454,70,253.7438822,200,490.6332016,85.98287773,250,196.4061165,517.6070862,87.36009026,260,200,627.8182831,104.1933002,270,200,569.0945892,101.1115589
88,239,Northern Cape,GBIF,e,14407270,24.79125,-28.624583,180.6837511,313.8399887,451.75,71.92755508,170.7856445,315.7016602,300.4953613,91.69555664,137.75,303.5,471.25,62.25,168.75,312.75,420.5,59,210,290,446.9249191,71.54608727,210,300,433.6933517,71.47865868,220,303.1260347,435.8469772,71.19340134,229.185195,300,442.5142593,70.94755936
89,240,North West,GBIF,e,13972228,28.04125,-25.124583,194.6016645,278.6100006,590,82.43052483,186.8085938,274.3369141,463.4912109,97.2253418,157.75,268.75,613.5,73,184.75,285.5,572.25,76,229.8222637,248.1973648,523.7681198,84,229.3629169,250,536.8800049,87.51073265,239.0528679,270,590.3997345,90.91881561,240,267.0124674,578.0417633,89.75327492
90,241,Northern Cape,GBIF,e,14718060,24.374583,-31.124583,138.0287504,360.0699997,334.75,58.41197491,133.2351074,307.1396484,212.6887207,73.17822266,101,310,372.25,54.25,133.25,320,325.75,49.75,179.8684978,290,344.0186539,61.74943352,180,290,340.1329651,56.02757549,190,300,315.0274124,53.935112,194.6907997,300,334.0390549,52.88776493
91,242,Western Cape,GBIF,e,14873414,22.457917,-32.374583,176.1087465,281.1800003,220,43.57086468,164.8439941,265.9750977,128.2214355,65.81738281,133.75,285.25,227.75,43.5,167.25,287.25,203,37,197.7808666,262.0295858,252.7963181,40.46014309,199.0743065,270,257.8400612,37.60024738,207.7808666,276.7042494,248.0667648,35.85371399,213.7249517,278.9519691,256.1645813,38.89128017
92,243,Free State,GBIF,e,14365914,28.29125,-28.29125,140.6437516,284.4599915,736,65.7074337,131.690918,288.6689453,592.7089844,66.29516602,100,279.5,746.25,53.25,131,287.25,691.25,57.75,161.0833788,260,753.6113586,72,161.9118404,260.2534151,758.2379761,73.70219994,174.3229532,255.1856136,741.3132019,70.80829239,180,250,773.7027893,72
93,244,Free State,GBIF,e,14479784,24.54125,-29.207917,181.7649937,326.969986,406,69.34190559,163.6003418,323.5546875,270.5178223,84.51098633,129.5,314.5,438.5,58.5,162.25,321.75,393.5,55.5,209.993,300,415.7688065,64.77578354,210,310,401.2576981,63.67205524,220,310,399.0149918,63.98466682,227.761631,310,407.6033936,64.4851017
94,246,Free State,GBIF,e,14614492,25.707917,-30.29125,148.965416,324.6200085,435,61.41968918,138.9963379,303.4943848,311.2399902,76.03955078,106.75,305.75,486.75,52,138.25,314.25,430,49,180.6827593,280,496.2420425,61.46629906,184.7317171,289.9479103,496.6925125,61.21190643,194.4924641,290,481.9125443,57.49989414,199.923625,280,503.0769043,55.4883213
95,247,Gauteng,GBIF,e,14075844,28.707917,-25.957917,165.7133341,246.4800024,687.25,79.88622856,153.996582,265.6374512,560.7463379,82.57592773,131,248.75,698.25,69.25,151.5,273.75,676.5,73,190.5478716,237.7925444,651.8526611,80,190,240,667.7434998,83,200.5407143,250,709.543045,84.35585976,208.3461761,249.978528,709.4325714,84.00224686
96,248,Gauteng,GBIF,e,14127630,28.124583,-26.374583,160.3820848,271.4599991,682.25,77.21887207,153.7961426,278.9345703,569.6142578,81.87841797,126.75,261.75,718.5,65.25,152.25,279.75,686.25,69,189.6056318,239.9135685,638.9055176,81.8499012,189.6056318,250,649.7667389,83.99270821,200,260,671.9723511,83,201.4197397,260,690.7767181,85
97,250,Western Cape,GBIF,e,14987294,19.124583,-33.29125,180.7204151,243.2499981,479,63.34716797,159.9709473,245.8127441,599.8491211,61.92163086,135.25,277,750.5,65,164,264.5,697,70,197.0251083,259.5719385,1000.360245,69.89961815,198.1299448,257.407527,981.6130371,70.45803261,202.4796581,260,929.6802826,63.58018494,207.724824,260.1455021,921.953476,64.39702892
98,251,Free State,GBIF,e,14231250,28.957917,-27.207917,146.6441679,281.0000038,681.5,71.95182419,138.4821777,288.7678223,563.107666,77.87817383,107.75,281.5,704,63,138.25,285.5,673.25,67.5,173.7675333,245.6387091,643.7630463,76.24308014,173.7675333,260,659.2800293,78.84947968,187.7407742,260.3762817,655.7290192,78.54642868,190.172863,260,680.3962555,82
99,252,Free State,GBIF,e,14438380,26.04125,-28.874583,165.5233383,331.1599922,503.75,66.58529091,159.1574707,323.5483398,356.7045898,86.39428711,125.25,318,531.75,59,158.5,321.25,476.25,58.5,200,300,531.5002747,71.08819008,200,303.7443113,525.8950958,72.85261154,210,300,522.1365051,70.01469231,220,300,528.7488403,68.03041458
100,253,Eastern Cape,GBIF,e,14769876,25.04125,-31.54125,156.691668,305.7199955,385.5,55.45762825,141.8105469,277.6779785,238.5385742,64.81469727,110.75,294.75,383.75,51.5,141.75,301.75,347.75,49,180,283.3859444,361.0602341,67.07966995,186.3460159,286.691165,357.0737381,64.01523399,198.4802723,299.9790001,336.5003433,64.99999046,199.9490595,293.2345772,358.2824936,64.83192062
101,254,Free State,GBIF,e,14448728,25.54125,-28.957917,171.9883299,332.5699997,448.75,66.8945179,163.046875,318.5214844,293.5439453,97.1784668,129.5,313,462,60.5,161.75,317.75,418.25,56.75,208.9570141,300.3753233,483.4517441,69.80262184,210,309.0723896,476.103157,70.30394363,220,309.982419,466.6711044,68.13774681,220,310,476.0387955,66.5359745
102,255,Limpopo,GBIF,e,13806506,29.624583,-23.79125,174.8245859,231.4700079,694.75,79.81172562,166.1357422,209.5534668,656.9716797,80.89746094,141.5,213.5,812.75,70.5,165.75,225.75,725.5,70,210.8351135,210,434.8208923,83.74373436,210,216.0962152,457.9448395,85.99143791,220,220,506.1159058,91.11587715,229.4075632,210,470.3342056,88.01118279
103,256,Free State,GBIF,e,14428014,25.79125,-28.79125,170.6175041,335.9999943,466.5,67.72831726,161.8483887,326.0534668,311.1379395,96.22436523,128,320.5,480.75,61.75,161,324.75,433.75,60,206.4042473,300,528.7676544,71.97465897,209.9632215,300,522.9012451,73.61603928,219.9632215,300.2534151,518.1955872,71.00853539,220,300,525.7120972,69.44756317
104,257,Northern Cape,GBIF,e,14427990,24.79125,-28.79125,180.1812506,313.7699938,442.5,71.53574371,171.4882813,312.4440918,301.0092773,89.85205078,138.5,300,469.5,61.75,169.5,310,420,59,210,291.4275599,443.9292297,70.4834938,210,300,431.6701508,70.31835938,220,304.8399305,431.0021133,69.91729355,229.0153408,300.1689434,437.7693787,69.43044472
105,260,Gauteng,GBIF,e,14137980,27.707917,-26.457917,157.7062511,278.2000065,664.25,76.24489021,151.3823242,278.2167969,555.0324707,78.86743164,122.75,265.25,716.25,64.25,150,280.5,672.5,66.75,187.891283,240,632.4534912,80.06776237,187.7892351,250,643.5447693,82.05744362,199.0680265,259.4146967,660.1131134,81.96128082,201.4335823,259.315691,676.7082672,83.80090714
106,261,Free State,GBIF,e,14500536,25.874583,-29.374583,158.0762506,329.5199966,475.5,64.04898262,150.425293,310.3994141,343.6103516,81.79760742,116.25,308.5,516.25,55.75,150,312,464.5,54,190,310,595.9809265,69.60972595,190,310,587.2683563,69.92692947,201.8182611,300,573.9357452,67.75513458,210,300.007,586.2473145,65.46568489
107,262,Free State,GBIF,e,14262336,29.207917,-27.457917,138.3791685,268.7099981,650.5,74.79929161,128.347168,277.5720215,570.5224609,70.22290039,98,268.75,713.25,58.75,128,274.25,676,64.5,165.8192492,230.0501013,591.6717987,75.22193718,165.7500815,249.8593712,605.8647003,77.84884453,177.2198153,250.9874487,594.9351349,77.0286274,182.6946306,250,617.2321167,79.85559273
108,263,Free State,GBIF,e,14428010,25.624583,-28.79125,172.2941637,334.7200012,456,68.3010025,162.3762207,323.0773926,298.7539063,98.23217773,128.75,317,467.5,62.25,161.25,321.75,424.25,59,209.1094542,300,519.5797043,71.08151436,210,300,512.9059143,72.51320457,220,307.2910881,506.2973251,70.14087486,220,303.4675646,515.424881,69.03482246
109,265,Free State,GBIF,e,14427992,24.874583,-28.79125,179.9991703,316.7900038,444,70.80470467,169.7072754,312.3986816,300.918457,90.24975586,136.25,300.5,470.5,61,167.75,310.5,422,58,210,290.5607033,442.997673,71.82543373,210,300,431.1764755,71.78720284,220,300.6428957,428.7843475,70.90667915,225.7761812,300,435.2267532,69.9852066
110,268,Free State,GBIF,e,14417644,25.374583,-28.707917,174.628334,328.5199928,459.5,69.0040741,162.171875,317.4196777,301.732666,96.10693359,128.75,309.25,469.75,61.5,160.5,315.5,426.5,58.5,208.8247585,299.3640852,503.4992676,72.34497261,209.5656204,300,495.1442413,73.58182335,219.5514631,304.3311882,486.2590561,71.0378437,220,302.4184418,494.4148788,69.8288269
111,269,North West,GBIF,e,14034376,27.54125,-25.624583,193.5675001,279.6099997,627.5,78.03417015,182.5686035,283.0395508,494.1982422,88.17211914,156.75,267,652.25,69.5,180.25,289.25,608.25,71.75,219.626956,250,535.8228912,82,219.6093798,250,543.1260529,85.10961151,228.5901833,265.5755424,592.752594,87.08889771,230.7655239,262.7593136,591.256012,87
112,270,Free State,GBIF,e,14459066,24.624583,-29.04125,182.1949959,321.500001,423,70.11072922,163.8081055,329.7355957,314.6628418,82.9140625,130,319.5,486,61,162,326.75,437.25,58,210,300,384.5994415,66.57171631,210.9241199,310,372.376976,65.82918549,226.549263,310,371.9207764,66.09090233,230,310,379.2607727,66.4109211
113,271,Gauteng,GBIF,e,13992962,28.624583,-25.29125,191.7629194,254.2100096,591.5,82.2221756,178.4682617,268.4951172,502.996582,87.49560547,151.75,262,645,70.75,176.75,279.75,611.75,74.5,224.3667412,240.7815313,597.1911774,83.85582924,223.700738,247.4129295,619.4058228,87.28504753,234.1400194,260,678.6523438,91.40233421,237.9297543,259.26579,657.6799011,89.19697762
114,272,Mpumalanga,GBIF,e,14003396,31.707917,-25.374583,223.1599951,241.2300062,620.5,76.09484673,214.1147461,221.5195313,535.9914551,70.46899414,189.25,217.75,684.75,67.25,211.75,234.75,639,63.5,249.969244,186.6130638,586.2658997,76.2904377,248.9494896,190,622.2165527,81.67264557,251.7126513,207.9154539,685.4897461,87.85385132,260,199.1673613,623.9013214,83.86924744
115,273,Free State,GBIF,e,14438374,25.79125,-28.874583,169.2887545,334.6799946,468.25,66.97033882,161.6181641,323.1191406,312.8583984,94.27416992,127.75,317.75,482.75,61.5,160.75,322,436,58.75,201.6099834,300,524.1687775,71.45426178,209.1671562,300.0869131,517.8899689,72.76618576,220,302.0326948,512.0683289,70.26135826,220,300.7618523,519.966217,68.55770683
116,274,Free State,GBIF,e,14376234,26.624583,-28.374583,165.4470873,314.7000027,557.25,66.93553352,154.3640137,316.1416016,422.9558105,82.54174805,121.5,306.75,599.25,58,154,310.25,537.75,58.5,193.1864357,290,574.2995911,70,195.8359861,300,567.6915588,72,207.1763134,292.5985479,570.5678711,70,210,290,585.7870941,70.950243
117,275,Limpopo,GBIF,e,13982596,28.374583,-25.207917,191.9812489,269.9900007,580.5,82.5771637,182.6469727,269.8518066,469.4521484,93.85180664,154.75,263,614,71.75,180.5,280.75,579.25,74.75,229.7607517,246.7255974,535.8408813,84,228.8048267,250,553.9563446,87.88742256,239.5019388,270,610.486969,91.46608734,240,260,594.2388458,90.0669117
118,276,Free State,GBIF,e,14428020,26.04125,-28.79125,166.0908365,335.1499939,503.5,67.10976219,158.2954102,328.1005859,356.4345703,88.28833008,124.75,324,531.75,59.75,157.75,325.5,476.75,59.25,200,300,550.557785,71.33587074,200,300,544.9338226,72.99597549,210,300,542.1696777,70.26923752,220,300,548.7653046,68.56754112
119,278,Northern Cape,GBIF,e,14707702,24.457917,-31.04125,139.8654151,367.4600029,329.25,59.49702072,135.8439941,310.7602539,200.1589355,77.73144531,103.75,312.75,359.75,56.75,135.75,323,313.25,51,180,290,344.491188,62.00864315,181.6690493,290,339.5614166,56.9704752,190.9990931,300.892911,315.9231873,54.4330368,200,300,335.3127518,53.38709164
120,279,Mpumalanga,GBIF,e,13868716,31.707917,-24.29125,221.8449974,226.9999933,548.5,80.04707336,215.7097168,232.1855469,436.2580566,84.70068359,187.25,243.25,583.25,70.25,213.25,252.75,527.25,66.5,250,186.5151739,496.4545975,82.71404839,250,190,528.7109528,85.25320625,259.563489,200,615.058075,95.48983383,267.7721405,190,559.4127502,92.75316238
121,280,Gauteng,GBIF,e,14013682,28.624583,-25.457917,184.7116709,252.4100065,641.25,81.64100075,169.6335449,264.7102051,541.9023438,83.1340332,144.25,254.5,681.25,69.75,167.25,276,653,73,211.6665983,232.2488642,600.6294556,82.46376038,211.0434008,240,620.7124786,86,221.4574575,251.3818359,677.7392273,89.29979324,229.1295385,249.8979521,660.8842163,88
122,281,Free State,GBIF,e,14417654,25.79125,-28.707917,170.1370859,337.2000027,465.75,68.44534492,160.8991699,328.6999512,311.862793,97.62744141,127.5,322.5,483.75,62.75,160.25,327.5,435.5,60.5,203.3909655,297.5427675,543.6404419,72.40697479,209.3193722,300,537.6725464,74.26003456,219.2340899,300,534.0678864,71.82104874,220,300,541.6397858,70.19964981
123,284,Northern Cape,GBIF,e,14707704,24.54125,-31.04125,143.2112503,361.8799973,330.25,59.38339615,137.1745605,308.1479492,197.4887695,78.91308594,104.75,310.25,358.25,57.5,137.25,320.25,311.25,52.25,180,290,334.1158981,62.58681202,186.4109516,290,328.9498901,57.26309204,195.5305958,300.6868553,306.8368301,55.02658558,200,300,325.6737137,53.97859669
124,287,KwaZulu-Natal,GBIF,e,14552426,29.624583,-29.79125,143.5241675,248.3099937,977.5,75.63233185,135.09375,257.7478027,851.9445801,72.98242188,105.5,251.75,986.75,69,135.75,260,919,67.75,160.1430535,240,927.1447144,74.9549942,160.4444838,240,929.8582306,76.04763794,174.1961002,240,896.8673553,74.57573509,178.0153036,240,935.4647369,75.64367104
125,288,Gauteng,GBIF,e,14096536,27.54125,-26.124583,160.0549984,270.7400084,712.75,78.05567932,151.8051758,268.2705078,569.2685547,81.31713867,126.25,250.75,733.5,67,150,273.25,686.25,69,189.1503954,230,650.8812714,81.00229645,188.9798117,240,659.3816986,83.36968613,199.4225264,247.9833698,692.0067291,83.41991234,200,247.9501772,702.2429352,84.02389717
126,289,Northern Cape,GBIF,e,14718062,24.457917,-31.124583,138.6320853,361.3500118,335.5,59.16158867,133.2729492,307.1542969,214.8308105,72.55810547,101,309.5,375.25,55,133,320.5,328,49.5,180,290,350.1373215,61.93559647,180,290,345.6741638,56.2198,190,300,321.2354431,54.04837799,196.3358164,300,340.7738647,53.00745583
127,290,Free State,GBIF,e,14262334,29.124583,-27.457917,138.1537509,275.1099968,652.5,74.36680412,128.1704102,279.9506836,566.2114258,71.00415039,97.5,270.5,713,58.5,127.75,276.5,674.25,64,167.0215607,234.8366737,664.0996399,75.51729012,167.0583391,250.0735617,679.2528992,77.97465897,178.9863443,255.7747269,668.7045593,77.16820335,182.524209,250,694.8066559,80.32166672
128,292,Limpopo,GBIF,e,13827250,30.624583,-23.957917,215.2320814,231.1400032,592.25,83.18718529,207.4716797,218.3115234,469.7070313,88.36523438,179.5,226,635.25,65.5,205,240,563.5,63,238.8213253,218.9412785,529.7465134,83.93434906,237.7236986,210,561.3279724,86.72589111,241.9753408,213.5860968,645.142868,93.92216301,249.7205591,210,587.5933228,90.68959808
129,293,KwaZulu-Natal,GBIF,e,14334894,30.79125,-28.04125,172.8312492,229.1499996,818,69.92385864,169.9677734,227.6604004,699.848877,62.65136719,141.5,213.75,827,60.75,169.5,226,803.5,64.5,195.7687044,210,818.2662201,70.35120773,193.2200575,214.7682762,847.700592,74.59185028,204.0558147,220,802.236908,73.13931656,209.6652031,204.1227674,814.8451996,73.65889168
130,294,Free State,GBIF,e,14231226,27.957917,-27.207917,156.3312483,297.409997,672,72.28613091,149.3076172,297.8415527,524.8312988,79.76367188,117.5,288.75,686.25,58.5,149,290.75,641.5,62.75,181.9107246,250,681.5627899,75,182.1566439,260.3261662,685.8778534,76.55374718,195.5480671,260,691.6330109,75.82902336,200,260,717.8391418,77.7203331
131,295,Kenya,GBIF,e,10667606,37.124583,1.45875,230.5016661,150.2200007,454.5,90.12093353,221.5097656,259.8464355,304.0068359,126.5319824,196.25,201.25,339.5,98.5,216.75,198,462.5,95.25,266.7534018,140,404.638382,65.68443966,269.9400616,140,383.7637177,64.88071346,279.6850157,120,568.2620697,83.95695496,282.098465,120,614.4058838,87.53107071
132,296,Kenya,GBIF,e,10843722,36.957917,0.042083,167.2337484,185.1499987,760.25,49.36460972,162.9899902,251.3007813,577.6210938,85.4934082,137,209.25,622.75,60.25,159.25,195.75,815,51.5,201.6037607,143.3452535,882.4501953,51.07508087,206.4147902,144.2280769,832.120697,49.69145393,212.4487877,129.3863773,1220.166748,68.43543243,216.9013023,123.5132146,1299.594513,68.91283798
133,298,Northern Cape,GBIF,e,14438316,23.344261,-28.847371,169.5304155,335.6400108,354.25,76.99869728,153.2006836,319.3867188,208.4243164,98.7800293,118,306.5,380.25,68.75,152.25,317.25,320.5,62.5,206.4759731,270.0165987,336.1158447,74,209.964509,277.134738,324.9512787,72.14966393,212.2591782,280,332.813652,70.98508835,220,290,333.5241852,68
134,299,Northern Cape,GBIF,e,14712882,24.441097,-31.045085,139.5073318,367.2720032,329.2,59.53212128,135.5921875,310.6896484,201.1240234,77.01484375,103.4,312.8,361,56.6,135.6,323,314.4,50.8,180,290,343.7248779,62.00691452,181.3352394,290,338.8941895,56.91286545,190.7992744,300.7143288,315.1874329,54.34642944,200,300,334.4654114,53.30967331
135,300,Eastern Cape,GBIF,e,14888993,24.059492,-32.474973,177.867918,289.2400122,289.25,43.40597057,166.4741211,267.5534668,152.5078125,64.38745117,136,285,262.5,44.25,168,285,243.75,39,199.3281031,240.9888029,289.2044373,42.32846069,200,250,292.0703354,39.36275482,201.1075544,263.5558891,274.4965057,36.18957329,210,259.7936344,285.1484985,39.34556389
136,310,NA,GBIF,e,15121959,18.47623,-34.356496,NA,NA,NA,NA,NA,NA,NA,NA,133,172.6,626.4,58.8,NA,NA,NA,NA,179.6782837,63.02872849,697.4169556,62.25582199,179.7607079,65.51191521,667.6667725,62.94498672,187.35429,65.51191521,707.109021,58.22984238,189.3116226,68.54471016,669.0315674,59.59688644
137,311,NA,GBIF,e,15080567,20.464393,-34.031591,182.2083378,224.3200064,377.5,26.12163162,170.4211426,230.3393555,514.6132813,21.03125,145,300.25,589,21.75,174.75,251.5,568.25,23.25,190,211.4656019,533.3305359,18,190,219.0752316,522.8750763,17.44652128,199.4482136,228.965683,536.0591812,23.36678457,200,231.7278385,523.4926834,25.02496862
138,312,NA,GBIF,e,11035339,35.15511,-1.459801,198.724165,158.4399962,957,45.70271206,188.875,228.447998,608.9875488,84.55053711,166.25,174.5,721.75,53.25,186.25,157,1000.75,38.5,230,150,790.8782043,49.23250961,230,149.5801044,783.5163269,49.03303051,234.0324402,140.3531814,1018.718979,57.27449322,237.5834274,140,1065.330505,54.44049454
139,314,NA,GBIF,e,15085746,20.446501,-34.057246,183.7537527,227.6100063,378.5,26.74537992,171.5283203,229.7470703,512.942627,21.12597656,145.75,299.5,586,22.25,175.25,250.5,565.25,23.5,190,212.1525955,522.740036,18,190,219.0871096,512.3713989,17.22825813,199.8958206,228.9551067,526.0396347,23.30828667,200,231.95261,513.4289169,25.0105648
140,316,NA,GBIF,e,10330935,38.323076,4.180667,204.7255516,168.5600026,548.6666667,84.8968099,164.3183594,210.1933594,494.2421875,124.5598958,146.6666667,181.3333333,502,121.3333333,165,184.6666667,628,94,218.7155596,140.0755151,675.5322673,78.42764028,219.1640854,150,653.7882284,74,234.3386078,130,864.8435669,95.49536641,237.0632553,130.3190104,930.3055623,94.31779734
141,317,NA,GBIF,e,14873337,19.230369,-32.370873,141.0352802,248.1133334,307.8333333,45.70732816,123.8693034,243.0717773,341.589681,60.48014323,96,262.1666667,501.1666667,57.66666667,126.5,259.8333333,449.3333333,67,163.8478136,252.4064604,406.9098155,70.38318507,165.899113,253.5894871,407.8056386,70.26393509,168.6252371,250.6602383,374.8820292,60.36319288,172.3887348,252.8059737,367.0027212,62.59897804
142,328,Eastern Cape,GBIF,e,14883812,24.04125,-32.457917,177.2062492,288.5800076,288,43.74812984,165.9709473,268.0895996,151.8945313,64.9140625,135.5,285.75,262.25,44.25,167.5,285.5,243.25,38.75,199.3960238,240.017581,287.6628494,42.08222008,199.9856853,249.9928427,290.5310745,39.11417007,201.4688826,261.0934782,273.270134,35.98351479,210,259.6842861,283.5781937,39.08535671
143,329,Northern Cape,GBIF,e,14759476,23.374583,-31.457917,147.9516673,329.7500038,284.25,54.5621109,137.3781738,303.1723633,160.6665039,79.59350586,104.75,314.5,303,56.5,138.25,323,261.75,51.25,184.0364933,292.4337244,300.9403839,57.10973072,187.9150438,291.4481831,298.116539,53.5013485,199.4064188,300,277.7160187,49.16892719,199.6433973,310.6943321,285.6590195,48.65484047
144,330,KwaZulu-Natal,GBIF,e,14355654,32.457917,-28.207917,218.2525015,160.4600024,1061.5,38.25651264,207.8150101,189.5702095,959.6441193,41.42951298,171.75,246,1129.75,33,207.5,184.75,1054.5,28.75,240,85.5244112,1088.884827,39.40002823,240,86.98662996,1114.095398,44.3694582,250,84.09829378,1050.004822,40.47248363,250,80.95798254,1030.29834,39.69317245
145,331,Western Cape,GBIF,e,15028830,23.124583,-33.624583,149.784584,237.7699995,474.5,18.09904671,139.1591797,200.1789551,609.6445313,18.00146484,116.5,243.5,717,17.75,142,215.25,668.25,10.25,165.4581261,217.1533394,520.0551071,19.65502501,166.8144083,222.7042723,532.4039154,17.94050503,178.8990641,239.8770905,507.6416855,21.13338757,180.1456642,243.7679195,518.6422501,24.57865381
146,332,Coast,GBIF,e,11294426,38.7523,-3.56897,236.886673,148.4600019,760,62.97883224,234.9375,166.1201172,447.3518066,97.29663086,214,173,448.75,85.5,230,142.75,623.25,66,258.2984018,149.9254441,664.4835815,77.31480789,261.9518137,152.8872967,585.1912079,74.57932472,268.8173246,140,794.5987091,79.26462746,272.3203039,140,794.5197296,76.14810562
147,333,Rift Valley,GBIF,e,10895502,36.0903,-0.356779,175.8277829,166.7333221,779,40.72543971,169.6923828,257.0367839,683.1829427,77.51595052,143.6666667,217.6666667,702.6666667,64,166.6666667,194.3333333,941.6666667,49,208.3238665,140.7641729,815.5143026,32.3682607,208.8314883,140,781.8287964,30.32250595,216.8243154,140,1064.964396,39.45098877,217.8622882,130.0694529,1136.573161,37.59948858
148,334,Free State,GBIF,e,14391785,27.0608,-28.4893,157.9362535,311.2300014,593.5,65.78586578,147.5598145,303.041748,452.786377,77.55810547,114.75,296,617.75,57.5,147,304,563,59,183.3615398,290.1702642,654.0922089,69.98300934,185.0464582,300,651.3379669,71.07551193,198.6195087,290,643.1088715,70.01468277,200.3640938,289.8415947,660.5184631,70.98089409
149,336,Omusati,GBIF,e,13251883,14.4863,-19.3146,210.7433319,223.3700037,276.25,118.6363831,202.7680664,207.1130371,298.6804199,107.8986816,167,223.5,364.5,113.75,202.75,242.5,360.25,112.5,241.3739777,220,288.9489212,139.4599533,244.6183872,219.1823006,265.9381104,131.6806259,259.8528481,226.0439301,275.2732773,121.9476547,260.9971905,220.3785419,268.7389679,120.0575619
150,337,Shinyanga,GBIF,e,11170011,34.8008,-2.5682,197.362779,158.4933376,825.3333333,65.07327525,191.7623698,193.1425781,498.8974609,69.23372396,168.6666667,155.3333333,610.6666667,57.66666667,190.3333333,141,794,54.33333333,232.5353432,136.1385918,736.5910034,70.32380676,232.8623962,140,748.4092814,71.3375651,239.5683543,140,983.1829834,83.03255208,239.6642749,140,989.9451497,81.08283234
151,338,Oshikoto,GBIF,e,13153518,16.7701,-18.5232,225.968998,275.552002,458.4,115.5026718,218.9550781,247.7792969,420.4482422,98.17402344,185,259.6,517.2,105,222,288.8,472.2,104,260,240,424.0698364,120,260,240,383.4863342,114.0078644,270,243.070488,427.1136658,112.3398788,280,240,416.1539429,109.891098
152,339,Oromia,GBIF,e,9864745,38.7325,7.91728,193.0445814,182.5099945,819.5,65.28187561,167.6367188,254.8894043,961.8425293,83.95019531,158,198.25,887.25,100.75,176,184.75,896,63.75,229.3444157,84.3076992,793.7431793,68.00201797,229.4539499,97.64223099,789.2341766,69.26719093,238.5599184,100.0844717,988.5497437,58.03575897,239.4539499,95.58116913,1079.979507,56.94007206
153,341,Free State,GBIF,e,14433171,24.8207,-28.8241,180.4758358,317.889986,439.25,70.68567085,171.1472168,313.3901367,299.7668457,89.94433594,138,301.5,469,61.25,169.25,311.5,421,58.25,210,295.9667778,423.1012421,70.8782711,210,300.0165987,411.6297531,70.75426483,220,307.1575117,409.6228256,70.08502197,229.5168972,301.8690491,415.9971771,69.35759354
154,342,Oromia,GBIF,e,10330936,38.3429,4.19179,206.289444,170,545.3333333,85.36199443,165.2936198,209.9733073,490.2848307,125.3222656,148,181.3333333,498.6666667,122.3333333,166.3333333,185,621,94.66666667,220.1389058,140,626.7284953,78.572052,220.2778117,150,607.0961711,74,237.3546537,130,802.7062785,95.43962097,239.5581881,130.2778085,863.6043701,94.20523834
155,344,Oromia,GBIF,e,9600559,38.463,10.047,213.4666634,186.500001,812,76.1307621,182.3679199,278.2731934,1189.040283,108.513916,177.5,220.5,1091,144.25,196,190.75,991,100,253.0384731,149.9632192,858.0486298,118.5056934,253.982482,140.9958148,856.7177734,120.2082233,256.6144705,161.4657068,968.7337189,114.998415,260.5641699,154.6243167,1008.40387,111.8768158
156,345,Mara,GBIF,e,11159648,34.6838,-2.46128,200.9666681,148.8900065,861.75,60.30667019,195.1694336,192.894043,535.8991699,71.54736328,172,154.25,645.25,54,193.25,140.25,840,49.25,238.1999302,140,778.5125732,68.71665955,238.3547068,140,791.1199646,69.83619118,242.3642588,140,1027.369995,81.71665955,245.1005983,140,1035.977631,79.81260681
157,347,Western Cape,GBIF,e,15002817,18.3827,-33.3861,171.6275024,199.2000008,439.5,66.85232925,154.565918,178.1254883,390.4580078,52.89526367,131.75,203.75,508.75,60.5,158.75,188.25,489.75,65.75,178.8933182,187.6596069,444.7244339,70.13524818,180.7126474,185.0846148,432.8292236,69.60916901,190.6405449,192.7877378,423.1483383,63.79069805,194.5640278,197.3250055,418.2659454,65.39230537
158,349,Northern Cape,GBIF,e,14417630,24.7642,-28.674,181.6879997,312.1199951,447,72.0083374,171.7873047,315.0693359,299.2109375,91.29199219,138.4,302.2,468.8,62.4,170,312.8,418.6,59.2,210,290,436.7784729,70.99620972,210.1789055,300,424.1327759,70.7776825,220.014061,305.1452217,425.9304504,70.65142365,229.9782524,300,432.5042908,70.35170898
159,350,Oromia,GBIF,e,10242871,38.135,4.8846,190.1454163,167.5299978,659,72.70850563,170.526123,199.605957,563.8127441,104.0048828,155.5,169,564.5,115.25,173.75,174,633.5,84,209.7100449,140.072751,797.3740234,72.82249069,210.9344721,150,777.6824799,68.38461494,224.3111086,130,1033.225479,88.00469017,225.6442976,130,1090.648193,84.74507141
160,354,Oromia,GBIF,e,9901004,38.7051,7.64897,200.6022263,197.159996,684.3333333,66.71847534,173.4638672,255.9244792,789.0257161,87.03352865,163.3333333,199,709.3333333,101.6666667,182.3333333,183.3333333,722.3333333,67,230,100.0765832,1228.540324,58.14639282,230,119.9756718,1227.974487,59.56583659,239.983743,119.9908765,1548.452759,46.59528987,240,119.530894,1704.684245,46.05791601
161,356,Gauteng,GBIF,e,14070654,28.287,-25.8892,166.7158318,242.2099972,715.75,80.29471779,154.9013672,252.7282715,584.559082,80.39379883,130.75,237.25,732.25,69,152.25,261.75,699.5,72,190.9104776,230,677.4023743,81.01079178,190.5243969,232.06604,690.7047577,84,200.5603695,250,745.6111755,86,209.8165607,240,743.3804169,86
162,357,Oromia,GBIF,e,9968368,39.69,7.10501,97.65333366,176.5840034,1113.8,54.81667099,75.76386719,218.7154297,1188.616016,61.49355469,63.4,173.4,1172,81,85.4,159.2,1254.6,50.8,122.7908306,86.62634087,2301.641089,58.40088196,124.5676422,101.0156288,2283.761133,57.33673782,131.4881134,111.246624,2824.231885,50.62134628,134.5582695,110.4359512,3112.293213,50.55774689
163,358,Kwazulu-Natal,GBIF,e,14257182,30.2591,-27.3913,130.8483346,223.1733449,806,74.68349711,124.0625,233.9326172,716.96875,63.34309896,93,226,863,60.66666667,123,232.6666667,825.3333333,65,147.4758816,210,984.6141968,76.63764699,145.9938971,210.2124532,1033.610433,80.71362813,156.7606099,230,990.6849365,80.05073802,162.4316216,214.8848915,1009.45046,81.68050639
164,359,Rift Valley,GBIF,e,10854083,36.9637,-0.004291,167.5124979,184.2100048,769,49.44989872,162.3046875,251.963623,579.0124512,87.54614258,136.5,210.5,634.5,60.25,158.75,195.25,833,52.25,200.6070662,142.5389552,897.8475037,50.05246639,204.3260479,142.8250813,845.8666534,48.66670609,210.7792521,129.3302703,1236.842255,66.13035202,214.3833494,124.0021491,1316.846497,66.57271194
165,360,North-West,GBIF,e,13226194,23.265,-19.1089,232.2077815,262.480011,458.3333333,108.9210052,213.577474,250.6565755,353.4827474,131.8974609,180,267,525,97.66666667,217,293,449.6666667,97,260,249.9739138,459.2894796,115.78066,260,257.7071571,438.9036662,114,270,252.4023183,482.0190735,116,280,251.4214261,452.6526489,108.4015859
166,361,Shinyanga,GBIF,e,11164832,34.8512,-2.53635,197.9894447,159.8266633,811.6666667,63.4989001,192.2809245,194.3802083,481.7470703,70.61035156,169.6666667,156,598.3333333,56.66666667,190.6666667,141,782,52.66666667,235.4999987,133.5506757,709.5315145,70.20136515,236.036485,140,721.2745565,71.24366506,240,140,947.5116374,82.67328898,240,140,954.3514811,80.70045726
167,364,North-West,GBIF,e,13158873,24.0671,-18.5684,237.0962477,287.5299978,515.75,112.2358837,213.0812988,255.253418,397.1540527,130.9050293,181.25,265.5,544,100.75,216,296.75,479,101,260,239.5899439,492.0322571,114,260,250,476.9123993,114,270,246.9346523,527.1559753,115,279.8193789,241.1640453,497.8708267,111.1596737
168,365,Shinyanga,GBIF,e,11201095,34.9976,-2.83207,189.1529083,164.2299938,735,78.24624443,184.4677734,191.078125,441.8439941,69.60839844,161.25,155.5,556.25,67.25,183.25,138.75,721.75,67.25,229.5366049,149.2385936,576.5501709,75.39362907,229.657383,154.2158794,584.1068115,77.59229469,230,150.033195,775.5374298,85.0768013,231.5812731,151.5395331,782.1342163,83.35421562
169,366,Oromia,GBIF,e,10191107,39.6302,5.30857,196.752224,179.5866585,755,98.39228312,166.171224,209.0029297,722.764974,125.6962891,153.3333333,181.6666667,725,131,175.3333333,174.3333333,776.3333333,109.3333333,218.2293765,140,751.0186768,104.993749,218.1310654,150,724.984375,100,230.0781314,130,942.5060018,116.237971,230.2856,130,1019.988647,112.0175425
170,367,Rift Valley,GBIF,e,11014616,35.038,-1.29917,196.9983339,155.250001,1113.25,39.64923286,188.5854492,231.369873,736.8154297,77.53930664,166,177,825,47.75,186,159,1153.75,33,229.03584,139.5259356,883.6848602,42.82353497,229.0729666,139.3039203,877.609787,42.50479031,229.9266481,140,1122.363495,51.4092207,233.6108446,139.1798496,1174.657959,48.49138069
171,368,Oromia,GBIF,e,9750816,40.0129,8.84297,247.5827789,225.5999947,636.6666667,76.28173574,218.7027995,288.3297526,782.030599,104.9091797,208.3333333,247.3333333,682.6666667,132.6666667,229,225.3333333,660.6666667,77.33333333,278.6761983,160.0709852,744.7764079,84.58248393,281.0971832,172.9303932,712.4018962,81.96018982,288.6432139,159.4566282,910.0120646,69.23529053,292.1826998,150.7651424,976.134786,67.05306498
172,375,North-West,GBIF,e,13065658,25.1158,-17.833,244.7445822,257.300005,596.75,115.3204918,219.3999023,244.3300781,548.8522949,116.4572754,191,248.75,666.5,103.25,222,289,595.25,105.25,260,220,547.634552,116,257.4401999,238.671093,558.0190887,118.0562458,263.8324976,249.1482973,589.9512177,117.2047672,270,239.7895765,556.8554688,113.0337048
173,376,Mpumalanga,GBIF,e,14070694,29.9257,-25.9095,149.3395829,230.8899975,738.5,79.04547119,137.815918,245.5234375,632.5209961,73.46557617,107.5,245.75,792,67.25,137.25,251.5,753.25,71.5,170,220,677.9047394,83.21687317,170,230.1199436,706.2747955,86.71553993,180,244.950819,721.8701935,87.99358368,189.3147993,239.9627209,711.051712,87.77064896
174,377,Limpopo,GBIF,e,13956718,29.2889,-24.9711,201.1749935,271.5499973,551.5,80.81303787,192.3937988,271.9858398,429.9099121,94.77514648,163.25,275.5,572.25,72.5,191.25,283.25,532.5,74.75,233.4702778,261.4197206,518.9096222,85,232.1367788,261.4197206,539.5695648,89,246.5172911,280,581.8691406,92,250,270,561.2935028,92
175,378,Arusha,GBIF,e,11278818,35.9555,-3.44792,220.3795815,162.2500038,614.25,93.86915779,208.854248,201.6845703,376.6799316,129.8894043,184.5,174.75,483.25,94.25,206.5,155.75,614.5,86.5,248.1575871,180,578.4200592,90.70406532,248.837595,178.6787653,542.6222229,82.79636383,257.3050308,171.6491795,729.5985718,102.8179989,257.464056,169.8880768,734.6120911,100.0955639
176,380,Oromia,GBIF,e,10201473,39.9009,5.21642,205.5238914,170.6399918,669.3333333,104.7681885,177.4244792,215.3404948,710.5996094,126.8092448,165.6666667,182,708.6666667,132.6666667,187.6666667,179.6666667,750.3333333,111,230.34036,140,529.9519755,103.9929682,230.4983584,149.8311392,510.855601,100,245.575002,130,652.8344116,116.3829295,246.9304466,130,717.7123413,112.4110972
177,381,Limpopo,GBIF,e,13858329,30.5617,-24.1903,219.0870018,236.2080002,593.2,83.22237244,209.7146484,223.2476563,470.8082031,88.99882813,182.4,232.6,637,65.6,207.2,246.8,566.8,64.2,243.1271515,215.2154427,485.6835388,82.58193359,241.0149002,219.7258224,513.5342224,85.8532547,249.3713722,220.9424553,579.36073,92.0856842,259.0791817,210.1081772,528.8403625,88.77411652
178,382,Mpumalanga,GBIF,e,14065501,29.3782,-25.8565,161.7608356,239.5000029,670.5,80.92365074,146.8503418,276.8442383,561.6665039,81.52783203,119.5,268.75,709.25,66.75,145.75,281.75,678,70.5,188.2924557,230,648.6854706,83.57060051,188.3645535,240,672.6366577,87.39323807,199.7926044,249.8448801,696.4611816,89.05177689,203.4503126,240,689.2327271,88.26632881
179,393,Limpopo,GBIF,e,13832450,31.4367,-23.9586,223.4505558,221.5733401,533.5,79.61276245,217.2955729,220.6993815,400.6860352,90.40641276,188,238.6666667,548.6666667,71.33333333,214,250.6666667,489.3333333,69,250.1360671,200,482.4529215,83.80667623,250,200,511.9467519,86,259.7439289,200,604.1827494,96.87715276,266.529967,200,546.2359212,94.38078308
180,397,Rift Valley,GBIF,e,10797100,36.8646,0.426266,184.7454119,179.9800014,825.5,64.74994564,176.7158203,253.4960938,538.8237305,90.1237793,151,207.75,556.5,71.75,172.25,202,729.5,61.5,211.1412382,158.0875731,657.6482086,44.07983589,215.4174566,159.9624038,623.9717255,42.62548065,223.4755182,140,924.1875763,65.85349846,228.1211472,130.0379109,984.6111755,67.6021862
181,399,Free State,GBIF,e,14402104,25.3367,-28.5795,174.1258335,331.5000153,468,70.01919174,161.3754883,317.4189453,308.8991699,95.95581055,128.25,309,477.5,62.75,159.75,315.75,433.25,59,209.7047567,290,492.8931808,73.58128738,210,296.6918325,483.7908325,74.64159203,220,300,476.5539017,72.2349987,220,300,483.8833847,71.14897919
182,401,Amara,GBIF,e,9605773,39.9037,10.007,220.0012445,210.4100037,775,82.20892143,194.8276367,288.0129395,1479.175293,79.54956055,188.75,256.25,1249.75,112,208.5,229.5,1392.25,59,256.1236429,177.2935629,811.1687317,110.3947468,257.7685165,182.5598669,778.1033936,109.430954,263.1764126,172.3220825,948.6091614,92.92632675,267.0608521,163.9921618,976.9689636,87.9448185
183,403,Rift Valley,GBIF,e,11024974,34.9485,-1.40174,198.2972209,153.9333375,1125.666667,40.42368062,190.7125651,227.3639323,745.2265625,76.73046875,167.6666667,171.6666667,834,48,187.6666667,155.6666667,1155,32.66666667,230.7393583,140,833.306783,44.9458758,230.7393583,139.9186261,826.336792,44.39247004,237.3526764,141.0524972,1056.484131,54.30402883,239.4889386,140.0490443,1103.004395,51.50307083
184,404,Northern Cape,GBIF,e,14759390,19.772,-31.4387,154.5923328,279.1920013,230.2,28.29181061,138.8298828,265.6490234,180.0697266,45.65820313,107,276.2,313.8,32.8,142,276.8,264.6,40.6,178.3337059,270,233.610437,38.29334335,179.9924507,270,235.857901,39.39601517,187.1172791,280.3824272,222.9647736,33.3348732,190.5548172,284.4704399,224.7297607,32.42616005
185,406,Mara,GBIF,e,11154472,34.8497,-2.42099,203.2654142,157.0400023,822.75,59.18178368,196.3916016,196.1108398,478.5732422,74.13330078,173.75,157,602,52.25,195.25,142.25,791.25,47.25,240.3322029,139.3852615,686.2500153,68.63644218,240.5890322,140,697.6604767,69.72826958,246.693716,140,912.0080566,81.37364578,248.8795996,140,919.5898895,79.4907341
186,408,Central,GBIF,e,13614831,28.9761,-22.2279,222.2346687,271.1040115,332,86.89562836,213.4615234,266.8115234,279.8300781,118.3734375,186,273.2,344.6,82.2,216,285.6,299.8,81,268.2850838,220,293.7145203,94.30372772,260,221.1235733,301.7060059,94.27100372,270,240,341.0166809,103.8226593,279.9188805,236.7366982,320.8006104,101.9694
187,409,Limpopo,GBIF,e,13987780,28.53,-25.2129,194.7491693,266.1000013,569.75,82.85891914,184.0825195,271.6704102,475.8632813,91.45117188,156.5,265,615.5,72,181.75,283,584.5,76,229.4345856,249.8303938,547.8157501,84,229.158392,250,567.8740234,87.87565231,239.3256998,268.9171171,624.4902802,91.91111755,247.6757383,260,605.2693481,89.92622185
188,411,Gauteng,GBIF,e,14008497,28.3831,-25.384,191.8620777,263.1900024,585.25,81.14945412,178.5708008,270.2990723,504.0671387,87.90380859,152,260.25,649.5,69.25,176.75,281.5,614.75,73.25,222.6184511,240,587.5497894,83.0187149,221.6970873,245.5506372,606.5607452,86.96630859,232.2252321,260,667.5593719,90.12849808,239.4225264,257.4559212,651.0271912,88.99401093
189,413,Limpopo,GBIF,e,13723670,31.4354,-23.1089,227.6950026,253.0700111,435.25,82.36558533,220.0974121,228.5322266,327.3483887,109.3725586,186.75,254,457.75,76.5,220,258.25,404,73.25,260,200,438.2384796,88.31918335,260,190,460.2726822,89.9568367,269.5875597,200,559.4414215,109.0860062,270,200,508.710228,104.9948406
190,416,Oromia,GBIF,e,10185925,39.5768,5.33566,199.7758341,176.2099934,739.75,97.73239326,169.1391602,209.0766602,691.4399414,127.4956055,156.25,182.75,695.25,131.5,178.25,172,743.75,109.75,219.8790359,140,759.1863403,104.9741116,219.8438835,150,732.7815552,100.0468655,234.4268322,130,956.161911,116.2787113,235.6458998,130.6593299,1033.290909,112.0219364
191,418,Gauteng,GBIF,e,14127631,28.1263,-26.358,160.3820848,271.4599991,682.25,77.21887207,153.7961426,278.9345703,569.6142578,81.87841797,126.75,261.75,718.5,65.25,152.25,279.75,686.25,69,189.6056318,239.9135685,638.9055176,81.8499012,189.6056318,250,649.7667389,83.99270821,200,260,671.9723511,83,201.4197397,260,690.7767181,85
192,419,Western Cape,GBIF,e,15132365,20.3964,-34.4552,175.5397224,187.6733367,427.5,30.95944786,165.0985641,181.8567708,503.1155141,23.02713458,140.8333333,267.1666667,554.1666667,24.5,169,200.3333333,556.8333333,29.83333333,188.4504159,162.4233357,439.3210704,23.37901688,188.8085874,166.8316317,429.8368225,25.72097556,190.0047716,172.8099505,448.751297,28.27161535,198.0158202,173.9679209,431.9097188,29.94289271
193,421,Rift Valley,GBIF,e,11050881,35.2332,-1.5935,193.8250033,154.9199963,933,51.62139384,183.3268229,224.5426432,567.6835938,87.34798177,160.3333333,171.6666667,687.6666667,57.66666667,180.6666667,154.3333333,944.6666667,43.66666667,222.412866,145.2411334,897.3846029,54.56915156,223.1337992,141.7723465,889.0422567,54.68575414,226.6865476,140,1162.546834,61.5482432,228.1151517,139.9019114,1210.551758,58.79659398
194,424,Rift Valley,GBIF,e,10879981,36.9039,-0.234497,164.2433421,175.6400045,832,52.0496254,156.398112,256.0621745,583.5882161,96.31510417,130,210,679.3333333,60.66666667,152.6666667,191,894.3333333,51.33333333,189.4201469,140,1042.192851,47.79560089,189.8730532,139.8159854,977.6144409,45.79462941,198.9027977,129.2139244,1410.693644,59.13769786,199.6621132,128.5908826,1499.6073,59.18550746
195,425,Arusha,GBIF,e,11226996,35.0203,-3.01284,193.7291622,166.8599987,701,84.18643761,186.8737793,190.1914063,455.7832031,70.65014648,163.25,154.5,558.75,72.5,185.5,139,724.25,72.75,229.6880293,150.3634763,658.3740387,83.14765358,229.8603725,160,669.1217499,86.63348579,231.8838024,153.9797187,884.8332825,89.01156616,238.5407591,158.2313871,894.0794525,87.70862007
196,428,Western Cape,GBIF,e,15116778,18.4351,-34.2969,162.4725501,136.0990969,547,66.55275472,150.162262,128.6330922,622.6195679,55.1997687,129.6666667,174.3333333,712.5,58.33333333,155.3333333,141.5,718.3333333,66.16666667,176.6825072,66.33242607,769.8171488,64.03001277,177.1816285,67.60693391,737.456604,64.75291888,180.8465672,67.70534515,778.0258179,59.97593371,185.8546098,68.80105019,737.9988912,61.41471163
197,429,Gauteng,GBIF,e,14039587,28.8253,-25.6446,174.1779184,243.5199976,666.75,80.95641899,159.079834,264.5273438,561.7775879,81.63623047,135.25,251.5,699.5,69,157,274.75,676,72,198.4749365,231.3923025,692.773941,81.78966713,197.8838253,240,714.79953,84.74350739,208.4459639,250,769.0876465,87.72794724,211.5683603,241.2910032,756.1448517,86.48592377
198,431,Mpumalanga,GBIF,e,14034410,28.945,-25.59,177.777915,242.0000029,676.25,80.79946136,162.3894043,267.3190918,552.1035156,82.47753906,137,257,693.25,68.75,160.25,276.75,665,71.5,198.1159353,230,729.4003906,82.50971031,197.7746344,240,755.3583679,85.85272026,209.0809393,250,808.9522247,88.85454559,213.5096931,240,793.7906036,87.98926353
199,432,Rift Valley,GBIF,e,10900685,36.2106,-0.408207,173.1999969,182.699995,708,39.90790367,165.1442871,254.9816895,594.779541,75.99121094,138.5,221,613.75,58.5,162,198,823.75,44.25,203.5032082,140.0245762,884.6465759,29.34008646,204.8937845,140,840.4730835,26.40186453,209.4910622,140,1160.248749,38.87187958,213.2379198,130.2000332,1238.930298,37.0424509
200,433,Arusha,GBIF,e,11216646,35.4484,-2.95689,210.534997,174.7900009,498,83.95516396,199.8808594,198.0549316,234.7478027,109.7453613,176.25,164.75,381.75,73,198.5,145,496.5,68.75,239.7425365,140.0367808,1359.686981,79.2769413,239.7425365,140.0367808,1353.367615,79.70776939,248.2236814,139.1500115,1789.609955,87.41771698,249.3574524,139.9627233,1797.662628,85.02650452
201,435,Oromia,GBIF,e,9745633,39.8913,8.905,247.8049978,219.2266591,631.3333333,80.06344096,220.8639323,287.4345703,789.273763,105.6865234,211,247,686.3333333,137,230.6666667,227.6666667,648,81.33333333,284.8821259,167.1343803,597.0835368,94.41402435,285.8278529,180,576.1320597,93.35728963,288.0971591,169.8161952,734.8720703,79.47342428,295.8630308,160,784.1871948,76.26092784
202,437,Western Cape,GBIF,e,14982091,18.136,-33.2319,163.4874392,162.3141456,348,69.53754234,167.1029472,162.4165878,285.7888107,57.76953125,144.25,185,383.75,66,171.5,173,372.25,71.75,180,138.1412172,339.3908844,70.96323204,180.1018858,136.2510586,331.6805191,70,190,140.9279823,323.6928635,64,193.1164026,145.5461574,319.7605286,66.06917
203,438,Iringa,GBIF,e,11770894,34.9441,-7.40688,222.0933406,175.7600085,541,110.4733098,215.3190104,163.5315755,405.2434896,117.1451823,186,173,488.6666667,109,211,172.6666667,546,110.3333333,257.2360802,168.3538246,611.7018229,112.5713247,259.9513944,170,618.4586995,117.6061783,260,180,761.204305,112.4492289,260,196.9332949,776.1045532,115.0363871
204,439,Northern Cape,GBIF,e,14479780,24.3503,-29.1734,178.1486664,318.9519958,400.4,70.91560211,160.3099609,324.4972656,269.5503906,85.30664063,126,314,440.2,60.2,159,322,390.8,56,204.5998344,300,424.1394104,66.10243988,208.8924217,310,408.952063,64.66671906,220,310,408.3032227,65.23924713,220.7882614,310,415.7965942,65.99633026
205,443,Limpopo,GBIF,e,13982593,28.2483,-25.1755,192.559166,272.1700001,565.75,82.29376984,185.0380859,271.3132324,451.3676758,97.7590332,157.25,264.5,597,71.25,183.25,282.5,561.25,75,229.357419,240.3276253,509.9424896,84,228.7494755,250,525.8933563,88,238.84161,270,579.7723541,91.28552055,240,260,565.5469971,90.15163422
206,445,Free State,GBIF,e,14241587,27.9753,-27.2914,154.8433375,297.1500015,679.5,71.67741585,147.2902832,298.7397461,525.5551758,79.32421875,115.5,290,686.75,58.25,147,291.75,640.25,62,180.3447056,250,693.7989197,75,180.4174614,261.1381483,697.1024628,76,192.2118616,260,701.6535645,75.01476097,200,260,728.6179657,77.00372696
207,446,Manyara,GBIF,e,11346160,36.0001,-3.99133,210.5558395,153.6500025,668.25,91.70071983,201.0300293,196.4606934,485.3571777,117.498291,176,172.5,587.5,94.75,196.75,157.25,741,88,239.3168783,167.5549889,905.9810333,92.53115463,239.9949312,169.7429991,842.053299,87.98701286,245.325861,160.5658674,1079.809235,97.9747982,246.8095589,170,1101.232422,97.29007339
208,447,Northern Cape,GBIF,e,14624759,21.8066,-30.3503,183.9370871,331.4599991,203.5,62.5952425,176.3513184,321.1677246,91.68676758,97.2722168,140.75,327,235,66,177.5,338,187.5,56.75,217.8340483,310,204.0310936,56.59443951,220,310,204.9350471,53.89887905,225.8174849,320,197.7280655,52.42654324,230,334.3936443,197.1274033,49.56652832
209,450,Amara,GBIF,e,9621290,38.9249,9.91212,217.192502,190.449996,765.25,78.40293694,184.5695801,276.5895996,1131.3125,104.255127,178,223.25,1024.5,141,196.5,190.5,940,91,247.9960966,170.593977,975.572052,129.2197895,249.3126535,164.8773575,968.2541656,131.1440563,252.0258808,181.8203688,1128.032562,122.8423481,256.7674351,172.8890705,1168.100952,118.9465122
210,456,Gauteng,GBIF,e,14008502,28.6158,-25.4029,185.0429153,252.8400087,644.75,81.93122673,170.3395996,264.7392578,539.046875,83.56396484,144,254.75,680.75,69.75,167.5,275.75,651.25,73,212.5664997,237.0083284,605.2285767,82.91653824,211.969347,240,626.0209656,86,222.2379065,255.7954311,684.1564941,89.78081322,229.6337938,250,666.0420074,88
211,458,Limpopo,GBIF,e,13987779,28.4945,-25.2267,193.5216649,264.9600029,572,82.95594279,182.9905599,270.8284505,477.6197917,91.54720052,155.3333333,264.3333333,616.6666667,72,181,282,585.6666667,76,229.5924695,249.4299253,558.4441732,84,229.3887011,250,578.4440511,87.73077901,239.5245425,269.7962316,636.4893188,91.71639252,243.3827082,260,617.602946,89.89065043
212,459,Rift Valley,GBIF,e,10874775,35.8109,-0.183298,167.7975035,162.0000005,1003.5,44.18333626,159.3361816,244.0634766,798.3723145,77.04492188,133.5,196.25,791,63.5,155.5,179.25,1104.5,49.75,191.0229063,140,1069.402466,41.23582172,191.5212727,137.7423835,1050.829529,41.16469574,197.2886086,135.2208066,1391.323547,42.93089008,198.8076305,130,1482.661102,42.6149683
213,460,Oromia,GBIF,e,9978714,39.1229,7.0043,143.7716675,208.6200047,866.75,59.17799568,119.7905273,256.3444824,937.3969727,73.76953125,108,206.5,902,96.75,129.75,195.25,959.75,65,167.4133873,100,1274.978607,52.90020943,168.614521,110.731771,1271.827362,52.32738781,177.4133873,120,1586.470642,43.93228531,179.1167545,120,1742.738434,44.02943325
214,461,Rift Valley,GBIF,e,11030158,35.1104,-1.4167,199.515419,157.5199962,998.75,44.08974266,189.8676758,229.1411133,638.2255859,82.7121582,167,174.5,746.25,51.25,187.25,157.25,1036.5,36.75,229.9389696,148.9329529,784.2899628,47.61125565,229.9389696,145.0287771,777.706192,47.38814354,237.4337053,140.1806617,1006.680298,55.84873009,238.9185953,140,1053.129242,52.99884319
215,463,Rift Valley,GBIF,e,10947308,36.3517,-0.77108,169.7906685,155.5600033,656,51.12105484,163.7996094,240.1677734,470.8634766,90.00253906,137.2,209.2,530.2,69.4,160.8,184.4,685,49.2,199.7913971,140,737.9250488,37.0433197,199.9266968,139.9755058,694.1731934,33.20063553,209.5696297,130,988.4384277,50.38369751,209.8175735,129.9816303,1056.559778,49.72751617
216,464,Western,GBIF,e,10569053,31.5536,2.27891,253.7511063,154.759992,1103.666667,45.5159022,242.0429688,247.3883464,1195.923828,85.79166667,220.6666667,178,872.6666667,57,226.3333333,188.3333333,1184.333333,51.33333333,280,119.1376909,1144.148193,45.49718221,280,115.3136094,1107.74825,43.25800069,286.9047228,130.4157066,1296.050334,45.89657847,290,119.4568825,1381.329997,46.51467641
217,467,Limpopo,GBIF,e,13775469,31.3963,-23.5206,222.9966698,237.9920006,486,80.54917603,217.6074219,221.1658203,374.825,98.78671875,186,243.2,516.6,73.2,215.6,251.4,456.2,70,255.7483864,200,482.3731934,85.80059509,250.1447906,200,508.7457581,87.07658691,260,200,614.1937866,103.0632721,269.9908752,200,557.0847534,100.1359116
218,468,Limpopo,GBIF,e,13630421,31.0714,-22.3605,244.1733297,237.5866636,444.3333333,93.02009837,234.2125651,221.797526,339.7851563,107.5136719,204,241,442.6666667,85.33333333,235,247.3333333,388.3333333,81.66666667,269.9804751,200,423.7399699,91.85866547,267.0436605,200,445.521108,91.26670074,273.3177249,210,531.0869344,109.6811956,280,209.0655518,484.7332052,105.1835353
219,471,Northern Cape,GBIF,e,14314001,23.5547,-27.8442,160.5339985,307.7920074,448,81.32361908,147.9949219,312.0482422,362.1154297,93.42539063,114.2,292.4,565.4,73.2,145,307,473,67.2,184.2018318,270,465.6208923,78.24704132,186.1660042,280,447.3138062,77.83737488,195.7019501,270,458.9999573,76.06048584,198.2545509,277.2930908,462.7207275,74.03391266
220,472,Mpumalanga,GBIF,e,14246818,30.1244,-27.3327,137.4500012,233.9400005,763.5,75.95528984,130.7145996,246.3703613,668.9545898,64.58374023,100.25,238.25,812.75,61.25,130.5,245.75,777.25,66,156.7922139,210,881.2988129,77.65408134,155.393126,210.3593874,922.1779022,81.50008011,166.6803837,230,886.5483246,80.98984528,171.2614775,219.7652817,905.7923889,82.09656715
221,474,Eastern,GBIF,e,10776398,37.5902,0.590134,236.803751,160.3600073,468.25,101.95825,228.7822266,253.5759277,320.6062012,134.826416,204.5,200.75,360.75,102,225.75,188.75,475.25,98.75,266.9922543,150,457.4413834,87.23664856,269.2776918,153.5208273,429.3360214,90.83539581,278.8734055,130,636.8978119,96.73417854,279.5555162,130,691.2602234,100.2443333
222,475,Afar,GBIF,e,9693844,40.3594,9.32897,258.6904192,234.6799994,608.75,73.80072784,228.9611816,299.0800781,794.1359863,97.28027344,220.25,254.75,573.25,117,240.75,231,654.25,62.75,288.6378002,199.6269751,715.7639465,75.69761467,289.7392273,202.083993,673.2181244,72.28040504,299.9926853,177.9890871,876.3589935,64.5693655,299.9975586,175.5819988,941.3357697,64.2232523
223,478,Nairobi,GBIF,e,11019840,36.8509,-1.36835,196.4350001,164.1200066,752.6666667,75.06984202,181.6796875,201.2884115,521.0061849,119.280599,156.6666667,174.6666667,627,90.33333333,178.3333333,160.6666667,774.3333333,74.33333333,209.2342377,150,778.730896,63.89478556,209.45666,150.9363524,717.5890299,58.98681259,219.1289838,131.9844596,1053.769735,77.44499969,219.3887393,132.2457568,1119.957804,76.89087168
224,479,Rift Valley,GBIF,e,11024976,35.0251,-1.40267,199.1855558,154.8799928,1061.333333,41.45380529,190.0592448,228.2278646,694.7698568,79.08333333,167.6666667,173.6666667,792.3333333,49.33333333,187.3333333,157.3333333,1100.333333,34.33333333,230.5724653,143.3919112,805.9450073,45.99767939,230.5724653,140.1271598,799.2810872,45.65117772,237.1721331,141.1284542,1027.629517,54.80798213,238.5180028,140.0156244,1073.999186,52.09394328
225,480,Kwazulu-Natal,GBIF,e,14329716,30.8351,-27.9739,173.6833382,226.9099998,822.5,70.42795181,172.4628906,225.4562988,710.8579102,62.48193359,144.25,213,834.5,61.5,172.25,224.25,814,64.5,197.4857569,210,747.4268799,70.06751633,196.6789579,210.0939083,775.7821503,74.46733475,207.0375252,220,736.396759,73.21201706,210.29881,200.2691746,745.6074219,73.50493431
226,481,Central,GBIF,e,10957674,36.602,-0.851821,128.5550003,161.4160042,1355.4,58.57008133,118.4236328,215.0917969,948.5839844,97.98359375,91.6,187,1030.8,78.8,115.2,164,1305.8,60.4,143.55616,140,1372.057373,48.15498657,147.0848389,139.9816322,1283.328809,43.21945038,152.4587669,130,1814.811548,60.02961349,154.7961502,130,1928.146436,58.82938538
227,485,North-West,GBIF,e,13179537,21.7309,-18.7375,232.4962473,285.0699949,472.75,108.4731979,210.0529785,251.1723633,349.8371582,116.5944824,178.5,259.5,534.25,96.25,215,286,461.5,95.75,259.0890408,260,477.9133072,114.9235268,258.7425184,270,464.265686,113.8697529,264.7117615,272.8340912,506.344574,115.5310345,269.7833729,278.9698124,491.9690933,111.1398754
228,487,Mpumalanga,GBIF,e,14018865,28.7198,-25.4926,178.5758352,242.8399992,658.5,80.98536873,163.0368652,261.3405762,561.7731934,81.07006836,137.75,251.5,703.75,68.75,160.75,272,675.25,72.25,204.1280174,230,614.9711609,82.04591751,203.6545324,240,635.6496887,85.70972061,213.8331032,250,691.0785217,88.99974442,219.523921,243.8338184,674.9649811,87.70462799
229,488,Western Cape,GBIF,e,15075348,18.8375,-33.9774,169.9862528,213.0800056,719,62.83385849,153.0197754,195.7578125,747.0344238,57.10864258,130.5,244.25,881,59.25,157.5,209.5,859.75,66.75,179.8160982,182.2953081,2058.767242,62.19879436,179.9121237,181.2565517,2011.999512,62.53547764,189.3859386,185.6300879,2007.861633,57.9738121,189.9340916,188.5622072,1954.418365,58.17434692
230,489,Northern Cape,GBIF,e,14080826,20.422,-25.9589,200.5437517,338.9099979,214.75,93.15312767,186.7102051,338.2717285,141.0483398,123.2736816,154,343.25,253.25,88.5,182,364.25,219,78.5,240,310,191.2902565,88.54885864,240,310.4739523,184.7759018,85.25655746,250,300,188.2543068,83.69180107,253.4099436,308.7385273,187.5111809,83.43897057
231,497,North-West,GBIF,e,13977410,28.0847,-25.1646,195.809164,281.5399981,579.75,82.01496124,187.2275391,274.8901367,457.3588867,97.94165039,158.5,268.25,606.25,72.75,185.25,286,567,75.5,230,249.7950506,517.9399261,83.99365234,229.9519777,250,531.7115173,87.29468727,239.9672842,270,584.7866364,90.84557724,240,265.0067282,572.293869,89.62398338
232,498,Rift Valley,GBIF,e,10797071,35.6482,0.453372,230.8383306,163.320001,911.3333333,48.75980632,215.0266927,249.2513021,730.7431641,81.86621094,189.3333333,193,708.3333333,71.33333333,209.6666667,180,971.6666667,56,253.4977913,148.7427266,784.3144531,55.12188085,255.0576274,140,769.4570923,52.11509196,258.1181971,134.5404847,1104.142537,60.54197693,260.3879865,132.1300602,1160.070231,57.8643837
233,505,Northern Cape,GBIF,e,14422810,24.7553,-28.7375,180.9629202,310.7799864,448.75,72.03783226,170.5368652,313.315918,303.2124023,88.91601563,137.25,299.75,472.5,62,168.5,311,422.25,59,210,290,457.9545288,70.19519424,210,300,444.9838715,70.0071907,220,304.9544859,445.8616943,69.88699913,226.4917326,300,452.9264755,69.69967651
234,507,Arusha,GBIF,e,11268475,36.6275,-3.3564,198.0116653,165.3866768,844,91.80641937,185.1673177,203.773763,741.2659505,119.8779297,162,171.6666667,781.6666667,106.6666667,182,153.3333333,996,91,210.9055074,169.7725805,862.1379191,84.01944224,212.5600243,166.598835,800.7262166,78.29495494,219.8456256,160,1085.827922,95.72648875,220.809377,160,1097.438883,92.01458232
235,513,Oromia,GBIF,e,10346475,38.3267,4.04846,197.6108313,162.980001,615.75,82.64509201,160.3703613,212.8056641,524.2094727,119.9655762,142,183,521.25,117,160.5,186.25,667.25,92.5,210.2361202,148.9581537,798.7838287,77.9893856,212.0381927,149.6236849,770.1412659,73.88369179,223.8477612,131.9519544,1015.597961,94.85700035,226.6117573,138.2716012,1094.140137,94.03451538
236,518,Mara,GBIF,e,11045693,34.9081,-1.56917,206.8622271,151.7199961,1036.666667,43.52650452,197.2607422,221.5732422,669.7802734,80.99414063,175,167.3333333,774,48.33333333,195.3333333,152.3333333,1055.666667,33.66666667,238.7699636,140.0497055,760.0996297,48.27595901,238.7070402,140,752.2639567,47.2136205,241.0492198,149.6410656,966.9280599,59.0425504,243.9843241,144.8620701,1005.62911,56.61381531
237,520,Western Cape,GBIF,e,15080566,20.431,-34.0305,182.1476669,226.2240028,378,26.25513725,169.8488281,231.2417969,509.3742188,21.06445313,144.6,301,583.2,22,174.2,252.2,562.2,23.6,190,213.8303909,545.6843811,18,190,219.8674622,535.106781,17.4755909,199.5585709,230.9588242,548.7037598,23.13292847,200,234.2815781,535.7214661,24.77057762
238,521,Limpopo,GBIF,e,13915264,28.6929,-24.6533,189.1191626,270.8400011,571.25,87.3534584,182.0986328,253.2705078,477.7380371,91.0012207,153.75,258.25,606,75,181,267.25,569,77.75,222.1602392,229.9775457,555.2169952,86,219.9850321,233.5273838,575.0600128,89,230.2858591,256.3317919,636.3148193,93,239.7737932,250,615.5463409,92.40484619
239,523,Oromia,GBIF,e,9978722,39.4313,7.0208,146.7479181,202.6600075,886,55.00566483,122.2385254,256.1906738,934.9609375,76.74731445,111,213.75,928.75,99,133.25,207.25,950,68,166.3938785,90,1664.14798,62.71720695,167.4196053,103.2353425,1661.443634,62.10060787,176.1609697,111.0725856,2036.225494,51.96908474,177.8266382,110.4944515,2243.491669,51.00258064
240,524,Western Cape,GBIF,e,15137546,20.4274,-34.4644,175.5095816,187.1900082,428.5,31.12129688,165.0135689,182.3251953,507.1234665,22.88982296,140.75,267.25,557.75,24.5,169,200.75,560,29.5,188.3717346,158.8837171,447.60289,22.84619617,188.5265064,163.5044837,437.8176498,25.15957451,190,169.5948267,456.9761047,27.92490435,198.0525398,170.6534147,440.0848389,29.59487629
241,526,Oromia,GBIF,e,9999451,39.807,6.85903,60.83666801,177.493337,1339.666667,55.10135396,32.65136719,204.7333984,1392.26237,52.45442708,21.66666667,163,1336.333333,70.66666667,44.33333333,149.3333333,1467,46.33333333,73.59108766,80,4308.607992,54.90198644,74.09259955,90,4298.278483,54.10443497,83.90467962,100,5289.280273,49.58376821,86.64360364,100,5847.609375,49.54544576
242,527,Mpumalanga,GBIF,e,13982598,28.4485,-25.203,192.6579189,266.8900061,579,82.70636177,182.3459473,270.074707,478.2700195,91.81103516,154.5,263.25,618.5,71.75,180.25,281.5,586.75,75.5,230,248.7150288,562.5409393,84,229.3177509,250,582.3899078,87.78444481,239.5735931,270,641.3070374,91.64081001,241.198616,260,622.765564,89.96284294
243,528,Mpumalanga,GBIF,e,13977428,28.861,-25.1267,200.0995827,259.260006,556.5,83.01075554,188.3237305,271.7858887,459.6567383,91.65820313,160.25,270,599,73.5,186.5,284.75,567,77,230,246.782465,532.6925507,84,230,250,553.7150726,87.08871651,240,260.6473494,602.982605,92,248.6101675,260,582.3448486,90
244,532,Northern Cape,GBIF,e,14407164,20.3365,-28.5923,208.4591627,315.7800007,152.25,74.49996185,193.7236328,304.3942871,46.98901367,105.3813477,159,312.75,165.5,72.25,195.25,321.5,135.5,64,241.0458231,320,120.8048153,64.30951118,241.9338417,320,119.8141594,61.95365524,251.1337137,320,121.5061321,61.78579712,258.0925798,330.3653622,119.270256,58.18479061
245,535,Western Cape,GBIF,e,14982184,22.0367,-33.2226,170.8637524,277.590003,216,25.1415472,147.5986328,259.9526367,145.3449707,56.03979492,120.25,283.5,215.75,23.25,150,281.25,207.25,19.5,193.6576033,248.5141563,278.8491249,20.65489197,195.0504971,257.2166348,281.9503174,19.25002337,205.0363398,270.1177931,271.6176796,20.0545969,207.9160404,272.1773529,275.7162552,22.10555506
246,539,Northern,GBIF,e,10558691,31.4664,2.33376,252.9833317,163.1599951,1005.25,45.75206661,241.1291504,247.8515625,1144.950684,88.58081055,219.75,186.75,820.25,59.5,226.5,189,1106.5,53.5,281.0193253,114.0119791,974.1183319,45.23291016,282.8002167,109.9499536,941.7090302,42.8197298,288.7559462,127.7479744,1098.097656,45.81238651,293.4686565,115.3127742,1172.937622,46.45764732
247,540,Sofala,GBIF,e,13122881,35.241,-18.271,242.2699976,191.8800068,1043.75,88.71463585,231.0466309,177.5253906,1265.92749,99.06860352,215.25,192.75,992.75,100.25,237,208.25,1030,82,260,170,1046.49707,93.55021095,256.9464827,180,1179.045319,97.72946167,264.175992,190,1100.889984,92.34394455,270,188.3624649,1049.504974,93.83496284
248,548,Eastern,GBIF,e,10817850,38.1058,0.279485,230.7250023,146.7400026,699,114.8424301,225.3217773,242.5134277,485.5183105,150.9592285,201.5,194,520,123.25,222.5,182.5,670.75,116.75,258.5594082,120.233078,964.0978851,95.19272804,261.4433146,129.886055,890.8203735,99.51401329,271.0150957,110.378902,1284.547058,103.7745304,273.6234903,110,1339.74588,106.7042351
249,552,Oromia,GBIF,e,9683460,39.3448,9.41395,136.4641666,197.050004,1092,114.2073994,106.8986816,252.1064453,1257.982178,112.3588867,97.5,207.5,1326.75,157,116.5,189.5,1137,104,145.4902959,140.072751,1884.077881,116.2141476,147.6589489,149.322834,1846.301331,117.6545429,150.4490471,150,2219.887329,102.4817314,157.2528577,140,2348.324707,98.72998619
250,553,Afar,GBIF,e,9740457,40.0619,8.92948,248.4424973,231.9699955,651.5,76.81129646,221.2241211,287.4682617,834.2819824,100.9262695,211.25,249.75,722.25,128,231.25,225,720.75,72.5,277.5916338,169.0934372,756.6732788,83.31370163,280.031743,180,722.0093994,80.52035332,289.2550421,159.9780297,925.1284943,68.08327675,290.1168728,156.2007451,992.0575714,65.91070461
251,555,Northern,GBIF,e,10372266,33.7651,3.83685,231.0966682,163.5099983,791.75,57.33421803,218.894043,211.8054199,821.3266602,101.7612305,196.5,160.5,543.75,78.5,212,157,629,64,256.4566517,150,865.0299835,53.51256943,257.3407793,141.8124557,834.4883118,50.52379513,255.998497,149.9177909,1257.365509,61.34839439,257.0357847,148.539598,1294.896912,58.9959898
252,557,North West,GBIF,e,14189750,26.457917,-26.874583,170.4658365,281.5999937,612,75.65740395,157.9067383,280.4440918,486.6860352,90.95166016,124.5,275.25,684.75,68.5,157,279,611,66,199.5026064,260,586.3392639,77.98846054,199.6909142,270.0729132,584.2229614,78.84580421,209.6909142,264.5630789,614.1286926,79.0259304,211.6576147,260.8852339,637.1612091,81.11201668
253,559,Free State,GBIF,e,14624854,25.79125,-30.374583,152.9770827,322.509985,433,61.49274063,142.3830566,301.5100098,319.0534668,75.32983398,110.5,303.5,493.5,52,141.5,312,437.25,49,183.876152,289.7264051,508.5670319,61.05520344,188.8448763,290.1093674,507.6155701,60.56378078,197.7776432,291.9303179,493.1799088,57.19561768,201.6272545,289.7264051,517.8819733,55.8077364
254,560,Northern Cape,GBIF,e,14718070,24.79125,-31.124583,147.6041675,332.4200058,361.75,57.69987774,129.699707,302.1633301,255.8649902,67.47290039,97.75,309.75,414.5,55,129.75,319,370,51.5,176.5981483,289.2130566,384.63797,65.15011215,179.3196678,289.0418339,377.8237,60.1971817,189.7114277,300,355.3950958,58.89262676,193.1763077,299.4007158,375.8796234,57.03369141
255,561,North West,GBIF,e,14231178,25.957917,-27.207917,168.2329178,328.9600086,572.5,73.967453,162.9506836,298.6906738,451.5847168,91.67724609,130.5,295.5,650.75,66.75,161.75,301.5,574.5,64,200,270.1163721,525.6902466,77.0596962,200.0364542,280,522.9091339,78.93457413,211.5432405,262.2699785,533.3516541,77.39490318,220,260.5947208,550.3092804,77.97318077
256,562,Northern Cape,GBIF,e,14728432,24.874583,-31.207917,146.7287493,314.1199923,385,56.70302105,125.0620117,295.7805176,282.3395996,63.49560547,93,305.5,444.5,52.25,124.5,314.25,395.25,49.5,168.9238214,280.0829792,399.5417709,65.92992401,171.2183189,280.0331926,392.8276291,61.36576653,181.8752241,299.541111,370.5749054,60.83778477,188.5511017,290.0829792,391.9309082,59.20528793
257,564,North West,GBIF,e,14220776,24.207917,-27.124583,175.5866671,307.7600002,477.5,80.81258392,160.6594238,315.4880371,361.5031738,101.4572754,128.75,295.5,562,73.75,157,313.5,482,67.5,200,270,483.3366699,80.0594883,200,280,470.7117386,81.08712578,210,270,482.7632828,79.01690292,212.5744247,264.6961308,487.2256088,78.7715435
258,565,North West,GBIF,e,14169034,26.624583,-26.707917,170.558753,282.5499964,593.75,76.38327217,158.4985352,282.2768555,480.3925781,92.26782227,127,275.5,672.75,68.5,158,280.5,603,67.25,199.827137,260.2187395,550.5809784,79.86136436,199.827137,275.0738478,550.3578033,80.25888443,209.827137,270,579.7230377,80.57606506,217.5923395,270,601.0303955,82.59666824
259,566,Western Cape,GBIF,e,14831974,22.457917,-32.04125,131.507082,293.9500046,280.25,48.15139008,121.5708008,277.6550293,207.3237305,50.18847656,90,292.25,325,40.75,124,296.25,285.25,34.75,160.6775379,266.2689018,275.4915161,44.98906326,161.8817902,270,281.0818787,42,172.2415113,275.9647226,267.6269302,39,173.6509848,280,276.6965332,40.56178093
260,568,Free State,GBIF,e,14531616,25.874583,-29.624583,159.5329189,332.5300121,457.75,62.83769035,151.418457,314.1486816,312.8642578,83.22924805,118,313.25,484.25,55.75,151,317,433,53,190.2275324,310,480.1093369,67.25058937,194.8435879,310.9050322,475.2139206,67.51439285,209.8100567,304.9356508,460.6288834,64.49707794,210,304.6275425,470.8920288,62.23005104
261,569,Free State,GBIF,e,14500544,26.207917,-29.374583,154.4533348,329.1399956,516.25,64.50702095,148.2087402,310.7709961,397.9194336,76.74291992,114,308.5,576.25,55.5,147.75,314,516.25,55,189.5832825,303.7742138,559.5214996,69.59080887,190,310,552.6640625,70.36833382,200,300,545.0321655,68,207.3766041,298.2862902,555.0549927,65.39631271
262,570,Free State,GBIF,e,14614494,25.79125,-30.29125,146.6020846,321.2699986,444.5,61.28404903,135.980957,304.3981934,326.7646484,73.29516602,103.25,305.75,504.25,50.75,134.75,314,445.5,48.75,179.4415665,280.8771181,542.3799133,61.94359207,180.3496075,290,542.2367859,61.6832571,190.1806641,290,526.8408585,58.06023121,197.9890919,280.8771181,551.0358276,56.32188797
263,571,North West,GBIF,e,14220774,24.124583,-27.124583,175.6541681,304.5099974,473.75,81.10692215,160.3920898,314.6484375,361.6584473,100.7770996,128,296,560.25,73.25,156.75,313,480.5,67.5,200,270,465.6001968,79.22628021,200,280,452.2690125,80.03420067,210,270,465.1446609,78.22398758,213.2080698,267.7172422,470.0944901,77.99155235
264,574,Limpopo,GBIF,e,13930812,29.04125,-24.79125,197.6999998,273.5599995,541,84.42830849,188.8222656,267.3666992,432.9970703,93.12353516,160,269.25,569.5,75.5,187.5,278,534.5,77.25,230,251.3763762,532.952713,85.85046196,230,252.0632076,553.6138763,89.402174,240,270,604.7823029,93.44448853,249.1024399,262.4190331,582.1943512,91.9030304
265,576,Northern Cape,GBIF,e,14417628,24.707917,-28.707917,182.0675039,313.5400057,445,72.4940834,171.3862305,315.6459961,301.2399902,89.78710938,137.75,302,470.75,62.5,169.25,313.5,420.25,59,210,290.396719,441.705864,70.13119316,210.1516628,300,428.9293976,69.91516304,220,308.9714527,431.0831757,69.9862175,228.8462257,300.396719,438.0840454,69.99345779
266,577,Northern Cape,GBIF,e,14914812,20.707917,-32.707917,139.0637493,286.2599993,228,22.17327929,121.4013672,281.026123,144.8022461,52.58691406,89.75,300,235.75,28.5,123.25,299,210.75,29.75,165.514307,261.5480852,316.3454514,28.29798269,167.7027988,273.0485773,321.5833206,28.52278423,173.1541061,279.2552996,313.7414551,25.54740381,176.7773438,280.0983143,310.6306458,23.7316947
267,579,Free State,GBIF,e,14397000,28.54125,-28.54125,123.7045813,248.3899927,816.25,65.40893745,115.2766113,261.5930176,764.6713867,61.12475586,82.75,256,926.75,50.25,113.5,264.75,854.75,55.25,142.7539039,253.9221954,923.484436,71.36404991,142.898283,259.3902588,930.5930939,72.68123055,155.4080439,246.5035295,900.0268097,69.56606865,159.8087454,241.7564344,937.7970123,70.83007813
268,580,Free State,GBIF,e,14397002,28.624583,-28.54125,115.7695842,240.1100016,844.5,66.03680992,105.4543457,256.5678711,814.6396484,60.05322266,73.75,250,968.75,50.75,104.75,258.75,901.75,55,136.0545492,247.9187727,1004.320709,72.45639038,136.4817858,251.1675739,1013.91835,73.95323181,148.368361,240.0488281,978.1184082,70.78543472,152.6090956,239.0519524,1017.459137,71.88710213
269,581,Western Cape,GBIF,e,15090938,20.957917,-34.124583,180.0300026,232.1499968,407,19.27415037,164.9245605,221.848877,447.0925293,26.19897461,139.75,294.5,507.25,22,167.75,242,494.75,23,183.2438278,178.4168482,466.1467438,18.51272964,185.0922918,182.0612097,454.237175,18,190.1333046,191.4336014,464.4994202,25.72158575,193.664403,193.0802488,452.9759521,27.5138731
270,582,Limpopo,GBIF,e,13982602,28.624583,-25.207917,196.4450026,267.1499968,565.25,82.32873917,185.526123,272.4875488,472.0986328,91.41113281,157.75,266.75,612,72.5,183.5,284.75,582,75.75,229.9640274,244.6690083,536.5838318,84.10337448,229.8561192,250,556.9999237,88,239.9280596,261.3018465,611.380188,92.03789139,248.5486841,260,591.5289154,89.99280548
271,583,Free State,GBIF,e,14521258,25.957917,-29.54125,158.2174993,331.6400051,471.25,63.48414803,150.3117676,313.4975586,335.2092285,81.51831055,116.5,313.75,506.25,55.75,149.75,317.25,455.5,53.5,190,310,515.5201263,68.12066078,191.3332939,310,509.5280075,68.61283112,208.8305044,300,496.5330811,66.03870773,210,300,506.9024124,63.71012878
272,584,Free State,GBIF,e,14459092,25.707917,-29.04125,167.0841694,333.2299995,463,66.19987106,159.1022949,316.6337891,314.9394531,90.45166016,125.25,311.75,488.5,59,158,314.75,438.75,56.75,200,302.7055168,541.0041199,69.53516006,200,310,532.9599762,70.21022797,211.2978458,300.0663805,523.8560791,68.04263878,220,307.4367666,534.0967865,66.14391708
273,585,North West,GBIF,e,13992926,27.124583,-25.29125,189.0145874,268.010006,672.75,79.11176109,180.940918,272.9650879,524.2526855,88.62817383,151.5,265,695.75,71.25,178.5,283,642,72.5,214.3358421,240,620.7852478,80.01118279,213.7469625,249.9632215,625.9520721,82.74099159,221.2726784,267.2549677,698.6300659,84.93242264,226.0500288,262.6049185,693.9610901,85.22907829
274,587,KwaZulu-Natal,GBIF,e,14438466,29.624583,-28.874583,174.9412489,260.1900005,808,73.43450928,165.949707,277.6992188,669.2792969,69.36303711,134,269.25,803.75,64.75,165,278.5,754.25,64.75,189.6494198,258.7631989,820.9724579,79.57094002,189.5625019,259.1902781,837.6171112,81.13497162,200.0864315,261.8425179,791.4677277,79.04264069,208.4699154,258.7631989,820.821167,80
275,588,Free State,GBIF,e,14531618,25.957917,-29.624583,158.0345821,332.9400063,465.25,62.97545528,150.2456055,315.0639648,324.4304199,82.32714844,116.5,314.5,496.5,55.25,149.5,318.25,445.25,53.25,190,310,482.4225693,67.45493698,193.463645,310,477.6047821,67.9120121,209.6621132,300,464.2470016,65.01524353,210,300,474.2160873,62.42808247
276,589,Northern Cape,GBIF,e,14718074,24.957917,-31.124583,148.1708336,315.06001,389.5,56.828866,124.9968262,299.9282227,287.3486328,64.45214844,93,308.5,451.25,53.25,124.5,316.75,401.75,50.25,169.6597624,280,394.037056,65.4107151,172.8306437,280,387.1954269,61.16148663,183.1050491,292.7100182,366.2719116,60.42663765,188.0702925,290,387.3157883,58.85719013
277,591,Limpopo,GBIF,e,13920454,29.124583,-24.707917,199.4954157,277.2000074,529.25,84.3166523,190.6447754,267.8898926,421.6096191,93.42675781,162.75,272,554,74.75,189.75,279.25,520.5,77,230,256.3925219,503.7541428,86.84004211,230,255.8140755,523.4664307,90.59455681,240,270,571.5050049,94.58192253,250,265.832448,549.8192139,93.16498375
278,592,North West,GBIF,e,14189752,26.54125,-26.874583,172.7233362,283.5400057,599.25,74.92264175,159.8447266,284.5200195,481.125,90.71313477,127,279.5,675,67.5,159.25,282.25,605,65.5,200,261.8906736,569.9745941,78.00896835,200,274.2240047,568.0852509,78.85285378,210,269.9502134,596.0378113,78.94973946,219.4509125,268.8329315,619.0099182,81.06085587
279,594,Western Cape,GBIF,e,15101276,20.04125,-34.207917,172.5150013,228.0300093,457.75,29.67974329,155.630127,208.2155762,461.1003418,22.39331055,130.25,287.75,527.25,26.25,159.25,227.75,519.5,31.5,180,219.1093874,428.0936813,23.34243155,180.0165939,220,418.5304184,25.07763052,185.8639669,226.5779924,437.1963654,27.97456598,189.993,227.8177404,419.7331543,28.68288612
280,595,Free State,GBIF,e,14448736,25.874583,-28.957917,167.2833395,334.5800114,478,66.36541748,160.4853516,319.5021973,328.2868652,89.42407227,126.75,315.75,500.5,59.5,159.75,318.5,449.25,57.75,200,300.0527382,537.3082428,71.81680489,200.1992083,308.1541443,530.6158447,72.86029243,213.6410666,300,524.4314728,70.15516472,220,300,532.3123932,68.09852219
281,596,Free State,GBIF,e,14583406,25.457917,-30.04125,153.7270856,327.6399994,434,60.82317638,141.862793,309.8630371,287.2695313,80.21069336,108.75,309.75,460.25,52.75,141,317,409,49,187.3996305,290,481.1479645,62.9908371,189.0499878,294.1400242,482.0140686,62.91518688,199.3611813,290,460.8414612,58.85799408,205.7832432,290,476.7757874,56.8757515
282,597,Northern Cape,GBIF,e,14728434,24.957917,-31.207917,146.2912512,304.6200037,399.75,56.40315437,122.2404785,294.0656738,298.2250977,62.05883789,91.25,305.25,457.25,51.5,122.5,311.75,408,49.25,165.6270981,280,388.1871567,65.89439201,167.6425409,280,381.7206802,61.82572079,178.3674526,291.141386,361.1667709,61.61770058,184.2520761,290,381.8792725,60.1094532
283,599,Northern Cape,GBIF,e,14738794,24.957917,-31.29125,142.7204156,295.7000017,406.5,56.12285137,122.076416,289.2053223,300.1010742,60.02539063,91,300.5,458.25,50.75,122,308.5,410.25,48.25,164.5295858,280,387.9070969,66.60970879,167.4236155,280,381.9106216,62.40875244,178.6723423,291.0043669,361.1406326,62.6930294,183.1218672,290,382.1956406,61.38367462
284,600,Free State,GBIF,e,14521254,25.79125,-29.54125,161.6133308,332.9900074,454.75,62.88653183,153.8613281,312.0429688,307.8981934,85.02172852,120.25,311.25,479.75,56.25,153.25,315,427.75,53.75,192.3273039,310,487.81633,67.95664024,197.4714088,313.1474113,481.8294067,67.98561096,210,309.1000366,467.0606766,65.35300636,210,309.9135685,477.9482727,63.31929398
285,601,Limpopo,GBIF,e,13713308,31.374583,-23.04125,228.1650019,252.3700047,446,83.26969528,220.7050781,226.5527344,335.3554688,109.1140137,187.5,252.5,466.25,77.75,220.75,254,409.75,73.75,260,200,438.254364,88.99925232,260,190,458.8415222,90.03600121,268.7771606,200,554.8027496,109.6785088,270,200,505.805191,105.1219749
286,605,Free State,GBIF,e,14604122,25.29125,-30.207917,155.3470826,333.4299946,425.5,59.52546024,143.1428223,312.3508301,267.5834961,81.63964844,110.25,313.25,439.25,52.5,142.25,321.5,385.75,48.75,190,281.0191822,445.6476822,61.81601906,190.0434589,290,445.8323822,61.08727932,200.0434589,290,425.3146439,57.32908154,209.8533535,285.0037718,444.568161,55.83563137
287,606,Mpumalanga,GBIF,e,14251999,30.125974,-27.334621,137.4500012,233.9400005,763.5,75.95528984,130.7145996,246.3703613,668.9545898,64.58374023,100.25,238.25,812.75,61.25,130.5,245.75,777.25,66,156.7922139,210,881.2988129,77.65408134,155.393126,210.3593874,922.1779022,81.50008011,166.6803837,230,886.5483246,80.98984528,171.2614775,219.7652817,905.7923889,82.09656715
288,607,Mpumalanga,GBIF,e,14220916,30.04125,-27.124583,139.899168,239.5300055,747.25,75.91293907,133.0300293,249.7805176,646.2695313,65.55053711,102.5,241.75,792.75,62.25,132.75,247.25,756,67.25,158.4272027,210,746.4550323,78,158.0471635,220.0143147,778.0801239,82,169.4351482,230.1215172,753.4416199,81.99835587,173.3453846,220.4027605,769.0926971,83
289,608,Free State,GBIF,e,14324434,26.624583,-27.957917,174.5449972,296.1600018,553.75,67.05084991,163.4111328,289.7587891,407.4404297,87.19628906,130.75,283.5,587.75,60,163,290.75,526.5,60,200,290,542.621048,70,200,299.9143887,536.4087067,71,210,288.7748384,546.4458466,70.19188309,212.0658827,280,567.4716187,73.18401909
290,609,Northern Cape,GBIF,e,14718072,24.874583,-31.124583,149.9404168,324.460001,371,57.24491692,129.0170898,301.6115723,269.3972168,66.25512695,97,310,430.5,54.5,128.75,319.25,384,51.25,175.2301311,281.3546038,382.4769135,65.98196602,179.492979,281.3217306,375.6365738,61.20662212,189.5572805,299.8442316,354.3960648,60.19849205,192.6632023,291.3710451,374.672699,58.42967701
291,613,North West,GBIF,e,14231186,26.29125,-27.207917,174.7637463,304.7300053,586.75,71.58190155,164.185791,294.2451172,454.7727051,89.58666992,130.75,291.75,651,64.5,163.5,295,576.5,63,200,276.9216156,536.2299957,76,200,284.0122366,531.76651,77.68946648,210.2397394,271.6985559,551.6615143,77.78805733,220,270.8922291,573.4213257,79.96328163
292,614,North West,GBIF,e,14262254,25.79125,-27.457917,171.7479181,325.2800083,527,72.74674034,166.5405273,313.109375,390.027832,98.54956055,135,305,580.5,67.25,165.25,311,511.5,64.75,210,280.749507,510.3029861,75.39959526,210,290,506.1329346,77.08652306,220,279.1725397,506.979393,74.37709045,220.1020479,278.4519529,523.7776184,75.18516159
293,615,Northern Cape,GBIF,e,14728428,24.707917,-31.207917,146.0966659,333.3100033,356.25,57.51525688,130.8793945,298.7255859,245.6809082,67.26733398,99.25,305.75,403.75,54.25,131,315,358.25,51,178.2214403,286.6899252,341.5289459,63.66704464,179.5757961,285.2337265,336.35746,58.43411922,189.6010303,300,315.1338806,57.42411804,193.8484192,298.308115,333.7529526,55.78438187
294,616,Free State,GBIF,e,14552338,25.957917,-29.79125,154.2654157,333.8100052,458.5,62.9039917,144.5419922,314.7597656,319.1652832,80.49804688,111.5,315.75,492.75,54.25,144,319,440.25,52.25,190,309.9143887,487.8229523,65.89961243,190,310,484.817131,66.17860985,202.0027971,300,469.8380508,62.83357239,210,300,481.1701355,60.24626541
295,617,Free State,GBIF,e,14645580,26.04125,-30.54125,158.7062502,313.2699966,445.5,59.04708385,149.1945801,302.9875488,337.4616699,71.56274414,118.5,302,511.25,51,148.5,313,453.25,48,189.3854332,300.0299406,518.1096649,60.60412693,191.6038132,308.0047321,514.2584305,59.79387283,199.4358873,309.8838329,495.4562759,56.40951157,206.1631203,300.0299406,526.8806152,56.10185814
296,618,Northern Cape,GBIF,e,14738790,24.79125,-31.29125,143.702085,316.779995,381,56.71948051,124.5441895,292.4602051,277.0554199,62.36352539,93.25,303,436,52,125,311.5,388.75,49,168.0206347,280,378.1440048,64.9486618,169.3381643,280,372.5143509,60.21694088,180.2813673,300,350.0424652,59.8175621,187.1463108,290.0367785,370.5947495,58.27589512
297,619,Western Cape,GBIF,e,15028730,18.957917,-33.624583,180.2554131,238.6000061,638.75,65.14042282,167.027832,231.5244141,648.5883789,61.54296875,143.5,267.5,804,65.75,171,243.5,766.25,70.75,189.9155283,240.6966352,1271.185608,68.1127224,190,240,1244.649902,68.23424149,199.9155283,245.8148146,1202.076904,63.27312374,200,250.5475283,1188.409698,63.43973732
298,620,North West,GBIF,e,14127598,26.79125,-26.374583,166.9599962,278.6099958,611.25,78.1485157,153.145752,289.1259766,475.5800781,94.83496094,124.5,276.25,659.25,70,151.5,292.25,598.5,69.5,200,251.1568832,573.8127289,80.01438904,200,261.2872553,574.8533783,80.75927925,210,261.5929079,609.6272583,80.85394478,210.9928322,260.3466797,628.4962006,83.05076218
299,621,Free State,GBIF,e,14531636,26.707917,-29.624583,149.3437481,317.0499992,598.5,63.23346901,139.0168457,304.9926758,465.0144043,71.62231445,105.75,302.25,642,54.25,138.25,311,574.5,53.5,178.683095,300,612.4924316,69.07477379,179.5310545,300,607.000885,69.88766289,190.1179934,290,597.05513,68.00071526,196.6350698,290,613.2387695,66.04586601
300,627,Northern Cape,GBIF,e,14666278,25.124583,-30.707917,146.3712502,356.8599987,387.25,58.4091959,133.1000977,331.9675293,256.1843262,74.77319336,101,335.25,424.5,52.5,132.5,345,372.5,49.25,188.1300783,300,412.6424637,59.80311203,189.444499,300.740099,407.207634,57.23280525,199.1902733,310,386.9122086,54.95225716,205.6263971,303.5435009,410.4349289,54.26081562
301,630,Eastern Cape,GBIF,e,14759516,25.04125,-31.457917,154.69625,302.3900032,392.75,56.29465008,138.8552246,280.8571777,248.8027344,63.33959961,107.75,295.25,399.25,52,138.75,303.25,360.25,49,179.9033165,282.1208096,371.7938538,66.81660843,180.0167704,286.5742397,367.2124557,63.39526176,192.1468019,300,346.8597107,64.20584106,199.8463726,292.0597458,368.6990204,63.79508495
302,631,Northern Cape,GBIF,e,14738788,24.707917,-31.29125,144.9295831,327.3399925,366,56.88544941,128.590332,294.1860352,256.604248,64.5222168,97,302.75,413.75,52.75,128.5,311.25,368,49.5,172.0092201,280.1113367,341.2757034,63.54789352,174.2258978,280,336.6455841,58.5305748,185.920248,300,315.0692215,57.79506969,190.3323078,290.7390833,333.8405228,56.3723011
303,635,Mpumalanga,GBIF,e,13961920,30.207917,-25.04125,159.6545815,218.1799984,797.5,78.55048943,147.8342285,228.6403809,690.166748,71.36132813,118.25,231.75,870,69.5,147.25,237,793,70,180.5255795,223.7563705,603.4496613,82.13427353,179.6256638,228.4442186,634.1918945,86,187.3717403,249.284358,697.7296753,90.99811363,194.8723984,239.2150164,654.2775421,87.86854362
304,636,Free State,GBIF,e,14355554,28.29125,-28.207917,142.3679161,291.6700029,733,66.43321991,133.2478027,294.753418,573.9335938,66.44360352,101.5,285.25,728.25,53,132.5,292.25,674.25,57.5,166.6621637,260,717.3526611,71.84950066,167.7111197,260,722.2378082,73.17385864,179.5224667,255.0017834,707.7218018,70.63027573,181.9191742,250,738.7954559,72
305,637,Free State,GBIF,e,14479832,26.54125,-29.207917,158.7208343,324.849987,565.5,65.25647926,151.2165527,313.2053223,465.4394531,74.26708984,117.25,310.5,644.5,56,150.75,317,577.25,55.25,190,300,555.8022003,70,190.5517864,304.3310308,550.1635742,71.54774857,206.3988256,297.348237,545.1042023,68.99860001,210,290,557.0351563,66.99364281
306,638,Free State,GBIF,e,14490190,26.457917,-29.29125,154.9787498,324.8699951,557.75,65.16733742,147.7644043,311.6254883,456.5039063,73.57714844,113.5,309.75,636.75,55.5,147.25,315,569.5,55,188.9912271,300,610.7014771,69.52108955,189.9155283,310,604.0382385,70.87094879,200.0745535,299.9143887,598.6090851,68.17349625,206.7736721,290.3378677,611.0979462,66.00372696
307,642,Limpopo,GBIF,e,13961878,28.457917,-25.04125,195.3800011,287.4700022,571.25,84.36314774,183.5722656,269.0993652,478.4274902,93.87670898,155,267.75,618.5,73.75,182,281,583,77,230,240,545.3244324,85,230,248.9164782,564.2151184,88.72659683,240,262.3979187,622.8630371,92.93066597,240.1093674,260,605.1760559,91.70032501
308,643,Mpumalanga,GBIF,e,14200174,29.124583,-26.957917,150.6920815,273.3799982,677,73.44273376,144.072998,287.168457,541.8193359,83.53979492,114.25,280.25,675.75,69.25,144.25,285.25,653.75,73,180,240,639.5217133,78.15174294,180,260,658.3444519,81.01634216,190,260,654.0369873,80.7345562,193.9162016,260,675.4415283,83.27530861
309,644,Mpumalanga,GBIF,e,14210534,29.124583,-27.04125,150.597918,278.6399984,681.25,72.72364044,144.1728516,288.3759766,541.3735352,82.78271484,114,281.5,677.75,67.75,144,286,653.25,71.75,179.7897148,240,617.9960022,77.88631439,179.8331738,260,635.5228882,80.09095192,190,260,629.9659576,79.97901917,197.1442556,260,651.3033142,82.54713249
310,645,North West,GBIF,e,14179394,26.624583,-26.79125,172.8495884,281.1900043,586.75,75.52929115,160.2851563,285.2602539,477.7822266,91.79174805,128.25,279.5,666.5,68,159.5,282.5,600.75,66.25,200,264.5534468,547.4055023,79.04680634,200,277.3396206,546.5038757,79.76539993,210,270.9060955,573.6820831,79.79918861,219.850893,270,595.4582672,81.79062653
311,646,North West,GBIF,e,14148272,24.874583,-26.54125,182.7254105,304.7000027,495.25,78.98096085,169.128418,313.2294922,343.300293,109.9140625,140,298.25,525.75,75.25,164,316.5,467,70.5,210,279.9547482,482.7510529,82,210,280,474.0492325,84,220,270,494.7769241,81.0518589,220.3064775,270,503.1925278,81
312,647,Free State,GBIF,e,14200134,27.457917,-26.957917,166.7329168,287.1600008,620.5,73.09993362,158.4758301,286.739502,511.8271484,78.97387695,126,279,682.5,62.5,157.75,284.25,633.5,64.25,192.1656036,259.9254465,595.2792358,77.03726768,192.193923,270,599.5497589,78.27343369,205.9424448,270,605.9753723,78.04648209,210,270,629.3075867,80.75188637
313,652,Mpumalanga,GBIF,e,14210536,29.207917,-27.04125,149.9829173,276.9499969,685.75,73.52561951,143.3933105,287.4274902,540.5483398,82.78295898,113.25,280.25,675.5,68.75,143.25,285.25,652.5,72.5,179.667325,240,617.5411072,77.91935349,179.783206,259.8797274,635.4342194,80.08917618,190,260,628.1114349,80,195.1345634,260,648.7878571,82.33111954
314,654,Free State,GBIF,e,14490178,25.957917,-29.29125,160.7020855,333.570013,481.5,64.68590355,154.4555664,310.5039063,348.8706055,82.06347656,120.75,308.5,524,56.5,154,312,468.75,55,191.4418888,310,539.0519714,70.15389061,195.2357197,310,531.2421036,71.01705933,209.7465849,300,521.6052704,68.90169525,210,300,531.6209412,66.1711483
315,655,Afar,GBIF,e,9693843,40.293452,9.332058,261.206665,236.0400009,596.5,73.0303421,230.7634277,301.5737305,784.3125,98.01757813,221.75,256.25,570.5,120.25,242.5,232.75,636.5,64.5,290.1002455,199.0381432,617.2893982,73.73886681,291.3448334,200.6865931,582.9065857,70.70188332,301.9864035,179.5560408,766.3206482,63.57636356,304.6572828,177.7817774,823.9480438,63.58606434
316,656,Free State,GBIF,e,14210522,28.624583,-27.04125,154.9762511,285.9700012,704.75,71.23719978,146.7790527,297.3056641,577.5244141,80.37744141,116.25,289.5,723.25,61.25,146.75,293.5,691.5,67,180,245.428462,587.9594116,77.16696358,180.172863,260,601.0860291,79.99441719,193.6405182,260.4452991,607.7025909,80.45370102,200,260,630.4089203,82.94075775
317,657,Free State,GBIF,e,14562696,25.874583,-29.874583,151.3920856,333.029995,447.75,62.88713169,141.6174316,313.666748,308.3647461,80.06469727,108.5,313.75,480,54.75,140.75,318.75,428.25,52,189.7369719,308.3838081,494.0008011,64.2299881,190,310,491.9386749,64.34037399,200,300.9226465,476.3563614,61.12486076,204.191227,300.0165939,489.7574387,58.98153019
318,660,KwaZulu-Natal,GBIF,e,14324536,30.874583,-27.957917,172.8291655,223.0499983,823.5,70.2679882,171.9306641,221.8830566,716.7365723,62.21606445,143,209.25,841.75,60.75,171.25,220,823,63.5,195.9227753,209.9540758,728.6157532,69.35362434,195.2491236,210,756.5449066,73.76947212,205.4716253,219.5411634,718.5005798,72.49816704,209.8740101,200,727.1550751,72.63331985
319,662,KwaZulu-Natal,GBIF,e,14334898,30.957917,-28.04125,178.5512543,222.4199963,810.75,67.88768578,175.3588867,217.8984375,694.2790527,60.88598633,147.25,203.5,822.25,58.5,175.25,215.25,799.75,62,199.9280596,209.5076227,732.0468903,68.60451317,199.892087,210,760.2750549,73.39113617,209.892087,217.0223284,720.6302185,71.92770195,215.3145599,200,730.8010559,71.94101334
320,664,Free State,GBIF,e,14531620,26.04125,-29.624583,156.3270855,330.3700066,477.75,63.07124805,147.1015625,315.5578613,342.3637695,80.40722656,113.5,316,517,55.5,146.5,319.5,463.25,54,189.961729,308.2643938,500.4993591,67.89236832,190.2270412,310,495.4540558,68.09063148,205.6133699,300,482.9993973,65.59393311,209.7382355,300,493.2162247,63.04231167
321,668,Free State,GBIF,e,14479828,26.374583,-29.207917,156.6320825,325.9699917,547,65.28463173,149.8012695,313.9892578,438.1994629,75.09887695,115.75,310.75,616,57.25,149.25,317.5,553.75,56,190,305.9906721,578.0370178,69.63340569,190,310,571.6121216,71.00165939,200.2535391,300,566.5433044,68.06742096,209.9925137,299.5943832,577.6976929,66
322,669,Northern Cape,GBIF,e,14759490,23.957917,-31.457917,138.0275011,326.1500072,342,53.6178751,129.6066895,292.8320313,223.204834,64.83789063,97.75,302,375.5,49.5,130,311,328.75,45.25,174.7641468,280,332.5581665,53.832654,177.5825357,280,330.9280396,49.12674904,189.1637421,290,305.1154404,46.01118279,190,294.6040583,319.0060349,46
323,670,Western Cape,GBIF,e,14800924,23.707917,-31.79125,148.922081,309.9800062,304.5,49.50290203,136.6298828,290.7509766,184.5307617,68.52954102,104.75,299.75,317.75,47.25,137.75,305.5,283.25,43,182.4247599,280,309.7362823,50.16944504,184.3996811,280,308.7333069,46.99997139,196.1418819,290,289.5759506,44.14192104,197.9747438,300,299.8885574,45.19331551
324,671,Free State,GBIF,e,14531628,26.374583,-29.624583,148.2649994,324.2700005,541.5,63.49056435,138.458252,311.2717285,421.0588379,73.40942383,104.75,310,597.5,54.5,138,314.75,536.5,53.5,180.0328779,300,591.7644958,68.0015316,180.5507135,300,585.9763031,69.00306129,194.9202251,290,576.8122559,66.99342537,199.8815107,290,589.0925598,64.01146507
325,673,Mpumalanga,GBIF,e,14200176,29.207917,-26.957917,151.4762497,273.0599976,701,74.05695343,143.9633789,287.6782227,539.2512207,84.58276367,114,280.75,673,70.25,144,285.5,651,74.5,179.692874,240,633.0307007,78.02278328,179.7959042,259.775176,652.0320282,80.99967384,190,260,645.8926392,80.65960503,193.5601997,259.8936844,666.2674713,83.02942467
326,677,North West,GBIF,e,14179392,26.54125,-26.79125,170.7450056,281.3799953,595,75.9826088,158.6804199,280.0849609,484.9008789,91.73730469,126,274,678.25,69,158,278.25,607.75,66.5,199.9928427,260,572.2309875,79.0918808,199.9928427,270.1383591,571.104538,79.7108593,209.9928427,269.0744638,601.0544281,79.98945236,216.8145275,264.3174267,623.2987823,81.97760391
327,678,North West,GBIF,e,14013642,26.957917,-25.457917,192.0420885,281.2199974,643.75,79.95113373,184.6816406,276.6364746,498.0307617,93.57397461,157,262.75,659.25,73.5,182.5,283.25,610.25,73,220.3045511,240,491.5845032,80,220.0745535,250,496.5809784,82,229.9627209,260.0372791,553.0761108,84,235.233078,260,549.8962097,85
328,679,Western Cape,GBIF,e,15111680,21.874583,-34.29125,176.6638279,180.5765772,459.25,14.57702327,164.5067558,167.0469894,419.9275513,24.38105488,142.25,265.25,490.5,13.75,167.75,182.5,472.75,19.5,189.7939396,108.0658412,442.7421951,20.15726757,190,110.3685808,431.6613846,22.91559982,191.0387659,116.0954738,442.4614258,26.1009326,198.8035393,115.1806045,433.2032471,29.86447477
329,680,Eastern Cape,GBIF,e,14666290,25.624583,-30.707917,161.2433338,307.1700048,415.25,60.29421234,155.4448242,289.2573242,280.0688477,80.72924805,124.25,297.5,447.75,56,154.75,306.75,394.75,50.75,195.5596685,300,368.7860031,56.99272442,199.091506,300,365.2680893,55.15967751,209.091506,300,352.927597,53,210,300,373.3625793,52
330,681,KwaZulu-Natal,GBIF,e,14407374,29.124583,-28.624583,168.9812469,254.4000053,1059.25,74.30251122,161.4572754,269.03125,978.2749023,74.16650391,129.5,260.25,1143.75,67.5,160.5,270.5,1043.25,66.75,186.806674,240,893.1333466,81.32665443,186.5360069,240,910.0611267,82.87401962,197.9477978,241.0035896,867.9184113,80.06057549,203.3171129,240,897.7984772,80.38928223
331,682,North West,GBIF,e,14003280,26.874583,-25.374583,193.5537529,288.4399986,652.75,81.08932304,184.6572266,272.7399902,502.7053223,91.48535156,156.25,260.5,670.25,71.5,182.25,279.75,617,71.75,219.9848604,240,493.5358047,80.5170536,219.9848604,250,498.4045639,82.83801651,229.9697208,260,556.7497253,84.87188911,233.0010796,260,552.7008514,85.29290009
332,683,Free State,GBIF,e,14231244,28.707917,-27.207917,147.7529168,286.1299992,716.75,71.02103043,139.2751465,295.5014648,590.0979004,77.81176758,108.25,288,737.25,59.5,139.25,291.25,703.5,66,175.736084,250,655.8251495,75.95948982,175.7932234,270,668.8435059,78.29391861,189.1813326,270,671.0530396,78.34595108,190.0995731,260,697.2600098,81.51109123
333,684,Free State,GBIF,e,14448710,24.79125,-28.957917,182.9308271,320.8299923,430.75,69.7198658,168.276123,319.7133789,304.1989746,86.48168945,134.5,308.5,474.5,61,166.75,317,428.5,57,210,300,412.4631042,68.81528282,210,309.8069525,400.5946579,68.40605736,220,310,398.3455276,68.06186295,229.9254465,310,405.4158783,67.5745182
334,685,Free State,GBIF,e,14189778,27.624583,-26.874583,162.507081,287.130003,636.5,74.12311172,156.7910156,281.7956543,527.3317871,78.07592773,124.75,273.5,694,61.75,156,280.5,647.25,64,189.8294401,250.1438808,686.4313507,76.91823196,189.6687937,260.2893829,695.562027,78.65667725,200,262.92243,703.8744507,78.25733948,205.7387114,262.0889473,727.8025513,80.67897224
335,687,Free State,GBIF,e,14210496,27.54125,-27.04125,164.6391726,290.5600023,619.25,72.64821053,156.8908691,287.1247559,515.4990234,78.40454102,124,279.75,685.5,61.5,156,285.25,638.75,64,190,260,635.9687958,75.93821716,190,270,639.9248505,77.29259109,200.5073071,269.4029045,646.2075653,76.92097664,209.5168972,269.2832804,670.7182465,79.75905037
336,689,Gauteng,GBIF,e,14096538,27.624583,-26.124583,159.0316653,263.4400034,722.25,78.47743607,149.729248,263.1574707,588.402832,80.00317383,124.5,246,753.5,66.5,148.25,268,705,68.5,184.2145014,230,669.0320129,81.33435249,184.1266155,240,678.0911865,83.83916283,194.6046495,249.0622091,710.4977417,83.58698463,198.4493923,249.2228556,720.9156952,84.26250839
337,690,Northern Cape,GBIF,e,14759470,23.124583,-31.457917,146.9708347,329.3400097,271.75,55.05725002,136.3391113,306.9553223,153.6018066,82.171875,103.25,319.75,290.25,60.25,137,327.5,251.5,54,182.35816,300,272.7601624,62.02223682,185.3901958,298.9500475,270.7840042,58.18960381,198.2602835,300.0745535,251.8935738,53.28132248,199.5424891,315.4749918,257.9984131,51.94087029
338,692,Northern Cape,GBIF,e,14666250,23.957917,-30.707917,161.7891645,319.0700006,321.25,59.15712833,149.0146484,305.6252441,174.7817383,87.12670898,115.75,307.25,339,54.5,148.75,319.25,288.25,48.75,195.0650406,290,360.4091034,61.12863445,198.259449,290,353.4425888,57.88899517,207.1068954,300,327.7553787,52,209.3999052,310,338.7047119,51
339,696,Free State,GBIF,e,14283040,28.54125,-27.624583,142.8508329,293.5099983,721.5,68.73173332,135.190918,300.71875,592.2331543,72.35864258,104,289.25,745,56,134.5,294.5,699,61.25,169.6057606,250,675.4282684,73.68621826,169.6057606,263.911829,682.8404236,75.61024284,180.4509497,269.8684978,679.5734253,74.08959007,186.079421,260,710.81427,77.85895538
340,697,Free State,GBIF,e,14510890,25.624583,-29.457917,162.6891708,327.7000046,449,63.14557838,154.003418,310.3852539,308.9929199,84.70532227,120,307.75,479,56,152.75,311.5,429.5,53.25,190.3730392,310,482.4824677,68,192.4213505,310.8481359,475.7854309,68,209.8141146,309.9627209,460.2132187,65.68237877,210,310,471.4107208,63.92514706
341,698,Free State,GBIF,e,14635218,25.957917,-30.457917,158.0908346,318.8099957,435,60.33808899,147.3962402,302.1462402,340.5283203,72.15112305,116.25,302,516.5,50.25,146.25,312,456,48.25,188.7714195,295.9362173,537.8098297,61.36558247,190.256834,300,534.9114685,60.62551594,199.274044,300,517.5875015,57.36903381,206.6401911,297.3702812,547.9755859,56.56542206
342,702,Western Cape,GBIF,e,14976910,18.124583,-33.207917,163.3478117,155.4571247,337.5,70.01775551,172.6357422,168.4996223,267.8351212,58.46959114,150.5,191.75,361.25,66.5,177.25,179.5,352,72.5,180,133.4558153,325.6172943,70.9920578,180,131.3604474,318.5252914,70.00852776,190,135.7745099,310.5126724,64,193.7965059,140.0274587,306.693924,66.18848419
343,704,Western Cape,GBIF,e,15080576,20.874583,-34.04125,177.0883322,228.390007,391.5,19.00995684,162.3918457,229.1401367,439.5432129,25.16772461,136.75,297,501.25,21,165.75,249,488,22.5,181.920948,196.9791937,466.1450348,19,183.474493,203.2723045,455.7061691,18,190.7956362,214.5159674,463.8344345,25.68503618,192.5820827,216.8562937,453.3459244,27.15421104
344,705,Limpopo,GBIF,e,13796142,29.457917,-23.707917,181.1245823,237.4399996,631.75,80.80176544,169.4550781,214.152832,523.3430176,86.87744141,144.25,220.25,668.25,73,169,233.25,600.75,72.5,210.2195597,210,388.2089081,84,209.7241068,220,410.2556686,85.95735931,218.0652189,220,452.8532639,91.0172863,225.6472921,210,421.5699768,88
345,706,Northern Cape,GBIF,e,14728418,24.29125,-31.207917,135.8245826,340.0700092,341.5,57.9406662,129.0141602,302.0527344,228.5007324,68.20239258,96.75,306,387.75,52.25,129,317.25,339.25,48,170.0875807,288.9150476,372.9984741,60.26135731,174.051981,285.6658602,369.9350967,54.82364178,184.6803951,300,341.069191,52.26733112,189.3000031,295.0232983,361.1409912,51.5605917
346,709,Free State,GBIF,e,14438364,25.374583,-28.874583,175.1429129,329.6500015,450,67.43159294,164.6179199,318.2172852,291.2653809,96.17553711,131.25,310.75,456.25,61.25,163.25,316.75,415.25,57,209.8792267,300,464.1459503,70.91362572,209.8792267,303.024044,456.3810196,71.60203552,219.8792267,310,446.4614639,69.23839378,220,310,454.8528061,67.73447609
347,710,Free State,GBIF,e,14376292,29.04125,-28.374583,144.9099994,245.1300049,760.25,70.84990311,132.9577637,265.5671387,654.5678711,65.74658203,101,257.5,794,58.25,132,266.5,745,62,164.7377634,239.1076899,792.6214447,77.00240707,164.7211695,240,808.2455444,79.05979538,178.5908794,240,774.3068848,76.19334793,181.5824461,240,800.2966614,76.84545898
348,714,Eastern Cape,GBIF,e,14697374,25.79125,-30.957917,151.1775017,320.4399967,458,56.83137989,144.0080566,286.8679199,304.498291,73.87060547,113.5,297.75,465.75,55.25,143.5,306.25,414.75,50.75,179.5465565,291.0770559,450.3171921,58.65553665,182.0281792,299.6621132,443.6440735,56.81468964,192.1898031,300.0745535,428.3862457,55.78880501,197.4754477,299.6621132,455.6759491,55.53901672
349,715,Northern Cape,GBIF,e,14697346,24.624583,-30.957917,146.4512515,357.4900055,333,59.73885059,136.921875,309.2490234,196.6748047,81.29174805,104.75,310.25,358,58.25,136.5,321.5,313,54,183.6536551,290,356.86483,63.4612751,187.2251177,290,350.5069351,58.38575459,196.0457468,303.3360815,328.1041641,56.01978207,200,300,348.3443451,54.72777367
350,717,KwaZulu-Natal,GBIF,e,14386678,30.124583,-28.457917,182.0933342,256.3199949,740.75,71.1178093,172.7653809,276.1125488,589.3989258,66.43945313,141.75,268.25,723.25,63.25,171.75,278.75,687.25,65,205.6166363,238.8127279,743.2922974,74.48648071,204.3397379,240.0471926,771.5067139,77.76825142,215.4404879,240.9643412,715.9296417,75.91507912,220.940237,231.9418573,735.6176605,76.14710999
351,718,Mpumalanga,GBIF,e,14106926,28.79125,-26.207917,156.6404152,248.7099886,687,78.187603,148.5825195,267.7858887,566.7927246,80.85205078,123.75,252,705.25,67.75,146.5,273.75,681.75,72,180,238.3057022,685.5974121,80,180,250,701.5646515,82,191.5190411,258.3035707,730.0702667,82.98471642,200,250,740.5029297,84
352,720,Northern Cape,GBIF,e,14655924,25.374583,-30.624583,162.6333284,328.1400013,400.25,59.4250536,154.8220215,294.8481445,257.7514648,83.08227539,123,301.25,428.5,56,154,311,374.5,50.5,198.2338905,300,388.5114441,58.00071621,199.4851923,302.000432,385.002121,56.44114685,209.3502665,309.7457409,369.5743408,54,216.2225723,300.0071573,391.2819824,53.96122551
353,721,Free State,GBIF,e,14459106,26.29125,-29.04125,160.4225016,323.4400082,546.25,65.92280197,152.8984375,317.109375,417.078125,77.91821289,119,316.25,595.5,57.5,152.25,320,534,56.75,192.193799,300.2747393,590.5572205,70.78902817,195.4577875,310,584.2009277,72,207.8200436,300,579.2160645,69,210,300,588.1511688,66.97013474
354,722,Limpopo,GBIF,e,13930798,28.457917,-24.79125,185.7691669,264.9800014,606.25,86.213871,175.4428711,266.5041504,518.5375977,90.62792969,146.75,267,654.5,73,174.25,280.25,614.25,75.75,219.2881012,230,628.9676514,86,218.7330818,231.7841625,649.2582703,89.47498703,229.1770887,251.1894417,719.385788,93.67401123,235.0083208,250,699.5572815,93
355,725,Mpumalanga,GBIF,e,14231266,29.624583,-27.207917,143.0200028,258.1799984,722.5,75.73088264,135.4777832,268.4414063,600.5385742,70.76928711,105,260.25,745.5,63.25,135,265.25,710.75,67.75,166.5988588,221.1664438,673.0904541,77.70332909,166.7018843,240.485816,693.6808014,80.73833466,179.6293545,249.8541737,677.4379578,80.82407379,183.6598825,242.3859501,698.1281738,82.69344711
356,727,Northern Cape,GBIF,e,14666286,25.457917,-30.707917,157.7137494,325.539999,414.5,59.10755634,149.7617188,291.8837891,280.532959,78.19921875,117.75,298.25,453,54.5,149,307.5,395.75,50,190.1900005,300,410.3749313,57.43769836,192.1157742,300,406.0951233,55.84548855,202.1157742,300.6571865,390.6936798,53.36442375,209.0519238,300,413.5027084,52.77718735
357,728,Mpumalanga,GBIF,e,13899798,31.79125,-24.54125,218.862915,224.6500015,583.25,77.84249306,213.6208496,230.2351074,474.5161133,79.73583984,185,237.75,628.5,67.75,211.25,248.5,568.5,64.25,250,180,543.1184692,81.00852776,250,180,573.8920746,83.41012955,256.5690756,200,664.8290863,93.99280548,262.5013733,190,604.5144043,90.97482109
358,729,Free State,GBIF,e,14624884,27.04125,-30.374583,143.7154174,300.7799959,645.75,57.94591713,132.4772949,295.6711426,530.5996094,60.57055664,102.5,285.75,702.75,47.75,131.5,300,634,48.5,160.8362889,290,697.8816528,64.48493385,164.3123507,299.8668671,690.2749634,63.16367626,168.9410782,300,661.9247284,59.87495804,177.1157026,290,702.4505005,60.30002308
359,730,Free State,GBIF,e,14541978,25.957917,-29.707917,156.7904162,336.6700077,461.25,62.87915421,148.2348633,314.0617676,318.5439453,82.3527832,114.75,315.75,492,55,147.75,319.25,440.5,52.75,190,310,475.7269058,66.64608383,191.5601254,310,471.9353561,66.9029026,209.503274,300,457.9337158,63.83395863,210,300,468.1468277,61.37525272
360,731,Free State,GBIF,e,14479826,26.29125,-29.207917,156.6145825,326.8400002,536,65.34304237,150.9707031,312.2773438,419.0595703,76.63598633,116.75,310.25,598.75,56.5,150.75,314.75,537.75,56,190,310,602.3514404,70,190,310,595.3037262,71.35056114,201.2066031,300,589.4024811,68.90639687,209.9130869,300,600.0490417,66
361,732,Free State,GBIF,e,14490188,26.374583,-29.29125,154.8766685,324.5100021,545.25,65.25264931,148.0368652,311.8835449,438.4353027,74.52783203,113.75,309.25,617.75,56,147.25,314.75,554.75,55.25,188.9972401,301.3691235,595.1886597,69.17659378,189.3899822,310,588.4247894,70.71933937,199.8815107,300,582.7996368,68.00286293,206.8608332,295.1347542,594.3915863,66
362,734,Free State,GBIF,e,14510910,26.457917,-29.457917,151.0808325,322.5399971,558.25,64.13547611,142.3051758,309.6149902,447.3222656,73.19580078,108.5,307.5,626.75,54.5,141.75,313.75,561.75,54,181.3656902,300,595.8109283,69,183.853097,300.0735617,589.4967651,70,198.3581972,290.0367785,583.1172485,68,200.0716114,290,595.7995758,65.50787163
363,735,Free State,GBIF,e,14500550,26.457917,-29.374583,152.5954175,322.2900009,560.5,64.3645668,144.4116211,310.5004883,454.8483887,73.45336914,110.5,307.5,634.5,55,144,314,567.5,54.75,183.7549496,300,624.1598358,69.04321671,186.6688108,304.49018,617.4414673,70.1592865,199.4137335,294.3814611,611.4510956,68,201.6260672,290,624.4601135,65.98561096
364,737,Free State,GBIF,e,14500548,26.374583,-29.374583,152.4675012,326.7100048,543.75,64.80489922,145.2458496,311.0507813,437.7714844,73.90844727,111.25,309,616.5,55.5,145,314.5,553.25,55,185.8503914,300,605.34729,69.00663757,189.2037725,309.3502617,598.5574493,70.01161766,200,299.1246748,592.2876892,68,201.1704063,290.0331926,604.2914886,65.74303436
365,739,Eastern Cape,GBIF,e,14914934,25.79125,-32.707917,165.1841664,242.9799986,470,42.60847569,159.7702637,249.579834,384.9746094,45.4375,128.75,269,501,35,160.25,258.75,469.25,34.75,182.2288513,221.729126,586.5687408,44.07417965,183.0411768,230,586.8099213,42.31791592,191.3619804,240,552.5582886,42.4463501,195.948391,230,580.4901733,45.38664436
366,740,Free State,GBIF,e,14251964,28.707917,-27.374583,147.5699997,295.4899931,712,70.32144737,139.2810059,299.6994629,587.1586914,76.95825195,108.5,291.5,737,58.25,138.75,296,697.25,64.75,178.6348724,250,614.491272,74.96228981,179.2843008,269.977541,624.9087372,76.98706055,189.9290133,270,623.9551849,76.20474243,191.347127,260,650.1433105,79.96276093
367,743,Free State,GBIF,e,14459102,26.124583,-29.04125,160.3908324,326.1200047,517.75,65.98527336,154.3981934,309.4116211,389.2949219,79.59448242,120.5,305.5,565.75,56.75,154,310.25,507.75,57,192.5222015,305.3539276,570.2119751,70.98541832,194.6818829,310,563.7858124,72,208.1715536,300,558.3811188,69.36115265,209.9635458,300,566.3809509,67
368,745,Eastern Cape,GBIF,e,14894174,24.124583,-32.54125,178.4591722,291.9699955,296.25,42.60466957,165.6984863,264.5244141,163.5456543,61.45874023,135.75,282.75,271.25,43.25,167.25,282,250.75,37,190.5969667,247.891016,294.6895828,42.91621399,195.7930708,251.1592627,297.5960617,39.9963541,200,270,279.2300491,36.9118681,209.6313334,260,291.1426468,40.0172863
369,746,Free State,GBIF,e,14448746,26.29125,-28.957917,163.4275007,322.6300049,550.25,65.76852989,154.7260742,320.340332,408.2617188,79.56665039,121,319.5,586.25,56.5,154.25,323.5,525.75,57,197.2819376,300,551.3523865,71,198.3553267,307.5215864,545.6549988,72,209.5424891,300,541.7283478,69.37373924,213.6321449,300,549.4520416,67.06099319
370,747,Western Cape,GBIF,e,15153070,19.79125,-34.624583,168.8649988,173.9999962,505,37.98288155,155.2246094,141.0083008,469.7451172,32.36254883,132.25,220.25,519.5,34.5,159.25,159.25,530.75,42.25,181.7877722,162.5181222,438.1283798,35.72463226,184.3986511,165.0772381,426.0415421,36.98812008,190,165.7168913,450.6073532,35.38511944,190,166.8563652,426.5852585,35.59437943
371,748,Limpopo,GBIF,e,13920452,29.04125,-24.707917,198.2716656,277.0299959,535.25,84.96977043,189.3027344,266.1486816,425.5668945,93.55737305,161.25,270,557.25,75.5,188.25,277.75,525.25,77.5,230,250.0117636,508.3120728,86.28299904,230,250.0901651,528.0741119,90.04945374,240,269.0456486,578.2283325,94.24743843,249.9650002,260.2232981,556.5267029,92.55127907
372,750,Free State,GBIF,e,14624852,25.707917,-30.374583,152.6200008,325.0300026,429.25,61.49077129,142.7954102,300.2641602,310.0197754,76.73193359,111,303.25,485.25,52,142,311.75,428.75,49,184.6226788,288.8878918,485.2322693,60.52072811,188.7819529,290,484.9877243,60.00072193,198.5819244,290.499506,470.7050629,56.49239445,201.1583328,288.8878918,493.3822708,54.8759594
373,751,Eastern Cape,GBIF,e,14904530,23.957917,-32.624583,170.6250048,287.5899982,297,42.67395973,158.2143555,265.7666016,176.3803711,60.43725586,128,284.5,280.25,40.5,160,284.75,260.5,35.25,190,240,287.5146255,42.32401848,190.1992083,250,290.8328629,39.96948528,200,260,273.3063202,36.51905155,203.3616972,260,283.4608078,39.98528767
374,752,Limpopo,GBIF,e,13920450,28.957917,-24.707917,196.4787531,278.1899977,555,86.69430733,187.5986328,264.7998047,433.8234863,92.63623047,159.25,268,566.5,76.5,186.25,276.25,534.5,78.75,230,243.7645531,530.1911316,85.93225861,229.9640274,246.2016058,550.627121,89.59571648,240,261.8875217,604.5650635,93.86987495,248.0083418,260,582.1428528,92.09818459
375,753,North West,GBIF,e,14169046,27.124583,-26.707917,171.6212511,283.3100033,613.5,74.44287682,161.1105957,284.1435547,486.7800293,84.73510742,130,275,661.25,65.75,160.5,286.5,608.5,66,200,260,570.2995605,80.15385056,200,270.526042,573.5318756,81.55813789,210,270.7301378,587.8364716,80.85879135,219.7210312,270,610.7295074,82.54061317
376,756,Free State,GBIF,e,14531624,26.207917,-29.624583,151.987083,331.4700127,507.5,62.8826189,143.5114746,315.5786133,377.1201172,77.69555664,109.75,316,553.75,55,142.75,320.25,495,54,189.547205,300,547.7125854,68.11384964,189.8391914,300.7473373,542.2812195,68.99835587,200,293.4268951,531.1986237,66.3613987,208.2579517,290.0071573,542.0072174,63.88961697
377,757,Free State,GBIF,e,14438396,26.707917,-28.874583,155.8875012,318.7000036,588.5,66.06967926,145.2202148,315.5043945,469.9516602,75.19384766,111.25,310,643.5,57,144.5,314,580.5,57.25,185.1006794,290,607.4070587,70.45535088,187.6032829,297.4069023,602.4836731,71.99173164,199.2112684,290,596.9200287,70,200.2255678,290,610.5809326,69
378,758,Limpopo,GBIF,e,13765060,29.374583,-23.457917,188.5820818,237.3699999,588.75,81.36899948,178.1652832,223.8000488,473.1809082,95.05712891,153.25,229.25,618.75,74,178.25,242.25,547.5,74,219.9178123,220,400.9841843,84.0937252,219.8849344,221.8896532,424.5721283,85.49341583,228.5002279,230,471.5267487,92.44989395,233.5057306,220,439.8323135,89.46589088
379,759,Free State,GBIF,e,14459116,26.707917,-29.04125,158.0299973,319.0899944,589.5,64.91549873,147.9765625,313.3466797,473.3493652,74.8203125,114.25,309.25,650.25,56.25,147.25,314.5,584,56,189.4213533,290.736084,567.3578339,70.01161766,189.6710539,299.9622345,562.5175934,71.71991348,199.9816179,290,556.5322418,69.67230797,208.5085297,286.9060278,569.8417358,68
380,760,Free State,GBIF,e,14541994,26.624583,-29.707917,147.3016691,322.9900074,582.25,62.62513828,137.2385254,306.4768066,451.8183594,70.97802734,104.25,303.5,628.25,53.25,136.5,312.25,563.75,53,177.9032469,300,599.6639252,68.9639492,179.2951202,300,593.9769135,69.12220383,190,290,583.8995819,67.49507523,195.614872,289.326663,600.3160706,65.64320564
381,761,Free State,GBIF,e,14448754,26.624583,-28.957917,157.6987505,322.3499966,580.75,65.75519943,147.4929199,317.5498047,464.96875,75.24658203,113.5,313,640.25,56.25,146.75,317,575,57,190,292.3946571,586.7432098,71,190,299.9627209,581.602478,72.17461967,200,290,576.343689,70,206.2237597,290,588.5718384,68.61055183
382,762,Free State,GBIF,e,14386646,28.79125,-28.457917,141.2220836,253.8999987,765.25,69.68558121,130.9997559,261.9931641,670.876709,64.21020508,99.5,255.25,811.25,54,130.75,264,759.5,59,159.164753,241.9683599,818.1016846,73.28634262,159.6079397,247.1047926,829.2877808,74.83014107,171.7173386,240,797.1964569,71.71765709,176.1056805,237.9861784,826.5783691,72.77713013
383,765,Mpumalanga,GBIF,e,13858356,31.707917,-24.207917,223.6229134,228.2999945,537.75,80.05493736,216.7868652,231.112793,426.7722168,85.27661133,187.75,244.25,571.75,69.5,214.5,254,515.75,67,250.2806997,190,484.0847321,83,250,190,515.8705597,85.93552971,260,200,603.416214,96.16405487,270,192.1091986,547.7504883,93.6314373
384,766,North West,GBIF,e,14065438,26.79125,-25.874583,165.1245832,272.6900005,657.25,79.53133774,156.6477051,270.2062988,545.9360352,87.67626953,130.75,253.25,728.5,69,154.75,276,669,69,194.2009544,230,604.4951935,80.17157364,194.0393305,236.3462639,609.3611145,81.50044441,200.8341122,240.107913,663.4030914,81.95467186,209.1193008,240,668.5567169,83.40981865
385,769,Free State,GBIF,e,14510884,25.374583,-29.457917,167.9112482,322.6500034,437,62.91915035,159.6789551,308.197998,292.4165039,87.24633789,125.75,303.5,464,56,158.75,309.5,413.5,53.25,199.6399736,310,447.9494934,66.66042137,199.9472618,310.6308889,441.9582062,66.26315498,210.0328779,309.6045303,424.0989456,63.91683102,217.476511,310,434.3762054,62.10086632
386,770,Free State,GBIF,e,14521244,25.374583,-29.54125,169.2866659,320.800004,431.5,62.92978954,160.888916,307.5424805,284.1154785,86.83422852,126.75,304.25,455,56.25,159.5,310.25,407.5,52.75,199.0197706,310,424.8449478,66,199.4032669,310.7199192,420.1020966,66,212.8601837,309.7443295,401.6128006,62.96471786,218.2264996,310,411.3703308,61.40734863
387,771,Free State,GBIF,e,14510882,25.29125,-29.457917,170.1499987,320.2599859,431.25,63.33894062,163.4160156,306.8725586,284.9958496,88.91845703,129.5,303,456,56.25,162.25,309,406.75,54,200,310,423.2447281,66.69214058,200,310,417.2914124,66.15628624,213.1335545,304.3469,400.0957184,63.7993021,220,309.6637535,409.5337982,61.96522045
388,773,Free State,GBIF,e,14396930,25.624583,-28.54125,169.6970844,333.949995,472.5,69.5336647,158.9892578,327.5666504,319.5844727,97.62426758,126,319,492.5,63,158.25,324.25,443.75,60.5,203.3150625,285.0162268,558.9081421,73.66497803,208.4098244,290,550.7170563,75.58919716,217.763505,296.4082956,547.4056396,72.82982063,220,292.7593851,555.8807068,71.84865189
389,774,Free State,GBIF,e,14490164,25.374583,-29.29125,166.4583302,323.7299919,441.25,64.2045784,158.1154785,309.7250977,301.2319336,88.90649414,124,304.5,473,57,156.75,310.5,422.5,54.25,200,310,488.3706894,68,200,310,480.1842346,67.90333748,210,300.017581,464.1950836,65.47596359,216.5152979,302.7836466,474.864212,63.58332157
390,775,Free State,GBIF,e,14500524,25.374583,-29.374583,166.4695835,320.529995,439.25,64.03114414,157.9335938,308.8864746,298.4086914,87.99584961,124.25,304.25,470.75,57.25,156.75,310,419,54,198.2185268,310,466.5281372,67.17514801,199.7335196,310.0224543,459.4278107,66.99597931,209.9697208,303.4791422,442.5042648,64.58626747,214.7326994,308.8950682,453.1463852,62.9132328
391,776,Free State,GBIF,e,14396932,25.707917,-28.54125,168.3966589,334.4099998,474.5,69.46488762,158.5314941,330.5251465,322.7619629,97.93212891,125.5,322,497.75,63.5,157.5,327.25,447.25,61.25,200.773983,283.4058762,560.0757904,73.67131042,206.5215158,290,552.2464142,75.69247055,215.9995508,294.4185734,550.4138184,72.90314102,220,291.4753962,558.730835,71.87986755
392,777,Free State,GBIF,e,14479804,25.374583,-29.207917,168.5883284,327.1100044,441.5,64.72421646,159.7272949,312.3459473,296.6057129,93.11865234,126,306.5,466.25,58.75,158.5,312.5,419.5,55,200,310,480.1802063,68.53403473,200,310,471.7131577,68.43434906,212.8161049,300,457.1694565,66.05317307,219.9850273,303.7039566,467.1736221,64.0172863
393,779,Free State,GBIF,e,14448744,26.207917,-28.957917,163.1554127,326.9200039,534.5,65.89255714,155.326416,318.359375,395.1948242,80.36401367,121.5,316,572.25,57,154.5,318.5,514.25,57,198.299017,300,567.0741119,71,199.6433973,309.3907404,561.05336,72,209.9472618,300,556.7970123,69.12691879,212.3193789,300,564.0902252,67
394,780,Limpopo,GBIF,e,13816864,29.54125,-23.874583,173.8354206,231.3100052,680.5,80.16484451,161.8520508,208.7785645,555.5031738,82.82470703,136.25,215,704,71.5,161.25,226.75,636,71.5,206.5219831,209.7444677,463.4988251,83.71934509,202.8551483,210,488.1061707,86,210.9136438,220,536.5883331,90.26589966,220.2191305,210,500.9211807,88
395,781,Gauteng,GBIF,e,14148336,27.54125,-26.54125,160.6883335,282.6299953,658.25,75.76410675,153.6020508,277.907959,534.4697266,80.08740234,124.25,266.25,702.5,65,152.5,280.25,655,66.5,189.113946,240.4174757,619.7939606,79.4052124,189.113946,257.3780251,629.6858521,81.38590622,199.6046305,260,643.3131561,81,205.5540943,260,661.3721619,82.5059433
396,783,Free State,GBIF,e,14531632,26.54125,-29.624583,147.3004174,322.6000118,574.75,62.9709549,137.5253906,307.8581543,449.9147949,71.53125,103.75,306,626.25,54.25,137,312.75,561.25,53.25,179.1806555,300,599.6770477,68.94878197,179.9545765,300,593.782486,69.41763496,190.3415728,290,585.3696899,67.77264786,197.8046703,289.5753622,599.8569031,65.52730179
397,784,Free State,GBIF,e,14479810,25.624583,-29.207917,162.7279139,328.1199932,458.25,65.10090065,154.2563477,311.3291016,321.4509277,87.41601563,120.25,307.25,494.5,57,153.25,311,443.25,54.5,193.4631491,310,549.7918396,68.21854401,197.1995831,310,540.7501221,68.45512199,209.9280596,300,527.7185974,66.28082275,210,300,539.5319672,64.45925522
398,785,Free State,GBIF,e,14500532,25.707917,-29.374583,159.3400002,326.7100048,462.25,64.02289772,150.9055176,310.3581543,328.5593262,82.81567383,117,307.25,500.5,56.25,150.25,311,448.25,54,190,310,567.6669464,68.86048317,190,310,558.9850006,68.92181396,204.2284632,301.3971186,543.5240326,66.53342628,209.9645042,304.4961929,556.2090607,64.51542282
399,787,Eastern Cape,GBIF,e,14873464,24.54125,-32.374583,185.4116678,280.929985,319.75,41.86539841,171.1940918,254.7075195,186.3754883,57.89599609,141.5,268,304.25,37.75,171.5,268.75,282.75,34.5,200,240.0279999,301.9169312,44.29928493,200,246.9333315,303.7042236,41.70061398,209.8792267,264.1927719,283.5448227,38.15987396,210,250.7625008,297.7356186,42.72348118
400,788,Mpumalanga,GBIF,e,13941240,31.874583,-24.874583,215.8920813,228.760004,626.75,76.46098518,211.6657715,221.3339844,527.9882813,72.07568359,184,224.75,681.5,63.5,209.5,237.5,622.75,60,249.2542458,180,575.4780884,78.60389137,248.7866116,180,607.0081024,81.99249649,250.6473255,194.6554184,700.9810028,93.26022911,260,188.2150745,630.2580566,88.67113113
401,789,Mpumalanga,GBIF,e,13889438,31.79125,-24.457917,221.5516663,228.3699989,555,78.07046509,215.8391113,235.3959961,452.7419434,81.73925781,187.5,244.25,602.25,68.5,213.75,253.75,544.75,64.75,250.0745535,180,509.2841568,81.64803123,250,180.5035925,539.6760101,83.95719337,260,200,627.3865356,94.25421143,270,190,570.0464783,91.5997448
402,791,KwaZulu-Natal,GBIF,e,14314156,30.04125,-27.874583,174.2229128,254.8199987,788.5,72.00506401,162.4868164,269.5244141,661.0231934,66.41308594,131.75,262.75,806.5,63,161.75,273.5,763,65,189.7148275,239.9490595,732.9295044,74.85429001,189.335289,240.0139999,762.4669495,78.11875534,199.8861837,250,723.1243744,77.01477814,205.5671167,240,745.1265717,78.63419342
403,794,Mpumalanga,GBIF,e,13992998,30.124583,-25.29125,127.4404168,205.5700064,974.25,79.56335831,117.4301758,204.3786621,812.4775391,68.28125,87.25,205.25,1003.25,68.5,116.5,208,920.75,69,139.8764205,210,818.3863525,83.99627304,138.9057231,212.5383615,861.1009827,87.99627304,147.0040178,240,932.4588013,92,153.8632011,229.5776463,881.2628326,89.19335365
404,795,Eastern Cape,GBIF,e,14718092,25.707917,-31.124583,136.3954163,316.4700031,493,54.80427074,131.6650391,268.2385254,332.375,71.03149414,101.25,279.5,495.75,53.75,131.25,289.25,441.25,48.5,162.8380251,289.9835634,489.4330826,58.2392664,169.2662716,290,481.6368484,55.99723625,179.8969698,300,465.4377975,56.14710712,181.1730003,290,495.212532,56.17407799
405,796,Free State,GBIF,e,14593774,25.79125,-30.124583,148.9437509,330.0200081,434.5,62.10668945,138.8830566,310.1403809,300.5488281,78.16210938,106.25,310.75,475.25,52.5,138,317.5,423,50,184.2114782,290.1189852,482.805069,63,187.1697807,292.9621458,483.0999985,62.99155331,197.6097202,292.2341442,468.4486313,59,201.0041237,290,485.7461548,56.85498333
406,797,Eastern Cape,GBIF,e,14728454,25.79125,-31.207917,136.0329175,310.0700045,512.75,53.63679028,128.5927734,273.2685547,335.6293945,63.99975586,97.75,282.5,492,51,127.75,291.75,445.5,47.25,161.898222,285.335331,533.1033173,58.97448063,164.7707605,290,523.8401031,56.05351925,176.1797953,299.9130869,506.3321609,57.00359726,180.8534956,290,539.862854,57.38150597
407,798,Free State,GBIF,e,14655938,25.957917,-30.624583,157.5145817,320.1999998,445,59.26297283,148.5749512,300.2731934,331.3669434,72.95361328,117.25,304,503,52.25,147.5,313,447.5,48.75,187.6635838,300,510.487709,59.33060455,189.8995495,308.7972736,506.2992401,58.30706882,198.2337236,310,488.2116394,55.29969501,205.5891895,300.256834,519.2109756,55.08329201
408,802,Limpopo,GBIF,e,13806498,29.29125,-23.79125,183.2254171,240.4699945,600.25,82.23827171,169.5793457,216.423584,450.0610352,92.35961914,144.75,224.75,584,74.75,169.75,237,529.25,75,209.8310566,210,405.7975998,83.79295349,207.882328,214.0867662,427.961792,85.83299446,213.368659,220,472.1773987,91.0187664,220.8031893,210,442.495369,88.44997787
409,803,Limpopo,GBIF,e,13796144,29.54125,-23.707917,178.6100006,232.220006,657.5,80.17065239,169.6381836,212.4284668,586.9033203,83.87695313,144.5,217.5,738.75,72,169,230.5,660.25,71,212.8288698,210,402.9918137,84,209.5153761,220,425.4610977,86,218.6521006,220,470.1381302,91.44140053,227.7591896,210,437.1110458,88.18867874
410,804,Free State,GBIF,e,14407272,24.874583,-28.624583,178.775835,314.900012,455.75,71.34102821,168.4343262,314.4912109,302.4604492,92.37402344,135.25,302.5,474.25,63,166.25,311.5,423.5,59,210,290,470.653511,72.0015316,210,300,457.2991638,72.20111465,220,300,457.4630432,71.95652962,225.7051182,300,464.0934219,71
411,805,Free State,GBIF,e,14272686,28.79125,-27.54125,145.3066659,292.6299953,689.5,70.67190552,136.8635254,297.3237305,574.4401855,74.14868164,106,288,724,56.5,136.25,292.75,682.75,63,175.1993704,250,601.341156,74,175.2721262,260,611.081543,76,189.1593552,264.1175556,606.0914154,75.02558517,190.072751,260,632.5774536,78.97672653
412,808,Free State,GBIF,e,14345166,27.124583,-28.124583,165.4366732,305.2999973,582,67.06006622,153.5229492,300.9848633,449.4223633,82.36669922,121.5,296.25,619.25,58.5,153,305,562.5,58.25,190,280,594.9922485,71.74302864,190.1454973,290,594.7538605,73.35362625,201.8445206,280,591.4776306,72,209.9627209,279.9627209,609.1625366,73.79434013
413,811,Free State,GBIF,e,14604132,25.707917,-30.207917,146.5450001,326.7700005,439.5,61.35622406,136.6162109,307.1706543,309.9882813,76.11767578,104,307.25,485,52.5,135.5,315.5,430.5,49,179.9850273,282.8978634,501.5768738,62.01279736,181.1464548,289.9490595,502.5193787,61.98528671,191.5242195,290,486.9375,58.02012539,199.9259567,282.0319796,506.2213745,55.93391132
414,816,Free State,GBIF,e,14593792,26.54125,-30.124583,149.9683332,317.2700024,546,60.60784149,134.9577637,309.9348145,399.7199707,69.39990234,103.25,303.5,573.5,51.25,134.25,315.25,514.75,51,179.6500778,290.0351572,581.2053833,67.14683914,180.5981445,300,575.7876587,66.60478401,189.8300838,299.9856853,557.9601593,63.49472713,194.4751263,290,585.1652222,62.04500103
415,817,North West,GBIF,e,13982590,28.124583,-25.207917,195.9154177,278.840003,578.25,81.67382813,186.4492188,274.3166504,458.2680664,96.93041992,158.5,267.5,606.5,71.75,184.5,285.5,568.75,75,230,249.8090744,519.0803299,83.94087029,230,250,533.6747589,87.27597427,240,270,587.1362762,90.88141251,240,260.7533789,574.259079,89.62220955
416,818,Limpopo,GBIF,e,13972232,28.207917,-25.124583,192.5825024,273.2000065,577.25,82.8766613,185.4101563,271.526123,456.4816895,98.02319336,156.75,265.5,603,72.25,183.25,283.25,565.75,75.5,229.4275522,240.1479435,520.4636459,84.0015316,228.1881094,250,536.0549774,88,238.410635,269.961729,590.9665833,91.38692284,240,260,576.783905,90.20160484
417,819,Western Cape,GBIF,e,15049534,22.457917,-33.79125,155.8500004,224.8699999,462.5,15.4760201,140.2436523,201.5153809,530.4099121,15.61767578,118,261.5,621.75,15.25,143,215.25,590.25,10,166.9908953,198.7269115,544.5678329,20.00224829,168.8403368,206.4337683,549.0633469,18.40953875,179.4671392,218.6644173,535.1435547,21.03544998,181.5439653,223.7163258,540.7467194,24.56932259
418,820,Limpopo,GBIF,e,13806496,29.207917,-23.79125,182.2779179,238.7800026,607.25,82.85014725,169.1945801,217.2963867,450.6625977,93.15966797,144,225.75,583,74.5,169,236.5,530,75,209.3413353,210,417.4902573,83.38274765,206.2574911,219.0833187,439.5952988,85.42333794,212.4038315,227.9231024,485.7906342,90.85082817,220.2178288,213.9262056,456.6575241,88.79852676
419,821,North West,GBIF,e,14189694,24.124583,-26.874583,182.2941637,303.499999,459.5,80.92785835,166.7224121,315.4887695,333.0280762,107.4875488,134.25,298.25,526.75,74,163,316.5,453.75,68,210,270,449.3473816,80,210,280,436.8647308,81.48604774,220,270,450.4558792,79.0086441,220,270,455.6673813,78.46270561
420,822,North West,GBIF,e,14013646,27.124583,-25.457917,194.0429211,284.3299961,643.5,78.89081192,183.4519043,279.6379395,501.4072266,94.68408203,155.75,265.75,665,74,181,286.25,615.75,73.75,220.6006098,244.7252035,557.7873688,80,220.1601696,250,563.0058899,82.32113838,229.5776415,267.8825188,626.6221313,84.44814301,233.0194378,263.8151836,622.9328156,85
421,823,Mpumalanga,GBIF,e,14055132,29.04125,-25.79125,169.9258375,244.1399956,692.5,80.87015915,155.4394531,271.8154297,556.0029297,82.26757813,130.5,258.75,698.5,67.5,153,280,671,71,192.2255611,238.096962,699.9674377,81.98214722,191.9571638,240,723.1891022,85.06390953,203.7717915,250,763.2962646,87.38015175,209.4115877,248.9587736,756.2479858,86.73358917
422,825,North West,GBIF,e,14127578,25.957917,-26.374583,173.3383322,291.8999958,603,79.89962959,164.0009766,281.824707,457.6242676,97.39331055,135.25,264.75,643.5,72.5,162,282,582,69.75,200,260,490.4480286,80.45075798,200,270,488.5598679,81.85358047,210,260,524.2834015,82.63883209,217.3033524,260,537.0482635,83.99641991
423,826,Free State,GBIF,e,14510900,26.04125,-29.457917,157.2475004,332.3600006,486.5,63.77372742,149.9946289,312.8933105,355.6442871,80.19458008,116.5,311.5,530,56,149.5,315.5,475.5,54,190,309.5076275,541.8347015,69.0080719,190,310,535.0732117,69.80548668,205.9809542,300,524.0601959,67.27606201,209.8815107,300,534.2769775,64.65631866
424,827,Free State,GBIF,e,14293324,25.374583,-27.707917,175.2862501,324.9799919,490.75,74.59110451,168.4897461,331.3999023,337.2028809,107.8413086,138,312.25,518.5,68.5,166.5,323.75,461.5,66,210,290,474.1477585,75.8942337,210,300,466.6636047,77.35374069,220,280,460.2690506,74.38577271,221.835618,280,474.8734741,74.82290077
425,828,Northern Cape,GBIF,e,14655890,23.957917,-30.624583,165.6504202,318.4200001,320.25,59.78584576,151.7600098,306.6779785,169.7426758,88.23193359,118.25,307.5,333,55.5,151.25,320.25,282,49.25,199.279952,290,351.0269775,61.07467556,200,290,343.9383621,57.58677387,209.9143887,300,320.0110168,52,210.7558823,309.9254465,330.2892609,51
426,829,Free State,GBIF,e,14624880,26.874583,-30.374583,148.8516641,310.7000017,604.5,58.11155033,136.2973633,302.1672363,474.9289551,62.86865234,106.5,293.75,647.25,48.25,135.5,308,581.75,49,170.902462,290,611.1219788,64.7788105,174.0455723,300,604.9886322,63.7069664,179.9839687,300,581.2964478,59.83841324,188.2896233,290,617.0846863,59.92423439
427,831,KwaZulu-Natal,GBIF,e,14314174,30.79125,-27.874583,169.8075008,229.8399973,838.5,71.7279377,171.4204102,228.2165527,728.7678223,63.33056641,142.25,216,856.75,62.5,170.75,227,834,65.25,194.0738964,210,779.313736,71.18914413,192.1873188,211.0152721,810.0093079,75.55373383,202.7124023,220,770.5299683,74.40747833,209.3613386,207.043066,778.7196503,74.6041851
428,832,Gauteng,GBIF,e,14117284,28.707917,-26.29125,155.6075025,250.0600004,692.25,78.08969498,146.939209,267.2282715,570.0324707,81.29907227,121.5,252.5,707.25,67.5,145.5,272.5,686.25,71,180,238.0274963,707.2773132,79.70972443,180,250,723.6494141,82,190,259.8141098,751.134903,82.36707687,197.363143,250,764.8042908,83.70723534
429,835,Eastern Cape,GBIF,e,14883826,24.624583,-32.457917,183.3608341,280.6699944,318.75,40.84888744,170.1433105,258.2626953,186.2834473,57.93432617,140.75,271.5,300.75,36.5,170.75,272,281,34,199.8881674,240,294.8817902,41.91850758,199.9627209,246.7031622,296.7214432,39.26739788,209.5899534,264.3018293,277.7062531,36.15905285,210,250.6640482,291.5588074,40.99821377
430,836,Free State,GBIF,e,14334806,27.124583,-28.04125,164.6266699,301.8599939,586.25,67.6182251,150.8771973,299.482666,453.8967285,83.45092773,119,295.75,624.75,59,150.25,304,564.75,59.75,190,280,614.5687408,71.78425217,190,290,614.9217834,73.61332321,200.2291632,278.8964272,612.8537903,72,208.3956051,274.8747683,632.1190338,74
431,837,North West,GBIF,e,14013614,25.79125,-25.457917,180.0274992,275.720005,552,81.54382706,169.5385742,289.3569336,421.4094238,102.5388184,140,270.75,600,70.25,165.75,291,547.75,69,208.0146122,240,522.2090912,85.09975433,208.4070349,250,525.588089,87.90820313,213.7597513,250,580.9953308,88.24893379,219.9502039,250,576.5828094,86
432,839,Free State,GBIF,e,14417632,24.874583,-28.707917,178.9504147,316.0199928,450.75,71.06067657,169.0224609,312.9431152,302.3967285,91.31665039,136,299.75,471.75,62,167,310,422,58.75,210,290,453.9837494,71.97176361,210,300,441.5950546,72.00815201,220,300,440.3451385,71.29966354,224.8001194,300,446.6931381,70.51284981
433,840,Free State,GBIF,e,14365844,25.374583,-28.29125,172.3154163,324.0499973,483,71.34800529,159.5307617,324.7878418,331.4604492,96.44873047,127.5,311.75,502.25,63.75,157.75,320.5,454.5,61.25,202.767086,280,504.8202515,75,207.0445156,290,494.0673676,76.59684944,216.0582161,290,489.8462143,74,220,290,498.1066742,73.644701
434,841,Free State,GBIF,e,14324448,27.207917,-27.957917,162.9574966,298.5799932,597.25,67.81855202,149.0581055,299.645752,460.5561523,84.13842773,117,294.75,629.75,60.75,148.5,302,571,61,189.1132879,280,618.6985626,72.0083847,189.4863272,289.4566536,620.3212738,74,200,270.0471926,617.2752075,72.22821426,206.8495846,270,637.3717346,74.07538223
435,842,Northern Cape,GBIF,e,14655878,23.457917,-30.624583,167.5791693,328.4000111,267.75,64.71799278,157.7011719,311.1228027,142.53125,102.0881348,124,311,300.25,64.25,158,323.25,252,56.75,200.3712797,300,299.7502899,58.65605927,201.8353319,300,295.5903778,55.89511871,211.3853073,310,276.2222672,50.07415676,217.6424313,320,280.4034882,49
436,843,Free State,GBIF,e,14200132,27.374583,-26.957917,167.4141645,285.8599997,614,73.15027618,158.9196777,287.4035645,507.4555664,79.5324707,126.5,280,680.75,63.25,158.25,285.25,628,65,196.3617611,260,610.9619904,77.59314728,196.2714243,270,613.9824371,78.78621674,209.6135044,270,620.9362183,78.15831757,210.2451324,270,645.7384186,81
437,846,Free State,GBIF,e,14562688,25.54125,-29.874583,157.6308322,329.1399956,431.75,61.86779881,146.6430664,309.5559082,285.2958984,82.40429688,113.5,310,457.5,54.25,145.75,315,405.5,50.25,189.9822521,300.2083588,477.3822708,64.04653549,189.9822521,303.2183266,476.4962082,64.00354958,204.7070408,300,455.43013,60.03634739,209.4702005,300,468.5988388,58.21836472
438,847,North West,GBIF,e,14148310,26.457917,-26.54125,168.7020779,280.2199984,609,78.61115074,157.3278809,275.3554688,487.1486816,94.47314453,126.75,266.25,678.5,71.75,155.75,277.25,611,69,198.6060095,260,571.4057312,80.80260849,198.6912918,270,571.1261749,80.98201561,209.1051674,269.9147177,607.9198761,81,211.7954493,264.6044588,626.7947083,83.18267822
439,848,Free State,GBIF,e,14552326,25.457917,-29.79125,158.9999986,324.4000053,434.75,61.5182972,148.4240723,308.9765625,291.0317383,82.08520508,115.25,307.75,464.25,53.5,147.5,313.75,412.25,50.25,189.7864723,307.2269201,480.8316727,64.83660698,190.1530075,309.5776415,478.9805603,64.70275307,205.6177092,300.0372791,455.9210434,60.783288,209.195013,300.3870869,468.1003647,58.98994446
440,849,Northern Cape,GBIF,e,14521216,24.207917,-29.54125,182.7041674,329.2300034,362.5,67.63169098,165.875,325.0996094,210.095459,89.73657227,131.5,316.5,379.25,56.5,164.75,325.75,331.25,53.5,210.0074863,300,345.0170822,62.20559597,210.2185774,310,333.5788345,60.25521946,221.9832182,310,324.7969208,58.96893692,230,310,332.469574,59.85303307
441,850,Limpopo,GBIF,e,13972234,28.29125,-25.124583,191.675005,271.9999981,581.5,83.52915382,183.4619141,269.1235352,461.3547363,97.01660156,155,263.25,608.25,71.75,181.5,280.75,570,75.5,227.5770998,240,528.377655,84.06685066,223.6379814,250,545.1886749,88,234.4235992,269.2283106,601.4506989,91.92397499,240,260,586.3416138,90.86074448
442,852,Free State,GBIF,e,14573052,25.707917,-29.957917,155.3795815,334.489994,424.75,61.83612251,146.3415527,311.7429199,276.0019531,84.28027344,113.25,311.75,446.25,54.75,145.5,317.25,397,52,190,300.0076532,441.5774536,63.52845192,190,301.0830593,441.1501846,63.50161266,207.5870323,300,425.1974335,59.64067841,210,300,438.2120895,57.48368073
443,853,Limpopo,GBIF,e,13868632,28.207917,-24.29125,184.0520811,272.3199987,618,84.97651863,173.6601563,266.9614258,507.6523438,93.80151367,144.75,270.5,623.75,75.5,173.5,277.75,580.5,76.5,216.6365004,220,526.860527,86.99342537,214.9472141,222.4764776,540.4967194,89.77640724,225.0795412,249.2888117,604.9977875,93.27594948,230.0821257,240.1575375,584.7971802,92.62850189
444,855,Free State,GBIF,e,14521260,26.04125,-29.54125,155.9916663,329.7200108,484.5,63.6569519,147.2412109,314.3845215,353.7741699,79.41772461,113.5,313.25,528,55.25,146.75,317.5,473.5,54,189.9474335,308.1634903,542.6311951,68.42868614,189.9925137,310,536.4452209,68.89731979,201.9438362,300,524.0510101,66.49831963,209.5507813,300,534.6161499,63.93577576
445,861,North West,GBIF,e,14189760,26.874583,-26.874583,173.4624958,286.4800072,606.5,74.22610855,160.7019043,291.5456543,476.5788574,86.93432617,128.5,284.5,660.25,65,159.75,287.75,599.25,65,200,273.3798313,586.3928375,78.64789009,200,283.8419199,585.9019775,79.62445259,210,280,605.2229309,78.87622261,220,280,630.3781433,80.93136406
446,862,Free State,GBIF,e,14407304,26.207917,-28.624583,164.3449974,333.6999893,530,67.29133034,154.2333984,336.7814941,393.2741699,86.73144531,120.25,330,569.75,61,153.75,334,512,60.5,199.9135303,290,578.6269531,71.00143242,199.9923468,299.8227549,571.8329926,72.53072357,210,296.0150814,572.2778778,70.04148102,211.8933582,290,580.7079773,69.13494301
447,863,Western Cape,GBIF,e,15080538,19.29125,-34.04125,154.5800018,204.2399979,755.75,52.89254665,140.1210938,192.6833496,776.6984863,49.9777832,117.75,249.5,917,53.25,145,208.75,879,60,167.8241825,208.3032703,723.9964905,55.44894981,170.9430981,207.9206038,711.6192322,56.832757,174.8710012,211.8187904,707.6779785,51.18192196,176.6479063,214.6369934,685.9743958,50.84668541
448,864,North West,GBIF,e,14189706,24.624583,-26.874583,183.4295893,313.6600018,490.5,79.87259865,170.762207,321.4433594,340.7280273,106.2126465,141,302.25,533,74,166,322,464.25,69,210,280,461.3747101,81.98906326,210,290,451.5270615,83,220,280,463.2349396,80,229.9147177,280,469.0664749,79.07691002
449,866,North West,GBIF,e,14189716,25.04125,-26.874583,179.6275043,314.3200016,512.25,77.88619804,166.1694336,325.708252,341.4001465,108.8439941,137.5,306,520,75.25,161,325.5,461.5,70.75,210,280,496.5871048,81,210,290,489.6688995,82,220,277.6926327,502.5451202,80.0259285,220.0424719,274.7656822,513.2452469,80
450,867,Free State,GBIF,e,14407302,26.124583,-28.624583,164.7741699,338.0000019,521,67.40295792,155.182373,337.2932129,383.0187988,87.97216797,121.5,330,559,61.25,154.5,333.25,502,60.5,200,290,573.9061279,71.46571159,200,299.2330933,567.3166809,73.09514427,210,297.7828169,567.6593475,70.73170471,214.6783352,290.1689434,575.4338379,69.5943203
451,869,North West,GBIF,e,14189708,24.707917,-26.874583,184.3358374,313.1499958,493.25,79.66864395,170.6499023,324.0861816,339.1240234,107.6428223,141.25,305.75,531.5,74.25,166,324.75,464.5,69.5,210,280.1233673,449.5677338,81.66737747,210,290.9892464,440.2974396,82.95270348,220,280,451.8703613,80,230,280,458.6112289,79.59693336
452,877,North West,GBIF,e,13992936,27.54125,-25.29125,197.5483322,282.5700092,603,78.8289547,191.7653809,280.5527344,463.6425781,97.13354492,163.25,271.5,617.5,73.25,189.75,290.75,575.5,75,229.9848604,250,506.9742966,83.06756592,229.9705458,259.7366714,514.0815201,86.06317329,238.8062906,270,565.1897125,88.6117897,240,270,560.0960236,87.8056488
453,879,Limpopo,GBIF,e,13806504,29.54125,-23.79125,177.8375006,234.54,647.25,79.92806625,167.6867676,211.532959,560.7553711,84.02880859,142.75,218.75,708.75,71.75,167,229.5,637.25,71.5,210.6517076,210,422.0807419,83.97760391,210,214.5921612,444.9880829,86,219.1507244,220,490.5198593,91.0015316,226.9595051,210,456.7359085,88
454,881,Free State,GBIF,e,14448748,26.374583,-28.957917,163.5920858,320.719986,560,65.70789909,153.748291,321.8129883,420.2941895,78.84008789,120.25,321.75,596,57,153.25,324.75,536.5,57,197.980566,300,549.3076782,70.88740349,198.9447737,302.1488667,543.6764221,72,209.673152,300,539.8787231,69.51575661,211.2131786,298.151269,548.5818176,67.39185333
455,883,Mpumalanga,GBIF,e,13879074,31.624583,-24.374583,218.4058285,220.9300041,587.75,79.28548813,212.9208984,226.4116211,453.0471191,84.24316406,184.75,235.25,605.5,70.75,210.25,247,545,67,249.9640274,180.0852823,530.1116333,82.0103035,249.4135714,188.6216068,563.542038,84.85569954,251.5559912,200,648.0010223,93.90213776,260,190,591.9741974,91.45414543
456,884,Free State,GBIF,e,14490168,25.54125,-29.29125,161.6554213,326.3000107,452.25,64.44749832,153.3308105,310.1938477,316.3029785,86.43896484,119.25,305.75,489.75,57.75,152.25,310.25,437.75,54.25,190.421381,310,528.7504578,68,192.358017,310,520.2839508,68,209.9143791,300,504.8774261,65.99342537,210,301.1157036,516.7086716,64
457,886,North West,GBIF,e,14200054,24.124583,-26.957917,181.1804199,304.2399979,464,80.66033363,165.7988281,316.5224609,337.9223633,105.708252,133,298.75,534.25,74.25,162,315.25,458.75,68,205.6716108,270,459.8327103,79.73379707,209.9155283,280,446.9925156,80.8174839,220,270,460.6026993,78.80195618,220,270,465.5968094,78.03346825
458,887,KwaZulu-Natal,GBIF,e,14272746,31.29125,-27.54125,180.3904152,195.0299978,803.5,65.83392334,169.1394043,204.9130859,707.7734375,62.98217773,137.25,202.25,833.5,58.5,167.5,201.5,819.75,60.75,194.9810505,199.1621399,829.3575287,70.88293839,193.8143826,200.2735901,877.7115326,75.92935944,204.6005106,209.3956995,843.4087677,75.57404137,209.6998453,195.6669331,837.9360352,74.14446449
459,888,Free State,GBIF,e,14490176,25.874583,-29.29125,160.8687496,329.4799995,475,64.93039513,153.989502,310.8007813,340.1035156,82.91186523,119.75,308.5,514.5,55.75,153,312,460.75,55,191.635294,310,563.3278503,70.02389717,194.2972279,310,554.7518921,70.66399002,208.9913797,300,543.5299835,68.33143616,210.0143147,300,554.6807556,66.0436554
460,893,Mpumalanga,GBIF,e,14241638,30.124583,-27.29125,135.4975009,233.8600016,764,75.70730972,129.342041,244.8588867,667.9855957,64.51611328,98.25,235.75,814.75,61,128.25,243.5,778.5,66,154.1764235,210,871.4750519,78,152.2540712,210.0367785,911.8090057,81.99155235,163.9840269,230,877.5711517,81.0464325,168.5857773,219.1991711,896.2039642,82.57098198
461,895,Free State,GBIF,e,14490170,25.624583,-29.29125,160.822916,326.6899967,458.25,64.51127625,152.8635254,310.6555176,322.6291504,85.8828125,119.25,306.75,495.5,56.75,151.5,310.25,444.25,54,190.5202341,310,550.0927887,68.40966225,192.4903393,310,541.3401489,68.51371765,208.4943199,300,526.6298065,66.21882439,210,300.170083,538.6180725,64.10562325
462,900,North West,GBIF,e,14148290,25.624583,-26.54125,176.6795826,295.989995,564,78.51220131,167.0180664,298.1069336,400.7683105,101.9365234,137.75,283.25,585.5,72.75,163.5,297,526.25,69.5,200,270,490.5018234,80.27669334,200,280,488.2032852,82.84153938,210,260,515.304039,82.6872921,220,263.0430984,527.4089813,82.34231377
463,901,Free State,GBIF,e,14282970,25.624583,-27.624583,172.9512548,317.8600025,501.25,73.51363564,170.1101074,325.5341797,356.7568359,107.5273438,139,311.5,542.5,69.25,168.25,319.5,481.5,66,210,290,493.8756638,74.89192581,210,292.170372,487.8353577,76.12722588,220,280,484.7578049,73.79441833,225.5385733,280,500.984993,74.82338905
464,902,Free State,GBIF,e,14469452,25.707917,-29.124583,164.9983358,332.9100132,461.5,65.65117073,157.4626465,313.9619141,318.6606445,89.36889648,123.5,309,489.75,58.75,156.5,313.5,441,56,200,309.5694733,542.7354126,69.21727562,200,310,534.1984863,69.76741409,210,300,523.7821198,67.591856,218.5692215,301.8767643,534.4348755,65.60139084
465,903,Free State,GBIF,e,14500534,25.79125,-29.374583,159.1366673,328.1600094,467,63.99256229,151.4794922,310.6621094,332.947998,82.94384766,117.75,307.75,505.25,56.25,150.75,311.75,452,54,190,310,576.1281738,69.09458733,190,310,567.4689789,69.44561768,205.5052423,300.215826,553.2064362,67.08248138,209.8294401,301.0190344,565.7155914,64.98561478
466,905,Eastern Cape,GBIF,e,14749198,26.79125,-31.374583,119.8287511,292.3200083,608,54.76098919,103.763916,281.4487305,471.4958496,43.10424805,74.75,285.75,620.5,31,101,297.25,582,35.25,138.8122416,250,703.7831421,58.19317245,140.6895661,259.2667675,688.5969391,56.18863297,149.856708,260.3411245,653.0863342,55.54950809,155.9580255,258.7862682,703.4154205,56.93965721
467,906,Mpumalanga,GBIF,e,13951600,31.874583,-24.957917,217.0141697,232.1699953,622,76.27675629,212.6984863,221.9853516,523.1437988,71.8269043,185.5,224,675.75,63.25,210.5,237.75,617.75,59.75,249.9472618,180,553.5296173,77.54580307,249.9296856,180,585.2284088,81.31681252,254.7761726,195,672.4584351,92.01047516,260.2392578,188.2139397,603.3444366,87.37199402
468,908,Limpopo,GBIF,e,13941168,28.874583,-24.874583,196.9016647,282.1399975,566.75,86.299757,185.5471191,266.8657227,459.0561523,91.33251953,157,268.25,596,75.5,184.25,280,562,78,230,245.8385515,552.6886597,84.87373352,229.8411465,248.6210203,573.8446808,88,240,264.0126133,629.1827698,92.705019,242.3512936,260,606.7155609,90.82897568
469,909,Gauteng,GBIF,e,14137994,28.29125,-26.457917,154.9354172,255.0099993,685.5,77.0527401,146.3273926,279.3879395,574.1037598,82.52514648,119,263.5,721.75,65.5,144.75,279.75,691.5,69.5,179.0672016,240,718.4496002,81,179.1692495,250,731.5753784,83,191.3958216,260,754.1286926,82.95719337,196.1271429,260,777.7801971,84.71225166
470,910,Free State,GBIF,e,14355574,29.124583,-28.207917,141.5787506,252.4100018,717,71.26344681,126.2060547,274.442627,585.6706543,66.05688477,94.5,265,728,56.5,125,273.75,684.25,61.75,165.252862,233.4442139,710.5445404,76.53554153,164.9921036,236.3828564,726.0220947,78.98655128,177.3014355,240,697.9875183,76.53785324,181.6649532,237.6046181,721.5095215,77.38456535
471,911,Free State,GBIF,e,14479820,26.04125,-29.207917,159.7979188,330.8200073,495.25,65.51500893,153.7954102,307.5942383,370.2978516,79.97021484,119.75,304.75,546.75,56.25,153.25,309.5,490.25,56,189.8027515,310,542.6021118,70.21785164,191.8199348,310,535.2348785,71.48629379,207.747674,300,528.0267181,69.09569931,209.6411276,300,537.7064667,66.78193474
472,912,Free State,GBIF,e,14262290,27.29125,-27.457917,167.5791693,289.9799967,606.75,69.56601715,156.4907227,293.3305664,495.5368652,78.8815918,124,287.5,670.25,59.75,156,291.75,615,62,190,270.0844717,622.3037567,74.43300438,190,280.0844717,621.0045929,75.65785217,201.2962532,270,623.9480896,74.19407082,209.6621132,270,648.939682,76.95776367
473,915,Eastern Cape,GBIF,e,14697388,26.374583,-30.957917,148.5579181,312.0899916,501,57.74350548,140.2333984,305.7683105,362.6569824,67.97558594,111,303.25,522.75,51.75,139.25,317.75,470.5,48,176.189208,297.1468115,551.7684326,54.16757488,177.6619768,302.4075317,543.1760712,52.53059292,186.2572479,304.8035431,517.9844513,49.37607098,191.3539124,299.6953058,554.4591827,50.48721981
474,916,Free State,GBIF,e,14417660,26.04125,-28.707917,167.246666,337.5799847,504.25,67.42219734,158.0966797,332.9755859,358.3952637,89.96606445,124.25,327.25,535.5,60.75,157.5,329.25,478.75,60,200,296.587739,549.0658875,71.82250214,200,300,543.2771912,73.34925079,210,300,541.8208618,70.86874199,219.9467564,300,548.5523376,69.38194656
475,918,Free State,GBIF,e,14303682,25.29125,-27.79125,176.0824966,321.1699963,489,74.63383675,167.322998,331.2727051,330.6179199,106.807373,137,311,507.5,68,165.5,322.5,455.75,65,210,290,478.2800293,76.00494576,210,300,469.3029022,77.52253723,220,285.803833,462.5091019,74.53985405,223.9774513,283.8163805,476.4635391,74.32450867
476,920,North West,GBIF,e,14024004,27.04125,-25.54125,187.7395821,269.0200043,660.5,79.54098701,179.5454102,275.763916,523.2265625,91.03222656,152.25,261.5,692.25,71.5,177,282.25,638.5,71.5,217.0322418,240,517.649826,80,216.8694687,249.9140596,523.1228867,82,225.0807571,260,581.049469,84,227.7052498,260,578.2872162,84.79531288
477,921,Western Cape,GBIF,e,15080570,20.624583,-34.04125,179.9775028,226.71,380.5,22.05719995,166.1386719,230.0175781,485.9753418,22.04516602,141,298.75,554.75,21,170,250.75,536.75,22.75,186.5479898,206.4275789,529.707016,18,188.0660868,213.2716656,518.8378983,17.30936193,194.6379709,223.8880157,530.4124451,24.23517179,197.7306414,226.4275789,518.8046646,25.76579142
478,924,North West,GBIF,e,14003282,26.957917,-25.374583,191.5850019,274.1900015,656.75,80.32764244,182.6904297,273.1411133,509.9248047,90.76318359,154.5,261.75,678.5,72,180.5,281,624,72.25,219.1710472,240,497.2851944,80,219.0182257,250,502.0146713,82.13749313,227.688632,260.1228857,560.6884308,84.20853615,230.6860161,260,556.6172485,85
479,927,Limpopo,GBIF,e,13951512,28.207917,-24.957917,191.2212467,277.0899963,593.5,84.34710312,183.2919922,269.6337891,484.1984863,96.12207031,154.25,268,628,75.25,181.5,281,586.25,77.5,225.3740072,240,537.1384277,85,221.1015463,244.5464945,552.1883698,88.01896667,231.6117954,260.0328779,609.8170319,92,240,260,594.7571716,91.16533852
480,928,Northern Cape,GBIF,e,14334754,24.957917,-28.04125,181.1095858,313.2699966,475.5,73.64368057,166.5727539,330.5844727,315.1484375,100.7966309,135.25,311.25,489,64.75,164.25,323.75,438.25,61,210,290.6147146,471.6077194,74.39794922,210,300,456.6711197,75.12178993,220,300,456.841774,73.40681839,226.587677,299.0803862,466.8607788,72.75080299
481,929,Northern Cape,GBIF,e,14738750,23.124583,-31.29125,151.893332,333.4100056,265,56.55650043,140.6787109,310.8061523,144.9138184,85.93798828,107.75,323.5,287,61.75,141.25,332.5,246.25,55.5,189.8979521,300,260.6483116,61.36807442,190,300,258.7755775,57.66666222,200,310,240.4397736,52.45209789,200.570488,320,245.8037758,51.46684456
482,931,North West,GBIF,e,14013640,26.874583,-25.457917,190.9987497,281.9299984,648.5,80.47135353,183.3352051,272.2341309,507.9919434,91.33886719,155.5,258.5,675.75,71.5,180.75,279.5,622,71.5,220,240,513.9726181,80.36417198,220,250,519.3803711,82.42120552,229.9671221,260,578.3837738,84.21228409,233.4094048,260,575.1759033,85.02718925
483,932,Free State,GBIF,e,14479824,26.207917,-29.207917,156.24125,325.350008,524.75,65.52056694,150.3435059,307.4787598,409.0493164,76.34960938,116,303.75,588.25,56.25,149.75,309.25,528.5,56,189.993,310,608.5173035,70,189.993,310,601.115097,71.55116272,199.993,300,594.6606445,69,209.0362978,300,605.1194,66.00829697
484,934,Limpopo,GBIF,e,13765106,31.29125,-23.457917,221.7191601,234.9499989,503,81.46179962,215.5822754,217.0151367,388.8518066,100.1169434,183.75,238.75,534,73.5,214,247,468.25,69.75,250.1712227,200,507.1209488,86.04157066,250,200,534.4324341,87.79095459,260,200,641.4915009,103.4944115,267.2045326,200,583.9788971,100.6302662
485,936,Northern Cape,GBIF,e,14386550,24.79125,-28.457917,185.0233364,319.9899912,457.5,72.42421913,172.8251953,322.1433105,292.2160645,95.40429688,140.5,309,462.75,64,170.5,318.5,413.75,59.25,215.7642555,291.7253447,412.8415985,72,220,300,398.965889,72,229.8979521,309.521966,403.6821213,72,230,301.6364717,409.9812241,71.92294884
486,939,Free State,GBIF,e,14428016,25.874583,-28.79125,168.8045835,334.0099907,477.75,67.41049767,160.1115723,326.8449707,327.2199707,93.03051758,126.25,321,496.75,62.5,159.25,325.25,449.25,59.75,200.2776384,300,537.8401489,72,202.6841927,300,532.0889587,73.99671173,213.8020754,300,528.0888824,71.17740822,220,300,535.1845703,69.66621399
487,942,Free State,GBIF,e,14407294,25.79125,-28.624583,168.8245821,337.9299927,470.75,68.61358452,159.5541992,331.5336914,318.607666,97.54443359,126.25,324.75,492.5,63.25,158.75,329.25,442,61,200.5257273,290,554.2823029,73.06455421,208.2952404,293.9234972,547.8188324,75.07913971,217.7638435,300,545.5155029,72.35329437,220,299.2221451,553.1065674,71.14678192
488,943,Northern Cape,GBIF,e,14728390,23.124583,-31.207917,154.3920827,334.0799999,261.5,57.69505882,143.7807617,310.4555664,137.7800293,89.38085938,110.5,321.25,279.75,64,144.5,330.75,239.25,57,190,300,252.7405472,60.08561993,190,300,250.8554688,56.37969685,200.0864315,310,233.2874146,51.30967903,207.8702831,320,238.2202606,50.30997467
489,945,North West,GBIF,e,14241536,25.874583,-27.29125,169.4241667,329.1300011,553.5,73.19837761,164.2680664,303.6428223,424.5036621,94.29272461,132.25,300.5,619.75,67.5,162.75,306.5,546.25,64.25,201.9974041,279.2797422,523.1488037,76.72615814,206.4328337,283.4612322,520.0075836,78.35107422,219.2066574,270,525.6700134,76.1544838,220,269.9311113,542.3641052,76.73703384
490,946,Free State,GBIF,e,14448740,26.04125,-28.957917,164.4354153,332.2399998,503.5,66.29670715,157.6123047,318.1020508,362.7773438,84.51000977,123.75,313.5,540.25,58.25,157,315.75,482.5,57.75,199.8969698,300,549.1484833,71.01871109,200,309.7237539,542.8040009,72.47278404,210,300,538.034317,70,217.7727842,300,545.3816376,67.88988686
491,947,Free State,GBIF,e,14251914,26.624583,-27.374583,176.5591669,294.7399998,599.5,69.40996552,159.0166016,333.0751953,452.7504883,87.30273438,125.5,328.75,639,62,158.25,329,577.75,62,200,290,556.9571686,73.95359802,200,300,550.6938782,75.1232872,210,280,568.1903839,75.11555672,217.4883795,280,594.8336792,78.50291443
492,948,North West,GBIF,e,14251896,25.874583,-27.374583,170.9958363,325.3099918,542,72.69453239,165.6384277,306.7546387,411.0905762,94.98803711,133.5,302.25,603,67,164.5,308.25,532.5,64,209.3000031,280,513.7606659,75.96139526,210,290,510.1963043,77.79726791,220,272.5564432,514.3711929,75.51092911,220,270.4280472,531.2303772,76.06705093
493,950,Free State,GBIF,e,14314068,26.374583,-27.874583,172.7820826,306.6699982,545.25,67.03577232,161.0668945,305.329834,399.9350586,88.21386719,128,294.5,587,60.25,160.75,304.5,522.5,60,200,300,539.5665131,70.05563927,200,300.0771523,531.2463531,71,210,290.7229662,542.4895477,70.44253159,215.2399302,290,564.5650635,73.62293816
494,951,Eastern Cape,GBIF,e,14800962,25.29125,-31.79125,162.975831,301.1999989,384.5,53.09007549,150.1257324,274.2121582,221.8505859,65.84985352,120.25,289.75,355.5,49.5,150.5,296,330.5,46.75,189.7563553,286.0504913,355.1100311,60.77856636,190,289.4931698,352.2400589,58.48876953,200,299.9155283,332.4361191,59.73107719,209.7195721,292.6662302,354.7732086,60.93052387
495,952,Northern Cape,GBIF,e,14645504,22.874583,-30.54125,166.8237448,333.5799789,247.25,64.24027252,156.1740723,316.7834473,116.7502441,101.6396484,121.5,316,271.25,63,156.5,327,224.25,56,207.4533892,305.71702,256.4779015,61.00107479,209.6639013,306.837945,250.2584305,57.54836655,219.1834307,318.3820915,240.2712822,53.55085468,220,328.3820915,241.5242805,52.63741112
496,953,Free State,GBIF,e,14396922,25.29125,-28.54125,175.689168,327.8700066,471,70.17809105,161.3811035,316.6328125,310.9494629,95.35302734,128.5,307.5,478.25,62.75,159.5,315.5,434.25,59,209.9565411,290,474.4925995,73.92267418,210,292.8189611,465.0039978,74.90465546,220,300,458.4964828,72.60414124,220,300,465.45121,71.51631355
497,955,Northern Cape,GBIF,e,14345112,24.874583,-28.124583,183.3012486,312.7600002,469,73.68332481,167.4194336,330.8459473,309.0732422,100.5205078,136,312.5,482.25,64,165.5,323.75,432.75,60.5,210,293.4952259,445.6966705,73.18469048,210,300.5715227,430.346138,73.63379097,220,300.6145,433.6743317,72.28130341,229.3865633,300,442.3765793,72.00143242
498,957,North West,GBIF,e,14231184,26.207917,-27.207917,172.9583311,308.2899952,585.5,72.32293129,163.3852539,293.0251465,454.6191406,90.13305664,130,289.75,655.25,65.25,162.5,294.5,577.5,63.5,200,272.7094412,533.4584656,76.22164345,200,280.3066206,529.5811615,78.00214577,210,270,547.8166656,77.98317146,220,269.9668074,568.0438232,79.66578484
499,960,North West,GBIF,e,14272612,25.707917,-27.54125,172.2774982,320.9200001,512.25,73.54132652,167.9711914,319.9204102,372.7536621,102.3200684,136.75,307.25,563.5,67.5,166.5,316,497,64.75,210,289.8093891,505.6447144,74.99776459,210,290,500.462883,76.5037117,220,280,499.0738754,73.94910622,221.6752577,280,515.7577744,74.95999527
500,965,Free State,GBIF,e,14490180,26.04125,-29.29125,159.2875004,333.5599995,493.25,64.73577309,153.2861328,309.3825684,363.9145508,79.84765625,119.5,307.5,537.5,56,152.75,311.75,483.5,55,190.042944,310,534.2309265,70.00644112,191.6985369,310,526.9707947,71.00071526,207.8909683,300,518.3764725,68.74163437,210,300,527.9026337,66.02629852
501,967,Northern Cape,GBIF,e,14728442,25.29125,-31.207917,142.2554183,309.0899992,438.25,55.74542618,128.0939941,284.0568848,304.6831055,64.16503906,96.25,295.25,464.75,51.5,127.5,304.5,415.25,48.5,168.421092,280,473.0775452,63.3865757,168.9349365,280,466.5576706,60.12383842,179.8184109,290,446.0005112,61.03321838,188.1224251,288.989768,472.2386551,60.16287231
502,968,Eastern Cape,GBIF,e,14759518,25.124583,-31.457917,157.3099971,307.0800018,394,56.13302135,140.7053223,280.9331055,247.2468262,64.43530273,109.75,296,395.5,52,140.75,302.25,358.5,49.75,179.7195721,289.0978622,389.1586533,66.18817902,180.433917,290,384.5435944,63.17576122,194.2788219,300,364.2431488,64.34721375,199.6751404,297.7671003,387.3469086,63.94041538
503,971,Gauteng,GBIF,e,13972244,28.707917,-25.124583,197.8304148,272.1000004,572.25,83.32653236,186.9838867,271.9396973,466.6750488,92.13818359,159,269.25,605,73.5,185.25,284.25,573.5,77,230,240,514.084053,84.50855827,230,249.3201399,534.0511322,88.01213646,240,260,585.7181854,92.70256424,249.9928427,260,565.9928436,90.1515274
504,972,Gauteng,GBIF,e,13992960,28.54125,-25.29125,190.4066658,258.0599976,602.5,82.57600212,177.3845215,267.5029297,505.732666,87.37207031,150,260.25,651.5,70.75,174.75,278.5,618.25,74.5,222.4200773,244.7387695,588.7960815,83.55651474,221.8865395,249.9472618,609.9287262,87.06540298,232.2758675,261.2517595,669.7687531,90.98724937,238.5242701,260,649.928299,89.11414719
505,976,Northern Cape,GBIF,e,14759378,19.29125,-31.457917,170.7512474,284.8400021,251.75,52.28059196,153.3916016,267.5727539,203.6052246,69.27099609,122.75,281,348,58,155.25,279.25,303.75,65.5,190.1118326,260,356.9359131,61.60248947,190.7954884,260,360.3264618,62.88040447,200.0372791,270,337.6370621,55.47716618,201.5494108,272.0025158,339.6858292,54.80315781
506,977,Northern Cape,GBIF,e,14749016,19.207917,-31.374583,170.8500051,283.670001,262.75,52.30919075,151.5205078,265.7753906,217.5041504,69.25146484,120.5,281.75,371.75,58.75,153.25,277.75,321.75,67,189.9720001,260,386.6051331,63.99137878,190.0177479,260,389.9224472,65.24966812,199.2090082,270,365.2773819,57.8838768,200.5843687,278.4175014,366.9594727,57.17067909
507,978,Free State,GBIF,e,14500530,25.624583,-29.374583,159.6708298,325.6799984,457,64.0707283,151.1696777,310.0908203,322.6672363,84.07446289,117.25,306,495.5,55.75,150,310,443.5,53.75,190,310,541.15065,68.32384491,190,310,532.9544525,68.36798286,204.4496965,303.0017376,516.9186249,66.02233315,209.8969698,307.514925,529.0604858,64
508,979,North West,GBIF,e,14179412,27.374583,-26.79125,163.9045858,275.7299995,637.25,74.56116295,155.4165039,281.2050781,520.0324707,79.38745117,123.5,272,695.25,63,154.25,281.25,642.25,65,190.7001925,251.5598536,652.8458099,78.41910934,190.6445122,268.1874323,659.376709,80.01624298,201.5296078,270,669.1767578,79.81103706,207.3397732,270,693.81604,82
509,980,Gauteng,GBIF,e,14138006,28.79125,-26.457917,152.4120808,254.7399902,701.25,77.09818077,145.2927246,267.715332,573.3625488,79.81054688,118.5,254.5,711.25,66.5,144.25,269.75,687.75,71,179.475894,237.4783278,703.1996002,79.46404457,179.5496225,250,720.9469452,82,190,258.7800837,739.5410309,82,190,250,757.5970764,84
510,981,Limpopo,GBIF,e,13744386,31.29125,-23.29125,221.782918,239.0600014,511.25,81.99168015,214.7785645,216.8354492,391.4987793,101.7651367,181.75,241.25,538.25,74,213.75,244.75,469,70.5,250.9427643,200,513.4877548,87.51063156,250,200,540.0595398,88.48249245,260,200,648.5724487,106.0695744,265.5472565,200,591.9679413,102.8028412
511,982,Free State,GBIF,e,14282972,25.707917,-27.624583,170.1004171,309.2100048,507.5,72.85821724,169.0620117,321.6813965,365.2602539,102.8139648,137.75,307.75,552,68.25,167.75,316.25,489.75,65,210,290,490.4483337,74.24359703,210,290,484.8342972,75.99192619,220,280,483.0568237,73.19999695,227.4758053,280,499.0055923,74.23338127
512,984,Eastern Cape,GBIF,e,14873524,27.04125,-32.374583,141.2845826,227.9399967,660.75,55.55125999,125.217041,216.0576172,770.1450195,47.30175781,95.75,222.25,907.5,40.75,124,224.5,844.25,43.5,150.4265833,214.4775581,761.648941,55.43806267,150.3694415,218.3615208,755.863678,54.11134052,158.8466382,219.9572086,719.6679382,53.44642925,161.7875409,215.3192139,754.2146149,55.17717934
513,987,Free State,GBIF,e,14407310,26.457917,-28.624583,160.4575014,319.9500036,556.5,67.62623215,148.5739746,331.9462891,426.7038574,81.89282227,114.75,324.25,603.75,59.75,147.75,327.5,542.5,60,190,290,647.0157318,71,190.8447123,294.7311687,640.1443024,72.01712227,202.2529078,290,639.6113586,70,208.7372923,290,651.2341766,69.06996155
514,988,Eastern Cape,GBIF,e,14738824,26.207917,-31.29125,137.6837492,304.6799946,522.25,54.57899284,125.576416,294.6152344,363.2727051,58.49975586,95.75,298,513,50.75,124.75,306.25,471.5,50.25,164.0469933,277.1539545,546.7338867,55.79861069,166.7437887,280.0143147,534.9022522,53.71522999,175.7164431,290,511.4290924,52.84911823,180.1276207,280,547.6284637,54.20156097
515,990,Free State,GBIF,e,14283058,29.29125,-27.624583,134.9366689,266.8199968,684.25,73.83359528,124.1333008,273.4799805,589.869873,68.14794922,93.5,264.75,735.25,58.25,124,270.5,694.5,63.25,160.6843233,225.2683783,639.1611176,74.21397591,160.5368614,240,653.7878113,77,173.3275986,249.1274452,638.1004486,76,178.3057165,240,660.6838379,78.00735664
516,992,Free State,GBIF,e,14262332,29.04125,-27.457917,137.6749969,275.710001,663.25,73.32149124,127.4907227,282.043457,571.4814453,71.60839844,96.5,273,718,58.5,127.25,279,679.5,64.5,165.891223,240,691.7658691,75.12443924,165.898881,251.7894983,706.8877869,77.50474358,178.6350918,259.9296856,697.4517517,76.72093964,180.2694893,251.3129473,725.6822205,80.21024513
517,993,Free State,GBIF,e,14365934,29.124583,-28.29125,145.5762482,250.2699995,722.25,70.82959366,129.8066406,271.4926758,612.0336914,66.40551758,99.5,265.25,745,57.5,129.75,273,703.5,62.75,166.5144348,233.3224678,701.8993988,77.52821541,166.4123869,236.8540382,717.1916809,79.88694191,178.1537914,240,687.6931915,77.26537704,184.5502329,233.5508251,710.5059967,77.80347443
518,994,Eastern Cape,GBIF,e,14728462,26.124583,-31.207917,139.7212458,309.0199947,514.75,54.92096806,127.4865723,296.6220703,341.9824219,61.56494141,97,300.75,492.25,54.25,126.5,309.25,452,53.25,166.9874239,280,541.6364288,57.33307934,168.394618,288.5415411,530.567215,55.2363205,177.9271889,294.9090242,508.5666199,54.259902,182.1148729,288.3948946,543.4589539,55.29479504
519,995,Mpumalanga,GBIF,e,13972246,28.79125,-25.124583,199.3700027,266.500001,566,83.21348381,188.2548828,272.6611328,461.3178711,91.83691406,160.25,271,598.5,73.75,186.75,284.75,567.5,77,230,241.4579296,509.8100815,84,230,249.7073746,529.8208771,87.81104088,240,260,579.0674896,92,250,260,559.2805176,90
520,998,Gauteng,GBIF,e,14127636,28.374583,-26.374583,157.3570824,252.6100063,684.25,77.73454857,147.2280273,273.567627,567.2561035,84.03808594,121,257.75,712.5,67.25,145.75,276,683.75,71,180.7271814,240,678.9630127,80.94606972,180.7776403,250,691.7983551,83,191.6589785,260,716.3861847,83,199.7430038,260,736.419693,84.07467842
521,999,Free State,GBIF,e,14396952,26.54125,-28.54125,162.8287506,323.1799889,558.5,66.87901878,151.4990234,327.5505371,423.4326172,82.25292969,118.25,320.5,599.75,59,151.25,322.25,539.75,59,190.850234,290,603.6390533,71,193.5602808,296.5547228,597.2640533,72.00509453,206.2938356,290,597.3482513,70,210,290,609.8790436,69.99860001
522,1000,Limpopo,GBIF,e,13992956,28.374583,-25.29125,191.9170809,264.9699926,585.25,81.73646545,181.1650391,269.7946777,482.9492188,91.13598633,153.5,261.5,627,70.5,179,281,594.25,74,226.7583323,242.9855633,549.2692719,83.85480118,224.7716856,250,567.6065063,87.07872391,235.8615303,263.9466476,625.1169281,90.97102928,240,260,608.8067474,89.68470001
523,1001,Gauteng,GBIF,e,14096546,27.957917,-26.124583,160.6991649,245.7600021,719.5,78.0003109,154.9619141,245.0014648,617.7412109,78.40844727,129.75,230.25,770.5,66.5,153.5,252.75,730.75,69.25,183.538475,230,705.9285736,82.51140594,183.1060362,240,716.4078979,84.74487495,194.1584396,250,750.993576,84.39193153,198.9461851,250,762.9578857,86
524,1003,Free State,GBIF,e,14251932,27.374583,-27.374583,167.1045828,292.5300026,610,70.28413963,157.2915039,294.8276367,501.423584,78.62915039,124.75,288.5,673.5,60.75,156.75,291.75,620.75,62.75,190.1161671,270,592.8425903,75,190.163517,280,591.9236298,76,204.9647713,270,594.5086517,75.01196289,210,270,618.0802155,77.85329056
525,1004,Eastern Cape,GBIF,e,14707744,26.207917,-31.04125,142.5475001,316.7699957,502.25,57.22892094,132.8505859,301.6816406,355.6628418,65.1496582,103,302,516,52,131.75,314,466,49,168.9943361,296.1951733,570.6334076,56.04973888,169.888072,300,560.6073608,54.32766724,179.3462276,305.4832411,535.6993256,52.16734695,186.1515903,299.7153521,572.8296204,53.27594185
526,1005,Eastern Cape,GBIF,e,14707752,26.54125,-31.04125,137.844584,303.8800001,541.25,55.30519199,127.0964355,303.4863281,399.8571777,58.57104492,97.75,303.75,557.5,44.5,125.75,316.25,508.5,43,163.8130426,280.6490564,584.1298981,52.94295311,166.3123035,288.5641336,574.0518494,51.20013809,173.8200426,292.5470161,547.3154602,48.05362129,181.5424395,285.4414129,587.0200958,50
527,1006,Eastern Cape,GBIF,e,14697386,26.29125,-30.957917,145.9254169,316.4400005,498.25,57.99399948,138.1618652,305.4306641,359.7553711,68.12670898,108,303,522.5,52.25,136.75,317.5,470.25,48.25,173.2152557,300,562.4231567,55.04761696,177.0441771,305.3484964,553.6363983,53.53990364,183.588295,309.5719385,528.2516861,50.43908405,189.1621494,300.5536938,565.1389618,51.57516766
528,1008,Free State,GBIF,e,14376244,27.04125,-28.374583,161.0050011,312.1600056,579.5,66.35886002,151.388916,303.6469727,443.7585449,79.11206055,118.5,297.25,613.25,56.5,150.5,304.25,554.25,58,189.8359585,290,654.4212646,70.40485954,190,299.0431404,651.7899933,72,200,290,645.7848511,70.96354294,208.4686613,282.3975611,662.9897308,71.88385963
529,1009,Eastern Cape,GBIF,e,14697394,26.624583,-30.957917,139.3904161,302.8199959,552.25,54.92545509,127.6008301,305.1064453,411.0717773,59.40258789,98.75,304.25,568.75,44.5,126,315.5,521,43,164.9272633,288.852067,579.3702087,53.95397758,166.8493032,297.0722866,570.2654724,52.18966007,175.0000143,299.8287773,543.7524109,49.06478596,179.7332478,291.4949656,583.2143555,50.27633095
530,1010,Free State,GBIF,e,14200138,27.624583,-26.957917,162.0212555,289.829998,623.75,73.3421402,155.7675781,283.6254883,525.1401367,78.49121094,123.5,276,691.5,61.75,155,281.75,645.5,64,190,254.3008661,685.0284729,76.10597801,190,266.7007542,692.3217773,78,200,262.0647001,699.6987762,77.50980186,203.6406136,261.95436,724.481369,80.01471138
531,1011,Free State,GBIF,e,14283010,27.29125,-27.624583,167.7983332,289.4799948,602.5,69.1981678,155.7746582,292.7106934,483.4318848,80.52246094,124.25,287.25,656.75,58.25,155.25,294.75,600,60.25,190.4223585,277.9748249,582.7240448,73.52258682,190.4223585,281.7437792,583.40271,74.75747871,202.0234156,270,584.4115448,73.67601776,208.7534189,270,606.9706573,76.00372696
532,1012,Northern Cape,GBIF,e,14490142,24.457917,-29.29125,179.0275002,323.4999943,399,69.13669777,161.229248,322.0888672,264.8779297,83.67871094,127.25,313,434.25,58,159.75,321.5,387.25,53.5,207.9673433,300,421.5643082,64.16363716,209.8452234,310,406.3507843,62.64236736,220,310,402.9933167,63.16967964,220,310,411.9114685,64.01705265
533,1013,Free State,GBIF,e,14635238,26.79125,-30.457917,148.6158347,312.9899931,588.25,57.74935627,135.1608887,303.7915039,455.0126953,62.98876953,105.25,295.75,625.75,48.25,134,310.5,564,48,170.6428957,294.0239859,645.588089,63.40051079,175.0160551,300,638.8248444,62.22899437,179.913249,300,613.2698822,58.31488228,188.7272024,291.4101315,652.9019775,58.51361561
534,1014,North West,GBIF,e,14189710,24.79125,-26.874583,184.1241646,313.0900049,497,79.49672699,170.060791,325.4462891,335.6953125,110.3183594,141,307.75,527,75.5,165,326.5,460.5,70,210,280.6673002,448.6761932,81.02558517,210,292.0801973,440.0418472,82.62630081,220.0434589,280,451.7638092,80,230,280,459.1718445,79.88570976
535,1016,Free State,GBIF,e,14303728,27.207917,-27.79125,167.0883322,295.3799963,595.5,68.55150604,152.6757813,298.6831055,460.362793,85.29077148,120.75,293.75,631.5,60.5,152.25,300.5,575,60.75,190.2674341,280,605.3507538,72.54521942,190.4889393,289.886198,607.1837158,74,203.2567501,272.0720768,606.7891388,72.70617485,209.9506855,270,628.3034821,74.98031044
536,1018,Gauteng,GBIF,e,14003318,28.457917,-25.374583,190.8845806,260.9000015,610.75,81.76202583,176.9919434,268.7138672,512.8886719,86.15356445,150.5,258.75,656.75,69.25,174.75,279.75,624.25,73.25,220.274744,240,591.1474457,83,219.9635458,244.3533754,610.8399048,86.52328491,230.0488281,260,671.1809387,89.99270821,238.7519741,256.3275051,653.7027588,88.62914848
537,1021,Free State,GBIF,e,14345162,26.957917,-28.124583,168.1012535,308.2500029,563.25,67.21469498,158.8483887,303.6862793,435.9772949,82.52954102,126.5,297.25,610.75,56,158.5,305.25,551,56,198.7337971,286.4029408,557.8974152,70.17442131,199.5543194,290,555.6338959,72,210,280,556.9169159,71,213.5774279,280,573.7878113,72.35653877
538,1022,North West,GBIF,e,13920386,26.29125,-24.707917,205.8537531,284.0799952,533.75,83.52058983,193.5537109,292.0070801,336.0163574,120.5439453,159.25,279.25,464,75,191.25,290.25,426,75,235.8596087,250,489.4514999,84.80921364,235.546298,259.9200869,486.5141983,86.63433838,239.06497,280,562.2142487,89.96438789,246.7951441,279.7322655,552.6045532,88
539,1024,Gauteng,GBIF,e,14075848,28.874583,-25.957917,165.5016661,247.2300005,686.75,79.79105377,154.3105469,269.3066406,556.3039551,82.16015625,130.75,254.25,692.75,68.5,151.75,278.25,671.75,72,190.8439493,240,650.9092255,80.23077011,190.5270481,240,668.3791962,83.16740799,201.2052822,250.0141573,704.5059967,84.88511467,208.4447956,250,704.7681732,84.99419022
540,1025,Free State,GBIF,e,14303714,26.624583,-27.79125,174.0674973,296.7999983,564.25,67.6901989,161.6921387,297.0637207,419.5908203,90.43139648,129,287.75,601.25,60.25,161.5,294.25,542.75,60,200,290,545.7722473,70.15942192,200,300,540.001236,71.1251812,210,282.8675842,552.2021484,71.03769493,210.2182531,280,575.7745514,74.29051399
541,1027,Gauteng,GBIF,e,14106892,27.374583,-26.207917,160.725832,278.2199955,693,77.5064888,151.5505371,272.9902344,547.0549316,83.44506836,124.75,257.5,719,67.75,149.5,278.5,669.25,68.5,190,230,614.0472717,80,190,240,620.6761475,82.01774788,200,250,649.2710419,82.00709915,207.4920368,250,661.8157501,82.96757889
542,1029,Free State,GBIF,e,14314074,26.624583,-27.874583,173.9791679,296.0400057,558,67.64528656,162.2724609,292.6171875,414.4870605,88.91748047,129.75,285.25,596.5,60.5,162,292.25,534.5,59.75,200,290,551.0968933,70,200,300,545.0149536,71,210,285.9064436,556.1705322,70.76203156,210,280,578.8412476,73.97172928
543,1030,Gauteng,GBIF,e,14013678,28.457917,-25.457917,188.2591677,257.2000027,622.75,81.36999321,173.375,267.1591797,534.2424316,83.5,148,255.5,677.5,69.5,171.25,277.5,646,73,218.3619785,238.1080866,612.0341644,82.53699493,217.7514553,240,631.2039948,86.00735664,227.9107952,255.2703619,692.8589478,89.36166763,233.5764027,250,676.5126648,88.02942467
544,1034,Limpopo,GBIF,e,13682224,31.207917,-22.79125,230.9504175,239.4799948,511.25,86.7298069,222.5578613,213.6257324,389.3798828,103.4824219,190,233.25,515.25,80.25,223,238.5,449.25,76,259.858427,200,455.5022507,90.48031807,253.6189985,190.0071573,473.5679398,91.1736927,259.9716854,200,565.0739288,109.635603,269.8867416,200,516.5187912,105.234127
545,1035,Northern Cape,GBIF,e,14562654,24.124583,-29.874583,178.5795832,332.5099945,335,65.20454788,160.4404297,326.2006836,179.0019531,93.06542969,126.25,322,349.25,54,159.5,330.5,300.25,51.25,209.4420671,300,351.9154205,62.79346466,209.9565411,302.6873446,342.7480545,60.23037624,219.9565411,310,326.6311493,56.95244312,221.8472672,310.5844355,336.5863113,56.83154488
546,1036,Free State,GBIF,e,14231194,26.624583,-27.207917,174.7599983,295.6900024,596,70.89912415,160.2202148,313.2929688,463.7329102,87.32641602,127,309.25,653,63,159.5,310.5,588.25,63,200,281.4775085,579.8291779,75,200,292.3370361,574.1003876,76,210,280,594.4649963,76,218.057909,280,621.7757111,79
547,1037,Eastern Cape,GBIF,e,14883814,24.124583,-32.457917,179.503336,289.6500063,292.25,43.24771976,167.8823242,265.9855957,155.6477051,62.90136719,137.5,282.25,266.25,43.5,169.25,283.5,247.5,38.5,197.1716928,245.4616785,297.1773834,43.15998554,200,250.4161835,299.9357529,40.05418587,200,269.2591715,281.5611954,36.69126797,210,260,293.1373062,39.98705387
548,1038,Northern Cape,GBIF,e,14562658,24.29125,-29.874583,181.5354109,327.8299999,345.5,63.56746197,162.9343262,325.6525879,185.6228027,90.13818359,129.25,323.5,354.75,53.5,162.25,333,307.5,50,210,300,332.5260925,60.69627571,210,301.3422871,323.9616547,58.07424736,220,310,308.9971924,55.98766232,229.4365263,310,320.8988342,56.07366467
549,1039,Free State,GBIF,e,14365938,29.29125,-28.29125,142.5008345,243.2900047,760.75,72.08370399,128.6330566,264.203125,650.4475098,66.32617188,96.75,255.25,789,59.25,127.25,264,741.25,62.75,162.1026897,226.4836073,783.552002,79.6053257,161.7392492,229.7771597,802.8785858,82.10437775,175.5621481,232.2442627,766.9888763,79.49495888,179.7431517,230,791.8795471,79.85013771
550,1041,Limpopo,GBIF,e,13671864,31.207917,-22.707917,232.1520853,241.2400103,523.25,87.25012016,222.9736328,212.4680176,401.795166,101.6345215,191,230,522.25,82,224,238,456.75,76.75,260,200,445.6245422,91.32082558,250.101881,190.0660658,463.4770813,91.86402702,260,200,554.4581909,110.3768978,270,200,505.939064,105.8820038
551,1043,Limpopo,GBIF,e,13941162,28.624583,-24.874583,192.6291704,276.9300079,565.25,86.02915382,181.1791992,266.0883789,499.2905273,89.96044922,152.25,266.25,636,74,179.75,280.5,600.5,77.25,227.6893473,238.0755854,568.8626556,85.01705551,223.6422491,240,589.2632751,89,236.0895586,260,651.1373596,93,240,254.6334934,630.5877686,92
552,1046,Free State,GBIF,e,14593772,25.707917,-30.124583,150.2250004,330.170002,428.5,62.02531815,140.5461426,309.4248047,291.3164063,79.27807617,108.25,310.25,464,53.5,140,317.25,411.75,50.25,186.5488434,289.9671221,458.3231277,62.59922504,189.6354103,290.475955,459.1423187,62.47622967,199.824214,290.2522898,444.2046814,58.43890667,203.1795788,289.9671221,460.1609192,56.06888771
553,1048,Limpopo,GBIF,e,13682226,31.29125,-22.79125,230.7458305,241.7699957,509,86.38916779,221.7702637,214.5410156,388.6054688,102.5874023,189.5,234.75,511.75,80.5,222.5,240,447.5,76,259.8881674,200,438.0255814,91.03509712,251.0864019,190,456.0413742,91.9773941,260,200,548.2794495,110.8512821,270,200,500.0353775,106.2332153
554,1049,Eastern Cape,GBIF,e,14914886,23.79125,-32.707917,168.6887503,285.3999949,293.25,40.91290092,156.6860352,265.300293,176.2575684,60.62158203,126.75,284.5,277.5,38.75,158.5,285,257.5,34.5,190,245.5657959,265.796669,40.37206173,190.3411245,258.7401724,269.3870544,38.14975739,200.0852823,266.1860752,253.9827461,35.23989487,203.9983273,268.9589119,262.0131264,38.37640667
555,1054,Free State,GBIF,e,14604152,26.54125,-30.207917,153.8837481,316.2900019,534.75,60.61074066,137.9196777,310.8876953,379.6071777,70.61499023,106.5,303.75,552.25,50.75,137,316,495,51,181.8396664,290.4052639,567.5714417,66.40929031,185.1642561,300,562.2298431,65.78833961,191.531558,300,543.2823639,62.31744671,198.5224867,290,572.6874237,61.35343075
556,1056,Free State,GBIF,e,14531592,24.874583,-29.624583,174.3225002,313.8199997,405.5,63.79637337,162.5109863,312.7998047,268.5568848,84.15625,128.75,309.5,442.5,55,161.25,318.25,391.75,50.25,200.0071573,298.8247156,428.2009735,61.93015194,200.0577545,300,419.0741043,60.81591606,212.0468998,300,403.2577057,59.09084511,219.2517948,300,415.1066284,58.78419685
557,1057,Free State,GBIF,e,14510874,24.957917,-29.457917,177.1749973,321.1200047,415,64.72782326,167.3061523,311.2441406,269.4125977,86.46118164,133.5,306.5,437.5,56.5,166,314,390.25,52.5,209.7071934,300.0745535,391.8758698,64.01921844,210,310,383.0387878,63.19596386,220,305.506711,370.6401291,61.5063591,220.0745535,308.1032181,379.654953,60.4414463
558,1058,Western Cape,GBIF,e,15018370,18.957917,-33.54125,182.6220846,242.9099989,595.5,64.94872093,167.4182129,233.5305176,584.427002,60.71264648,143.5,266,732.75,65.75,171,245.25,694.25,70,190,248.8271666,951.1674042,68.94728279,190,247.2689247,930.1652679,69.11903763,200,254.3664408,895.2432861,63.8682003,201.39606,258.6813402,886.5355377,63.99640274
559,1060,Free State,GBIF,e,14510876,25.04125,-29.457917,176.6904116,318.3500004,418.25,64.61329079,168.2084961,309.2387695,270.916748,87.43408203,134.5,304.5,438.5,56.75,166.75,312.5,391,52.75,208.1092215,302.1882343,386.8953857,65.41804314,209.6306992,310,379.1969604,64.69442177,219.9848604,305.807004,365.5129166,62.52060604,221.7757559,307.8230953,373.9574814,61.05630684
560,1062,Free State,GBIF,e,14552308,24.707917,-29.79125,185.6154203,314.3000031,378.25,63.37973022,171.5170898,317.432373,233.9550781,85.88183594,138,316,402.5,53.25,170.5,327,353.5,49,209.4725513,300,373.2072144,60.843256,209.5435381,300,364.7952042,59.19594288,219.6115875,304.5692778,349.2449112,57.39925289,225.5893564,309.3351841,362.5565109,57.68320465
561,1063,Limpopo,GBIF,e,13702948,31.374583,-22.957917,229.5679188,249.7900009,459.5,84.36205864,221.3891602,222.6994629,344.6716309,108.1271973,188.25,247.25,474.25,79,221.25,248.75,416.75,74.5,260,200,437.3555908,89.79959297,260,190,456.9322128,90.95566559,264.2727423,200,552.6216125,110.1290741,270,200,503.6187592,105.9549332
562,1068,Mpumalanga,GBIF,e,14220918,30.124583,-27.124583,142.3333335,238.840003,760.5,76.17665672,135.8972168,248.0637207,656.0380859,65.11499023,105.75,240.75,800,62.5,135.75,245.25,765.75,67,159.6346235,210,773.0427856,78,158.9710546,218.0870867,807.5282898,82,169.8025846,230,780.8254547,82,176.0321236,220,795.9341431,83
563,1070,Western Cape,GBIF,e,14997652,19.04125,-33.374583,181.2679195,233.4799862,516.5,64.83294678,164.3701172,240.1264648,555.7075195,60.53979492,138,269.5,752.5,65.25,166,253.75,677,69.5,196.9214916,259.4765568,922.656311,69.35191536,197.3565769,254.5794201,902.9094391,69.69330978,204.2691803,260,860.9221954,63.4008255,207.3640633,260.9781933,853.8196716,64.01105022
564,1072,North West,GBIF,e,14158650,25.624583,-26.624583,176.1683273,300.8199978,564,78.2965889,166.1879883,300.2253418,397.121582,102.1101074,136.5,287.5,582,72.5,163,300,522.25,68.75,200,270,503.957901,80,200,280,501.709404,82.05771446,210,260,526.8620758,82,220,260.1454973,539.5067596,81.86920738
565,1076,Free State,GBIF,e,14604154,26.624583,-30.207917,154.8949981,314.9600029,550.25,60.19146824,139.0612793,309.2910156,397.128418,69.26220703,107.5,302,570,50.75,138,315,513,50.75,181.5372944,290.0719404,583.0335846,66.0345726,185.4558086,300,577.513916,65.3978405,191.5008402,300,558.2484436,61.93799114,198.7449932,290,588.7782288,61.19373989
566,1077,Free State,GBIF,e,14469444,25.374583,-29.124583,170.8233309,327.8099918,438,65.95717812,161.6010742,314.4855957,291.2138672,94.93139648,127.5,309,461.25,59,160.5,314.75,416,55.5,200.139966,309.9264383,461.2149048,69,201.9843912,310,452.9745941,69.13698196,219.6637011,301.1771107,440.3519745,66.99835587,220,309.5436239,449.6586533,64.99303627
567,1081,Northern Cape,GBIF,e,14686926,22.124583,-30.874583,165.71208,316.970005,218.25,61.24946594,155.2194824,303.0148926,120.6850586,98.91870117,120.75,311,263,71.5,156.25,321,212.75,62,199.6368933,297.4454594,214.387413,58.85911942,201.2091827,294.3310547,214.8457565,55.97833061,209.7602606,300.0852823,207.3284531,51.79178429,214.3402338,313.3586502,209.1950188,50.71917725
568,1082,Northern Cape,GBIF,e,14707646,22.124583,-31.04125,154.7004151,321.359992,230.75,60.04594612,144.3364258,298.3068848,141.796875,86.65405273,110,307.75,283.75,67.25,145.25,316.75,233.25,57.5,190,290,238.5445404,60.05411816,190,290,239.827179,57.01464748,200,299.7075272,230.3300056,52.14778042,200.3623247,308.8530493,232.8479156,50.56923389
569,1083,Northern Cape,GBIF,e,14728388,23.04125,-31.207917,154.0979171,330.2199936,256.5,58.55568981,143.1132813,310.5009766,136.3364258,87.31640625,109.75,321.75,277,63.5,143.75,330.75,236,56.75,189.8340416,300,253.5834351,60.59463596,189.8340416,300,251.8750153,56.88484001,199.8340416,310,234.4594269,51.48530865,205.7465553,320,238.9089508,50.15642643
570,1084,Eastern Cape,GBIF,e,14863104,24.54125,-32.29125,180.1566648,266.8400049,331.5,42.94467926,166.1992188,253.9892578,204.4489746,54.10839844,135.75,265.25,328.25,36.25,166.5,267.75,302.75,33.75,196.6730881,240,353.1073837,45.02657318,197.3514891,240.1315022,354.995224,42.17683411,205.3473949,260,330.4791183,38.58726978,207.7831125,250,347.3091507,42.8471489
571,1085,Mpumalanga,GBIF,e,13951602,31.957917,-24.957917,217.1208286,225.7299995,641.25,75.83447456,213.1040039,218.2438965,542.1542969,70.40332031,185.25,221,693.25,62,211,234.25,638,58.5,249.4641733,180,584.2311401,77.16983604,248.0380201,180,618.669342,81.02942467,251.7148209,189.4728088,716.893692,92.42412567,260,180,636.8824158,87.25418472
572,1086,Free State,GBIF,e,14614516,26.707917,-30.29125,156.850419,317.8599977,557.5,59.16860676,142.8937988,308.0698242,405.8640137,68.32519531,112.25,300.25,577,51,142,313.75,519,50.25,184.4618845,291.9719744,545.5670929,65.92772102,189.4724655,300,540.3244781,64.7895546,193.0896473,300,520.8601685,61.24206448,199.8139477,290.0164366,551.2543945,60.73960876
573,1087,Free State,GBIF,e,14583414,25.79125,-30.04125,151.9520831,333.409996,426.75,62.56443214,142.3676758,312.4287109,283.6833496,81.70239258,109.75,312.5,454.75,54.75,141.75,319.5,404.25,51.75,189.9565411,297.0942926,444.7116699,63,190,299.9640274,444.609108,63,200,299.5099258,430.5235138,59.25465202,209.0377712,295.2227211,444.9568481,57.09507561
574,1089,Eastern Cape,GBIF,e,14966734,25.79125,-33.124583,171.0291719,235.9399986,461.5,32.30268478,164.8752441,245.7192383,367.8398438,39.86083984,130.5,285,482.75,29.25,165.25,252.5,450,27.5,188.60888,220,484.9017563,34.91025257,188.4331036,226.4915419,488.2315903,32.26881027,198.5351515,240.0367785,453.3696518,33.68069172,203.7584686,230.0367785,473.2807007,36.28648472
575,1091,Free State,GBIF,e,14189774,27.457917,-26.874583,166.4512539,280.6200027,621,73.95475769,158.5124512,284.7402344,513.7275391,79.67163086,126.25,276,682.5,63,157.75,283.25,634,64,192.5022554,255.5456209,610.6560516,77.69415283,192.458806,269.7407007,616.6856995,78.97083473,205.1902914,270,624.5039063,78.85267258,209.4350719,270,647.7068634,81.29221153
576,1092,Northern Cape,GBIF,e,14655886,23.79125,-30.624583,164.937501,324.7200012,301.5,61.39942265,153.2297363,307.9904785,160.7924805,92.97094727,120,308.25,323.25,57.75,153.25,320.5,273.25,51.75,200,290,345.0098267,60.82822704,200,292.322998,338.2241592,57.13200378,210,303.2348633,314.415535,51.89487457,210.2078581,312.1906805,321.553772,50
577,1093,Northern Cape,GBIF,e,14645518,23.457917,-30.54125,170.1108313,327.6499939,265.5,65.31787491,160.8537598,311.6760254,137.7800293,106.371582,127,309.75,296.5,65.25,161.25,323,249,57.75,206.5617704,300,289.1395569,59.14790344,209.1420984,300,284.7400131,56.11167145,218.5420179,310,267.314743,50.88711071,220,320,270.6948166,49.12895775
578,1094,Northern Cape,GBIF,e,14655888,23.874583,-30.624583,166.4104176,321.7700005,309,60.12641335,153.9619141,307.4226074,161.1730957,91.48828125,120.25,308,321.75,57.5,154,319.75,272.75,51.25,200,290,334.4640121,61,200,290.0071573,327.7495728,57.93612003,210,300.6041574,304.7381744,52,211.7075443,310.0071573,312.9316635,50.52731323
579,1095,Northern Cape,GBIF,e,14645526,23.79125,-30.54125,168.1741714,324.6200085,298.25,62.06698799,156.1455078,310.4230957,154.2138672,96.89697266,122.5,308.75,314.25,58,156.25,322.25,265.25,52.25,200,290,329.6637497,60.98920918,200.4121113,297.6308155,322.91362,57.17133904,210.1030302,309.6663523,301.4491959,52,217.3047018,317.4398947,307.8911819,50
580,1096,Northern Cape,GBIF,e,14645524,23.707917,-30.54125,166.9533396,323.7899876,292.5,62.64753246,155.2565918,310.8110352,154.9277344,97.54101563,121.75,309.5,318,59.5,155.25,322.25,266.75,53,200,291.6731119,347.0359344,60.29434013,200,300,340.3237457,57.01551151,210,309.6233749,317.9300613,51.71442795,213.300395,320,323.4997711,49.99015331
581,1097,Northern Cape,GBIF,e,14666262,24.457917,-30.707917,147.8154159,348.579998,339.5,59.71711063,132.4909668,325.5078125,205.6799316,80.24047852,100.25,324,372.75,54.75,132.25,336,321,49.25,181.6423893,290,375.9141693,63,189.1259909,290,368.447464,58.44547367,194.3153811,300,344.7777328,55.12834549,200,300,366.0072632,54.31490707
582,1098,Free State,GBIF,e,14345148,26.374583,-28.124583,167.1525002,321.590004,544.5,67.10939217,159.7578125,318.8916016,399.5432129,87.51879883,127,306.25,580.5,60,159.5,313.75,519.25,59.75,200,300,546.0641479,70.52460289,200,300,537.4114075,71.83360291,210,299.9693823,545.7720184,70,215.5612564,290,563.3475647,72
583,1100,Free State,GBIF,e,14334790,26.457917,-28.04125,170.4258347,312.0100021,548.5,67.4311142,161.5495605,306.5517578,399.1318359,87.18994141,128.5,295.25,580.75,60,161,304.5,520.25,60,200,298.9304543,543.0265961,70,200,300,534.9300079,71,210,291.6698742,544.5754547,70,219.8969698,290,564.1720123,72.77308464
584,1103,Free State,GBIF,e,14334786,26.29125,-28.04125,168.7129116,317.4300003,540.5,67.13687897,160.0268555,318.9709473,390.9172363,88.27880859,127.25,304.75,573.25,60.25,159.75,315,513,60,200,300,517.1957245,70.70934486,200,307.197938,508.7791061,71.6695652,210,300,517.1875687,70,219.384613,290.3821611,534.7462616,72.06050301
585,1104,Free State,GBIF,e,14334788,26.374583,-28.04125,169.0091658,314.8099947,547.5,67.22863388,160.8947754,313.1601563,395.5732422,87.72143555,128,299.5,578.75,59.5,160.5,309.5,516.5,60,200,300,531.0495911,70.03090858,200,300.6203365,522.6478729,71.07074928,210,299.6563292,531.899292,70,219.9140596,290,550.6207581,72.47883606
586,1106,Free State,GBIF,e,14231196,26.707917,-27.207917,174.552083,294.4599962,606.5,71.18142128,159.2045898,314.637207,465.9848633,87.30395508,126,310.75,650.75,62.5,158.75,311.25,591.25,63,200,280.2872753,577.7153015,74.87716675,200,290.7849979,572.0292053,75.99550819,210,280,590.5756836,75.92343903,216.4750385,280,617.9264984,78.94009018
587,1111,Free State,GBIF,e,14573066,26.29125,-29.957917,148.2241678,322.5200081,508,61.14401817,136.3637695,312.8068848,373.6550293,72.79052734,104,310.5,547.5,52.25,135.75,317.5,490.25,51.25,180.7323694,294.935956,519.8888016,68,182.7969456,300,516.064537,68,193.2302237,292.550745,501.3204422,65.00745583,199.3744993,290,518.2574692,62.37673759
588,1112,Free State,GBIF,e,14573064,26.207917,-29.957917,149.3099999,327.6799965,488.5,61.66424656,138.5546875,313.3955078,354.159668,74.68945313,106,312.5,530,52.75,138,318.5,472.5,51.25,184.9519777,299.9620628,490.3392029,68,187.9287291,300,487.2544632,68,197.9767418,299.3508196,472.6914825,64.59055138,200.7626438,290.0825071,487.8290634,61.95311546
589,1113,Free State,GBIF,e,14562702,26.124583,-29.874583,151.9166684,330.2300072,476.75,62.1195097,141.9516602,314.4089355,339.6833496,77.54467773,108.75,315.5,513.75,53.75,141.25,320,459.75,52,189.7122335,300,475.6123962,67.54301071,189.892087,302.6432848,472.6961441,67.8862648,200,299.9135685,458.7210007,64.18077374,207.682476,296.7005587,471.0204773,61.3619442
590,1114,Free State,GBIF,e,14552348,26.374583,-29.79125,147.8183341,320.4899931,533.75,62.47878838,136.6616211,311.5307617,404.3637695,72.7019043,103.75,310.25,578.25,52.75,136.25,316.75,519.5,52.75,179.7273731,298.8601875,557.4395447,68,181.0898542,300,552.5934601,68.00076485,194.2394161,290,541.0553741,66,198.7939358,287.268157,555.418457,63.30557346
591,1115,Free State,GBIF,e,14562706,26.29125,-29.874583,149.3250012,324.2300034,511.75,61.91455269,137.9868164,313.2653809,375.9858398,73.91455078,104.75,311.5,551,52.75,137.25,318.25,494.25,52,182.9031754,298.7291622,518.8287048,68,185.8029366,300,514.875946,68.0086441,197.5649691,290.3997278,501.4983826,65.36204338,200.291338,289.9135685,515.9560852,62.61941433
592,1116,Free State,GBIF,e,14562708,26.374583,-29.874583,147.7225018,319.9499989,530.5,62.17823887,136.0869141,311.736084,396.3459473,72.15429688,103,309.75,572.25,52.75,135.5,316.5,513.25,52,178.9170647,293.7082958,537.9905701,68,180.7546329,300,533.49646,68.00165939,192.7587843,290,520.711998,65.95538712,197.5513744,286.4674091,536.5729218,63.02051449
593,1117,Free State,GBIF,e,14552342,26.124583,-29.79125,154.5208335,332.7000046,478.5,62.44641018,145.0373535,315.9729004,339.5373535,78.90332031,111.5,316.25,513,54,144.5,321,459,53,190,300,461.9619522,67.5208149,190,304.2121267,458.5545807,68,204.9988127,299.802556,445.8903885,64.614851,209.9254465,295.5195713,456.5332184,61.88681984
594,1118,Free State,GBIF,e,14531622,26.124583,-29.624583,153.9054155,329.7700024,492,63.09269714,144.5229492,316.0002441,361.592041,78.73876953,111,316.75,536.5,54.75,144,320.5,480.75,54,189.0530396,300.1689434,537.3040466,68.08840179,189.4070435,308.453269,531.8604279,68.64652252,201.22118,300,519.6489029,66.10323143,208.3224058,295.6628084,530.5237427,63.66356087
595,1120,Free State,GBIF,e,14552340,26.04125,-29.79125,154.5033312,334.9699879,465.25,62.72372437,145.5319824,315.5144043,326.0983887,80.0480957,112.5,315.75,499.25,54.25,144.75,320.25,448,52.25,190,302.8542662,472.5572205,66.86208725,190.1552725,310,469.3892517,67.14465523,204.9145842,300,455.5813065,63.86749363,210,300,466.2911148,61.05736732
596,1121,Free State,GBIF,e,14541986,26.29125,-29.707917,147.8691649,326.8199921,523.5,63.01717567,138.1987305,312.8950195,397.9851074,73.90380859,104.75,312.75,574.5,53.75,137.75,317.75,513.5,53,180.0978136,300,584.6980438,68,181.8565798,300,579.5481567,68.70214081,198.1738758,290,567.6263275,66,199.8544979,290,580.135376,63.16832066
597,1125,Free State,GBIF,e,14541984,26.207917,-29.707917,151.0762501,326.4400005,503.5,63.02818012,140.9885254,315.1540527,374.3496094,76.515625,107.25,315,549.75,54.75,140,320,493.25,53.25,187.1576786,300,540.4738922,68,187.9721594,300.1632023,535.6032257,68.32904625,199.3694687,291.3042593,523.4044037,65.85770226,205.032692,290,534.8948364,62.97052383
598,1129,Free State,GBIF,e,14562700,26.04125,-29.874583,151.1091661,329.2300034,466.5,62.57397938,140.9316406,314.0473633,331.2822266,78.20532227,107.75,315,504.25,53.75,140.25,319.25,452.25,52,187.8020239,301.5245438,510.6879883,66.43945503,188.7868643,309.9041176,507.9233246,66.72812653,199.311409,300,492.6009216,63.18324661,205.195055,300,505.6951523,60.30462646
599,1142,Free State,GBIF,e,14552344,26.207917,-29.79125,153.5541654,325.9900093,493,62.25641918,143.1994629,315.3049316,357.2424316,77.2097168,109.5,315.25,530,54.5,142.5,320.25,475.5,53,189.6392345,300,482.1053162,68,189.7792101,300.0071573,478.3863831,68,200.7880068,291.4934063,466.2616272,65.08423615,209.1550255,290,477.5097275,62.27092457
600,1144,Free State,GBIF,e,14552346,26.29125,-29.79125,149.1420865,320.9700012,516.75,62.47729301,138.4787598,313.0356445,385.3857422,74.34790039,105,312.5,561,53.75,137.5,318,503.5,53,183.544054,300,536.7336578,68,184.700141,300,532.3283157,68,196.9050694,290,520.163414,65.81099129,202.2341681,290,533.2168961,62.94087029
601,1165,Free State,GBIF,e,14365862,26.124583,-28.29125,162.7683353,344.5600033,540.25,68.91486168,153.5327148,348.0615234,413.9035645,90.52490234,120.5,339.75,598.5,63,152.75,343,533,62,199.2508364,290,589.9745941,72,200,299.7465849,580.1713715,73.49751282,210,292.3938179,585.8271637,71.29997444,210,290,598.5354004,71.14476776
602,1168,Western Cape,GBIF,e,15008066,21.29125,-33.457917,146.6162491,243.1500006,334.75,19.18481398,122.9145508,243.9453125,280.9592285,30.44604492,97.5,275.75,337.5,15.5,127.5,265.25,326.25,15.5,163.9108014,230.3989172,356.2880478,21.30189276,165.5362964,240,355.1177139,18.49545145,174.7667623,259.5693016,349.8706055,22.03159761,178.7071943,260,345.3082275,23.39219618
603,1170,Western Cape,GBIF,e,14956250,20.624583,-33.04125,154.2616653,287.3999977,202.5,24.4744606,134.567627,278.7375488,126.8405762,54.66113281,105.25,299.75,202.75,26.75,137.25,296.75,184.75,27.25,170.1267767,260,239.1269531,31.52488136,172.4873114,270,240.71875,32.31622314,179.5201826,280,235.7300339,29.10849953,182.7869463,285.4102612,232.7114716,27.1454792
604,1171,Western Cape,GBIF,e,14976970,20.624583,-33.207917,163.4320831,283.670001,206,25.79676771,141.7016602,276.7768555,130.5183105,52.78076172,113.25,299,199.25,26.75,144.75,295.75,186,25.5,171.5144062,251.9833422,210.0320511,22.70584726,174.036727,260.0864315,209.5457878,22.27798033,181.6472149,274.6881008,207.0947609,23.20181608,186.6266966,280,205.007122,21.83502626
605,1172,Northern Cape,GBIF,e,14945888,20.54125,-32.957917,140.980835,284.7399998,235.25,23.46540928,123.0197754,272.9521484,153.036377,47.61694336,92.25,292.5,238.75,28.75,125,290.25,217.75,30.75,160.6538463,261.1606455,288.2394714,35.96715832,163.2915401,272.9222441,291.15065,37.1849432,169.9206114,280,284.2400131,32.60954523,173.7666321,289.7817421,280.4151154,30.81792688
606,1173,Northern Cape,GBIF,e,14873370,20.624583,-32.374583,117.5087523,293.6600018,271,19.85472441,101.8554688,275.0136719,207.7949219,42.8059082,69,290.5,325.5,31.25,103.75,291.5,283.5,34.5,149.2268062,260,261.7783966,27.54406023,151.9805431,270,265.9664917,26.03330231,157.2254872,270,259.9361572,25.23237944,160.7692838,279.4251537,257.3031693,22.49554205
607,1174,Northern Cape,GBIF,e,14883720,20.207917,-32.457917,191.888752,308.9599991,151.25,43.7328434,174.4575195,303.3435059,56.90429688,98.71923828,142.5,319.75,128.25,40.5,176.5,321,111,43.75,216.6937923,280.1369858,309.7349319,49.31924915,219.7504377,290.5219078,315.2249756,50.36328983,220,290.098567,302.1231155,42.95750046,227.7160883,297.2155857,295.9078293,42.41231537
608,1175,Northern Cape,GBIF,e,14407264,24.54125,-28.624583,183.7429142,319.920001,442.25,73.29676437,172.7028809,321.3530273,294.2910156,90.40405273,139.75,310,466,64,170.75,322.5,413,59.75,210.0457573,300,421.665123,71.09975624,211.5216923,309.9472618,408.350853,70.45882416,221.4373827,310.6088352,413.8307571,70.91465187,230,310,420.6475372,71.44266129
609,1176,Eastern Cape,GBIF,e,14873446,23.79125,-32.374583,159.4341683,278.0900002,293.5,43.90643883,146.4042969,271.7858887,188.4389648,59.22265625,116,288,299.5,39,149,288.75,274.25,34.5,182.4456263,239.4457674,311.0426712,39.52238369,182.9093409,248.5957813,315.0144806,36.64165401,192.4749231,259.9135685,298.7939377,34.07675266,194.9801874,259.6059322,306.6926498,36.648489
610,1177,Eastern Cape,GBIF,e,14894172,24.04125,-32.54125,175.9720802,289.4799852,292.5,43.21890163,163.7597656,266.1760254,162.2216797,62.0246582,133.75,283.75,269.75,43,165.5,285,247.5,37,191.0776329,240.2251577,289.8877106,42.53089237,195.6468439,250,292.8277359,39.83634663,200,264.148469,275.1348038,36.4261446,209.4890833,260,285.8777618,39.84842491
611,1178,North West,GBIF,e,14148282,25.29125,-26.54125,177.4316645,305.9800053,531.25,78.68098068,166.2514648,306.7280273,366.8876953,105.6152344,137.5,290.25,538.5,75.5,161.5,307.5,485.5,71.5,200,280,494.8627853,81,200,289.7083473,491.4689636,83,210,271.3324594,515.854248,82.3004837,220,273.8225555,527.167984,82.21601105
612,1179,North West,GBIF,e,14117208,25.54125,-26.29125,180.0020838,290.9700012,554.5,78.74125099,169.1743164,294.8234863,403.3435059,102.4521484,140.5,277,586.75,73.75,165.5,294.75,529.75,70,200,271.795516,495.2750626,81,200.8707666,280,493.2414474,83.99296761,211.1160612,270.0071573,525.2050934,83.99659729,220,270.0924158,536.296463,83.56095695
613,1180,Free State,GBIF,e,14386584,26.207917,-28.457917,161.2391663,336.5600014,540,68.10018158,151.973877,341.4223633,410.6403809,87.54638672,118.5,332.25,591.75,61.75,151.25,337.25,529,61,190.9509468,290,614.865036,71.27201843,195.1124239,294.9803686,606.0922394,72.98331261,207.6288557,290,609.7954712,70.92943764,210,290,621.0072479,70.08897781
614,1181,Free State,GBIF,e,14469466,26.29125,-29.124583,158.7462497,325.0300026,541.5,65.49293518,152.5065918,315.4379883,417.7414551,77.06225586,118.25,314.25,596.75,57.25,152,318.25,534.75,56.25,190.0372791,305.8069086,595.4272461,70.11812592,190.9501171,310,588.608078,71.93151093,207.2256613,300,583.278656,69,210,300,592.9802094,66.22755241
615,1183,Free State,GBIF,e,14376224,26.207917,-28.374583,162.8583336,340.4800034,544,68.0678978,153.8442383,344.5227051,409.7150879,89.06054688,120.5,336,592.25,62,153.25,338.5,528.25,61,197.0243835,290,582.6626129,71.43995667,199.4915533,299.4181538,573.5696716,72.93800926,209.8896599,293.8086367,578.5686646,70.97982979,210,290,590.448349,70.85221672
616,1185,Free State,GBIF,e,14469450,25.624583,-29.124583,166.0833359,330.1900005,456.25,65.72747231,157.3881836,314.2683105,312.6838379,90.37866211,123.5,309.5,482.75,59.25,156.5,313.25,435.5,56,200,309.850893,536.314682,68.39071465,200,310,527.7062225,68.92890549,210.191555,300.0367785,516.3238144,66.83388901,216.741538,303.3492899,527.3970337,65.00745583
617,1187,Free State,GBIF,e,14479836,26.707917,-29.207917,158.8225007,316.1099958,591,64.41658401,147.8696289,310.1860352,483.184082,73.98095703,114,307.25,659.25,56,147.25,313.25,592.25,56,189.2221832,299.3617821,574.8986053,69.99775505,189.487977,300,569.8800354,71.04803658,199.8156023,290,563.2944794,69.00165939,208.4026527,288.4728861,577.3508911,68
618,1188,Eastern Cape,GBIF,e,14687020,26.04125,-30.874583,152.568748,326.1999989,468.25,57.6731205,144.2497559,298.6225586,324.5087891,71.64819336,114.25,303,488,54.25,143,313.5,436,50.5,179.9568605,303.0652094,471.8994827,57.96784401,180.4336977,309.9140596,465.433075,56.50050068,190.0523806,310.9019232,446.5984955,54.16391277,199.0376854,306.0036755,476.8455734,54.68821049
619,1190,Free State,GBIF,e,14500542,26.124583,-29.374583,156.0025001,330.5400085,503.75,64.3713932,149.7111816,310.6164551,379.9433594,78.02563477,115.75,308.5,557,55.25,149.5,313.5,498.5,55,190,309.7731066,562.3968506,69.55638123,190,310,555.3005219,70.0683403,200.4031658,300,546.3217163,68,210,300,556.13797,65.0086441
620,1192,North West,GBIF,e,14065412,25.707917,-25.874583,185.085001,277.140007,572.5,80.79929733,175.3381348,286.9758301,417.7944336,99.83618164,147.25,267.25,595.25,73,171.25,291.25,545.75,70.25,210,260.0242519,476.8459167,82,210,268.5161734,477.5199051,85.06031227,220,260,517.7925797,86.20440674,222.199173,260,523.6280365,85
621,1193,Free State,GBIF,e,14479808,25.54125,-29.207917,164.6545792,327.7700043,452.25,64.80714417,155.8295898,311.6413574,311.9431152,89.24414063,121.5,307.25,484.5,57.75,154.5,311.5,434.5,54.5,197.3239899,310,513.6955032,68.03743172,199.2569685,310,505.1552277,68.26231956,209.9850273,300,491.7303238,66.00663757,213.6593437,300.4441547,502.7695313,64.21269417
622,1195,Free State,GBIF,e,14521242,25.29125,-29.54125,170.4533291,311.3100004,428.75,62.72742748,163.9973145,306.0654297,279.1054688,87.74804688,130.5,302.5,450.5,55.75,163.25,309,400.25,53,200,310,410.2133331,66,200,310,405.419899,66,216.3594103,303.5495663,386.9844894,62.89280796,220,308.2135725,396.0273972,60.9948616
623,1198,North West,GBIF,e,14137928,25.54125,-26.457917,178.7387514,295.6999969,556.25,78.27083397,167.4174805,298.6135254,395.6569824,102.4953613,138.5,282.5,579,73.5,163.5,298,521.25,70,200,270.021472,509.6650085,80.98803711,200,280,507.1068192,83,210,269.3757915,536.4801636,83,220,270,548.4309845,82.87601089
624,1201,North West,GBIF,e,14158644,25.374583,-26.624583,176.4641666,311.2800026,539.5,78.35577965,165.9455566,307.4414063,366.8869629,105.1008301,137,292.5,538.25,75.5,161.75,308.5,485.75,71.25,200,277.0701599,501.2365341,80.1266861,200,280.1659727,498.6178207,82.11056137,210,270,521.3807373,82,220,270,533.3410187,81.97584534
625,1202,North West,GBIF,e,14117212,25.707917,-26.29125,177.1970797,290.72999,579,79.05423546,168.0930176,289.1435547,424.8491211,99.65698242,139.75,271.5,608.25,72.5,164.75,289.25,550.75,69,200,264.8013878,478.4479904,81.02404404,200,272.2347832,476.1827164,83.99835587,210,260.3184605,509.4024429,84,220,262.3437071,520.3655548,84.06451225
626,1203,North West,GBIF,e,14137920,25.207917,-26.457917,181.2012482,296.8400049,521,78.66660309,168.0537109,307.8305664,363.2868652,106.0705566,139.25,290.75,538.25,76,163.25,307.75,484.25,71,203.262682,280,487.9688492,81.93857384,204.8486233,290,483.8357697,83.95038986,215.7757044,280,509.1351089,82.88808823,220,280,519.5410538,82.75288391
627,1204,North West,GBIF,e,14137932,25.707917,-26.457917,176.3904142,295.6600046,573.75,78.65405083,166.1125488,292.2783203,421.2119141,99.88549805,137,277,607.75,72.25,163,290.25,548.5,69,200,270,484.5379944,80.92141914,200,278.9594078,482.1984253,82.91311836,210,260.0213146,512.2178802,83.00328636,220,261.4734077,524.0993652,83.19414902
628,1205,North West,GBIF,e,14117206,25.457917,-26.29125,181.525836,288.8899946,545.25,78.55006027,169.282959,297.4816895,394.7041016,102.7138672,140.5,279.5,577.5,73.75,165,295.75,523.25,70,201.4048624,279.8287773,495.3339386,81,202.6303148,282.4478149,493.3197937,84,212.740345,273.21702,524.8480759,83.99143791,220,276.63517,536.1553345,83.83603668
629,1206,North West,GBIF,e,14117214,25.79125,-26.29125,175.0962448,290.5200005,586.5,79.45908356,166.4899902,285.4287109,436.8630371,98.71044922,138,267.25,623,72.25,163.25,286.25,564.75,69,200,260,492.029068,81.22370148,200,270,489.7416916,83.79843712,210,260,525.4029236,84,219.0582705,260,537.1826019,84.87563705
630,1207,North West,GBIF,e,14127568,25.54125,-26.374583,179.1158295,291.850009,554.75,78.60692406,168.159668,296.7512207,399.9858398,101.9765625,139.25,279.25,585.5,73.75,164.25,296,526.5,70,200,270.1703596,505.4132919,81,200,280,502.9808655,83.21790504,210.0709867,270,533.9729309,83.07188988,220,270,545.5912628,83
631,1208,North West,GBIF,e,14086136,25.874583,-26.04125,172.8379202,279.729991,584,79.90284729,165.3366699,278.1606445,453.9624023,97.16333008,137.5,259.75,633.75,71.5,162,282.75,581.25,69,200,255.2125406,513.2193985,82,200,260.3912115,512.2348785,83.8237381,210,259.7561455,555.456131,84.95974922,211.4821863,259.8658419,564.7892609,85
632,1209,North West,GBIF,e,14106850,25.624583,-26.207917,179.404583,286.880002,561.25,79.00584221,169.9621582,290.0866699,415.8256836,100.9016113,141.5,272.25,598.25,73.25,166.25,292.25,542.5,70,200,270,479.1598892,81.11236191,201.7282486,280,477.4571686,84,211.3143778,267.2702503,510.8741302,84.20153809,220,270,521.1531982,84
633,1210,North West,GBIF,e,14075792,26.54125,-25.957917,163.9829159,278.9899874,627.25,80.08151627,156.4665527,269.5053711,520.6938477,91.21508789,130.25,253.5,704.75,69.5,154.25,276.75,645.25,69,190,231.7490053,616.006897,81.02965164,190,240,619.2303772,82,200,250,674.5909576,82.52892494,209.9099874,248.6579752,682.9132233,84.44208527
634,1212,North West,GBIF,e,14262252,25.707917,-27.457917,171.5887499,325.6200027,521.5,73.69204903,166.411377,317.8205566,380.8405762,100.9746094,135.5,306.25,572,67.75,164.5,315.25,502.75,65,209.6445227,280.1525021,513.1123734,75.86547852,210,290,508.4503708,77.21923828,220,279.8355818,507.691185,74.42801285,220,279.5470095,524.3653717,75.29259491
635,1213,Northern Cape,GBIF,e,14769830,23.124583,-31.54125,146.1333323,324.3900013,273.5,54.13024998,134.6032715,303.041748,157.059082,78.78198242,102.5,315.25,292.75,56.75,135.75,323.25,253.5,51.5,179.8431206,295.4046726,279.7382889,61.30193138,181.7453861,290.4487562,277.9296951,57.55961418,195.3865194,300,259.0488091,52.77388287,198.0433702,310,265.5630569,51.66148567
636,1214,Limpopo,GBIF,e,13630424,31.207917,-22.374583,247.1637487,240.9100103,434.75,92.79734802,237.0827637,227.7854004,328.9558105,106.2819824,206.25,246.5,429.5,86.75,238,253,377.5,82.5,269.9860001,200,406.3907318,92,269.5748949,200,426.4911957,92.0253582,277.2227335,209.8401785,513.6132584,110.4631214,279.993,207.3052931,466.8161545,106.0694981
637,1217,Northern Cape,GBIF,e,14759468,23.04125,-31.457917,144.9825025,325.0500011,270.75,55.63467503,134.1271973,305.6008301,157.9301758,79.55541992,101.25,319.5,293.75,59,135,326,252.25,53.5,180.0241137,300,262.3918991,60.60468769,180.8009863,296.2817669,261.1690445,56.87363338,193.0630732,300,243.2219543,51.8201046,197.1423292,312.9728985,248.8343544,50.54016972
638,1218,Eastern Cape,GBIF,e,14738816,25.874583,-31.29125,139.2887497,304.5100069,521.75,52.76440811,129.6665039,280.5568848,325.359375,60.84277344,99.25,288,475.25,50,129,295.25,434,48,167.448678,280,510.4539719,58.00927258,169.053216,283.9192581,501.0400162,56,179.3497658,290.7011747,483.4697876,56.54422092,185.5216026,287.9830694,516.5402222,57.36726189
639,1221,Eastern Cape,GBIF,e,14738822,26.124583,-31.29125,137.3675013,303.8999939,524,54.20158958,124.3508301,293.262207,353.4943848,58.9699707,94.5,297.75,498,52.5,124.25,305.25,458.25,52,162.9566431,279.9143887,550.5743561,57.29276371,166.5146971,280.4944468,538.9391022,55.05725002,175.8216763,290,516.408783,54.48618507,178.9210987,280.4198885,552.1776123,55.6676302
640,1223,Northern Cape,GBIF,e,14666272,24.874583,-30.707917,153.0108333,355.5500031,357.5,58.67461205,137.2749023,331.050293,220.0283203,80.31982422,105.25,333.25,387.5,54.25,136.75,344,337.75,50.5,190,294.4410038,378.3844452,63.89657116,190.6027269,299.6205091,371.4348831,59.99112606,200,309.993,350.5158768,57.40261745,209.6498966,300,372.6132889,56
641,1224,Northern Cape,GBIF,e,14666270,24.79125,-30.707917,152.387917,349.7300053,349.25,59.51172733,136.21875,329.9724121,214.2817383,80.85571289,103.75,331,380.5,54,136,342.25,331.75,51,189.9147177,290,396.5614166,64,190,291.1694956,388.7935562,60,200,305.7955408,366.1444168,57.35760689,207.0904016,300,389.6791229,56
642,1225,Northern Cape,GBIF,e,14666276,25.04125,-30.707917,144.1545868,358.1299973,383,58.64229298,127.9855957,336.9904785,256.4836426,74.09472656,95.75,338.5,425.5,52.5,127.5,349,373.5,49,183.7113523,300,444.0561676,61.05956459,187.1675587,300.0177479,437.470108,58.0509758,195.3364992,310,414.7174072,55.85306644,200.4548025,303.4010792,440.3215027,55.05405521
643,1226,Eastern Cape,GBIF,e,14676678,26.79125,-30.79125,151.7183328,311.9000006,564,56.33886814,139.6723633,302.9345703,424.7077637,63.3059082,110.25,297.5,586.5,48.25,138,311.5,533.75,47.25,175.1040506,300,599.8302917,58.47175598,176.6398478,308.6500692,591.9612579,57.12597466,184.7840595,310,564.5492859,53.17268658,190.7321405,300.0367785,604.1305695,53.89036751
644,1227,Free State,GBIF,e,14386582,26.124583,-28.457917,161.3641644,338.6399841,532.75,68.14236641,152.3325195,342.4360352,403.4384766,89.40332031,118.5,334,583.5,62.75,151.5,337.75,522.5,61.75,193.9255333,290,615.2828979,72,199.6847439,290,606.437561,73.64458656,209.9155283,290,609.9948425,71.32192802,210,290,620.4024048,70.72522354
645,1228,Northern Cape,GBIF,e,14075642,20.29125,-25.957917,200.1745844,340.2100086,209.5,96.42386627,185.6691895,339.1494141,137.0893555,127.0915527,153.25,345,249.25,95,181,366,214.5,82,240,310,189.3204269,91.34968376,240,311.3345051,182.7007027,87.60942841,250,300,185.6326218,85.8086834,250.0856113,310,184.3473892,85.10762024
646,1234,Free State,GBIF,e,14521246,25.457917,-29.54125,166.048336,319.8699999,437.5,63.03788567,157.0898438,308.420166,292.6152344,86.01831055,123.25,305.5,464,55.5,155.75,311,415.25,52,196.2968159,310,466.1302109,66.23492432,197.9406834,313.087554,461.0220337,66.09126663,209.2614222,310,441.5966797,63.41303158,212.7293777,310,452.4770203,61.73368073
647,1238,Northern Cape,GBIF,e,14697286,22.124583,-30.957917,160.795002,318.0599976,223.25,60.93002701,149.8947754,299.3266602,130.4104004,95.60595703,115.5,307.5,270.25,71.25,151.25,318.25,219.75,62,195.5468321,290.6573772,219.5717888,59.8075285,197.5756788,290,220.3746872,56.85472679,206.8637514,300,212.2326431,52.25067711,209.5320702,310,214.3288231,50.8387289
648,1239,Northern Cape,GBIF,e,14531574,24.124583,-29.624583,180.213747,327.2599888,349.5,66.75527,168.6298828,325.5397949,189.7197266,95.34423828,134.25,317.25,356.75,58.25,168,326.25,310,54,212.0774841,300,322.9044266,62.28550243,215.1483059,310,313.074791,60.15920448,226.6701174,310,302.5004196,57.729949,229.7114277,311.2908316,309.4170303,58.03970146
649,1241,Free State,GBIF,e,14469448,25.54125,-29.124583,167.4541664,328.9700031,449.5,65.68987465,158.2006836,314.4763184,305.6279297,92.25317383,124.25,309.75,476.75,58.75,156.75,313.5,430,55.5,200,309.9484062,515.4770355,68.69763756,200,310,506.9614563,68.96790314,210.8084679,300.4069042,494.7618942,66.93491173,218.8938904,305.8502722,505.5978928,65.00071526
650,1242,Free State,GBIF,e,14303710,26.457917,-27.79125,173.9366627,305.5299997,553,67.5394783,162.5219727,301.8886719,408.965332,88.69970703,130,291.5,593.75,60.5,162,300,530.5,60.5,200,299.3505383,528.9241028,70.4985199,200,300,521.6254883,71.15781593,210,290,534.3889008,71.15786743,217.012825,284.9426174,557.4260101,74.47499084
651,1243,Free State,GBIF,e,14500516,25.04125,-29.374583,177.8295851,318.8499975,422.25,64.99362755,167.7307129,310.4978027,274.3381348,88.76660156,134,305.25,443.25,58,166.25,312.25,394.25,54,208.2439375,309.261446,377.1819534,65.92067909,209.3131447,310,368.9643631,65.40829277,220,310,357.3281937,63.50323009,223.5252953,310,365.4698715,61.96549034
652,1245,Free State,GBIF,e,14448724,25.374583,-28.957917,173.7108374,327.8700066,445.5,66.96927834,163.9030762,317.1154785,291.3540039,95.84326172,130.5,310.25,459.5,60,162.5,317.25,414.25,56.75,208.7754011,300,474.6724319,70.10281563,210,310,466.5346756,70.59193039,220,310,455.4133224,68.3081913,220,310,464.3455429,66.59428787
653,1246,Free State,GBIF,e,14200114,26.624583,-26.957917,175.9574938,286.5400028,598.25,74.1042881,161.838623,293.5202637,471.8178711,89.40161133,128.75,289,661,65.75,161,291.25,594,64.5,200,272.053566,554.9424438,77.14663315,200,280.3424454,552.1673584,78,210,277.8622389,575.8808441,77.95390701,220,276.2167406,599.4792938,80.03386879
654,1247,Northern Cape,GBIF,e,14676636,25.04125,-30.79125,143.6404181,353.1599998,384,58.24188995,126.9501953,330.0852051,264.5319824,71.26098633,94.75,333,432.5,52.25,126.5,342.75,381,49.5,179.9479103,297.6035357,430.6030045,61.5820837,181.9241476,299.9835634,423.6551514,58.34782505,190.8482933,305.2168417,401.5562973,56.18262386,199.4223642,300,426.0134048,55.5013752
655,1248,KwaZulu-Natal,GBIF,e,14386672,29.874583,-28.457917,179.1066647,261.2499952,765.5,72.7942791,171.9206543,279.7963867,617.9445801,67.07788086,140.5,271,754.25,63.25,171,281.5,711.5,64,199.4646025,240,807.5698395,77.73108101,199.2652225,241.478014,834.1793518,80.4018364,209.7759247,245.5006027,778.7944031,78.21615028,216.7306232,239.9846935,805.1664124,78.86083031
656,1254,Eastern Cape,GBIF,e,14894168,23.874583,-32.54125,171.9487476,287.3600006,285.75,42.73949051,160.421875,268.2382813,159.3950195,64.30908203,129.75,287,267.75,41.75,162.25,287.75,245,36.75,193.2753325,240,273.5005951,41.20800972,195.390377,250,276.8276443,38.49861526,201.8969107,260,261.2322388,35.4962244,210,260,269.5813828,38.6228838
657,1255,Free State,GBIF,e,14396920,25.207917,-28.54125,176.4479208,324.279995,471,70.63814354,161.5805664,315.1577148,312.230957,94.21826172,128.5,306.25,479.5,61.75,159.75,314,435.75,58.25,209.9490595,290,469.049118,73.57082558,210,293.2987976,458.4447098,74.28680611,220,300,452.6247635,72.17520142,220,300,459.3612289,71.17007256
658,1265,Free State,GBIF,e,14396934,25.79125,-28.54125,168.8741684,337.3699951,478.25,68.95423317,159.8374023,333.9362793,325.4067383,97.98217773,126.5,325.5,499,64,159,331.5,449,61.75,205.8435011,284.701395,534.330246,73.87771988,208.843956,290,527.3773041,75.90024567,218.6792469,293.5513878,526.5094757,72.99640274,220,291.0934019,534.0505981,71.95813751
659,1266,Free State,GBIF,e,14552324,25.374583,-29.79125,158.081665,319.4399881,438,61.43664265,146.1940918,308.6652832,298.6013184,80.31958008,112.5,307,473.5,53.5,145,312.5,419.5,50,189.6012402,304.4949961,479.8456116,64.61122131,189.799161,307.5259113,478.0770569,64.44793701,200.8523417,300,453.835083,60.56608582,208.2931614,300,466.1621017,58.92317772
660,1267,North West,GBIF,e,14117238,26.79125,-26.29125,165.4133368,277.7899885,617.25,78.45653915,150.5065918,287.9814453,484.6774902,94.54248047,122.25,272.75,670,70.25,149,291.5,610.25,70,194.2229891,248.1258821,606.0502472,79.90033722,195.1961517,259.4351768,607.1903992,80.46831512,206.0584545,260,646.1883545,80.20430946,210,260,664.1325989,82.91752052
661,1269,Free State,GBIF,e,14573068,26.374583,-29.957917,144.1362524,320.06001,532.5,61.56359673,131.9609375,310.7094727,403.6474609,70.01000977,99.25,306.5,579.25,51.5,131.25,315,518.75,51,176.1835766,290.6681156,574.5406036,68,178.2833481,300,569.8513947,68,188.4456253,290.3585625,554.4421387,65.25993538,192.0125198,289.550705,574.0193176,62.99835587
662,1271,North West,GBIF,e,14096486,25.457917,-26.124583,183.4537506,285.9399986,536.75,78.72878265,173.4216309,295.0710449,396.9699707,102.8015137,144.5,277.25,581,73.5,169.25,296,527.75,70,210,280,491.1176987,81.32241249,210,280.8998823,490.361557,84.09747696,220,274.1055155,524.3538055,84.61889839,220.1217508,275.8069992,534.8613739,84.00367737
663,1272,North West,GBIF,e,14096496,25.874583,-26.124583,173.5374975,280.7699919,581.25,79.9513607,164.791748,278.213623,453.1762695,97.54052734,136.75,259.5,636.75,71.75,161.75,281.5,579.25,69,200,258.2445478,502.8636322,81.94887733,200,262.1781206,501.4251709,83.52919579,210,260,542.4494324,84.55455589,211.0254574,260,552.8948059,85
664,1273,North West,GBIF,e,14106838,25.124583,-26.207917,189.4187498,295.979991,492,78.63325882,176.873291,307.7895508,350.6435547,109.6533203,147.5,290.75,528,74.5,171.75,307,476.25,70,210.7550001,289.8898125,405.7875214,82.85395813,213.8023281,294.6995687,402.8285446,85.93327141,223.7158966,280.0852823,428.1486053,84.75853539,230,280.0852823,436.9469757,84.5798111
665,1274,North West,GBIF,e,14117198,25.124583,-26.29125,187.777915,295.880003,498.5,78.33481789,174.9108887,308.5195313,350.9123535,108.9833984,145.5,291.75,526,75,169.5,309,475.25,70,210,287.126646,430.2938232,82.06287384,210.191555,292.3118591,426.423378,85.12135506,220.191555,280,451.7974243,83.9942894,230,280,461.0625153,83.90532494
666,1275,North West,GBIF,e,14117196,25.04125,-26.29125,186.9058371,297.8800058,490.25,78.80041885,174.0021973,309.4421387,346.7392578,110.6013184,144.5,292,525,75.25,168.75,309.75,471.25,70.5,210,285.5850029,454.6572342,82.00306129,210.0306177,293.5551596,449.3615036,85.00646591,220.0306177,280,475.8514633,83.4530201,229.8815107,280.2794361,485.1747589,83.34177399
667,1277,North West,GBIF,e,14106840,25.207917,-26.207917,188.2412481,292.0000029,500.5,78.60764885,175.6933594,305.529541,361.1755371,107.8620605,146.75,288,539.5,74.25,170.75,304.25,489,70,210,282.8635454,410.781456,82.40505791,210.0497866,290.2088261,408.6954498,85.55994034,220.0331926,280,434.6963425,84.86438942,229.924469,280,443.8610992,84.6708374
668,1278,North West,GBIF,e,14075766,25.457917,-25.957917,189.0570831,279.8399973,530.5,79.14129257,177.8046875,294.9863281,394.6889648,104.0595703,148.75,275.5,576.5,73.5,173,296.25,525.5,70,210.7431316,276.5275431,457.7267151,82,211.4745808,280,458.5740051,85.04773331,220.1471233,270.6171656,492.766098,86,230,270.3989124,501.3775558,85
669,1280,North West,GBIF,e,14127570,25.624583,-26.374583,179.3287516,292.670002,563.25,78.22890282,168.6481934,294.5817871,406.949707,102.177002,139.75,278.5,591.25,73.75,165,293.5,532.75,70,200,270,466.0781326,81,200,280,463.6839447,83.02581406,210.4290152,267.2655487,493.0892487,83.08516312,220,269.9270868,503.9288025,83.10117912
670,1281,North West,GBIF,e,14117210,25.624583,-26.29125,179.3199968,289.749999,564.75,78.65511894,169.2104492,292.8867188,411.8762207,101.467041,140.5,275.25,595.25,73.5,165.5,292,538,70,200,270,468.7843857,81,200.1689434,280,466.5512161,83.89642143,210.3144407,268.3793306,497.7769775,83.94052887,220,269.9143887,508.2189941,83.77300262
671,1282,North West,GBIF,e,14065408,25.54125,-25.874583,190.4937458,273.9500093,539,79.65662003,178.6503906,292.0534668,403.5500488,103.3591309,150,272.25,583.5,74,174.5,295.75,532.5,70,216.8575621,269.9467564,455.5500946,82,217.3325014,275.8926535,456.9863358,85.30283928,223.5155535,268.883853,493.4205704,86.59715652,230,267.3241329,500.2743988,85
672,1283,North West,GBIF,e,14065406,25.457917,-25.874583,191.5954161,277.949996,528.5,79.12396812,179.2941895,295.4484863,393.034668,105.0283203,150.5,275.5,573.25,73.5,174.75,297.5,522.75,70,218.2000494,271.9725943,431.2027359,82.00852776,218.9310122,280,432.5883255,85.57050323,226.7921591,270,466.3835526,86.5054493,230,270,473.6244202,85.10836029
673,1284,North West,GBIF,e,14106848,25.54125,-26.207917,181.3154125,286.159997,550.75,78.97000313,170.6989746,293.4643555,405.574707,101.8288574,142,275,589.5,73.5,166.75,294.5,534,70,201.0204077,272.5747728,487.755455,81,207.9698467,280,486.2355881,84,217.9732227,270.007,519.364975,84.00354958,220,270.1838875,529.8913269,84
674,1288,North West,GBIF,e,14168990,24.79125,-26.707917,183.024168,307.8599977,494.75,79.34383583,169.4057617,318.5698242,339.8984375,108.2875977,139.75,302.5,525.5,74.75,164,320.25,462.25,70,210,280,474.7821198,81.98906326,210,289.7407007,465.6882172,83.42100525,220,276.8148184,481.4171753,80.91518784,223.8630581,270.2742481,489.1435699,80
675,1289,North West,GBIF,e,14179350,24.79125,-26.79125,183.5229206,309.6200037,495,79.23039055,169.6276855,321.5119629,338.1992188,108.3703613,140.25,304.25,527.5,74.25,164.5,324.5,462,70,210,280,462.8442535,81.61736298,210,290,453.9345779,83.00367737,220,280,467.4942856,80.12923431,229.7390604,277.720952,475.1324234,80
676,1293,North West,GBIF,e,14200068,24.707917,-26.957917,184.558754,315.6599903,496.75,79.74148941,170.5446777,325.0888672,340.2634277,107.8017578,141,307,533.5,75,166,325.75,463.75,70,210,286.9184732,454.6535263,81.02323532,210.3711128,298.2946157,445.0150604,82.18957901,220.40627,283.4693766,455.5203476,80,230,280,462.4573288,79.0141449
677,1295,North West,GBIF,e,14127556,25.04125,-26.374583,184.8387527,299.6300077,499.25,78.36208725,171.6967773,309.8835449,348.8818359,108.6499023,142.25,293.25,527.5,74.75,166.25,311.5,473,70,210,280,471.9311752,82,210,290,465.9852905,84.28120804,220,280,491.533287,82.79312706,222.7258253,280,501.1713333,82.64510918
678,1296,Free State,GBIF,e,14314040,25.207917,-27.874583,178.6295795,318.1800032,485.5,74.08019638,166.5546875,330.7954102,324.2871094,105.0361328,136.25,310.25,502.25,67.75,164.75,322,449.5,64,210,290,476.86306,76.01659584,210,300,466.183136,77.64651299,220,290,460.48349,74.91392708,223.1428766,290,473.2971649,74.20239067
679,1301,Free State,GBIF,e,14293326,25.457917,-27.707917,173.6683321,326.8100071,493.5,74.33282661,169.3813477,329.8989258,341.4848633,108.3105469,138.75,311.5,521.25,69,167.25,323,466,66,210,290,472.7487259,75.15277672,210,300,465.798317,76.68148994,220,280,460.0669861,73.90216827,223.3083057,280.2761936,474.7585297,74.30783844
680,1302,Free State,GBIF,e,14282968,25.54125,-27.624583,173.9108324,325.8500004,497,74.26339912,170.0783691,328.6943359,349.9084473,109.5759277,139.25,311.75,533.75,70.25,168.5,322.25,473.75,66,210,290,483.9876022,75.28821182,210,298.6115789,477.8606644,76.72018051,220,280,473.5233459,74.0050106,220.5486727,280,489.3412628,75
681,1304,North West,GBIF,e,14231180,26.04125,-27.207917,168.3954191,315.0200033,581.25,73.22916412,160.6738281,294.5654297,461.0593262,89.84814453,127.75,292,661.75,66.25,159.75,297.25,583.5,64,200,270.1668262,532.5920715,76.96518707,200.007,280,529.6683655,78.86150932,210.1266241,263.8012791,543.2265015,77.95695114,216.5225172,261.7906904,561.4964142,78.81840324
682,1305,North West,GBIF,e,14220820,26.04125,-27.124583,168.6883402,312.7699995,588,74.18699646,159.8195801,291.4328613,465.4147949,90.22167969,126.75,288.25,667,66,158.75,295,589,64,199.3152285,269.2354679,533.8422394,77.20763016,199.9190855,277.5935555,531.3697662,79,210,260,547.183075,78.36340141,213.6228132,260,564.9720001,79.16522598
683,1306,Free State,GBIF,e,14490186,26.29125,-29.29125,154.4354177,327.5300026,534.75,65.05644798,148.3547363,310.3908691,421.0505371,75.69848633,114,308.25,600.75,56,147.75,313.5,539.5,55.5,190,306.7079926,608.1931763,69.99143791,190,310,600.9234314,71,200,300,594.513092,68.39504242,205.9853649,299.4863272,605.6523438,66
684,1307,Western Cape,GBIF,e,14997642,18.624583,-33.374583,179.1262484,223.8000059,473,65.84290314,161.3010254,207.9260254,394.4587402,55.0324707,138,234,511,62.75,165.25,219.25,484.75,66.75,185.3936195,247.2321796,428.27211,69.7394886,187.9949331,245.5746746,415.6301804,68.84642601,197.6254511,252.2633219,403.6565628,63.00773907,199.5956993,256.2797356,399.4378128,64.14843369
685,1308,Free State,GBIF,e,14593786,26.29125,-30.124583,145.8399987,318.920002,507,60.39542675,132.8566895,310.640625,374.9165039,69.46630859,101,307.5,547.25,50.75,132.5,315.75,491.75,49.5,178.0339909,290,592.5408783,68,179.5068312,300,587.8353119,68,188.6894417,300,568.5832062,64.16965485,193.2671928,290,594.5314484,62.0298214
686,1309,Free State,GBIF,e,14573048,25.54125,-29.957917,155.5354166,333.4000015,429.25,61.49533463,144.635498,309.4902344,283.1203613,82.13037109,112,310,455.75,52.75,144,315.75,404.75,50,190,297.7311516,467.3660965,63.5138855,190,300,467.3926773,63.36598587,200.3297424,297.7311516,447.4767075,59.35648155,209.7986603,295.4046631,461.4681396,57.45882416
687,1310,Free State,GBIF,e,14272682,28.624583,-27.54125,144.0862513,294.1700029,716.25,69.77437782,135.9768066,300.2275391,590.5922852,73.8190918,105.25,289,742.75,56.5,135.25,294.75,699.75,62,170.3203344,250,679.5868835,74,170.3203344,269.3903112,688.372467,76,182.5479031,270,685.6401062,75.0086441,189.4770718,260,716.0581207,78.76753616
688,1311,Mpumalanga,GBIF,e,14044782,29.457917,-25.707917,169.3620777,242.6299953,673.25,81.49843979,148.7685547,279.3220215,558.6420898,83.30200195,120.75,273.75,709.75,66.5,147.75,286,675.5,69.5,190,230,623.7327118,84.0724659,190,237.0210743,649.2782898,88.29403305,201.7837048,248.231616,677.4122314,90.39328194,209.7436476,240,663.3614044,89.5643425
689,1312,Western Cape,GBIF,e,15008098,22.624583,-33.457917,143.3875012,229.659996,385,19.83670139,131.529541,221.6643066,416.1401367,21.71972656,108.25,248.25,488.75,13.75,134.5,238.75,475.75,11.5,167.9058075,233.0399513,325.4310684,19.8631258,169.6444249,240,331.257843,18.71107054,180.6893349,260,319.9525833,22.47777271,183.4675026,260,326.5764771,24.79909754
690,1314,Free State,GBIF,e,14438350,24.79125,-28.874583,181.2225008,320.439992,436,70.2856884,170.5424805,315.9401855,302.2602539,88.02954102,137.25,304.25,472,61,169,313.25,424.5,57.75,210,299.9135685,424.3541107,69.8355484,210,301.6653299,412.4523163,69.54539299,220,310,410.80896,69.1047039,229.7088337,308.5695934,417.5999908,68.45077705
691,1315,Free State,GBIF,e,14645602,26.957917,-30.54125,150.3870845,309.8499966,615,56.65837002,137.1918945,300.1623535,485.2124023,61.50073242,107.25,293,653.5,48,135.75,306.75,592.5,48,171.4596844,290,676.9879761,61.96029377,172.932682,300,669.320694,60.55706882,180.6823301,300,640.2692413,56.64740372,185.6423473,290.1798534,682.5243073,57.48078537
692,1316,Western Cape,GBIF,e,15090942,21.124583,-34.124583,175.8170795,229.8199987,425.25,18.78178024,160.4924316,221.3613281,437.7797852,27.48461914,134.75,294.75,493.5,21.5,163.25,240.25,484.5,23.25,180,176.9574261,522.2777863,18.06876945,180.0367785,179.5067358,508.2176514,16.98287773,189.9555683,188.4064817,517.1032715,23.29100418,190,189.7311926,503.3553696,25.21926308
693,1321,Free State,GBIF,e,14345214,29.124583,-28.124583,141.7304182,259.4500065,696.75,71.44903564,127.0358887,278.3486328,574.9575195,66.55688477,95.5,269,718.25,56,126,277,674.75,61,165.4379535,234.5000458,680.1316223,75.85087204,165.3642201,239.4125938,694.7272797,78.3427639,178.3971262,240.9315777,669.9423218,76.06678581,181.8710375,240,693.0424194,77.15335464
694,1324,North West,GBIF,e,14127538,24.29125,-26.374583,193.5754108,299.7699976,434.5,79.86657906,175.8056641,311.385498,300.090332,116.4206543,144.5,298.25,476,72,170.5,317,421,67.5,218.2055759,286.6241932,455.4162979,81.50478745,219.790206,298.9733171,442.4100342,83.5553093,229.790206,282.605443,458.3561096,80.03160667,230,280,462.6446304,79.89877701
695,1325,North West,GBIF,e,14127540,24.374583,-26.374583,192.5158358,299.2700052,442,79.87064171,175.0585938,311.5344238,306.777832,115.6362305,143.75,298.75,484.75,72.5,170.25,317,428.5,68,215.319438,283.4496546,455.4819412,81,218.3281612,295.7032967,442.987442,83.0007,228.3130264,280.0663805,459.7891083,80,230,280,464.3605042,79.41610909
696,1327,KwaZulu-Natal,GBIF,e,14314162,30.29125,-27.874583,175.1720858,255.0499964,804.75,71.00761223,167.4055176,260.2600098,669.4978027,65.18652344,137.25,252,810.5,63.25,167,263.75,772.5,66,199.5348215,230,669.9268494,73.26190567,197.9301357,233.7274361,700.4942169,77.42758942,208.393507,240.8402777,661.5153046,76,210,229.5252466,676.4492493,77.31540298
697,1329,Western Cape,GBIF,e,15028742,19.457917,-33.624583,172.4125004,239.3200016,566.75,57.01681805,156.8813477,234.6286621,439.6640625,54.81005859,130.75,278.75,560.5,61.75,159.75,256,524.25,64.75,192.9774761,240,466.2387314,63.6633997,194.641037,239.9155283,462.0272446,65.28843498,197.6693583,240.1858854,435.7850494,57.37091446,203.9716148,246.2449884,431.7926483,57.861866
698,1330,Mpumalanga,GBIF,e,14044772,29.04125,-25.707917,173.5604143,243.9599991,682.25,80.84416199,157.9233398,270.9313965,553.5668945,82.375,132.75,259.25,697.75,67.5,155.75,279,668.5,71.25,194.0306616,232.8915453,702.1724243,82.21076393,193.3293295,240,726.6407013,85.69224739,205.5828857,250,770.3433075,88.13272095,210.7974386,241.1301947,760.5948486,87.70930481
699,1332,North West,GBIF,e,14065440,26.874583,-25.874583,164.491663,267.8800011,672.25,79.48348045,155.1005859,268.9699707,555.753418,86.37475586,129.25,251.75,736.75,68.75,153.25,275.5,677.5,69,190.4553986,230,609.7522736,79.52924728,190.3216124,233.495388,615.048233,80.88329697,200.0229645,240.8454037,669.1144409,81.51624107,204.6485758,240,674.2386627,82.9203968
700,1334,Free State,GBIF,e,14655926,25.457917,-30.624583,164.1866636,316.1900043,404,59.91502285,157.3520508,287.2978516,268.6411133,83.10888672,126,293.75,440.5,56.25,157,304.5,384.5,50.5,197.3027277,300,382.5162277,57.77170944,198.5087824,300,379.3605728,56.1332798,208.5087824,301.9701242,365.2734375,53.62577534,215.4847765,300,386.27491,53.00778866
701,1335,Gauteng,GBIF,e,14034412,29.04125,-25.624583,178.1104183,243.5899973,665.5,80.60794067,162.4245605,270.4375,548.911377,82.65820313,137,261.75,691.25,68.25,161,280,661.5,71.5,197.7798462,230,710.9583588,82.86460495,197.1956873,239.9479103,736.7886047,86.02544594,208.8206816,250,784.1003876,88.95532799,213.4349489,240,771.3052216,88.28147125
702,1336,Gauteng,GBIF,e,14055128,28.874583,-25.79125,172.215414,246.0400009,683,81.0019474,158.2358398,269.2485352,555.1171875,82.02392578,134.5,254.75,692.75,68.75,155.75,278,669.25,72,197.1385241,239.9484062,679.2703247,81.00229645,196.7780209,240,699.5624084,83.99988747,207.2721529,250,745.0299377,86.1852951,211.1281157,250,738.3529053,85.73438072
703,1337,Free State,GBIF,e,14241620,29.374583,-27.29125,145.9212494,272.3200035,681.5,75.07814026,136.951416,279.2541504,567.1464844,73.7421875,106,270.5,709,62.5,136.5,274.75,675.75,67.5,170.9975958,230,599.0601501,76,170.9975958,250,614.925827,78.94920158,185.1374292,254.6576786,603.0799103,78.1453495,189.0696716,250,622.8359375,80.42254639
704,1342,Limpopo,GBIF,e,13920448,28.874583,-24.707917,194.4483328,278.3899975,560.25,87.73046875,185.697998,263.8676758,446.4655762,90.93896484,157.25,266.75,579.25,76.75,184.5,276.5,547.5,79.5,230,240,536.2643433,85.61065292,229.790206,240.1783848,556.6729431,89.01242256,240,260,612.6754303,93.31863022,243.8068485,260,590.7009583,91.95289803
705,1344,Free State,GBIF,e,14469454,25.79125,-29.124583,165.416255,334.9699974,468,65.66176987,158.6357422,313.970459,322.9677734,88.47314453,124.5,310.5,495,58.25,158,314,445.25,56.5,200,309.8160982,536.9495544,70.09642792,200,310,528.7727814,70.74815559,210,300,519.5658112,68.55833054,220,300.1455021,529.5504608,66.4436512
706,1346,North West,GBIF,e,14179344,24.54125,-26.79125,183.3645868,306.9900036,484,79.97570801,170.1010742,317.8688965,337.8686523,107.0996094,140,301,527.75,74,165.25,320,461.25,68.75,209.8803711,280,464.3573227,82,210,290,454.2546463,83.24676704,220,280,466.9799042,80,224.1996002,280,471.9561691,79.19221306
707,1347,Eastern Cape,GBIF,e,14759514,24.957917,-31.457917,150.1541638,295.4599953,395,56.00283909,133.0402832,281.7011719,265.1350098,61.1171875,101,295,417.75,51.25,132.25,303.5,377,48.75,175.0901031,280,399.4280548,66.62932205,176.9291162,280,394.5788269,62.95410442,187.5982141,298.1213093,371.6601868,63.66991806,193.6281919,290,394.6511383,62.90362453
708,1348,Mpumalanga,GBIF,e,13941230,31.457917,-24.874583,213.8687468,237.5099945,652.25,76.13014793,208.8234863,219.6247559,521.9604492,76.57397461,182.5,222.5,692.5,68,206.5,237.25,623.5,65,240.8577633,190.5724144,622.0369568,78.87565422,240.0737333,199.7441578,654.2545471,81.95968437,248.9370584,211.0299206,727.8033295,89.14264107,257.1057177,200,672.327652,86.11796379
709,1350,North West,GBIF,e,14179398,26.79125,-26.79125,172.5445843,282.9099989,596.5,74.41459656,158.9455566,288.2902832,478.5339355,89.12084961,127,280.25,665,67,158.25,284.5,602,66,200,270,601.0886383,79.28091621,200,280,601.1018829,80.006464,210,280,625.7805176,79.82509995,216.7346382,280,650.6716309,81.7736187
710,1352,Northern Cape,GBIF,e,14655922,25.29125,-30.624583,160.0208306,338.3299923,395,59.00143814,150.3979492,305.0227051,251.3103027,81.27075195,118,311.25,420.25,54.75,149.75,320.25,367.25,50.5,196.5277195,300.1471233,400.5649719,58.48747253,199.0356588,309.8287773,396.7412109,56.73177147,208.4925318,310,379.5841064,54,214.1779327,304.5563793,401.9454575,54
711,1353,Gauteng,GBIF,e,14065474,28.29125,-25.874583,166.7158318,242.2099972,715.75,80.29471779,154.9013672,252.7282715,584.559082,80.39379883,130.75,237.25,732.25,69,152.25,261.75,699.5,72,190.9104776,230,677.4023743,81.01079178,190.5243969,232.06604,690.7047577,84,200.5603695,250,745.6111755,86,209.8165607,240,743.3804169,86
712,1355,Eastern Cape,GBIF,e,14800994,26.624583,-31.79125,154.9245834,274.8099995,532.5,56.13502598,144.5129395,263.0039063,377.3103027,58.68408203,116,263.25,504.25,48.25,143.75,275.5,476,49.5,173.6901522,260,510.2195129,57.9461937,176.1471748,260,500.5449066,55.74226093,184.5840216,270,474.0622177,55.81242371,188.7506342,260,509.3587341,57.67276382
713,1360,North West,GBIF,e,14179346,24.624583,-26.79125,183.8216686,309.9199963,486.75,79.76024246,170.9035645,319.3330078,336.2919922,107.5014648,141,302.75,525.25,74.75,166,320.75,459.25,69,210,280,452.4443588,82,210,290,442.8912201,83.17974091,220,280,455.6065674,80,230,280,461.2552338,79.7829628
714,1361,Eastern Cape,GBIF,e,14780236,25.04125,-31.624583,153.2729149,297.4999905,391,55.84377003,137.9731445,274.6489258,253.5124512,61.15600586,107,291.75,397.25,49.75,137.75,298,362.5,47.5,179.2262363,281.6522646,392.0645676,67.32822227,180.2423668,282.9152584,388.2451019,64.22083473,190.8649445,299.6237326,364.9626465,65.10404968,197.5036001,290.8516502,389.0084457,65.66430855
715,1362,North West,GBIF,e,14168984,24.54125,-26.707917,184.0404129,306.9000006,478.5,79.66789055,170.3071289,316.8723145,334.0354004,109.9453125,140.25,301.25,523.75,74,165.25,318.5,457.75,69,210,280,454.5313721,82,210,290,444.5130844,83.99140549,220,280,458.2037582,80,225.1536322,278.9508152,463.3025284,79.9399128
716,1367,Limpopo,GBIF,e,13920456,29.207917,-24.707917,199.510417,279.3600082,528,83.72615433,191.7702637,270.3718262,421.3461914,93.72875977,163.25,274,554.25,75,191,281,520.25,76,230.2432442,260,506.9231644,86.97976875,230,260,526.8522339,90.83410072,245.1553392,270.0074863,573.5225983,94.43848991,250,269.9668074,551.8590393,93.46554756
717,1368,Limpopo,GBIF,e,13972230,28.124583,-25.124583,193.5454178,277.0199919,581.5,82.71561623,186.0654297,273.2727051,461,97.85766602,157.25,267.25,609,72.5,184,284.25,570.25,75.75,229.4151926,245.0824499,535.3421326,84,228.1155396,250,550.0646362,87.92363548,238.2913208,270,605.62677,91.00372696,240,260.5795765,592.0064087,90
718,1369,Western Cape,GBIF,e,14987288,18.874583,-33.29125,183.7337494,239.9399948,479.75,65.28225327,165.2861328,231.0688477,461.6462402,58.95092773,140.75,256,604,64,168.75,243.25,564,69,189.8603773,260,532.4708023,66.72470284,190.8262587,260,518.3519821,66.54430389,199.8375797,266.4475536,498.56987,60.19643211,203.5218763,270,493.870903,61.06658077
719,1370,Northern Cape,GBIF,e,14272538,22.624583,-27.54125,191.225419,328.1100082,346.25,80.41127396,173.744873,315.8457031,200.6877441,112.2529297,136.5,309.25,379,78.25,173.5,316.75,310.5,68.5,210,302.9866076,323.3100967,77.34565926,210,307.7212763,311.8446579,76.74183464,220,298.6326885,318.5837631,74.94257927,230,302.9866076,324.1321182,75.00851059
720,1372,Limpopo,GBIF,e,13775426,29.624583,-23.54125,182.8150034,229.1400051,693.75,79.45682526,174.3967285,212.6052246,656.9348145,83.05810547,150,217,815.75,71.75,174.25,231.5,718.75,70.5,219.9640274,210.0852823,413.5628128,85.71669006,218.9485836,220,436.6837692,86.92897224,222.8290272,220,486.4989853,93.59116936,230.0864315,210.2558422,452.5209732,90.60565567
721,1374,Limpopo,GBIF,e,13785786,29.624583,-23.624583,179.4245815,227.0200014,707.75,79.29541969,171.496582,211.447998,676.3120117,81.91137695,147.25,215.75,833.75,71.25,171.25,229.25,738.25,70,218.5296488,210,428.7341156,84.83506203,213.9619589,220,452.4792328,86.11696053,220.0043964,220,502.7610855,92.5475502,229.8310566,210,466.8735428,89.55353928
722,1376,Northern Cape,GBIF,e,14728438,25.124583,-31.207917,138.7899995,302.6999998,428.75,56.23145866,119.8068848,289.3032227,317.5068359,61.07055664,88.5,300.75,481.25,50.25,119.25,308.5,429.25,47.75,161.5030289,280,447.7004318,64.1156559,163.9940691,280,441.1812363,60.87173367,174.5129538,290,419.4892502,61.19801331,179.796977,290,443.7055893,60.00778198
723,1378,Eastern Cape,GBIF,e,14852742,24.457917,-32.207917,173.1587505,268.9800024,328.5,44.93193626,159.3166504,258.0068359,220.9211426,50.58056641,128.25,270,346.5,36.5,159.25,273.5,319.5,33,189.6499777,240,361.9439926,46.53686523,191.1727428,245.8333063,363.7891693,43.46529865,197.6891994,260,337.8323669,40.04844761,203.3098888,250,355.2436142,43.48722076
724,1382,Limpopo,GBIF,e,13899728,28.874583,-24.54125,193.7470818,274.460001,550.25,86.80233192,185.0373535,255.0869141,431.0756836,92.62963867,157.25,259.25,557.25,76.25,184.25,267.5,523.5,78.5,230,234.1704607,513.9251328,86.07123566,229.3743277,240,533.9361877,89.89006996,240,260,589.9415588,94.22183418,240.0299406,251.821456,568.1728516,93.09903336
725,1383,Gauteng,GBIF,e,14065470,28.124583,-25.874583,172.3304176,247.0699978,719.25,80.49902153,162.0795898,252.8703613,583.5678711,80.09936523,137.5,237.25,729.75,68.5,160,262.25,699.75,71,197.5041008,230,657.7337036,81.05225945,196.8699932,239.5678377,669.6672668,84,206.9437265,250,720.5968781,85.81823349,210.8040619,243.7131262,720.757309,86
726,1386,Free State,GBIF,e,14231220,27.707917,-27.207917,163.7483311,295.5800056,630,72.01759338,156.4794922,295.9707031,507.4953613,79.49536133,124.5,287.75,672.25,59.75,156,290.5,625.75,63,190,260,618.5997772,75,190,270,621.1506195,76,201.0646248,260,625.1313019,75.18024254,210,260,648.1765289,77.82824135
727,1387,Limpopo,GBIF,e,13899736,29.207917,-24.54125,199.4266653,275.0200033,523.5,84.70135117,191.0925293,260.439209,412.8847656,95.75390625,163.75,266.75,544.5,75.25,190.25,274,508.25,76,230.7876968,250.7605839,480.0165329,88.82215118,230,251.1255503,499.7532578,92.50186729,247.1181536,268.0829,546.524231,96.62270927,250,260.1682806,525.1654816,95.2331543
728,1390,North West,GBIF,e,14137956,26.707917,-26.457917,168.8587523,284.2700052,608.25,78.27104378,156.3608398,286.1000977,474.1911621,94.79541016,127,274.5,658.5,70.75,155.25,288,597.75,69,200,259.9846935,566.1008148,80.96639824,200,269.9846935,566.6481781,81.19978333,210,269.9330997,600.8259888,81.0410862,217.0250511,269.0883493,620.2410736,83.94652367
729,1391,Free State,GBIF,e,14231222,27.79125,-27.207917,162.128334,297.9099941,649.25,72.28653145,155.140625,296.3200684,510.2302246,79.82250977,123,288.5,675.25,59.75,154.75,290,627.75,63,190,259.827137,631.7838593,75,190,270,634.9811096,76.18472672,200,260,639.1384583,75.45459938,208.0490732,260,662.51091,77.57122612
730,1398,Free State,GBIF,e,14552336,25.874583,-29.79125,153.6508346,334.1200066,452,62.94206142,144.3210449,313.6843262,312.1950684,80.45825195,110.75,313.75,484.5,54.25,143.75,318.5,432.75,52,190,310,505.230278,65.32692719,190,310,502.1831436,65.44757843,200.4546452,306.5647316,485.8158875,62.09646225,208.1971121,304.2504597,497.9906845,59.8323307
731,1399,North West,GBIF,e,13972222,27.79125,-25.124583,197.777915,276.8100023,596,81.28614426,190.1938477,276.2080078,466.2338867,96.23632813,160.5,271,618,72.5,188.25,288.25,574.25,74.75,228.6554527,249.4791126,534.4743195,84.04199028,228.2462597,250,544.941391,87.9643383,237.2594166,270,597.8086853,90.59253311,239.5107412,270,588.2736816,89.10679245
732,1407,Northern Cape,GBIF,e,14645542,24.457917,-30.54125,149.0362501,334.3699932,351,60.54310894,128.2023926,335.8103027,224.0373535,77.19311523,95.5,335.25,394.5,51.75,127.75,345.75,342.5,48,181.369071,280,416.689003,63,186.0396242,280,408.0029984,58.94155598,191.6877651,300,383.3810349,55.72940254,199.2825937,290,407.0392532,54.98287296
733,1409,Western Cape,GBIF,e,15080568,20.54125,-34.04125,182.5154161,222.7700043,376.25,25.04290342,171.2839355,230.0690918,496.2993164,21.83544922,146,299.75,569.5,21.75,175,251,548.25,23,189.8792267,208.554554,509.8831787,18,190,215.7111025,499.5615768,17.19247293,199.6167088,225.9809685,511.487915,23.92293549,200,228.1616449,500.0801697,25.41725159
734,1412,Free State,GBIF,e,14365888,27.207917,-28.29125,162.2520828,301.8399954,597.75,66.55106163,152.7390137,300.9865723,455.8371582,79.39331055,120.25,295.25,621.75,57.5,152.25,304.25,565,58,189.3892622,290,581.9440308,71,189.48627,290,581.1690521,72.66237068,201.176548,280,573.2651978,71.80752182,208.8235092,280,589.4090271,72.73665619
735,1417,Free State,GBIF,e,14490182,26.124583,-29.29125,157.8066659,331.9499969,505.5,64.61118126,152.2290039,309.1164551,380.3474121,78.31005859,118,307.25,557.5,55.75,152,311.5,499.5,55,189.9627209,310,533.8323517,70,189.9627209,310,526.9988861,70.99143791,205.0960827,300,519.4582672,68.42049599,209.8881674,300,528.7189331,65.87589645
736,1419,KwaZulu-Natal,GBIF,e,14438470,29.79125,-28.874583,176.3516665,260.2600002,777,73.08236885,166.3989258,278.6306152,620.3937988,68.30126953,134.5,270.75,754,65,165.5,279.5,711.5,65,191.7134905,259.0280199,755.4484711,77.7896862,191.5660238,259.5644665,772.662674,79.78171349,203.4880829,262.1115017,726.2505493,78.17883301,210.2729797,258.7523127,752.2762299,79.29935455
737,1424,Free State,GBIF,e,14459068,24.707917,-29.04125,182.2266674,319.5800018,425.5,69.55501556,165.3356934,326.4499512,310.3146973,84.68408203,131.25,315,481,60.5,163.75,323,433.25,57.25,210,300,390.6552734,66.89452362,210,310,378.6376572,66.27012634,220.2173948,310,377.0946732,66.30797958,230,310,384.5001221,66.20267105
738,1425,Eastern Cape,GBIF,e,14780242,25.29125,-31.624583,161.7491674,306.2400007,388.25,54.87648964,148.2883301,275.8237305,228.6767578,66.1875,117.5,293.5,368.75,52.5,148.25,298.25,339,49,189.3829584,290,359.4758072,62.93328381,190,293.3989096,355.6882935,60.46725464,200,300,337.3672867,62.15329361,208.4635258,300,360.1700821,62.67255974
739,1426,Free State,GBIF,e,14500552,26.54125,-29.374583,154.2274976,323.5499954,569.5,64.30760574,146.2539063,310.0410156,462.8383789,73.4230957,112.25,307.25,642.75,54.75,146,314.25,574.75,55,187.3219156,300,605.7182159,69.78396225,189.0117073,300.1161671,599.5391693,70.86201668,199.9295282,290.1161671,593.5180054,68.58763885,205.4768991,290,606.7200317,66.25098038
740,1427,Free State,GBIF,e,14490192,26.54125,-29.29125,156.6099977,323.4900093,567.75,64.90514374,148.6101074,310.987793,471.7780762,73.32006836,115,307.25,651.75,55.5,148,314.5,581,55,190,300,581.4430389,70,190,304.0010929,575.4667816,71.00711632,200.4180193,294.3515301,570.039856,68.95838547,209.7465897,290,582.5936127,66.70946884
741,1429,Northern Cape,GBIF,e,14396910,24.79125,-28.54125,182.1387529,318.6300039,456,72.03142929,171.6689453,318.8049316,297.1289063,94.40087891,138.75,306.25,468.75,63,169.5,315.25,417.75,59.5,210.0852823,290.0852823,437.1936646,71.97482109,212.4042702,300,423.4441223,71.91686249,221.7934132,307.3887825,427.0035706,71.9076004,229.9635458,300.0852823,433.5030823,71.11618996
742,1433,Limpopo,GBIF,e,13796148,29.707917,-23.707917,170.4750013,222.3300028,804.25,79.56814766,161.4143066,204.982666,790.8735352,77.76513672,136.5,203.5,957.5,70,160.75,218.25,847.25,68.75,209.1979265,209.9925137,496.5342026,83.94210625,207.9394484,211.7624521,522.9452133,85.84297562,215.2084589,220,581.8827515,91.98317146,223.1996536,209.9850273,539.600853,88.88255501
743,1434,Limpopo,GBIF,e,13796146,29.624583,-23.707917,176.1308336,228.840003,697.25,79.72336769,168.4875488,210.0002441,676.3137207,81.01953125,143.75,213.5,832.25,71,168.25,227,740.25,70,214.8029661,210,421.615097,84,210.7927704,219.8533535,444.6225357,86,219.8409843,220,492.7804108,91.92063904,229.5206499,210,457.4412766,88.67821503
744,1436,Northern Cape,GBIF,e,14686986,24.624583,-30.874583,148.7254143,359.100008,331,60.2071104,138.2351074,314.0095215,192.951416,81.98950195,106,315.5,355.25,58.25,138,326.25,308.5,53,190,290,348.0786743,63.63647079,190,290,341.514122,58.80457783,200,304.3872404,319.9226303,56.07729721,202.0371962,300,340.0657196,55.07941818
745,1439,Western Cape,GBIF,e,15090948,21.374583,-34.124583,173.9858341,222.1399927,434.25,17.8861227,159.067627,213.4040527,409.5148926,28.14477539,134.25,290.75,468,19.75,162,233.25,457.5,22,180.5118752,176.7227173,524.5024567,16.61427259,182.4374723,179.2284107,511.5741577,16.02216768,190.1471233,187.6472044,516.8376083,20.848207,190.5760002,189.5524788,502.9117889,23.01801109
746,1441,Eastern Cape,GBIF,e,14769878,25.124583,-31.54125,158.5166645,304.000001,386.25,55.77548122,143.6513672,278.2683105,238.2124023,64.7121582,112.25,294.5,381.75,52,143.25,301.75,349,49,180.048337,290,369.4371719,66.52407455,187.6029348,290,365.3376312,63.76134968,198.7134695,300,345.3595963,64.92720985,199.827137,300,368.018631,64.92295647
747,1442,Eastern Cape,GBIF,e,14780238,25.124583,-31.624583,156.4849997,298.8899994,388.75,55.72363853,141.0439453,275.1523438,246.8928223,62.87744141,110.5,292.25,388,51,141,298,356,48.5,178.6627722,289.8310566,398.5657806,66.58003426,181.3309479,290,394.5554352,63.85863686,193.6192131,300,371.9292374,64.97915077,198.6627722,298.7680912,396.9645309,65.5373764
748,1452,Free State,GBIF,e,14251960,28.54125,-27.374583,149.5387506,298.1599951,737,69.94718361,141.8117676,306.1015625,599.3288574,77.73461914,110.75,295.75,751,58,141.5,301.75,710,64.5,179.3878698,250,601.9839783,74.95065308,179.6058035,270,609.4957581,76.91582108,190,270,611.2008667,76,195.3196621,260,637.5281982,79.43294907
749,1459,North West,GBIF,e,14158686,27.124583,-26.624583,168.1687498,281.8499994,621.25,74.85957146,157.8598633,283.3762207,492.878418,85.34423828,127.5,274,671.75,66.5,156.5,285.25,618.25,66,198.7759686,259.036541,566.234848,80.74672127,198.7386942,270,569.8338928,82,209.3339396,270,585.9170074,81.22076225,212.3513269,270,607.5712433,83
750,1467,Limpopo,GBIF,e,13837580,29.374583,-24.04125,173.1949997,235.4700041,661.25,81.19128609,162.1638184,213.6923828,491.7834473,86.32495117,136.5,221.5,631.25,73.25,161.75,231.25,578,73.75,199.8331642,210.0803995,518.6855316,85.80316734,199.5146608,212.5733757,544.4674225,88.26356888,209.5288181,230.4205608,596.5683746,92.44001579,218.5933876,221.1158609,564.4948883,90.60646629
751,1468,Free State,GBIF,e,14220854,27.457917,-27.124583,166.8945837,293.5300064,613,72.15189362,157.8662109,291.199707,508.0371094,78.61328125,125.5,283.5,680.5,62.25,157.25,287.75,631.25,64,191.0136557,260,618.7986755,75.92413712,191.5556383,275.1247692,620.1184235,77.0444622,207.2919846,270,625.6860352,76.61931992,210,270,650.7622223,79.55072784
752,1469,Free State,GBIF,e,14220860,27.707917,-27.124583,162.0025015,295.3800106,624.75,71.96907616,154.8327637,290.8806152,517.2224121,78.6315918,122.5,282.75,682.5,60.5,154.5,286.75,636.5,63,190,259.8862028,663.2630768,75.09494209,190,269.9923468,667.4535828,76.69800186,200,260,672.6925812,76,204.9188852,260,697.1225433,78.10999107
753,1470,Free State,GBIF,e,14210498,27.624583,-27.04125,162.7358294,293.6899948,619.5,72.57243156,155.5185547,286.4824219,521.9362793,78.2668457,122.5,279.25,688.75,61.25,155,284,643.5,63.75,190,259.827137,662.5891266,75.67093468,190,270,667.70755,77.07921791,200,261.210084,674.1911621,76.60760117,204.1027594,261.210084,698.9118805,79.2312603
754,1472,Western Cape,GBIF,e,14863054,22.457917,-32.29125,152.1125007,270.3600025,252.75,44.5627079,142.4106445,267.7202148,175.4855957,55.36401367,110.5,285.75,277.25,40,144.5,287.5,250.25,34,177.4894714,259.7620201,287.5237427,41.95961094,178.44944,262.9465866,293.5222778,38.98111439,187.7739859,270,281.8744659,37.01931572,189.4569445,270,291.1580734,39.86498547
755,1477,Mpumalanga,GBIF,e,14200180,29.374583,-26.957917,148.1270862,265.2900028,682,74.53510284,143.6552734,281.3581543,548.5871582,80.46289063,113.5,274.25,683,69.5,143.75,279.25,661.75,73.25,178.1049919,232.9224682,629.5697479,77.96434021,179.6258163,250.0164366,649.3637085,80.78087807,190,260,640.0609436,80.64938545,191.5554619,250.5751705,658.60849,82.70145416
756,1478,Free State,GBIF,e,14479822,26.124583,-29.207917,157.8025007,328.8700104,510.5,65.46961021,152.6750488,306.3876953,388.4499512,77.77246094,118.5,303.5,564.75,56,152.25,308.25,507.25,55.75,189.9635458,310,558.7525635,70,189.9635458,310,551.6132507,71.29357338,203.2243824,300,545.0435028,69,209.6313334,300,554.6955261,66.2899704
757,1479,Gauteng,GBIF,e,14137974,27.457917,-26.457917,160.493331,272.3699999,661,75.95641518,151.0334473,276.4572754,537.3041992,81.67797852,122,265.5,710,65.75,150,278.75,659,67,187.6360273,240,616.1049042,80,187.3616171,253.4558392,624.8734131,82,199.8739719,260,641.6589203,81.50221252,204.0143967,260,658.7012939,82.65989685
758,1485,North West,GBIF,e,13992934,27.457917,-25.29125,196.7491674,280.8499956,613.75,78.55511284,190.890625,280.1899414,469.9284668,96.90673828,162,271.75,625.75,73.75,189,290,582.5,74.25,229.8452234,250,529.1425476,82.94931793,229.3362808,256.659236,535.9178925,86,236.4787054,270,591.3757019,88.13054466,240,270,586.7771301,87.93242264
759,1487,Western Cape,GBIF,e,15018420,21.04125,-33.54125,178.0712461,260.9199953,298.5,17.29597998,148.9760742,255.1311035,226.7033691,37.74194336,121.75,290.75,291.25,18.5,151.75,276.5,278.25,18.5,186.7281771,239.047718,298.4677887,20.85750532,188.7794304,245.5727577,296.264679,18.67072344,197.9934788,260,293.5933456,22.34498739,201.8845272,267.9754591,289.1867981,23.18678617
760,1490,Limpopo,GBIF,e,13837578,29.29125,-24.04125,174.1562462,236.8600035,666,81.74668503,163.5251465,214.876709,476.8937988,88.17626953,138.25,223,608.5,73.5,163.25,233.5,560.25,74,200.0987864,210,538.9238129,86.22839737,198.9547205,212.7017736,565.4649506,88.81464195,209.1078758,230.3037071,621.3188171,93.42573929,217.8212214,221.0999155,589.2210083,91.75257683
761,1491,Free State,GBIF,e,14200120,26.874583,-26.957917,172.6566648,287.7799988,605,72.89305496,160.6289063,295.8278809,474.5488281,86.61645508,128.25,289.75,660.5,64.5,160.25,292,599,64.75,200,279.2131853,587.2582245,77.80491829,200,289.8038244,585.4129028,78.61051941,210,280,603.0347748,78.06302261,218.249855,280,628.9953308,80.11940575
762,1494,North West,GBIF,e,13982584,27.874583,-25.207917,197.9004192,283.3099937,577.25,80.83926964,188.8208008,276.6862793,465.3859863,95.77246094,159.75,269.75,614.75,72.5,186.75,289,575.75,74.5,230,250,522.4375916,83.86761475,230,250.0789404,533.679657,87,239.959321,270,584.7169189,90,240,270,575.6730347,88.99580002
763,1496,Free State,GBIF,e,14220832,26.54125,-27.124583,175.3337526,294.4099998,589.75,71.97353554,162.6479492,302.0061035,462.7507324,89.04370117,129,298.5,652.5,64.5,162,300,586,63.75,200,279.6914434,556.9968109,75.86347771,200.0447512,289.0485191,552.2349701,76.89749336,210.8584166,279.9427414,574.2198029,76.99199104,219.9472618,279.8477077,599.1617432,79.78770828
764,1497,North West,GBIF,e,14231182,26.124583,-27.207917,171.0308361,309.0799999,584.25,72.469347,162.1271973,293.0617676,458.722168,89.76293945,129,290,658.25,66,161,295.25,580.75,63.75,200,270.5089283,541.6731567,76.80187416,200,280,538.473465,78.4573822,210,269.2324686,554.668808,78,219.1722488,267.4452209,574.0525665,79.0535183
765,1498,North West,GBIF,e,14241546,26.29125,-27.29125,175.2575016,308.4400034,581.75,70.6673584,165.4086914,295.8464355,443.8757324,89.85375977,132,293,639.5,64.5,164.5,297.5,567,63,200,280,526.2750854,75.65716362,200,289.9264383,521.300415,77.04122353,211.0418606,278.2840967,539.2818146,77.03463364,220,277.6694965,561.3479309,79.40836334
766,1499,North West,GBIF,e,14200112,26.54125,-26.957917,173.2904196,287.3499918,602.25,74.25745392,160.2565918,289.6416016,477.1247559,90.28979492,127.25,285.25,670.25,66.5,159.5,287.75,602,64.5,200,269.1323614,582.225708,77.18652534,200,279.7673035,579.2541656,78.03912735,210,270.2563667,605.8926544,78.13735199,219.7957802,270.0631571,630.2660828,80.37056923
767,1500,North West,GBIF,e,14200110,26.457917,-26.957917,171.9779205,287.0600033,599.25,74.18257141,159.5915527,285.9890137,479.4272461,90.24267578,126.5,283,674.5,66.75,159.25,284.5,602.5,65,200,262.7783394,576.8439789,77.17778778,200,274.7846937,573.9338379,78.03191948,210,269.2668247,601.3181152,78.30809212,216.9993639,266.2595367,624.8802643,80.66465187
768,1503,Western Cape,GBIF,e,14976976,20.874583,-33.207917,182.0708323,293.8800049,181.75,24.83189631,155.9572754,285.1882324,97.66235352,61.35424805,127.25,308.75,159.5,21.25,158.5,306.25,148.25,19.25,187.9368258,258.9935064,171.0427208,23.27677965,188.8263321,264.7887564,170.9140625,21.07868004,198.218565,280,169.3402939,25.16468096,199.3751621,280.9272528,167.6876755,24.43120337
769,1507,Northern Cape,GBIF,e,14417590,23.124583,-28.707917,166.5766668,320.1599979,349,77.698246,155.2253418,313.8310547,210.309082,99.07348633,119.25,302.5,385.5,69.25,154,310.5,325.25,62,199.1655064,275.8047199,321.8072586,72.88349724,199.7955608,280,311.3692703,71.57958603,208.536768,280,321.112709,70.76130104,211.155405,290.9332323,323.1999435,68.71546745
770,1508,Western Cape,GBIF,e,14997638,18.457917,-33.374583,176.8595839,211.2400007,444,67.59806252,158.8737793,189.7834473,354.8017578,53.09521484,135.75,215.75,466.5,60.75,162.75,200.75,444.75,65.75,185.2357674,216.4794254,391.9360657,70,187.0218611,213.8002014,381.0418777,69.08876991,196.9858885,220.4494429,371.8243484,63.26570225,199.5893478,225.707922,367.6568985,64.72549629
771,1509,Northern Cape,GBIF,e,14469348,21.374583,-29.124583,192.6516628,331.5099907,208.5,72.65893936,175.9030762,312.3312988,93.44873047,90.8581543,140.5,313.5,243.25,66.75,177.5,323.75,197.25,58.25,224.1868782,290,180.8816948,64.92451286,227.6418209,290,178.12323,62.84519768,231.7064571,296.4135027,176.2655449,60.61137295,239.9770355,310,172.7718582,56.79864788
772,1510,Free State,GBIF,e,14593794,26.624583,-30.124583,150.7733345,316.6300011,561.5,60.59751606,136.1323242,308.498291,414.2038574,68.76147461,104,301.25,589.5,51.25,135,313.5,529.5,51,178.6834478,290.4103184,608.7929688,67,179.4897461,300,603.1165771,66.32921791,188.8047028,300,584.5065002,63.25384426,194.3386459,290,613.5539551,62.01118279
773,1511,Western Cape,GBIF,e,15028808,22.207917,-33.624583,176.5129185,258.7799978,321.75,12.77744436,161.7678223,264.2265625,227.7973633,32.85107422,138.25,313,295.25,16,164.5,285,286.5,16.25,189.5192051,230,430.8975525,18.00703144,189.8769522,240,436.2402725,18,200.13134,251.7342281,423.6129532,20.0447917,206.6216135,258.7078428,427.4537125,22.40693855
774,1514,Western Cape,GBIF,e,15101258,19.29125,-34.207917,164.9054193,208.8500023,696.5,49.5379982,147.15625,183.7731934,642.0148926,42.29345703,124.25,249.5,745,45.25,151.25,201,730.75,52.75,177.4312115,188.3019066,646.9287567,48.99370766,179.0472364,187.8199577,632.4528046,50.40425777,180.9960938,189.7275209,644.9256897,45.39834976,183.9427662,191.5510893,618.6911163,45.12018776
775,1516,Eastern Cape,GBIF,e,14780232,24.874583,-31.624583,139.386251,290.1799965,414,54.65265846,122.5292969,275.4645996,303.5119629,55.87670898,92,289.5,451.5,47,123,296.5,408.5,45,162.2704411,279.8073053,403.866066,66.2397213,164.8684192,279.8073053,400.3208313,62.94079018,175.5126286,290,373.8779602,63.12304783,180.4693127,289.3322563,397.8584061,63.1045723
776,1518,Eastern Cape,GBIF,e,14811326,25.457917,-31.874583,163.3708334,295.1499939,397,51.66429234,153.2226563,275.2502441,214.1652832,68.16967773,122.75,291,347,49,152.75,297.25,322.25,47,190.5712795,279.036479,356.4665222,56.80291557,195.8287048,281.3691044,353.6264801,54.6943531,206.2553072,291.2838221,335.3412552,55.87723923,210,284.9988747,357.703476,57.65141106
777,1520,Free State,GBIF,e,14365944,29.54125,-28.29125,160.1158309,240.8199978,803.25,72.55691338,148.6115723,272.7060547,677.1474609,67.90795898,117.25,262.5,820,61.5,148.25,270.5,766.75,63.5,179.1769314,221.2609005,893.9214478,80.99785233,178.6588573,224.1399765,919.4244232,83.99285889,192.2138309,230.9532881,871.113678,81.04047012,197.4376583,229.9928427,901.4429779,81.72523499
778,1521,Western Cape,GBIF,e,15080602,21.957917,-34.04125,171.1945868,193.0400038,422,13.86797428,158.2629395,191.8000488,367.5285645,24.40283203,135.25,275,441.25,14.25,161.25,208,422.5,15.25,183.0833721,170.9115934,509.6838379,20.39158773,183.6434412,175.9036112,502.8164673,21.20771217,191.9469595,185.6630325,501.7097244,24.40071249,193.9193344,187.6804686,496.0412445,27.40969753
779,1522,Limpopo,GBIF,e,13609654,29.124583,-22.207917,220.6724977,275.1300049,345.25,87.26352119,212.8706055,271.2390137,292.0686035,113.8356934,186,279.5,359.25,79,215.5,290.25,314.5,79,266.3749552,219.1137648,311.3173447,92.75065804,260,220,322.3713608,92.60044289,269.7742605,240,360.5179367,101.8549919,279.4985533,230,340.2469559,100.0195122
780,1523,Free State,GBIF,e,14334844,28.707917,-28.04125,140.3141665,276.340003,723.5,68.25508881,128.8518066,293.3500977,574.1748047,67.79248047,97.75,284.5,725.75,52.5,128,290.25,675.25,58,161.5096855,259.6909142,736.3897247,72.89708519,161.6599083,260,746.350235,74.96481323,176.4064598,260,728.6712646,72.73273277,180,260,759.6981812,74.94803429
781,1528,Limpopo,GBIF,e,13827218,29.29125,-23.957917,175.8400011,239.5199966,636.5,81.79813957,164.869873,214.6782227,464.4978027,89.55737305,139.25,223,599.5,73.25,164.25,233,549.25,74,201.6922569,205.4429817,496.8348389,85.19849968,200.130043,210,522.2266541,87.6083622,210.0856113,227.6696682,574.6708374,92.3854599,218.624053,218.9755201,542.4138641,90.32419777
782,1529,Free State,GBIF,e,14314076,26.707917,-27.874583,174.1074991,291.6799927,562.5,67.78485298,160.9516602,291.222168,422.4260254,88.4230957,128.5,284.5,603.25,59.25,160.5,291.5,543.25,59.25,199.8442411,290,572.5105286,70,199.9925137,295.5340004,567.2584381,71,210,280.0515938,578.2588501,70.99580002,210,280,601.4197083,73.99860001
783,1533,Eastern Cape,GBIF,e,14769874,24.957917,-31.54125,153.2924986,303.6299992,386.5,55.98940182,137.9592285,278.3964844,248.6115723,62.42407227,106.75,294.5,395.75,50.75,138,301.25,358,48.25,179.661293,280,359.7448044,66.980196,179.8846006,280,355.7438431,63.68417358,190.3097582,294.873023,334.2947464,64.28107738,199.2508221,290,355.5573425,63.91895294
784,1538,Eastern Cape,GBIF,e,14852744,24.54125,-32.207917,177.5129128,265.7399988,323.25,44.508955,163.7775879,255.1538086,207.9213867,53.23632813,133.75,267.5,332.75,35.75,164.75,269.25,306,33.75,197.6889086,240,331.8483047,46.73185921,198.2056904,240.2201462,333.3810501,43.710145,206.791091,260,309.3817062,40.48188496,208.7520695,250,325.5766678,43.90313911
785,1544,Free State,GBIF,e,14386614,27.457917,-28.457917,155.5787516,308.4999943,640.75,66.02583694,147.8325195,295.8981934,506.5129395,73.72290039,115.5,290.25,666.25,56.25,147.25,297.75,607.75,58,180.072751,285.0949907,640.2751007,71.01118279,180.8422613,290,639.7661285,72.06765175,198.0362415,280,625.2234955,71.24929237,200,280,644.1566162,72.0424366
786,1545,Free State,GBIF,e,14293332,25.707917,-27.707917,168.8204193,297.3799992,507.25,72.24179459,168.5031738,322.8886719,362.9155273,101.109375,137,309.25,549,67.25,167,317.75,487,64.5,210,290,479.8956833,73.98294258,210,290.8601189,473.7579422,75.43380165,220,280,471.9054794,72.67618942,226.002059,280,486.918129,73.87799644
787,1547,Mpumalanga,GBIF,e,14189812,29.04125,-26.874583,151.2937474,272.1099949,678,74.07206535,145.7773438,284.2116699,548.6066895,82.35400391,115.75,276.75,684,67.75,145.5,282.25,659.5,72,180,240,639.9157257,78.7913456,180,260,658.8877563,81.72093582,190,260,658.552063,81.75871277,194.208293,260,679.6260986,84
788,1548,Eastern Cape,GBIF,e,14987420,24.374583,-33.29125,180.92875,254.8799896,412.25,23.5285182,166.1218262,245.0805664,222.0532227,50.23681641,139,269,316.5,32,166.75,262.5,296.5,29.75,194.837656,230,276.3818207,34.0928688,195.5389929,240,282.4434662,31.66939831,203.9670753,260,257.5708847,31.36206293,208.7554884,249.982419,272.8938751,34.59610748
789,1555,Western Cape,GBIF,e,14945830,18.124583,-32.957917,173.0433369,198.6899996,309,67.68064308,166.9326172,187.7641602,225.9553223,55.76538086,144,209,321.5,64.25,171.25,197.75,309,70.5,183.5674858,152.8804588,287.0648651,71.37582207,184.7553205,150.0043011,282.6375046,71,192.9222918,153.8210464,271.8058548,64.57415771,196.9628477,158.0632448,268.0330963,66.78615379
790,1556,Eastern Cape,GBIF,e,14863162,26.957917,-32.29125,144.5329165,236.1200047,635.25,56.07885075,128.706543,225.7199707,686.9204102,48.64111328,99.5,230.25,817.25,41.75,127.5,236.5,766,44.25,155.4823732,222.1840954,699.27948,56.82745457,155.4800963,228.5504484,692.2242279,55.40844727,163.5565853,231.6507339,659.9191284,54.70977974,166.5611601,225.0296545,692.4372711,56.49874401
791,1557,Limpopo,GBIF,e,13899722,28.624583,-24.54125,182.6675034,255.3200006,612,85.57203484,172.5529785,250.1379395,501.6882324,90.12573242,144.25,255.25,629.75,73.25,171.75,263.25,591,75.75,211.7958593,222.1170664,642.0980072,86,209.7773361,229.5735931,664.5146637,89.05116844,220.7517767,249.8294401,737.7510986,93,227.1020079,243.6454201,714.2378693,93.21581078
792,1558,North West,GBIF,e,14189758,26.79125,-26.874583,174.8099995,282.8199959,595.25,74.08295059,160.3666992,291.2644043,475.4731445,87.99511719,128,284.75,661,65.5,159.75,288,597.25,65,200,274.9869871,589.2025452,78.36141777,200,284.4313335,588.2002411,79.23044586,210,280,610.4777679,78.79277802,219.6362448,280,635.5502625,80.88056755
793,1561,Limpopo,GBIF,e,13930794,28.29125,-24.79125,179.1358328,254.2799997,645.25,84.9740448,168.2353516,261.5026855,550.8544922,88.33789063,138.75,260.75,694.25,71.5,167,275,646.25,74,207.4929523,230,671.5351868,85.93911362,206.3728523,237.1566582,690.5459137,89.00372696,216.7927647,258.7096882,764.9469299,92.88115501,222.7894974,250,745.2120514,92.43684578
794,1566,Northern Cape,GBIF,e,14738700,21.04125,-31.29125,164.3220806,322.6300049,184.5,46.53817654,153.6030273,302.9707031,101.2746582,75.07641602,119.75,311.25,222.5,56,155.5,321.25,180,45.5,196.7352486,300,175.6007576,47.94098568,199.2904282,300,178.2314491,46.71986008,205.6181955,309.961729,171.7999802,43.2188282,209.9072647,320,173.4213943,42.03630638
795,1568,Free State,GBIF,e,14283064,29.54125,-27.624583,141.0695839,259.3199968,727,74.28914642,130.4243164,269.7495117,612.6298828,67.91088867,100,261,759,60,130.25,267,717.75,64,159.9355817,220,649.89534,75,159.8763394,236.3981152,666.4848328,77.99362183,175.2564049,240.0715733,645.7163544,76.84240723,179.7710419,240,666.5019836,77.99835587
796,1569,Eastern Cape,GBIF,e,14738804,25.374583,-31.29125,149.0758324,301.1199951,436.5,55.46016121,135.861084,280.3828125,281.7680664,66.01342773,105,292.5,438.25,51.75,135.5,301,393.75,49.25,174.4637728,280,451.6276627,62.85342407,176.4048433,281.2960529,445.4795609,59.99893856,187.9025364,290.017581,426.6754379,61.20923519,193.8481855,290,452.7544479,60.7341547
797,1573,KwaZulu-Natal,GBIF,e,14552424,29.54125,-29.79125,142.5983334,252.3900032,994.75,76.48283195,134.7661133,262.4194336,851.6035156,74.65136719,103.75,256.75,993,71.25,134,264.5,926,70,162.6130724,239.9856853,1032.687225,78.20972824,162.8270912,239.9928427,1034.723465,79.32663918,176.4563417,240,998.8062134,77.67175674,178.9247799,240,1042.460449,78.68601799
798,1574,KwaZulu-Natal,GBIF,e,14510990,29.79125,-29.457917,133.9433336,226.430006,963,74.52726936,118.03125,248.0498047,896.4016113,72.39575195,85.75,242.25,1047,69.25,117,249.75,973.5,68,145.6267738,225.8821964,1200.774994,73.26035881,145.7730842,225.8086348,1212.017578,74.78513145,158.1025314,230,1163.471283,74.0909462,163.0167794,225.8086348,1208.910065,75.48664665
799,1577,North West,GBIF,e,14096502,26.124583,-26.124583,168.7604094,283.0700016,602.5,80.49920845,160.7590332,268.2114258,470.4785156,97.54711914,133.5,250.75,652.75,70.5,158.5,272.25,595.75,68.75,200,248.1932878,545.5204926,81.01481247,200,257.8312969,545.1257172,82,208.7456751,257.8314734,591.9524689,83.01471138,210,255.0128126,603.2095795,85
800,1578,Mpumalanga,GBIF,e,14189818,29.29125,-26.874583,149.4437504,263.390007,682.75,74.67505074,144.7504883,283.1591797,542.9243164,82.7175293,115,275.5,676.5,70.75,144.75,281.5,655.5,74.25,179.6588755,240,646.3204498,78.05116844,180,251.2271976,666.6660919,81.15385056,190,260,660.0646667,81.08882904,192.9454899,250.8823204,678.7936859,83.03411293
801,1579,Eastern Cape,GBIF,e,14749164,25.374583,-31.374583,156.0475039,303.0600023,422.75,55.42677975,142.2182617,280.5002441,257.309082,67.40820313,111,294.5,406.75,52.75,141.75,301.5,369.5,49.75,179.348464,283.7574482,417.5930176,62.88883209,182.2314882,289.1981268,412.1455307,60.0461998,195.3559875,299.1803837,394.2734756,61.8291111,199.2980051,290.808754,418.9952087,61.36647987
802,1582,Eastern Cape,GBIF,e,14997778,24.29125,-33.374583,183.2570791,260.0300074,443,20.45148373,165.2114258,236.795166,256.8491211,43.50878906,139,262.5,351.75,27.25,166,254.5,328.5,25.25,197.7894306,230,282.2478409,31.93812752,198.0875969,240,288.4939041,29.33010721,207.3366499,260,261.8450089,28.952425,210,248.1058216,277.5113525,32.47800922
803,1584,Eastern Cape,GBIF,e,14997780,24.374583,-33.374583,183.945837,258.670001,437.75,20.34857893,166.6652832,237.7873535,245.3054199,44.92089844,139.75,264.75,339.75,28,167.75,255.5,317.5,26,198.727684,230,267.5495148,32.22080374,198.873024,240,273.1002655,29.51220942,207.9716396,260,248.1117172,29.46673632,209.9822521,246.5748644,263.2985382,32.80434799
804,1588,Gauteng,GBIF,e,14013692,29.04125,-25.457917,179.2658329,242.2900009,680.75,80.72862244,162.7563477,265.1081543,553.8435059,82.57641602,136.25,258.5,701.25,68.75,160.5,275.5,666.75,71.75,196.4820528,230.4749632,751.8690643,83.88995934,196.225872,239.8803711,781.0950775,87.02041626,207.6498652,250,836.1139069,90.21047211,212.1083641,240.6670141,816.7493591,89.80285454
805,1593,North West,GBIF,e,14179408,27.207917,-26.79125,168.7249994,284.6200037,623.25,74.33077431,158.2351074,284.2094727,499.6286621,82.49829102,126.75,275.5,675.5,64.25,157.5,283.5,622.75,65.25,198.7960196,260,606.9287262,79.11461258,198.7883663,270,610.7839355,80.28264809,209.4831991,270.0328779,622.5621796,79.99863243,210.8563662,270,647.1190033,82
806,1595,Eastern Cape,GBIF,e,14852746,24.624583,-32.207917,166.5399981,266.4600039,341.25,45.81594276,151.5422363,260.0126953,235.0024414,50.60986328,122,272,358.25,37,152.25,273.75,331.25,34.75,185.5389786,237.4962568,428.3703003,45.3242836,187.1613836,240,430.1750488,42.11549187,193.3788395,260,399.5394211,39.29554367,198.4063435,247.4225235,420.2644806,43.10027695
807,1599,Eastern Cape,GBIF,e,14925290,25.624583,-32.79125,169.0383339,259.829998,438.75,40.83618736,163.9824219,244.7324219,388.4926758,43.29174805,132.75,264.25,504,34.25,164,252.75,473,33.5,187.8913736,225.0316763,484.2822571,40.81030369,188.8205862,230.1689434,484.5696487,38.64832497,195.0351143,240,455.2822723,39.18123245,199.7652817,230,478.1255341,42.58787727
808,1600,Free State,GBIF,e,14179424,27.874583,-26.79125,165.0233316,284.569993,638.75,74.40189743,158.2731934,284.203125,531.322998,79.9152832,127.25,274.75,692.75,62.5,157.25,282.75,649.5,65,190,240.1908875,646.4244995,78.06909752,190,254.2756367,657.8421631,80.13300133,201.9337368,260,668.099884,79.76718903,209.08041,260,689.7307892,82.12160683
809,1603,Northern Cape,GBIF,e,14749110,23.124583,-31.374583,148.98,332.3900032,267.25,55.89367485,138.1745605,310.2629395,152.4750977,82.96484375,105.5,323.25,290,59.75,139,331.75,249.5,55,187.6857758,300,272.6218109,62.10349846,188.7967539,300,270.6131592,58.27529049,199.3327093,305.3148842,251.4846268,53.25191975,199.7692156,319.7098064,257.3383369,51.99147224
810,1604,Gauteng,GBIF,e,14158702,27.79125,-26.624583,163.8512516,284.2700052,641,75.7141819,159.1525879,274.4396973,541.3544922,78.33740234,129.5,264,700.75,62.5,158,276.25,660.25,65,190,240,616.6676483,79.24191856,190,252.6044416,628.5385284,81.37147713,200,260,641.367218,81.12527084,209.4957447,260,660.1125183,83.58340836
811,1605,Limpopo,GBIF,e,13992958,28.457917,-25.29125,192.5933361,264.21,590.5,81.9352932,180.6650391,269.6105957,487.7922363,89.91455078,153.75,261.75,630.25,70.75,178.75,280.75,598.75,74.25,227.2885942,245.9284401,570.3631439,83.57422256,226.2282276,250,590.1168823,87.00367737,236.7243147,263.800168,649.0998535,90.84493828,240.1935434,260,630.9150848,89.21130943
812,1609,Eastern Cape,GBIF,e,14883822,24.457917,-32.457917,185.840416,283.3499956,309.75,41.05601597,172.1118164,257.8334961,177.7722168,59.85668945,142.5,274,289.75,39.25,173,274.5,272,35.75,198.4184837,249.4638062,301.5266724,44.37906075,198.8174009,252.2079659,303.5612793,41.78391552,207.6699638,270,284.1307907,38.50933361,209.070816,260,298.2295227,42.65375233
813,1611,Mpumalanga,GBIF,e,14220898,29.29125,-27.124583,146.588335,274.21,678.75,74.17051888,139.2368164,282.7575684,551.0205078,79.19726563,109,274.25,689.25,66.75,139,279.75,663.25,71,171.3062572,237.1231222,636.0036469,77.00367737,172.2473478,252.7050018,654.2948914,79.92986679,187.0903397,260,644.6665039,79.32161903,190,257.4224567,665.5884705,81.99143791
814,1612,Mpumalanga,GBIF,e,14210538,29.29125,-27.04125,148.4975004,275.0399923,678,74.08719826,142.1428223,284.5375977,543.8710938,81.54541016,112,277.25,680.5,69.25,142,282.25,656.25,72.5,177.0714617,237.774477,618.0670471,77.4936142,178.482933,255.2858829,636.444519,80,189.9130869,260,627.9033203,80,190.6446552,258.4642982,647.6095428,82.05116844
815,1615,Gauteng,GBIF,e,14127646,28.79125,-26.374583,153.3379173,250.7099962,706,77.87941551,145.2939453,265.9716797,573.9504395,79.99780273,119.25,252.5,710.5,67.25,143.75,270,689,71,179.832201,233.3857393,728.6478119,79.9120121,179.832201,250,746.1962738,82,190,259.1964674,768.6421967,82,191.1035728,250,785.231369,84
816,1617,Northern Cape,GBIF,e,14738744,22.874583,-31.29125,150.6100011,331.7900085,252.5,57.37412453,141.0883789,307.572998,134.869873,83.8125,108,318.75,272.5,62,142,328,230.75,55,189.7630262,300,225.9321861,59.67117882,189.8815107,300,225.1852798,55.76411438,200,300.908103,209.9707336,50.09268284,200,319.4499111,213.689518,48.5355711
817,1622,Free State,GBIF,e,14469462,26.124583,-29.124583,157.4787498,324.9800014,515.25,66.37651825,152.0734863,303.5161133,397.4951172,77.74633789,118,298.5,575.25,56,151.5,305.75,516.5,56.25,190,309.4697332,604.3392029,70.50489616,190,310,597.0154114,72,201.0182047,300,590.572113,69.10326576,209.278965,300,600.0810547,67
818,1623,Northern Cape,GBIF,e,14718022,22.79125,-31.124583,151.9350004,330.2400017,250.75,59.25146103,141.328125,308.7446289,134.963623,86.22216797,108,317.75,279,62.5,142,328.25,236.25,55.25,189.9262667,300,243.523243,60.3919487,190,300,241.6382599,56.38327694,200,300,226.4546509,50.77721691,200.2236605,314.9926376,229.2373505,49.03418922
819,1625,Gauteng,GBIF,e,14127640,28.54125,-26.374583,157.1362519,253.7100029,676.5,77.61638451,147.7736816,272.8547363,561.4116211,83.75463867,122,259.5,701.5,67.75,146.5,276.75,677.5,71.25,181.0976696,240,649.5389557,79.7490654,180.9946346,250,663.7744598,82.05885887,193.432126,260,687.6070404,82.23881531,199.9550867,259.9089909,703.9253082,83.38959312
820,1626,Northern Cape,GBIF,e,14749108,23.04125,-31.374583,145.8420825,323.3899975,271.5,56.59912205,134.1118164,307.7519531,158.7390137,80.89404297,101.25,320.25,297,60.25,135,329,255.75,53.75,179.956274,300,264.4136047,61.01993942,181.7623854,300,262.9113922,57.24521542,194.1905594,300.3812265,244.6308098,52.094697,196.8589067,317.6002741,249.9639168,50.78807163
821,1630,Northern Cape,GBIF,e,14749104,22.874583,-31.374583,147.7174997,327.1199989,260.25,56.5965538,136.4912109,305.201416,146.354248,79.48461914,103.5,318.5,283.25,59.25,137.5,326.5,241.5,53,182.0608282,300,242.1093216,58.7399807,183.8085985,300,241.7861557,54.91060638,196.0474014,300,225.5042801,49.66763306,198.7623739,312.6291561,229.7957497,48.06269169
822,1631,North West,GBIF,e,14158672,26.54125,-26.624583,170.2725029,284.4399977,605.25,77.68205833,158.6730957,278.6672363,482.2878418,93.83666992,127.5,269.25,673,70.75,157.25,279.5,604.5,68.5,199.8191833,260,573.4894714,80.46607018,199.8191833,270,573.171936,80.9901371,209.8684978,269.7251177,606.7090607,80.95226288,218.4310722,267.8636837,627.088562,83.0015316
823,1632,Northern Cape,GBIF,e,14749106,22.957917,-31.374583,146.1754179,324.4199896,267.5,56.3698082,134.5075684,306.2817383,154.4394531,78.99902344,101.5,318.5,293.5,59.75,135.5,327.5,251.25,53.5,179.386549,300,254.0953369,59.63640499,182.4012089,300,253.1800919,55.81612015,195.1381922,300,235.8069572,50.55473328,196.8207884,314.8143387,240.7288399,49.36215687
824,1636,Free State,GBIF,e,14469460,26.04125,-29.124583,159.0541673,324.8099995,504.25,65.99414444,152.2653809,306.3076172,380.947998,79.48901367,118,302.25,558,56.25,151.75,307.5,501.5,56,190.004034,309.8658705,608.201004,70.97584534,190.8386564,310,600.3219299,72,203.4192467,300,593.0955963,69.81378365,208.1982565,300,602.8961334,67.03248024
825,1644,North West,GBIF,e,13982588,28.04125,-25.207917,196.9191647,282.9099894,581.5,81.85764885,186.8994141,275.5437012,462.6125488,96.39160156,158.5,268.25,611.5,72,185,287,573.25,74.75,230,250,526.007431,83.64033508,230,250.2545595,539.4441681,87,240,270,592.6678925,90.127388,240,268.3954239,580.969574,89.01597214
826,1645,Free State,GBIF,e,14324444,27.04125,-27.957917,166.9049931,300.7199955,577.75,67.72115135,153.2138672,300.9443359,442.3288574,86.78100586,121.25,297.25,618.25,59.75,152.75,304.25,555.5,59.5,190,280,608.1848602,71.01667404,190.2392578,290,607.8781586,72.87019348,205.0964975,279.8503685,610.0105591,71.95711899,209.9049664,275.5870342,630.4066925,73.95351601
827,1646,Eastern Cape,GBIF,e,14718104,26.207917,-31.124583,140.9445834,309.920001,509,56.31163502,130.1982422,300.5788574,354.4338379,62.87304688,100,302.25,510.25,51.75,129,313,465.25,50,167.8621578,287.6482868,561.746109,55.82761478,169.2584896,293.0818987,550.8993835,53.92421818,178.579421,299.9472618,526.764183,52.26438236,184.613986,291.6189671,563.424881,53.40537357
828,1647,North West,GBIF,e,14179386,26.29125,-26.79125,167.5470829,280.630002,630.5,77.42138672,153.8430176,274.5822754,501.1936035,89.87646484,121,269.25,702.25,69.5,152.5,275.25,626.5,66.5,190.2041006,251.7519474,593.0890503,78.28663063,190.2041006,261.7304754,591.5595093,79.00745583,200.5958652,260,624.4315033,79.64821243,207.7246761,260,644.9317474,81.26973724
829,1651,Free State,GBIF,e,14624876,26.707917,-30.374583,152.6466656,316.2800026,566.75,58.49222088,139.3657227,307.3466797,419.1833496,66.34448242,109,298.75,590.5,49.25,138,313.25,531.25,49.5,179.1766119,298.3550882,597.2826996,64.68895531,181.4267445,300,591.3271179,63.67323208,188.4979057,300,568.692627,59.84352875,195.6561422,292.5474644,603.9624786,59.68859673
830,1655,Northern Cape,GBIF,e,14759462,22.79125,-31.457917,148.1304169,327.3399925,255.5,55.08609581,136.9916992,302.0627441,142.6376953,77.98022461,104.5,314.5,275.25,58.25,137.75,322.75,235.5,51.5,180.38311,300,226.8730621,57.14639759,181.6669798,299.2363358,227.2921677,53.40166759,196.379714,300,212.4280319,48.20772648,199.0701485,311.5688562,216.931324,46.54240894
831,1657,Free State,GBIF,e,14345164,27.04125,-28.124583,167.1812487,306.7000008,572,66.94632721,156.8554688,303.1879883,440.5732422,82.72851563,124.5,296,613.25,57,156.5,305.5,553.75,57,194.6008873,283.5300541,564.6912842,70.98420334,195.6430054,290,563.4786377,72.80376816,208.6695337,280,562.626358,71.75757408,210.4812622,280,579.5485992,73.02629662
832,1661,Gauteng,GBIF,e,14137992,28.207917,-26.457917,156.0758328,260.079999,684.5,76.66809654,148.3239746,280.472168,575.9250488,81.61767578,121.5,265,723.5,65,147.25,281.5,689.75,68.75,182.1917105,240,717.5663757,81.00071526,181.9700336,250,730.5885315,83.08502007,193.840661,260,753.0150452,83,196.6399622,260,776.5486603,85
833,1664,Northern Cape,GBIF,e,14759460,22.707917,-31.457917,147.7945852,327.6799965,250.5,55.61396408,136.8874512,301.6335449,141.4448242,75.41357422,104.25,314,273.25,58,138,321.5,233.5,50.5,180.0612307,299.9764061,228.7421684,56.58750916,181.0573912,292.3670816,229.5336685,52.77303982,194.6145201,300,214.9520645,47.45445251,199.1424274,310.0302792,219.2768784,45.72389984
834,1665,North West,GBIF,e,14168994,24.957917,-26.707917,181.5512466,309.2300034,505,78.92222595,168.2612305,318.380127,342.4802246,109.2397461,139.5,302.75,519.75,75.5,163,321.5,464.25,71,210,280,471.5197525,81.33952904,210,281.9957304,464.1916733,82.99270821,220,270,480.6031418,81,220.4340792,270,489.5617142,80.37756538
835,1666,Northern Cape,GBIF,e,14749102,22.79125,-31.374583,149.6304154,330.6499958,251.5,56.15443134,139.6286621,304.6152344,134.9309082,81.65332031,106.75,316.5,269.5,61,140.75,325.5,228.5,53.5,187.6215935,300,225.7182426,58.4537468,189.2703533,300,225.7146187,54.53211784,199.8525333,300,210.7747803,49.03081703,200,310.172863,214.5970459,47.22182178
836,1667,Free State,GBIF,e,14314084,27.04125,-27.874583,165.8120823,295.4000044,585.25,67.90118027,149.0466309,299.5095215,444.1877441,88.44262695,116.75,294.75,614.75,62.25,148.5,301.5,557,61.5,190,280,637.3269196,71.15002632,190,290,637.2486267,72.97485542,200,279.6944904,640.5788727,71.99438286,209.3938732,276.0424614,663.0173035,74
837,1668,Gauteng,GBIF,e,14065464,27.874583,-25.874583,175.0949955,256.2099981,694,79.64423943,164.9138184,264.5651855,559.0800781,81.87304688,139.75,247.75,707.75,69.75,162.5,271,671.75,71.75,200.4625082,235.562644,624.9219513,82.01018906,200.1469183,240,634.405838,85,209.2592287,250.1161671,678.0310974,86,213.6419964,250,681.0944672,86.15013695
838,1670,Limpopo,GBIF,e,13951508,28.04125,-24.957917,192.8449965,282.3099947,600.75,84.03398705,185.75,272.3676758,477.9484863,96.01269531,156,269.75,622,74,184.25,283.5,579,76,229.3142414,240,551.2272949,84.5661335,226.5860605,248.046813,564.2233582,88,236.4965487,266.2022829,621.8293457,91.27428627,240,260.3871965,607.4725342,90.02920341
839,1672,North West,GBIF,e,14179352,24.874583,-26.79125,182.5837469,310.7200003,500.25,79.13180161,169.0515137,322.6958008,339.9995117,108.4101563,140,306,523.5,75,164,325,461.75,70,210,280,468.7900467,81.04622078,210,289.9770355,460.7172623,82.95038986,220,279.3072319,474.6841431,80.1602459,229.0632391,273.6674213,482.9706345,80
840,1674,North West,GBIF,e,14096482,25.29125,-26.124583,186.845417,290.2099991,508.25,78.46556854,175.6384277,300.8864746,373.3254395,106.9436035,146.25,281.25,554,74,170.5,301.75,503,70,210,280,433.9867935,82.19297791,210,290,432.9877548,85.43195534,220,280,461.9907303,85.31249619,228.1308651,280,471.7576447,84.99397469
841,1678,North West,GBIF,e,14024002,26.957917,-25.54125,189.0362501,276.4900017,655.75,79.9521656,181.1018066,275.0446777,514.4160156,91.54541016,153.75,260.75,683.25,71.5,178.5,281.75,629.25,71.75,218.7923431,240,549.8316193,80,218.7923431,248.7340641,555.6561737,82,227.6585913,260,616.8631439,84,229.144721,260,614.324173,84.85208702
842,1682,Western Cape,GBIF,e,15008012,19.04125,-33.457917,182.5429153,242.1299934,563.25,64.32513332,164.8679199,238.6176758,592.1555176,60.35180664,141,270.25,761.75,65.25,168.5,252.75,707,70,190.8563614,252.7288103,947.0234222,69.89905739,193.5945988,250.080719,927.3761139,70.24222183,198.9084339,260,885.8699188,64.30198002,205.7387733,260,878.1301727,64.739645
843,1684,Eastern Cape,GBIF,e,14811328,25.54125,-31.874583,158.8374972,290.199995,420.5,52.1677742,147.1262207,273.001709,238.8349609,64.63549805,116.25,289,370.75,48.5,146.5,294,346.75,46.5,186.3403893,278.5283327,395.6288147,55.46438122,188.8607264,280.0165939,392.1469193,53.38427258,199.8898602,290.0016212,373.0439835,54.66303158,205.0756025,281.4991617,398.1489258,56.57745361
844,1685,Mpumalanga,GBIF,e,14251990,29.79125,-27.374583,141.7783332,246.1399889,771.25,73.78211594,133.4772949,261.9365234,650.8398438,68.33422852,103,253,798.25,61.5,133,259.25,758.5,65.5,163.0769253,218.4804249,792.3206635,77,163.0031919,230.0852823,818.3580627,80.44179344,175.17519,240,793.4155731,80,177.7262878,231.0342836,814.940918,81.13760185
845,1687,Mpumalanga,GBIF,e,14241628,29.707917,-27.29125,143.9550042,259.550004,751,74.70951653,136.1264648,266.5986328,621.9365234,69.66064453,106,258.25,771.5,61.75,136.25,263.75,732.25,66.5,167.2614002,220,685.3791046,77.10096359,167.0573044,239.7963715,706.5491333,80.43242836,179.7641659,240.1662922,687.7421875,80.22437286,183.8169146,239.982419,707.3069763,81.85747337
846,1689,Gauteng,GBIF,e,14169064,27.874583,-26.707917,166.6320848,280.8400059,644.25,75.02051735,158.9050293,281.6481934,534.0817871,79.96899414,128.75,272,693,63,158,282,652.5,65.5,190,240.0209999,641.3886414,78.86763382,190,250.7771063,653.5575409,81.02127838,203.1341648,260,665.588028,80.72783852,209.8672342,260,686.4470825,83.22350883
847,1690,Mpumalanga,GBIF,e,14241626,29.624583,-27.29125,142.974999,259.5800114,737,75.57636261,134.0583496,267.8212891,610.230957,70.28442383,104,260,756.75,62,134.5,264.75,720,66.5,165.3805828,220.1103401,694.5437927,76.94360542,165.3805828,240.0735617,714.8287964,80.01265144,176.8818426,246.5587044,697.2553406,79.94945526,183.2718706,240,718.3629761,81.5365448
848,1691,Northern Cape,GBIF,e,14749130,23.957917,-31.374583,136.880002,325.5499935,344.75,54.3385725,127.9448242,294.3596191,226.9353027,65.76586914,96,303.75,383.5,49.75,128.25,313,333.5,45.5,172.9530191,280,354.8113327,54.74510098,175.4931688,280,352.8208923,50.12308979,185.9236813,290,324.9381409,46.81010437,188.6933422,298.3156013,339.5585175,46.58842182
849,1692,North West,GBIF,e,14210466,26.29125,-27.04125,172.6004219,295.3399992,596,73.84521675,161.1533203,286.704834,471.5905762,89.97485352,127.75,284.5,672.25,66.75,160.5,287,594.5,64.5,200,261.1990213,540.8183136,76.98541832,200,272.5742149,537.5960693,78.00852776,210,262.7521181,561.4512329,78.46956062,219.026413,260.7706356,582.266983,80.06382179
850,1695,North West,GBIF,e,14220824,26.207917,-27.124583,172.2866678,303.4200001,592.25,73.35979462,161.8574219,290.0810547,464.5212402,89.96069336,128.5,287.75,665.25,65.75,161,291,588.75,64,200,267.703433,544.276123,76.96471214,200,278.4712029,540.9749298,78.24164963,210,265.6461906,561.2535706,78.03889656,219.4460297,263.6046648,581.2884674,80
851,1697,North West,GBIF,e,14189756,26.707917,-26.874583,174.8899937,282.0300007,590,74.11225128,159.9804688,290.3972168,475.8034668,88.88525391,127.5,285.75,660.5,66.5,159.5,287.25,597.5,65,200,271.4985132,571.7783508,77.97410965,200,280.5032396,570.3153534,78.83205032,210,279.9336195,594.6334229,78.72083664,219.7202063,279.810605,618.7136993,80.80119133
852,1698,Gauteng,GBIF,e,14106890,27.29125,-26.207917,161.7066669,278.4000015,683.75,77.50352478,152.0024414,274.7512207,539.6281738,84.81933594,125,259.5,713.5,68.5,150,280.25,663.25,69,190,230.1438808,611.2960205,80,190,240.44662,616.8056183,81.77705765,200,250,646.4170685,81.72865295,209.6305132,250,660.0805054,82.83712959
853,1699,North West,GBIF,e,14169038,26.79125,-26.707917,169.880414,281.3300037,604.75,75.57195091,156.8283691,285.9155273,482.8327637,89.05883789,125.25,277.25,670,67.75,156,284,606.75,67,200,269.6588755,618.7906494,79.99280548,200,280,619.2905426,80.68175888,210,279.8294401,647.1087799,80.15265274,211.2470341,278.6955166,671.6772003,82.135252
854,1700,Gauteng,GBIF,e,14034396,28.374583,-25.624583,185.3545809,254.0599966,645.5,80.73330307,170.3813477,267.2890625,562.8215332,80.48852539,145.75,254,703.5,68.75,168,276.75,675,72,212.4829149,230,631.2812195,82,212.0726061,240,647.6382446,85.21388054,222.2767019,250,709.4221649,88.008461,228.9355278,241.399579,697.7390137,87.54768753
855,1702,Free State,GBIF,e,14189782,27.79125,-26.874583,161.3862467,290.3200006,636.75,73.78650284,156.967041,283.2770996,530.8085938,78.95385742,125.75,274.25,692,62,156.25,281.75,649.75,64.25,190,249.3949699,671.9278564,77.04127884,190,260,682.1949463,78.95610619,200,260,690.5867615,78.40760994,205.9633064,260,713.4966736,80.67435455
856,1705,Gauteng,GBIF,e,14065466,27.957917,-25.874583,178.0912495,259.749999,676.25,79.12496948,167.6755371,266.5317383,552.8835449,82.83837891,143.5,249.75,698.75,70,165.75,273.75,663,72.5,205.0493956,231.6840172,558.7560425,82,204.8428631,240,567.7335815,85,214.6395731,250,607.9053955,85.98906326,218.9398813,250,610.1485901,86.56639481
857,1707,Northern Cape,GBIF,e,14573004,23.707917,-29.957917,175.0779152,338.9799786,292.5,66.90523911,162.5463867,324.4448242,149.8840332,97.75366211,128,318.25,311,58.75,162.25,328,263.5,53,210,296.1099052,289.346199,62.47240543,210,300,282.0807877,59.74966621,220,308.1749725,270.1311646,54.79367733,224.7500086,320,273.6446609,53.62051392
858,1710,North West,GBIF,e,14169036,26.707917,-26.707917,168.4112501,275.619998,608.5,75.95016289,154.7834473,282.9450684,488.032959,90.13989258,123.25,274.5,678.5,67.75,154,281.25,612.75,67,196.9294882,264.6784115,625.3865204,79.85472107,197.0315313,280,625.6332245,80.2708416,207.7861023,274.7425365,656.8910675,80.42700195,210.0556231,271.8223047,681.703125,82.49971962
859,1713,Limpopo,GBIF,e,13961876,28.374583,-25.04125,193.3679199,284.659996,576.75,84.55253792,182.4487305,267.9384766,479.7409668,95.13232422,153.5,265.75,622.75,74,180.5,279.75,585.25,77,227.0520639,240,555.4783173,84.99580002,223.6722422,249.3297434,573.7427826,88.46662521,235.3943825,261.6296816,633.6875,92.43265343,240,260,616.9178772,91.85814285
860,1715,Eastern Cape,GBIF,e,14790600,25.207917,-31.707917,157.2470856,291.0199928,393,54.65013695,143.0566406,273.5964355,243.9431152,62.56713867,112.5,289.5,380.75,49.5,143,295.75,353,47.5,180.820365,289.8281193,397.6930389,64.18080807,184.0817785,289.993,394.1836395,61.70810318,195.2123117,300,371.7125931,62.98983192,199.5736361,299.1469908,397.010582,63.77658176
861,1716,Gauteng,GBIF,e,14075826,27.957917,-25.957917,173.866663,259.4499969,689.25,78.5784874,165.0429688,264.4262695,555.2990723,82.35668945,140.25,247.75,699.75,70.5,163,270.75,667.5,72,200.5499363,230,578.2362518,82.16601181,200.4286861,240,587.1246948,85,210.3951645,250,624.3420868,85.46956253,216.0470295,250,629.2478638,86
862,1717,Eastern Cape,GBIF,e,14987472,26.54125,-33.29125,167.6704168,197.5400066,663.5,36.25069141,157.3476563,212.7758789,605.770752,28.87695313,121.5,279.25,745.25,25.75,158.5,221.5,679,22.25,180.3144503,189.3678379,667.0595703,31.48964262,180.0363016,193.0345154,675.8281403,29.2490344,189.9858427,199.982419,632.5165405,29.91446304,191.7937708,196.7008591,664.6518555,33.14322376
863,1719,Gauteng,GBIF,e,14065486,28.79125,-25.874583,167.3729134,245.6599998,696.25,80.16320038,154.5915527,266.1958008,561.6503906,81.65087891,131.25,249.25,697.75,69.25,152,274.5,677.25,72.25,192.3074961,240,683.0560455,80.12139511,191.6362715,240,701.2279663,83.08643341,202.4676609,250,746.345871,85.08954048,209.0831995,250,742.9255981,84.9089222
864,1723,Free State,GBIF,e,14365880,26.874583,-28.29125,164.7724962,312.2099972,565,66.8944912,154.5144043,305.5407715,435.3337402,80.37695313,122,297.25,607.5,56.5,154.5,304.75,547.25,57.25,190.6852007,290,607.637146,70,192.7849531,299.1149807,603.4125671,71.72106361,205.1357222,290,603.4842377,70.02048111,210,288.3830452,620.4412384,71.23949432
865,1725,Gauteng,GBIF,e,14065488,28.874583,-25.874583,168.9199972,248.0700016,688.75,80.65171242,156.5939941,270.0981445,553.9111328,82.1550293,133,255,691,69,154.25,278,669,72,195.4077148,240,656.9662628,80.90477562,194.5978212,240,675.6351471,83.89001656,206.3772631,250,715.8654785,85.70757675,209.8313618,250,712.6455231,85.09213257
866,1727,Eastern Cape,GBIF,e,14738808,25.54125,-31.29125,150.5733323,298.8199997,454.5,54.6863203,139.2514648,277.7802734,281.296875,67.82617188,108.25,289.75,434.5,52,139,298,393.25,49.25,176.6998339,280,434.8656464,61.20195198,178.7177324,284.298048,428.4327469,58.47367096,191.6464043,290,412.6800156,59.92386246,196.2720919,290,438.9974213,59.87013817
867,1728,Free State,GBIF,e,14365878,26.79125,-28.29125,164.4974995,309.3199968,564.25,66.66667557,154.2658691,306.4147949,432.541748,81.1394043,121.75,297.5,608.25,57,154,304.25,547,57.5,191.143465,290,626.7911987,70,193.0687237,300,621.2802124,71.35367393,204.664917,290,623.3413544,70,209.8979521,289.8881674,640.9152069,71.12202072
868,1730,Free State,GBIF,e,14179422,27.79125,-26.79125,164.1437435,286.7599964,638.5,74.47909546,159.1606445,280.7299805,528.8137207,79.30761719,128.25,271.75,691.75,62,158.5,279.5,647.75,65,190,247.715888,630.2448578,77.95776367,190,259.9627209,641.1606598,79.94931793,200.4772043,260,650.4886627,79.35793495,209.5719385,260,671.1508789,81.68911934
869,1731,Free State,GBIF,e,14345160,26.874583,-28.124583,169.4550037,304.6300077,560.75,67.10511017,159.6899414,302.3212891,433.8491211,82.19970703,127.5,295.25,612.5,54.75,159.25,303.5,550.75,55.25,199.7630262,289.1589499,566.1487885,70,200,290,562.7775269,71.51917458,210,280.7488394,566.0856934,70.57375336,214.3297195,280,583.6316223,72.04305267
870,1733,Free State,GBIF,e,14417640,25.207917,-28.707917,175.5995846,319.9299955,458.25,69.60767746,162.8498535,315.111084,305.8979492,93.29541016,129.5,306.25,471.75,61.5,161.25,313.5,429,58,209.1061974,296.6126823,481.5932846,72.18946075,209.7417879,300,471.6919556,73.09178543,219.7110319,302.8655338,463.540947,71.00177383,220,300.9233093,470.9571991,69.93911362
871,1735,Free State,GBIF,e,14666316,26.707917,-30.707917,156.2508345,315.5199957,557,57.12538147,143.1916504,303.9326172,411.7487793,66.01635742,114,297.5,576,49.25,142,313,521.75,47.75,179.372406,303.5954952,557.2541351,58.73957539,181.3662195,310.0943804,550.4608307,57.52056694,189.3214655,310.0943804,525.9100342,53.28710175,196.7892361,304.2898273,562.5332794,53.97808456
872,1737,Eastern Cape,GBIF,e,14769880,25.207917,-31.54125,160.0633335,305.4800034,389.25,55.96752834,144.701416,277.4729004,237.2265625,65.17578125,114,293.25,380,51.75,144.5,300.25,348.5,50,182.3149204,290,381.3096161,65.25589561,186.3651848,290.022459,377.1580811,62.46675873,197.8933954,300,357.4449997,63.9565382,200.5831671,300,381.020195,64.03569317
873,1739,Free State,GBIF,e,14428000,25.207917,-28.79125,177.5537491,325.6500053,451.25,69.07452393,165.263916,315.7431641,297.4558105,94.67797852,132,306.75,463.25,61.75,163.75,314.25,420.25,57.5,210,299.9856853,453.951088,71.98111916,210,300,444.8063126,72.34826469,220,309.4681501,436.1296997,70.29495811,220,308.2404518,443.669632,69.12732887
874,1740,Eastern Cape,GBIF,e,14790598,25.124583,-31.707917,149.1662526,284.9499989,410.25,55.01921177,132.8024902,272.2626953,278.5895996,58.2878418,102.75,287.75,417.25,48.25,133,293.5,383.75,46,171.4723587,284.7433043,449.3084564,65.89068413,173.1578684,287.4331713,445.393959,63.328022,183.9324427,299.3292618,418.7803726,64.25214767,190.0963831,292.6964283,447.1121292,64.93318748
875,1743,Eastern Cape,GBIF,e,14759520,25.207917,-31.457917,157.8079176,306.970005,399.75,55.89825821,141.4765625,279.9584961,249.0080566,65.52905273,110.5,295.25,396.5,52.75,141.25,301.25,361,50,179.982419,289.940753,395.3857574,65.28837776,180.1677132,290,390.7197113,62.27194691,191.3898659,300,371.062233,63.88347054,199.7454453,299.3799067,394.7663345,63.56905174
876,1744,Eastern Cape,GBIF,e,14800960,25.207917,-31.79125,159.8445821,297.4300051,386,53.71694756,146.2363281,273.1347656,234.3723145,62.98681641,116.25,288.5,369,48.75,146.5,293.75,341.25,46.5,185.723176,282.969656,390.5493546,62.69586849,188.9565086,286.1353207,387.4785995,60.3445015,199.2906427,297.6064873,364.4870148,61.29683208,202.6118851,291.0643578,389.0118484,62.41341972
877,1745,Free State,GBIF,e,14396918,25.124583,-28.54125,177.7020836,321.8199921,467.5,70.78401566,163.5266113,315.5610352,310.6044922,94.24511719,131,304.5,477.25,62.75,162,313.5,433.5,58.25,210,290,455.5420303,73.04321671,210,291.6423798,444.2400894,73.97482109,220,300,439.7731934,72,221.0588646,300,446.1786804,70.88716125
878,1748,North West,GBIF,e,14158678,26.79125,-26.624583,167.0216656,277.0599985,614,76.14144516,153.435791,282.7299805,488.7060547,89.82470703,122.25,273.75,675,68.75,152.25,284,613.25,67.25,194.6785259,260.7154894,643.5275116,80,195.5623198,278.5173368,644.331131,81,206.6033506,273.4256029,675.7145233,81,210,270.5301094,700.5272827,82.99143791
879,1750,Western Cape,GBIF,e,14925110,18.124583,-32.79125,174.9348211,192.778182,291.75,68.32386017,160.5943336,177.2301102,211.0415916,59.24951839,138,199,306.5,66.25,165,187,294.25,72.5,184.578557,141.1603308,244.536911,71,185.971632,139.0152836,241.7605133,70.54692078,193.061614,142.1726918,230.3257408,63.87203217,196.8515205,146.2656426,226.7224846,66
880,1751,Northern Cape,GBIF,e,14707700,24.374583,-31.04125,138.6954165,363.8099957,329.5,59.81048584,134.2907715,310.5300293,204.4296875,75.88012695,102,313,366,55.5,134.25,323,318.75,50,180,290,338.6695786,62,180,290,334.1212616,56.76245308,190,301.4423943,310.1306992,53.99790001,199.1575623,300,328.6976929,53
881,1752,Free State,GBIF,e,14189784,27.874583,-26.874583,162.1004152,288.7799978,641.5,74.02210808,156.6335449,285.9069824,532.1899414,79.72583008,125.5,276.75,692.25,61.75,155.75,283.75,650.5,64.25,190,242.0264435,662.1837769,77.33491898,190,257.9670572,672.5324097,79.35565567,200,260,681.4461212,78.70805931,208.6134338,260,704.3935394,80.94450378
882,1753,Free State,GBIF,e,14428002,25.29125,-28.79125,175.5208349,323.2800007,454,68.81983757,163.3330078,316.5244141,299.4938965,94.9831543,129.75,307.5,465.75,61.75,161.75,315.25,423,57.25,208.5720062,300,472.47052,71.79895782,209.7415209,300,463.9360199,72.41517448,219.815259,310,454.4178543,70.17607689,220,309.65168,462.5704117,68.9987793
883,1754,Free State,GBIF,e,14428006,25.457917,-28.79125,174.4591665,333.3600044,455,68.20825958,163.2871094,319.9633789,294.0385742,98.33398438,130,312.25,462,62,162,318.25,418,58.25,209.9627209,300,488.9661942,71.2334938,210,300,481.5921097,72.28909492,220,309.9627209,472.9618378,70.04203796,220,309.850893,481.6033859,68.56424713
884,1759,Free State,GBIF,e,14407282,25.29125,-28.624583,174.0629196,326.4300156,466.25,69.89323807,160.7558594,315.8056641,309.6289063,94.38354492,127.5,306.5,478.5,61.25,159,314.5,433.75,58.75,207.7974081,290,504.0699005,73.11051941,210,299.9555683,494.4551697,74.09953499,219.7817469,300,486.5186234,72,220,300,494.0947647,70.5846386
885,1765,Gauteng,GBIF,e,14117254,27.457917,-26.29125,161.369586,281.1899996,685.5,77.04361343,152.3310547,276.5473633,537.6176758,83.19067383,125,262,705,67,150.75,281,658,68,190,234.2685127,567.9131012,80,190,241.3419485,575.0377502,82.00745583,200,250,596.6460724,82,209.7042656,250,609.1208191,82.82050896
886,1766,Free State,GBIF,e,14427998,25.124583,-28.79125,177.7775002,322.1500158,452.75,69.33456039,165.1416016,314.0212402,300.5715332,93.10083008,131.75,305.25,466.5,61.25,163.5,312.5,423,57.5,209.9264383,297.9570866,465.4245224,72,210,300,455.1813736,72.12682915,220,302.6979494,447.3402786,70.44134331,220,301.2150049,454.6707458,69.31134415
887,1767,Free State,GBIF,e,14220892,29.04125,-27.124583,149.7975016,282.0900011,678.25,72.21829033,142.0952148,288.7697754,549.9140625,80.24633789,111.75,282.25,686.5,65.25,142.25,286.25,662.25,70,178.446126,240,627.1212616,77.06220818,178.6676455,260,643.6881714,79.87283707,190,260,639.1826324,79.32197571,193.9814281,260,661.9428101,82.23616028
888,1771,Limpopo,GBIF,e,13982592,28.207917,-25.207917,193.8608313,272.7299976,572.75,81.33757591,185.3129883,272.6464844,454.8894043,97.18994141,157.5,265.75,601.25,71.75,183.25,283.5,565.25,74.75,230,245.5386257,513.2260284,84,230,250,528.797348,87.92591476,240,270,582.5959473,91.00177383,240,260,568.7492371,89.99580002
889,1773,Free State,GBIF,e,14210532,29.04125,-27.04125,151.3545823,279.8699999,680.5,72.05756187,145.2580566,289.3391113,545.8459473,82.00708008,114.75,282,680.75,66.75,145,287,658.25,71,180,240,595.1982117,77.85662651,180,260,611.9090271,80.04310036,190,260,608.7947083,79.99925232,198.8225746,260,629.8386078,82.9539547
890,1776,Free State,GBIF,e,14179420,27.707917,-26.79125,163.5145807,289.119997,634.25,74.62466431,158.9665527,279.7382813,526.2055664,79.13085938,128,270.75,690,62.5,158.25,279.25,646,64.75,190,250,640.9111328,77.69992065,190,260,651.4320526,79.55796623,200.3619862,260,660.4994659,79.10161781,209.3854189,260,681.5665131,81.31302643
891,1785,North West,GBIF,e,14096478,25.124583,-26.124583,190.397501,293.4399986,483.5,78.36466408,177.8771973,305.7629395,351.6411133,110.729248,148.25,288.75,528.25,74.5,172.75,306,478.75,70,213.674531,290,396.2365112,83.1489315,217.9680014,297.2212362,394.2387009,86.52791595,226.9674826,281.2820101,420.0487823,85.8269577,230,282.0153999,428.7621994,85.35057831
892,1786,Free State,GBIF,e,14490150,24.79125,-29.29125,181.4037561,322.7500057,414.75,66.79897118,167.8654785,318.4233398,273.635498,85.83276367,134,311,443.5,56.75,166.5,319,395.75,53.75,210,300,372.45578,64.21172333,210,310,361.0045471,63.2823143,220,310,355.131691,62.90248013,230,310,363.4405746,62.53440952
893,1790,North West,GBIF,e,14055046,25.457917,-25.79125,191.5608358,275.8099985,530.75,79.09962845,178.4086914,295.0292969,393.2504883,105.6008301,149.25,274.5,573.5,74,174,296.25,523,70.25,216.0276556,270,451.7107086,82.24204636,217.5016022,277.2884512,453.7550354,86,222.0934248,269.8136139,490.9056778,87.00367737,230,269.247508,497.5258636,85.5585022
894,1793,Free State,GBIF,e,14552328,25.54125,-29.79125,160.7520866,327.7000141,432,61.95759869,151.402832,309.5400391,281.4831543,84.55664063,118,309.75,452.25,55,150.25,314.25,402.25,51,190.2165031,309.4064188,464.9842987,64.97585106,193.6677742,310,462.9312057,64.85866165,209.8436403,301.1943913,442.2102737,61.12066174,209.9928427,303.376379,454.0396805,59.2579174
895,1794,Free State,GBIF,e,14573046,25.457917,-29.957917,156.9208312,332.7599907,429.5,61.0817461,145.9719238,309.0571289,281.8552246,81.3815918,113.25,309,454,53.75,145.25,316,402.75,49.5,190,295.0399208,458.9651413,63.94863319,190,300,459.1809006,63.83110428,201.8755674,295.0399208,438.0784149,59.5871439,209.9632215,293.290906,451.7956161,57.59344387
896,1796,Northern Cape,GBIF,e,14635160,23.54125,-30.457917,169.6954155,320.3700066,276,65.45729065,158.2910156,312.4165039,147.255127,102.5390625,124,310.5,308.5,62.25,158,323,259.25,55.25,202.4592543,300,314.3218613,60,203.694973,300,308.8403854,57,213.5919428,310.0520897,290.7333984,51.45969009,218.4487343,320,294.2577438,50
897,1797,Northern Cape,GBIF,e,14645520,23.54125,-30.54125,168.5445881,322.0200062,274.25,64.65005302,157.9770508,311.2080078,146.8828125,102.4135742,124.5,310.75,308,62,158,322.75,258,56.25,201.0706854,300,299.6531677,59.59979534,203.5837889,300,294.6852188,56.33363438,213.0486298,310,276.1480637,50.97472382,216.50033,320,279.9707642,49.23369694
898,1800,Western Cape,GBIF,e,14956202,18.624583,-33.04125,181.6512537,229.1500092,400,63.6383934,165.5864258,219.4543457,333.7072754,55.93798828,142,241.25,454,62.25,169.25,230.25,426.5,67,188.9652729,260,400.9555435,67.42627525,189.2729092,259.4939804,391.4645081,66.76999474,199.1127396,260,375.0756226,59.89144707,199.726038,266.7110395,370.0172272,61.67280674
899,1801,Free State,GBIF,e,14562712,26.54125,-29.874583,144.2625022,321.6200066,567,61.92487335,132.7290039,307.3789063,436.8129883,69.22094727,99.75,304.25,615.5,51.25,132,312.75,550.5,52,171.6765976,293.0976725,603.8810577,68,175.5203581,300,598.2591553,68,187.9032087,290,584.9553528,65.93808556,190.0302792,283.9093351,604.5566711,63.98121738
900,1802,Free State,GBIF,e,14593756,25.04125,-30.124583,167.0908356,322.9299927,397.75,60.26753998,152.4914551,318.3288574,249.5031738,85.32446289,119.5,318.5,420.75,53.5,151.75,327.5,367.5,49,199.4484043,290,398.9974213,60.60025787,199.8673534,290,396.559761,59.4013586,209.8673534,299.6783352,376.2714615,56.18239498,216.1726046,292.4524164,394.7382813,55.61239243
901,1804,Free State,GBIF,e,14562680,25.207917,-29.874583,157.9458332,319.8500013,431,61.07684898,145.6137695,310.6071777,294.1154785,79.59985352,112.25,309.25,468.75,52.75,144.5,316.25,415,48.5,189.5961952,298.7498665,466.6256714,63.79286385,189.7928143,300,464.5499496,63.28042507,200.7382822,299.784174,440.3099594,59.69986057,207.5926924,298.4671593,454.6170731,58.04653549
902,1805,Free State,GBIF,e,14490194,26.624583,-29.29125,157.764585,318.8000059,573.75,64.63789749,150.043457,310.5058594,477.2089844,73.73608398,116.25,307,656.75,55.5,149.5,315.25,588,55,190,300,561.2094727,70,190,300,555.9012146,71.12143517,202.7910376,290,550.0960236,69,210,290,562.8828735,67.12610054
903,1806,Eastern Cape,GBIF,e,14676670,26.457917,-30.79125,154.567914,319.8000002,511,57.15573883,144.4013672,306.5859375,368.2490234,67.73925781,115,302,530.75,50.25,143.25,317,476.25,48,180,308.1738377,519.1584167,56.02576447,180.5637741,316.2234926,512.7205505,54.63128185,190,316.476903,488.9497681,50.62298012,196.5256691,309.4863272,523.4880829,51.54215431
904,1807,Free State,GBIF,e,14438368,25.54125,-28.874583,172.0091677,333.210001,453.25,67.37501144,163.3845215,320.0102539,293.0334473,98.18457031,129.75,314.25,460.5,61.75,162.25,319,417,58,210,300,491.3689194,70.17598915,210,302.9091549,484.2722397,71.44706154,220,310,475.7334061,69.06297684,220,309.9822521,484.8700485,67.74954796
905,1813,Free State,GBIF,e,14510902,26.124583,-29.457917,155.2029157,330.7900047,501,64.06569195,147.9101563,312.6655273,374.8225098,78.2265625,113.75,311.25,551.5,55,147.5,316.25,494,54,189.9143887,305.4627609,556.8824615,69,190,310,550.2549744,70,200.7759953,300,539.9403381,67.3937397,209.0231133,298.6039877,549.9787445,64.58244133
906,1814,Free State,GBIF,e,14521264,26.207917,-29.54125,150.739584,331.7100048,514.5,63.52813244,142.7978516,313.8637695,392.3366699,76.28149414,108.75,312.5,570,54.75,142.25,317.25,510.25,54,183.6909437,300,598.7562408,68.92593002,187.1309757,305.7818985,592.3648987,69.72830772,200,298.5393476,581.4095306,67.01588631,200.9836721,290.0992584,592.3681946,64.00354958
907,1815,Free State,GBIF,e,14355536,27.54125,-28.207917,154.7183299,303.6899948,643,66.70676613,145.4350586,295.9716797,513.9174805,74.05932617,113.75,289.25,677,56.5,144.75,297.5,620.75,58.5,179.141736,286.5455151,674.0070496,72.01196289,179.7584486,290,675.8661499,73.96572495,190.79638,280,662.4184723,72.76026154,196.7500734,280,683.8067169,73.98211098
908,1816,Free State,GBIF,e,14365898,27.624583,-28.29125,157.0204163,306.9100046,642.5,66.45835686,149.4750977,297.9580078,512.1362305,73.75219727,118,290.5,671.75,56.25,148.75,298.75,615.25,58,181.8736935,280.0367785,616.5818634,72.04081917,184.0690327,288.5228729,618.2520752,74,199.1737032,280,604.3247833,72.99254417,200,279.8398352,624.1327515,73.78150368
909,1817,Eastern Cape,GBIF,e,14666318,26.79125,-30.707917,155.1029158,311.6299963,569,56.71924114,142.2163086,302.7348633,427.7316895,64.48193359,112.75,296.75,591.5,49,140.5,311.5,536.75,48,178.3694124,300,586.0653839,59.32326698,179.7422886,310,578.8936005,58.00897312,188.2956791,310,552.9024506,53.92907333,194.5869303,300.0359726,591.2758331,54.60054684
910,1825,Free State,GBIF,e,14417656,25.874583,-28.707917,168.8087511,335.8200073,478.75,68.06004715,159.9250488,330.2685547,327.9677734,94.90869141,126.25,323.75,497.5,62.5,159,328.25,450,60.75,200.0922585,296.9114542,529.0657806,72.41873169,203.8413954,300,523.5070496,74.27605629,214.5757627,300,520.8159637,71.96803474,220,300,527.7792511,70.27593994
911,1827,Free State,GBIF,e,14365916,28.374583,-28.29125,141.6200018,281.7699957,736.25,66.40372658,132.6630859,288.4831543,588.982666,66.64233398,100.75,278.5,744.25,52.5,131.25,286.25,689.25,57.75,162.673521,260,722.4656372,71.68246269,163.7164927,260,727.5167694,73.0049305,175.7449961,250.1292229,710.7381287,70.02359581,179.8452139,250,742.446167,72
912,1829,Free State,GBIF,e,14386588,26.374583,-28.457917,162.8295851,330.909996,547.75,67.78613091,152.8361816,334.046875,415.1867676,85.24755859,119.75,326.75,595,60.25,152.75,329.25,532,60,193.2933187,290,622.5712891,71,197.3565197,300,614.3086853,72,209.2848969,290.3702879,617.7459717,70,210,290,630.3398743,70
913,1832,Eastern Cape,GBIF,e,14738800,25.207917,-31.29125,150.7087493,298.3499956,415.75,55.93891621,133.9069824,285.1606445,278.0551758,64.55859375,103,298.75,433.25,52,134,305.5,388.5,49.5,174.7701216,280,416.5316238,64.19585991,176.401329,280.1184893,411.0445862,61.1364994,187.3005915,290.1184893,391.5616455,62.08026886,194.0049887,290,415.0998764,61.45222569
914,1833,Eastern Cape,GBIF,e,14676680,26.874583,-30.79125,152.7449989,310.2600002,569,56.67946243,141.3652344,301.0424805,432.1958008,62.75048828,113,296,592,49,140,309,538.75,48,177.874465,299.2320919,592.7813721,58.77434635,179.2478275,302.9047585,585.0753326,57.38989162,187.442174,307.658205,557.5156555,53.51746368,190.6485462,299.982419,596.4078064,54.08237743
915,1835,Mpumalanga,GBIF,e,14034432,29.874583,-25.624583,159.6545815,236.1900043,731.25,80.32396317,143.315918,255.7597656,633.4560547,72.86889648,113,256.5,798,66.75,142.5,261.25,748.75,69,179.1361237,219.3764114,631.4659576,85.7400074,178.9521933,220,661.3473816,89.94438362,189.1463661,240,693.2305603,92.14244461,196.5353251,230,670.0980988,91.12509537
916,1837,Free State,GBIF,e,14645596,26.707917,-30.54125,148.7766671,311.510005,571.25,57.25555706,135.1101074,305.4321289,434.8137207,63.46728516,105.25,298.5,606,47.75,133.75,313,545.75,47,171.3510704,300,651.6416779,60.94734097,174.9105024,304.6530437,644.7708282,59.7016058,180.9568357,307.5015497,618.161377,55.71218586,189.359374,300,659.9412537,56.20828152
917,1840,North West,GBIF,e,14096504,26.207917,-26.124583,167.3749971,284.0099955,605,80.16397285,159.8334961,267.5500488,474.5546875,97.07128906,133,251,657.25,70.75,157.5,272.75,600.5,69,199.4292974,246.1724615,550.7143555,81.01251602,199.6716642,256.2574434,550.8651733,81.71228981,206.0031557,258.0073166,598.6721649,82.82351875,210,256.8837595,610.3610992,85
918,1841,Free State,GBIF,e,14417666,26.29125,-28.707917,164.3495798,331.7099953,538.25,66.96075249,154.0117188,333.737793,400.9470215,84.17651367,120.25,328.75,577.75,59.5,153.25,331.75,518.25,59.5,200,291.6082144,592.5779724,71,200,300,586.3946533,72,210,298.6148214,585.2239532,70,211.8528605,290,593.6684875,68.38078499
919,1842,Free State,GBIF,e,14407308,26.374583,-28.624583,163.0041647,325.1399899,547.75,67.21681023,151.6643066,335.2988281,412.6237793,83.75854492,118,327.75,590.25,59.75,151.25,331.5,529.25,60,195.1614189,290,604.9610443,71,198.0121422,299.9648428,598.3663025,72,208.8220358,290,598.2852173,70,209.9697208,290,608.4486542,69.01031876
920,1844,Limpopo,GBIF,e,13889370,28.957917,-24.457917,195.7874966,272.130003,545,86.39155197,185.7834473,249.3071289,414.3242188,95.21459961,158.75,256.25,536.5,76.25,185,264,503.5,77.75,230,236.059289,510.5100479,87.69718361,228.7754011,239.6593332,531.383194,91.42626762,240,260,587.2844086,96.28421021,240.0856113,250.5136728,564.1136627,94.52566528
921,1845,Free State,GBIF,e,14376252,27.374583,-28.374583,158.8995862,308.6400032,622,65.95106506,150.2207031,298.6188965,481.8681641,76.57006836,117.75,292.75,645.25,56.75,149.5,300.5,588.25,58.5,185.0216675,290,597.4484863,71,187.1510649,290,597.0106964,72.06198692,200,280,585.252594,71.62394905,202.477088,280,602.5151672,72.46853256
922,1846,Eastern Cape,GBIF,e,14676674,26.624583,-30.79125,149.8658323,309.8999977,546.75,56.51819611,136.5080566,305.645752,408.3781738,63.85375977,108,301.75,572.25,47.75,135.75,315,516.25,46.25,172.0262098,303.0025911,645.0020752,56.76829529,174.6970749,310.6502151,636.7231445,55.37291718,181.666193,310.6502151,607.521637,51.30587292,186.4222956,305.1263142,650.4856873,52.18306923
923,1847,Free State,GBIF,e,14376254,27.457917,-28.374583,157.916255,308.5300016,633,66.34886742,149.4777832,297.6193848,495.5505371,75.21923828,117.5,291.75,657.75,56.5,148.75,300,599.75,58.25,182.486949,289.7812605,620.5013885,71.35982704,184.2717695,290,620.4960785,72.70373344,199.5973396,280,607.1456757,71.97047615,200.8056355,280,625.6454315,72.81243706
924,1848,Free State,GBIF,e,14655952,26.54125,-30.624583,158.0608344,316.1699963,524.75,57.37806892,145.3120117,306.4023438,376.1962891,67.85839844,116,301.5,540.75,50.25,144,316.5,485.5,48,180.7629442,308.0432129,536.9978333,59.36552715,187.3411798,313.0243683,531.1641388,58.13268089,190.0176859,315.5230522,507.9091949,53.97299767,199.5957804,305.5230522,543.1377563,54.39278984
925,1849,Free State,GBIF,e,14293370,27.29125,-27.707917,167.8770828,293.7200069,598.5,69.04569244,155.8964844,296.7197266,474.890625,82.90307617,124,292.5,647,58.5,155.25,298.75,590,60,190.9768867,278.1397724,543.7856293,73.1516037,191.315279,283.2383299,545.2769165,74.65421295,206.1103725,270,544.8835144,73.30159378,210,270,565.1065521,75.90950775
926,1850,Free State,GBIF,e,14655958,26.79125,-30.624583,157.3300004,313.2599974,571.75,57.32554626,143.3151855,303.6220703,428.7973633,64.83056641,114.25,297.5,593,49.25,142.25,311.5,537.5,48.25,179.689455,300,588.4236298,60.33964348,181.9739294,309.3018723,581.6900177,59.11833572,189.689455,309.9254465,556.5091095,55.01815796,197.2030497,300,594.6337433,55.72186565
927,1851,Free State,GBIF,e,14448734,25.79125,-28.957917,168.4920788,336.449995,469.5,66.52525902,161.1865234,319.8007813,315.5192871,91.96679688,127.5,316.25,487,60.25,160.5,319.25,437.5,57.75,200.0367785,300.1020479,521.3331299,70.91400337,204.0479517,307.3356009,514.5307388,72.00982475,220,300.8863783,507.7264938,69.69950104,220,300.8106947,516.0769043,67.8071003
928,1852,Free State,GBIF,e,14459094,25.79125,-29.04125,167.2866678,335.5199909,469.5,66.24780464,159.7763672,316.6970215,320.6342773,89.6015625,126.25,313,492.25,58.75,159.25,316,441.5,57,200,302.7177525,535.3289185,70.4836731,200,310,527.6618652,71.42774963,213.514204,300,519.5969238,69.09757233,220,300,528.855835,67.00645447
929,1854,Free State,GBIF,e,14655956,26.707917,-30.624583,155.3854156,312.7999973,558,57.36867428,141.3498535,304.6169434,418.4296875,65.15454102,112,299,586,49,140.25,313.5,528,47.75,178.697052,300.1479435,587.397049,59.48643589,180.0963449,309.9770355,580.7950439,58.20414543,188.441534,310,556.0121002,54.17213058,194.2236471,300.0328779,594.3496704,54.77240658
930,1855,Free State,GBIF,e,14510912,26.54125,-29.457917,152.449584,323.8800049,568.5,64.1061573,143.9741211,309.128418,453.8605957,73.55175781,110,307.25,634.25,54.75,143.5,313.75,567.5,54.5,184.103241,300,612.1595917,69.1977253,187.2954988,300,605.9104919,70.1728878,199.3512869,290,599.2736969,68.08806229,201.7311001,290,612.8582916,66.02632523
931,1856,Free State,GBIF,e,14521276,26.707917,-29.54125,151.7141652,319.3700123,594.75,63.46151161,142.5439453,306.1420898,462.8625488,72.60205078,109,304.25,640,54.5,142,312.25,572.75,54,179.6267891,300,589.1467285,69.65951538,180.1266432,300,583.9638062,70.04453087,196.5618515,290,575.2385254,68.55245399,199.2895412,290,589.9745789,66.8518734
932,1857,North West,GBIF,e,14210468,26.374583,-27.04125,173.0145836,290.8500051,597,73.54357147,160.8823242,288.6320801,472.8408203,89.8515625,127.5,285.75,669.75,66,160,287.75,595.25,64.5,200,264.8908138,556.688446,76.74205971,200,277.2396469,553.1860962,77.9791832,210.1513672,269.1047192,578.2617035,78.01327705,217.5181103,265.7401323,600.9010162,80.10491753
933,1858,Free State,GBIF,e,14521274,26.624583,-29.54125,149.5574999,319.6000051,587.75,63.43378162,140.0505371,306.8305664,462.7189941,71.94726563,105.75,304.5,639,54,139.5,311.5,573.25,54,179.2658138,300,622.798172,69.59187698,179.7602606,300,616.9334412,70.04321671,193.1650257,290,608.7164307,68.42712975,198.5425043,290,623.82164,66.47511292
934,1859,North West,GBIF,e,14200108,26.374583,-26.957917,171.0004187,286.2699986,605.75,74.8832531,158.4313965,282.8913574,483.3010254,89.6315918,125.25,279.5,682,67.5,157.75,282.25,606.75,65.5,199.8548651,260,580.6883392,77.26241875,199.8548651,270.0703144,577.8634796,78.05745125,209.9355841,262.3421526,605.7867584,78.64259529,210.6250191,260.1054716,628.4614105,80.93502617
935,1860,Northern Cape,GBIF,e,14718054,24.124583,-31.124583,140.1829171,337.2799969,335,57.39377403,132.4025879,303.53125,211.1970215,73.29638672,100.25,307.5,375,52.5,132.5,318.5,323,47.5,176.8151188,290,384.4776459,59.93897247,178.7783194,290,380.8323135,54.75578499,189.0948868,300,350.3889542,51.29693317,192.2215366,300,368.0197983,50.30268002
936,1864,Eastern Cape,GBIF,e,14676672,26.54125,-30.79125,147.5045848,307.9299974,539.75,56.56950665,134.762207,306.3696289,401.8088379,63.52514648,105,303,566.75,47.25,133,316,512.25,45.75,170.4059362,304.9245071,588.7329865,55.70678139,172.5664616,312.8464794,581.2637482,54.2716074,180.38836,312.8464794,554.7127686,50.3293705,184.8414755,307.4957848,594.2451172,51.37350941
937,1871,Western Cape,GBIF,e,14873418,22.624583,-32.374583,178.4516668,286.429987,236.25,43.15856838,167.4125977,261.7839355,138.6071777,63.92407227,136,280,240.25,43,170,280.75,215.75,37,200,263.1754351,262.6303024,41.88510036,200,270.3775883,267.8327408,39.41179943,210,280,259.7475243,38.60932827,210,280,267.435791,41.529603
938,1875,Gauteng,GBIF,e,14127616,27.54125,-26.374583,156.9016671,271.5299988,685.25,76.60536385,148.5952148,274.0317383,556.3745117,80.69213867,120.5,261.25,724.25,65.75,147,277.75,678.25,67.5,185.9451294,240,640.1155853,80,185.876441,249.0526962,649.2588348,82,197.4511671,252.6495218,668.568161,81.38167953,200.1619148,254.7295952,683.6780548,82.58555222
939,1877,Free State,GBIF,e,14438382,26.124583,-28.874583,165.0350046,333.5899925,516.75,66.27788925,157.8481445,323.9553223,371.8947754,84.77026367,124,320,546,58.75,157.25,321.75,490.75,58,200,300,533.8845978,71,200,302.1369839,528.3153381,72.01705551,210,300,524.9104309,69.97804451,219.7812605,300,531.4779968,67.73108864
940,1879,Gauteng,GBIF,e,14179432,28.207917,-26.79125,156.4370871,267.9099989,673.5,74.02232552,147.8486328,291.3146973,561.973877,80.70751953,117.75,280.5,716.75,62.75,147.25,288.25,681.75,66,183.5682917,230.1352024,688.5501251,78.71383858,183.5389996,247.5614882,701.4442444,81.2501049,194.6769047,259.8310566,715.7394867,80.92110062,199.1738129,250,742.7875061,83.2305603
941,1880,Free State,GBIF,e,14210512,28.207917,-27.04125,157.1574998,275.8500051,684,71.01205444,150.3256836,301.0583496,551.7956543,81.17431641,119.25,291.25,708.5,59.5,150,296.25,671,64,189.5393801,238.5884905,615.5003967,76.94584846,189.5393801,250,623.2583466,78.90501404,199.8486328,259.4161654,632.303421,78.30772591,200,250,657.9740143,80.73058128
942,1881,Free State,GBIF,e,14573028,24.707917,-29.957917,185.5645847,298.5400105,366.5,62.50027561,172.5698242,319.9970703,225.5495605,87.43847656,140.25,319.75,391,54.5,172.25,331,341.75,49,209.098053,300,344.0348282,60.04803848,209.6638346,300,337.3668365,58.01143646,219.7269964,309.9846935,321.1275024,55.94706821,224.8298693,309.9314499,336.0034714,55.98569202
943,1883,Free State,GBIF,e,14459100,26.04125,-29.04125,162.5549984,330.340004,502.5,65.82354164,156.3061523,312.0605469,367.5085449,82.53491211,122.25,308.25,544,57.5,155.75,312,488,57,197.6041889,306.095376,564.141983,71,198.895545,310,557.3218079,72.01161766,209.9550867,300,551.4580383,69.99773788,211.6342258,300,559.6134949,67.36593056
944,1884,North West,GBIF,e,14179396,26.707917,-26.79125,172.1445847,279.6400023,593,74.91337776,158.2236328,286.3874512,480.6901855,89.66137695,126,280.5,668,67.5,157.25,283.25,604.25,66,200,269.8242474,590.7854767,79.01691628,200,280,590.2620544,79.83014488,210,279.1543722,617.5475159,79.8181839,214.4427538,276.8836451,641.8498535,81.78240776
945,1885,Free State,GBIF,e,14552302,24.457917,-29.79125,182.5387478,313.6500025,361.75,64.44422722,166.5,324.1257324,204.4594727,88.30004883,132.75,321.5,375,52.75,165.75,331.5,328.75,50,210,300,346.2463379,60.15954781,210.8059692,307.8481483,337.0462723,58.09912968,224.3761921,310,322.8886871,56.42961502,229.5010805,310,335.3623276,57.39006233
946,1887,Free State,GBIF,e,14407300,26.04125,-28.624583,165.7812452,338.5400105,508.25,67.90165901,156.1730957,336.154541,369.8234863,90.01611328,122.75,329.25,545.75,61.75,155.75,332.5,488,61,200,290,578.2163391,72.00435829,200,297.7111197,571.6667938,73.91281891,210,298.2468843,571.5526886,71.36518097,218.2451487,293.0509138,579.1071777,70.04348373
947,1889,Free State,GBIF,e,14396944,26.207917,-28.54125,162.8170824,333.9799976,534.25,67.96681595,153.145752,339.7451172,401.3381348,87.21606445,119.5,332.5,580.25,62,152.75,336,519.25,61,197.5631094,290,587.3277283,71.02814865,199.1747189,294.328022,579.8677368,72.94709778,209.9112654,290.0574541,581.9051666,70.53553009,210,290,591.5950775,69.93686867
948,1890,Northern Cape,GBIF,e,14396908,24.707917,-28.54125,181.9779158,318.7000084,452,72.64504051,172.9069824,320.0776367,294.9389648,93.41503906,140.25,307,464.25,64.5,171,317.75,414.25,60,211.6839457,296.9812107,429.3504333,71.85084915,215.0285149,300.6558514,415.3265228,71.44305611,224.0444946,310,420.5954742,71.81064987,230,306.9812107,427.20755,71.74301147
949,1891,Northern Cape,GBIF,e,14593736,24.207917,-30.124583,172.559166,326.5100002,336,62.85811138,151.0014648,331.2570801,188.1347656,88.03076172,117.25,327.75,356.5,53.5,150.5,338.75,306.25,49,200,290.2957344,359.1980209,61.99387646,200.2589417,292.5403976,351.1627121,58.27719784,210,300.3458357,332.4398575,55.08786488,220,300.0071573,346.3863754,54.66200066
950,1895,Western Cape,GBIF,e,15008050,20.624583,-33.457917,161.5416646,261.0200071,254,20.78407049,137.1704102,260.5637207,210.5559082,35.94287109,111.75,294.25,271.25,23.75,142.5,280.5,254.75,25,169.9206114,240,295.567749,19.3317256,171.6281271,250,292.650795,18.12953758,180.8872414,268.5735798,290.5911331,21.22422314,183.3350039,270,287.4521713,20.57714128
951,1896,Free State,GBIF,e,14365894,27.457917,-28.29125,159.4050026,305.9899902,623.75,66.20251274,150.0473633,298.5324707,490.8637695,76.14794922,118.25,292.5,653.5,56.75,149.5,300.5,597.75,58,184.1827583,290,602.2958069,71.70417404,186.1923599,290,602.8697662,73.00372696,197.6651335,280,590.8246155,72,201.956501,280,609.1318817,73.01863861
952,1897,Free State,GBIF,e,14365896,27.54125,-28.29125,158.1170845,306.4300013,633.5,66.20567131,149.689209,297.9719238,502.6784668,74.72216797,117.5,290.75,663.5,56.5,148.75,299.25,607.5,58,183.0434084,286.9862604,613.034729,72,184.5455074,290,614.2934723,73.77048492,198.3301973,280,601.0003357,72.33814049,200.3601885,280,620.0934143,73.43233109
953,1898,Western Cape,GBIF,e,15008046,20.457917,-33.457917,160.6229186,262.4499989,252.75,25.09462452,140.013916,261.2775879,204.2390137,37.74853516,111.75,290.5,274.75,28.5,142.75,279.5,258.25,29.75,170.4404449,240,315.9373322,18.9799509,171.9998789,250,312.5792313,18.58272934,180.977397,261.8587971,310.390007,20.13555193,183.7606239,270,307.2408066,19.06685257
954,1899,Gauteng,GBIF,e,14148346,27.957917,-26.54125,163.5720873,275.7600021,656.75,76.07448959,154.234375,284.4621582,552.9318848,80.39111328,125.5,270.75,712.25,63.75,153.25,284.75,672,66.75,190,240,657.1295013,80.67598343,190,250,669.6727905,82.84660149,200,260,686.4429169,82.38309479,204.7544336,260,706.6494751,84.86136436
955,1900,Free State,GBIF,e,14189786,27.957917,-26.874583,162.1904135,290.800004,636.75,73.50278282,156.2297363,290.6657715,530.0949707,81.03295898,125.5,280.75,687,61.75,155.5,287.25,648,65,190,240,635.5600586,77.75851631,190,250.470047,645.723175,79.75335884,200,260,654.9980621,78.98789597,210,260,677.8116608,81.26151466
956,1902,Free State,GBIF,e,14396964,27.04125,-28.54125,159.7658324,312.7400017,589,65.71817398,149.1437988,305.1108398,445.3276367,77.82006836,116.25,298.25,610.25,56.75,148.5,305,556,58.5,186.0517406,293.2228422,602.1224976,69.71476555,186.9741344,300,599.3755951,70.97008705,198.5973597,290,591.6052704,69.97158432,203.9532661,290,607.6685181,70.51151276
957,1903,Free State,GBIF,e,14334802,26.957917,-28.04125,168.7095833,304.8199987,565.75,67.33141899,158.1760254,301.9787598,437.8273926,83.97998047,126,296.5,612.75,57.25,157.75,304.25,553,56.75,196.8162394,280,580.5973206,70.19060135,199.296236,290,578.6323547,72,210,280,581.7384338,71,210.0359726,279.6542692,600.6245422,72.96328163
958,1906,Free State,GBIF,e,14200142,27.79125,-26.957917,161.2370777,294.9399996,625.5,73.4012394,155.817627,285.7436523,527.329834,78.97412109,124.25,277.75,689.25,61,155.25,283.75,647.75,64,190,250,662.8130646,76.2947998,190,260,671.2097626,78.11502838,200,260,678.329422,77.5928421,203.3068943,260,701.5726166,79.81126595
959,1907,Free State,GBIF,e,14189780,27.707917,-26.874583,162.217083,291.2199926,634.25,73.87618446,157.5302734,282.7526855,528.0698242,78.35742188,125.5,274,692.25,61.5,156.75,280.75,647.25,64,190,250,657.967865,76.96028709,190,260,667.4420319,78.81258583,200,260,675.386673,78.17337227,207.4767351,260,697.8394623,80.52606201
960,1909,Free State,GBIF,e,14510904,26.207917,-29.457917,153.5716677,331.9900036,513.5,64.28195381,146.7595215,312.8823242,392.0725098,76.68310547,112.75,311,566.75,55.5,146.25,316.5,509,54.75,189.9484062,300.286684,560.7940369,69,190,309.982419,554.3949432,70,200,300,545.2238159,67.85146713,208.7945938,291.3277531,555.1231384,64.77112961
961,1917,Free State,GBIF,e,14283008,27.207917,-27.624583,169.7900009,289.0899944,599.5,69.30405617,156.2915039,292.715332,476.4663086,81.77587891,124.25,287.75,649,59.25,155.75,294.25,593,60.5,190.8106947,280,570.6021576,72.8811779,190.929184,289.2932081,570.7958984,74.01625061,202.8243208,270.7199669,573.4633789,72.95487785,209.7825098,270,595.7348328,75.5223217
962,1926,Northern Cape,GBIF,e,14438346,24.624583,-28.874583,182.8433323,317.0999908,431.5,71.18856621,166.9008789,321.9743652,309.4418945,85.81884766,133,309.5,480.25,61.5,165.25,318.75,429.75,58,210,300,431.019165,68.14447021,210,307.0425129,418.3871231,67.78400421,220,310,419.7296906,68.0049305,228.0539846,310,427.4659119,68.58567619
963,1928,Limpopo,GBIF,e,13775418,29.29125,-23.54125,188.0970812,241.0300016,583.25,81.66059303,176.3652344,223.8916016,461.2387695,95.57250977,151.25,230,601,73.25,176.75,240.5,535,74,220,216.7782068,377.5112534,83.11592674,215.9016466,220,399.4104004,84.87264442,220.0864315,229.484067,442.6255417,91.46749306,230,219.7168064,413.7393799,88.43851662
964,1933,Eastern Cape,GBIF,e,14790594,24.957917,-31.707917,140.5658364,283.3800077,413.5,54.37470913,124.8820801,272.4155273,301.6418457,55.39038086,94.75,287.25,444.25,46.5,125,292.75,404.5,44.5,164.5936036,279.1053057,432.4889755,66.35365677,166.587925,279.5893478,428.9963379,63.43751335,177.4209642,289.892087,400.7703247,63.70140266,182.3866463,287.0003796,427.076004,64.11461639
965,1935,Gauteng,GBIF,e,14044768,28.874583,-25.707917,172.7362537,245.9599972,680,80.97703362,158.0429688,267.0351563,559.5146484,81.80322266,133.75,252.75,699,68.5,155.75,276,673.25,71.75,196.4544582,234.8957205,713.6555481,81.44511032,195.6733799,240,736.1210022,84.36986542,206.6585541,250,787.5052795,87.13076782,210.312171,245.6604338,777.0311584,86.14362526
966,1939,Free State,GBIF,e,14396940,26.04125,-28.54125,164.3191671,339.6899891,513.75,68.2820816,154.9338379,339.3220215,379.340332,90.1796875,121.25,332.25,556.75,62,154.25,335.25,499,61.5,200,289.8506403,590.4822998,72.29811096,200,290.2402258,583.0764771,74.0980854,210,290.254221,584.3938141,71.91906738,213.5888433,290,592.690979,70.72431183
967,1940,Free State,GBIF,e,14241590,28.124583,-27.29125,151.9774985,300.989995,703.75,70.70128441,145.5620117,301.6879883,550.7546387,79.0090332,114.25,293.25,708,58,145.25,295,666.75,62.25,180,246.6857386,672.7854004,75,180,260,676.8583984,76.64702606,190,260,682.2843628,75.78203392,199.3647575,260,710.3056946,77.93242264
968,1944,Limpopo,GBIF,e,13775470,31.457917,-23.54125,224.4920826,240.2400017,480.25,80.16157722,218.6330566,223.3583984,369.5424805,98.39550781,187,246,509.25,72.75,216.75,253.5,450.75,69.75,259.9280596,200,460.4990692,85.21001816,251.8408012,198.9271688,485.8838959,87,260,200,587.9854431,102.7730484,270,200,532.395874,99.87822533
969,1945,Eastern Cape,GBIF,e,14790596,25.04125,-31.707917,144.0483332,288.1699991,419.25,54.4969883,126.6452637,271.2043457,299.0168457,55.82885742,96,286.25,441.5,46.5,126.5,292.25,404.75,44.5,165.5245948,280.0532436,437.2663803,66.44791985,167.6128006,280.3477335,433.6153946,63.68206596,178.8149261,293.4408236,406.4008331,64.34290981,184.5392132,289.7052336,433.3964462,64.78402519
970,1946,Free State,GBIF,e,14200148,28.04125,-26.957917,160.0970864,289.369998,664.25,72.98373795,152.9074707,294.4855957,538.7827148,80.43652344,121.75,285.5,696.5,61,152.5,290.5,656.75,64,190,240,645.646286,77.01046753,190,250.18538,654.5505371,79.02357292,200,260,663.8515625,78.28026581,203.2241488,259.7219372,688.6205139,80.37686157
971,1953,Limpopo,GBIF,e,13961880,28.54125,-25.04125,196.6479158,286.8900013,589.75,84.93823814,184.3017578,269.8933105,479.0871582,92.39086914,155.75,268,617,73.5,182.75,282.25,582.25,77,230,240,534.0401459,85,230,248.4280539,553.417511,88.88058472,240,261.1726809,610.5084686,93.00214958,246.4880228,260,591.712738,91.51282883
972,1954,Western Cape,GBIF,e,15080560,20.207917,-34.04125,182.7241707,231.8399954,395.5,30.62611294,166.9528809,230.9116211,432.0339355,23.69946289,141,300.5,499.75,25.75,170.5,250.5,484.75,29,189.398942,221.3216209,429.9779968,18.3056221,189.405942,229.9474335,421.935524,19.24730873,198.9305162,239.8392057,433.9351501,23.6030364,199.405942,240.137372,421.8073044,24.56065702
973,1955,Western Cape,GBIF,e,15070200,20.207917,-33.957917,181.4849997,231.3600063,381.75,31.09397554,166.0844727,240.1564941,398.2536621,25.74316406,140,303.75,468.5,27.5,169.75,260.25,452,30.75,188.7475824,229.0730429,496.8533173,18.45012236,190.2554274,231.6184855,488.4915237,19.37925291,198.6282635,244.6165514,498.2618713,22.98871756,200.5669403,248.5021257,486.3158035,23.88656807
974,1960,Northern Cape,GBIF,e,14345104,24.54125,-28.124583,189.0441656,313.8000011,458.75,75.75657463,177.220459,328.8723145,281.5444336,101.911377,145.5,311.75,455.25,68,174.75,326,402,63.25,219.6904278,300,405.1260757,76.83553886,220,310,389.9853592,76.85598183,230,309.9427414,398.6044769,76.4506321,230,302.9754114,406.305275,76.30022621
975,1962,North West,GBIF,e,13961822,26.124583,-25.04125,198.1783342,287.2300005,517,82.77120209,188.8881836,293.2697754,348.3969727,116.8886719,157,281.75,487.5,74.25,186.25,294.25,447.5,73.5,229.9147177,250,501.2522507,84.55541992,229.9147177,260,502.9180756,86.52137375,233.2948494,270.2592993,571.6058807,88.15192795,240,270,562.5273895,86.93747139
976,1963,Limpopo,GBIF,e,13785832,31.54125,-23.624583,224.9745846,234.4000006,486,80.23256493,218.7663574,224.4104004,376.6181641,94.91674805,187.5,247.5,515,72.5,217,254,459,69,259.2537546,200,449.2325516,84.77132034,250.3660011,193.5306692,474.1613388,86.22986412,260,200,573.7059784,101.5969906,269.9923468,200,518.0184097,98.52708244
977,1964,Limpopo,GBIF,e,13754750,31.457917,-23.374583,223.3579159,242.6900005,480.25,82.21257782,217.2285156,222.0305176,367.1345215,100.7939453,184.5,245.5,504.25,74.5,216,250.5,446.25,70.75,256.0042095,200,506.2463379,86.47078133,251.7681885,193.7633848,533.892746,88,260,200,648.8394318,105.6560936,270,200,588.5764465,102.2514973
978,1965,North West,GBIF,e,13961844,27.04125,-25.04125,200.8145857,297.8700018,631.75,79.33601952,192.8896484,278.9831543,470.755127,97.42089844,162,271.75,629.75,74.75,191,285.75,580.75,75.25,229.9790001,240,536.8117371,81.96933746,229.9790001,240.0149727,541.7805634,84.54449844,238.8509274,260.2754545,607.2376251,86.76316833,239.993,260.0177479,601.5789185,87.01457024
979,1966,Northern Cape,GBIF,e,14438344,24.54125,-28.874583,185.3783321,320.2699947,427,71.82259941,168.1374512,325.2731934,301.1508789,85.9230957,134.5,314.25,472.25,61.75,166.5,323.25,420.5,58.5,210.0139999,300,407.2492218,68.26515007,212.7973223,309.9822521,395.152153,67.72576904,223.7587404,310,397.1336441,68.18541527,229.9848604,310,404.4903107,68.98219109
980,1967,Northern Cape,GBIF,e,14427984,24.54125,-28.79125,183.2350016,320.0699854,429.75,73.24989319,168.6179199,322.3068848,301.7470703,86.44604492,135.25,310.25,474.5,62.75,167,320.75,420.25,59,210,300,431.0020523,69.12482071,210,309.7989416,418.3706207,68.51284599,220,310,421.3222961,69.09679222,228.5075188,310,428.9713287,69.9620266
981,1980,Mpumalanga,GBIF,e,13941242,31.957917,-24.874583,216.3474989,223.4600019,641.5,75.72528076,212.2719727,218.2998047,544.875,70.85864258,184.25,221,695.25,62.5,210,234,639.25,58.25,248.8065004,180,597.3808136,78.10355949,245.6196404,180,630.8777618,81.48104477,250.5494881,189.4830465,734.672348,93.56282997,260,180,654.2654572,88.44348907
982,1981,Gauteng,GBIF,e,14013676,28.374583,-25.457917,189.2695856,258.5500002,614.75,81.15433311,174.1169434,268.7297363,535.0444336,83.73901367,148.25,257,680.75,69.25,171.5,278.5,647.75,73,219.9648428,239.9296856,631.2667236,82.76635742,218.9726591,240,650.550827,86.19441223,229.6904278,257.718606,715.3683319,89.64790154,232.1309423,250,699.2127838,88.45051956
983,1982,Free State,GBIF,e,14169068,28.04125,-26.707917,163.6000013,282.7499962,650.5,74.1695919,155.3974609,291.6604004,537.619873,82.53076172,125.75,279.25,693.5,63.75,154.5,290,656.75,66,190.0398636,240,617.5042877,79.49085808,189.9925137,250,629.1909485,81.78281784,201.4094257,260,641.7819061,81.21605301,209.7083473,259.7234535,663.6624756,83.63636589
984,1983,Northern Cape,GBIF,e,14655892,24.04125,-30.624583,165.1791668,321.0500097,326.75,59.4393158,151.3742676,307.9594727,171.8557129,86.54345703,118.5,309,333.25,55,151,321.25,283.5,48.5,199.9178076,290,350.3291245,61.28022099,200,290,343.381218,57.01785374,209.9835634,300,319.8667908,52.02176666,210.0501013,300.5897331,331.885788,51
985,1984,Northern Cape,GBIF,e,14500498,24.29125,-29.374583,178.5637474,325.9700012,382.25,69.18251991,161.4631348,323.5170898,244.3928223,85.43237305,127.25,314.75,413.75,57.25,160.25,323.5,364.5,54.25,208.4700203,300,388.24543,63.80298138,209.8969698,310,374.2572098,61.8904171,220,310,369.0286865,61.68163013,220.8635807,310,376.5699997,62.43531513
986,1985,Gauteng,GBIF,e,14013674,28.29125,-25.457917,191.2879229,260.4399967,605.5,80.49507332,176.2612305,272.3867188,525.8383789,85.33764648,150.5,261,671.5,69.25,174,281.5,638.25,73,220,240,608.4823151,82.99143791,220,240.0735617,626.4985809,86.64280701,230,259.9143887,689.2173462,89.92986679,235.3650522,251.3228607,674.5079803,88.79215622
987,1986,Northern Cape,GBIF,e,14521218,24.29125,-29.54125,183.8116646,329.1100121,367.5,67.42751122,166.0810547,323.9665527,215.046875,88.0246582,131.5,318.25,383.5,55.75,165.5,326.25,336,53,210.0359726,300,340.9954834,62.01829338,211.0712862,309.8105383,329.5484085,60.01829338,223.7844563,310,320.9685669,59.10199356,229.9135685,310,329.3221359,60.12972641
988,1988,Eastern Cape,GBIF,e,14749158,25.124583,-31.374583,151.7808318,300.2399969,409.5,56.36175346,132.5800781,283.348877,276.0693359,62.37304688,100.75,296.5,432.25,51.25,132.25,303.5,388.5,49.25,172.6756477,281.5629578,444.050972,65.93212318,174.976325,285.4313231,438.3199692,62.37624836,186.1024618,296.1713648,415.992897,63.70584488,192.1395016,290.2691936,441.3513031,62.91253281
989,1989,Eastern Cape,GBIF,e,14759512,24.874583,-31.457917,145.4483342,296.7800045,396,55.98047924,127.1855469,282.5966797,279.9841309,59.46191406,95.75,296.75,433.25,50,127.25,303.5,388.25,47.75,168.6759424,280,392.1217575,65.93538284,170.9817553,280,387.325058,61.95462513,182.1502113,290.8530951,363.7388992,62.27644825,186.7280197,290,386.186203,61.53619289
990,1990,Eastern Cape,GBIF,e,14769872,24.874583,-31.54125,150.8191681,305.4400015,382,55.55178738,135.5766602,279.5686035,253.982666,60.58081055,104.75,293.25,401.75,50.5,135.75,300.25,361.75,47.75,179.6328068,280,338.5142441,66.10210991,179.9150276,280,334.9929886,62.55260754,189.922514,290,313.6848679,62.85162258,198.8103914,289.9720001,333.5216522,62.47616863
991,1991,Eastern Cape,GBIF,e,14769870,24.79125,-31.54125,146.7770815,301.5200043,381.5,55.2797718,131.9936523,280.4824219,261.2529297,59.67773438,101.25,294.25,410.25,50.5,132.75,301,368.25,47.25,175.2534008,279.0968466,341.788269,64.94155502,176.785903,278.3568048,338.4884872,61.11453915,187.1991444,290,315.8834,61.01585865,193.1473064,286.6084719,335.8018417,60.68387222
992,1992,Eastern Cape,GBIF,e,14759510,24.79125,-31.457917,140.9266663,296.4599991,393.5,55.68864632,123.9272461,283.3012695,285.770752,59.04150391,93.25,296.75,438.5,49.5,124.25,303.75,392.5,47,165.6626153,280,376.1983109,64.39776802,168.9114428,280,372.0569077,60.27674294,179.7625065,290.1118326,348.0924835,60.22515297,183.8224268,290,369.71064,59.53815556
993,1994,Free State,GBIF,e,14386580,26.04125,-28.457917,162.6508379,339.289999,521.25,68.572649,153.548584,341.5952148,389.7519531,90.62207031,120,333,569,63.25,153,337,510.5,62,199.1976643,288.7458134,589.7001343,72.59547043,199.934392,290,581.2801666,74.33183289,209.982419,290,584.2002563,72.00907516,210.5935764,290,593.5251312,71.15601921
994,1996,Mpumalanga,GBIF,e,14013710,29.79125,-25.457917,154.1308308,227.159996,768.25,80.55683899,136.8928223,246.2907715,655.8452148,71.74121094,105.75,249.5,826.75,67.25,135.5,253.75,771.25,69,173.1468105,220.6220293,765.0771332,86,173.0650997,225.0405741,802.555954,91,184.4023609,240,848.977066,94,191.6781759,234.1435957,814.8381958,92
995,1998,Mpumalanga,GBIF,e,14169100,29.374583,-26.707917,146.2229156,263.0299997,687.75,76.31935501,145.0314941,271.2929688,563.0671387,77.66308594,115.75,263,699.5,68,144.75,271.25,677.25,72,171.6386509,239.9925137,703.9608154,78.82479286,175.7918358,250,726.8675537,82,190,258.8088417,720.5786591,82,190,250,737.5835266,83.96453667
996,2000,Limpopo,GBIF,e,13941130,27.29125,-24.874583,203.1745863,304.839983,630.25,81.5419693,199.0432129,276.3564453,465.470459,104.9858398,167,271.5,616,79,197.5,286.25,568.25,78,236.6134119,249.6746445,507.9657211,85.39481926,234.2588997,250,517.4095383,88.33229065,241.1298561,270,575.6914215,90.51858139,249.9635458,270,571.0486908,90.96368217
997,2001,Western Cape,GBIF,e,15080526,18.79125,-34.04125,170.5883646,203.3604193,684.5,63.65749836,154.4953461,187.7762527,675.9649048,55.91614628,132.75,238,793.25,57.75,159,201.25,779.25,66.25,179.6186352,151.5668297,1853.783386,61.9435463,179.9262667,150.3430462,1808.146667,62.45257282,189.1508341,153.7878633,1823.866516,57.79099083,189.9262667,155.8615828,1765.71582,58.12378502
998,2005,Northern Cape,GBIF,e,14583226,17.957917,-30.04125,178.131671,234.1300011,182.5,44.72273445,151.2463379,236.0317383,131.2719727,64.39404297,124.75,254.25,267,62.75,154,249.25,231.75,63,183.1668901,247.3853159,219.7173195,63.48145008,184.531126,248.1025743,216.1604538,64.71273327,192.3322344,256.086359,207.7074509,60.01875019,196.5802813,258.4362221,206.5094261,58.7730484
999,2009,Western Cape,GBIF,e,14852696,22.54125,-32.207917,132.9379177,277.4499989,290.75,46.06976509,123.5202637,269.9587402,219.5974121,48.87133789,91.25,286.25,332.5,37.5,125.5,288.5,298.25,31.75,158.6469626,259.9720001,308.2669373,43.94672775,160.4010487,260.0654268,314.7962799,41.13109016,169.4140387,270,302.7179565,39.06490898,172.6935673,270,312.3209152,41.63024712
1000,2011,Western Cape,GBIF,e,15008010,18.957917,-33.457917,184.5820856,245.7600069,553.5,64.91081619,167.1435547,234.4255371,535.0319824,60.01123047,142.5,263.25,677.5,65.25,170.5,246.5,637.5,70,190.2609396,254.7244883,760.5353546,68.90560532,192.1958971,250.2303219,742.8306274,69.06675339,200.0372791,260,713.3814545,63.35215282,207.4105549,260.0367785,707.0706177,63.82259464
1001,2013,Eastern Cape,GBIF,e,14687062,27.79125,-30.874583,135.9779167,285.3200054,659.5,59.34045315,115.7133789,268.3234863,556.0849609,55.64672852,90.5,257,690,48.5,114,271.25,656,51,146.3843226,238.0451775,679.0596619,60.94126797,148.0563331,240,670.1627808,60.11525726,155.6868958,250,639.3568115,56.99808502,161.0993147,240,682.9870605,58.49162102
1002,2015,Free State,GBIF,e,14541950,24.79125,-29.707917,178.4529161,310.6199837,394.75,63.34266281,165.1499023,314.8828125,255.6320801,84.52612305,131.5,312.5,427.25,54.5,164.25,322,377.25,50,200.9591055,297.0079517,404.2688828,60.95214939,202.6642752,300,395.3254929,59.79189777,215.8250999,300,379.7701187,57.97296619,219.5244265,300.0719404,392.7317123,58.27102375
1003,2018,Northern Cape,GBIF,e,14676630,24.79125,-30.79125,151.9004154,356.2499905,346.25,59.27964497,136.8681641,324.4755859,212.9611816,79.80029297,105,326.5,378.25,55,136.5,337.5,331,51.75,190,290,380.1842117,64.49323082,190,290.2592945,372.6325989,60.01712227,200,302.9728937,350.649437,57.70936966,207.5371313,300,372.7021942,56
1004,2019,Northern Cape,GBIF,e,14676632,24.874583,-30.79125,149.7562504,356.4100075,358.5,58.57699585,133.8310547,327.2216797,230.2692871,75.96899414,101.5,329,395.5,54,133,340.25,346.75,50.75,188.5854578,290.1357841,386.3015823,64.25326443,189.8639345,293.9581251,378.9026718,60.03917599,199.4205761,304.0135431,357.3094635,57.9366293,202.1394348,300,379.401062,56
1005,2020,Northern Cape,GBIF,e,14676634,24.957917,-30.79125,147.1350002,355.8899975,369.5,58.52567768,130.5119629,329.9875488,246.3896484,73.78588867,98.75,332,412,53.5,130,343,363,50,183.8120747,293.7147808,399.6612854,63.10990715,188.383913,298.244977,392.5452652,59.60960579,196.6508198,304.1668701,371.1104736,57.1146698,200.0357866,300,393.8148956,56
1006,2021,Free State,GBIF,e,14272644,27.04125,-27.54125,171.7291689,291.3600016,589.25,69.16717911,157.2480469,300.5527344,466.0900879,85.66650391,124.75,295.5,642,60.5,157,297.25,585.5,61.5,194.7202587,280,617.7390137,72.22619438,196.2103271,290,614.9345093,73.91133499,208.278532,280,622.6007538,72.46571159,210,278.609457,648.5524902,75.14055443
1007,2026,Western Cape,GBIF,e,14852714,23.29125,-32.207917,164.2941666,296.3999987,255.25,45.48462105,152.5478516,273.2958984,134.6420898,77.57446289,120.75,289,247.25,44.5,154.75,291.75,223.5,40,189.8037195,260,267.2467422,48.76370525,189.890151,270,271.1561813,46.17134476,199.8037195,279.7812605,259.6581154,43.7547245,206.8480062,280,265.8701782,45.38014793
1008,2031,Free State,GBIF,e,14479816,25.874583,-29.207917,163.4391689,333.4200001,474.5,64.8825798,157.4360352,311.5351563,334.112793,84.85620117,123.5,308.75,507.5,56.75,156.5,313.25,456,55,199.6897793,310,518.6920929,70.35148621,200,310,510.7702866,71.08133888,210,300,501.8965225,68.95425987,216.1407232,300,511.8740463,66.75948334
1009,2032,Free State,GBIF,e,14469486,27.124583,-29.124583,149.7154164,308.2500029,658.25,64.69114685,140.3942871,299.2668457,521.0876465,71.88598633,107.25,294.25,685.5,55.25,139.75,299.5,622.25,56,175.2776098,290,674.3052826,68.4053421,176.8853712,290,670.1296234,69.27269554,187.7483463,289.644537,655.0656738,68,192.8599596,280,673.335907,68
1010,2033,Limpopo,GBIF,e,13910094,29.124583,-24.624583,198.6824942,275.9100008,529.75,85.06165314,190.0241699,263.7768555,417.5407715,94.93408203,162.25,268.25,549.25,75.25,189.25,275.25,514.25,76.5,230,250.6481171,511.6742172,87.87952995,230,250.6481171,532.0411224,91.66955185,240,268.7650299,582.5406342,95.8816452,250,260.5992842,559.8799438,94.20578384
1011,2034,Free State,GBIF,e,14355490,25.624583,-28.207917,167.3566675,325.5900002,493.75,70.34612846,156.9953613,329.9555664,355.7207031,95.29077148,125,317,535.25,63.75,156,324,478.75,62,200,280,553.1921997,75.70142174,200.0719404,290,542.6698456,77.56468582,210,290,541.7382202,74.81050491,218.7919426,290,551.8688812,74
1012,2035,Northern Cape,GBIF,e,14086004,20.374583,-26.04125,201.2154198,339.1900063,212,92.76871872,186.2573242,338.1086426,135.8513184,120.2731934,153.25,343.75,250.25,92,181.75,363.75,215.5,79.25,240,310,191.6011086,90.17580795,240,312.6428461,184.7937965,86.08010483,250,300,187.9670067,84.57788658,252.0994854,310,186.8983383,83.96319771
1013,2037,Northern Cape,GBIF,e,14469418,24.29125,-29.124583,181.7520809,326.3599968,398.25,71.37986946,164.5537109,326.8039551,260.739502,87.5703125,130.25,316.75,429.25,61.25,163.25,324.5,378.75,57.25,209.743166,300.3822994,395.4065857,66.83352661,210,310,381.5318298,65.40032768,220.0367785,310.0367785,381.304451,65.65299988,227.3147774,310.717411,387.3371277,66.01667786
1014,2043,Free State,GBIF,e,14283004,27.04125,-27.624583,170.8770847,289.9599886,587.25,68.69911385,155.4121094,298.5092773,462.9772949,85.97680664,123,293,639.25,60,154.75,296.75,581.25,61,191.0080194,280,609.0780029,72,191.7544174,290,607.4422302,73.22919083,204.1186333,280,614.3653717,72,210,278.9813852,639.1711578,75
1015,2044,Free State,GBIF,e,14283006,27.124583,-27.624583,171.1954212,292.840004,591,69.12292671,157.1638184,297.7785645,465.4230957,84.76928711,125.25,292,639.75,59,156.75,298,581.75,60.75,194.9273252,280,570.9168549,72.0454483,195.0845528,290,570.3375854,73.97465897,207.7364302,279.4441271,574.6007233,72.10357475,210,271.2359571,597.0956116,75
1016,2050,Western Cape,GBIF,e,15039148,21.374583,-33.707917,172.7970839,243.2499981,338.75,19.97405672,149.4487305,237.5056152,276.8273926,34.00073242,123.5,286.25,338.75,18,152.25,258.25,327.75,17.5,185.009737,224.6135569,441.813736,21.19552231,187.5188732,231.8568802,438.309082,19.13022423,195.950017,250,431.1128845,22.46295738,200.6298304,257.5791216,423.9359589,24.21344328
1017,2051,Northern Cape,GBIF,e,14883732,20.707917,-32.457917,117.084167,296.2599993,269,19.70754004,101.7199707,274.9506836,205.5012207,42.02905273,70,291.5,319.25,30.25,104,292.75,280.75,33,150.1080418,257.8831482,279.8945618,25.45149899,150.8936906,266.5613508,284.5254822,23.83115768,158.0084753,269.9648428,277.913887,23.51039124,160.604291,270.4142237,275.668663,20.82534027
1018,2055,Western Cape,GBIF,e,14863062,22.79125,-32.29125,170.989995,285.3999949,244,43.7544775,160.4631348,263.1774902,138.7685547,66.48999023,129,280.25,242.75,42.5,162.75,282.25,218.75,37.25,189.9262667,260,271.8651886,46.86025238,195.2589989,270,277.0897369,44.85448933,200.0107384,279.6697855,268.3050461,42.97092342,208.4769964,280,275.4354477,45.1117239
1019,2057,Mpumalanga,GBIF,e,14169088,28.874583,-26.707917,154.859581,263.4100056,682.25,75.35610199,147.871582,274.46875,561.7460938,80.27368164,118.75,266.25,700.25,65.25,147.5,275,675.25,70,180,240,653.9596405,79,180,252.0014477,672.8382874,82,190,260,681.7181244,82.1066227,192.8650284,260,702.0306396,84.50868988
1020,2058,Mpumalanga,GBIF,e,13941232,31.54125,-24.874583,214.8183346,239.1899967,619,77.28699493,210.3022461,225.4069824,499.4025879,76.86499023,184,226.25,667,67.75,208,242,601.75,64.75,249.4719172,190.0209999,564.7815399,78.99476051,247.0995617,195.0917482,593.8779907,82,250.1607943,210.1209402,664.1456909,89.97081947,260,200,611.9352722,86.81774712
1021,2060,Northern Cape,GBIF,e,14738796,25.04125,-31.29125,140.7416677,294.119997,421.25,55.94429684,119.7578125,286.8864746,314.6662598,59.38061523,88.75,298.75,471.5,49.75,120,306.5,422.5,47.5,161.1355448,280,423.5262833,65.57573891,163.5235524,280,417.4123001,61.8017025,174.637289,290,395.6346817,62.35909367,179.9301577,290,418.9465637,61.29519463
1022,2061,Free State,GBIF,e,14552300,24.374583,-29.79125,182.663331,323.4800148,359,63.99972153,166.262207,324.9255371,194.1987305,88.42529297,132.25,322.25,362.75,53.25,165.5,332,317.75,50,210,300,326.9591217,60.0050106,212.2202158,308.7306499,317.9693375,58,229.105134,310,304.5469589,56.06392097,230,310,316.0750427,57.0882864
1023,2062,Mpumalanga,GBIF,e,14200172,29.04125,-26.957917,150.9808326,274.9300003,673.5,72.86370087,144.7624512,286.5856934,547.4130859,82.68847656,114.75,279.5,684,67.75,144.5,284.5,658.75,71.75,180,240,625.0283661,78.03574562,180,260,643.164978,80.99835587,190,260,641.4052124,80.93668556,194.3301821,260,662.8422241,83.63352966
1024,2063,Free State,GBIF,e,14521234,24.957917,-29.54125,176.2583351,320.5300093,410.5,64.1827774,166.8859863,310.6005859,267.8662109,85.00830078,133.25,307.25,435.5,55.5,166,314.75,388,51.5,205.4121494,300,398.6011887,63.52779579,207.9255056,304.0624046,390.3501968,62.635499,219.892087,300,375.8830032,60.51059246,220,300,385.4279175,59.60130787
1025,2068,Eastern Cape,GBIF,e,14966766,27.124583,-33.124583,178.2787514,191.1499929,639,33.6900034,169.0651855,202.1699219,505.8876953,36.28613281,135.25,255.25,661.5,31.25,169.25,208.5,588,28.25,195.3937769,197.7701998,621.8019867,38.79152393,194.3641424,200.464139,624.6515503,36.54246807,203.5106277,202.9008627,591.3367615,37.04333115,209.9264383,199.8536301,624.7352448,39.3494339
1026,2070,North West,GBIF,e,14003276,26.707917,-25.374583,193.394165,277.8600025,639.25,81.61122131,183.7927246,269.1398926,506.6254883,90.66748047,155,256.5,679.25,71,181.5,275.75,623.5,70.5,220.6656551,244.8818254,540.4230499,81.61684227,220.2701378,250.1659536,546.2545013,83.88801003,230,263.2525682,610.7895355,85.93098831,232.5885344,260.6088209,607.1081543,86.36357498
1027,2072,North West,GBIF,e,13920384,26.207917,-24.707917,205.3787518,284.2500019,524.75,83.54351044,192.5710449,291.5061035,326.2661133,121.4111328,158.75,279.25,447.25,75,190.75,289.75,411,75,232.3524475,250,474.6381912,85.72288895,231.7228937,260,472.1096954,87.65412331,239.5138502,280,544.7919159,90.4643364,243.9668703,279.1591978,535.263092,88.60614967
1028,2076,Free State,GBIF,e,14417696,27.54125,-28.707917,144.1012478,301.1399937,701.25,64.68622017,137.6708984,282.8234863,580.8718262,68.41870117,105.25,277.5,739.75,54.5,137,286.75,676,57,167.014327,280.007,731.9755096,70.98506355,168.2122135,290,729.9369507,71.82870674,181.202631,280,709.4019012,70.21987724,184.3827009,279.8792267,731.8552246,70.99495506
1029,2085,Free State,GBIF,e,14407326,27.124583,-28.624583,157.9612494,313.0699968,609.25,65.47821426,148.161377,303.4086914,464.3125,76.03857422,114.75,296.5,628.75,56.25,147.25,303.25,574.5,58,183.6756134,296.3711405,617.4719086,69,184.4692373,300,615.0322266,70.01547813,199.0242529,290,604.4231873,69.06225777,201.4637041,290,620.8765564,70
1030,2086,Mpumalanga,GBIF,e,14252000,30.207917,-27.374583,132.7049994,228.7400007,791.75,74.98590088,124.8974609,237.1325684,704.0952148,63.66552734,94.75,229.75,847.75,60.75,124.5,236.75,808.5,65.25,149.8489738,210,932.2180939,76.93478203,148.0504632,210.6537867,977.8505859,80.97301483,159.3663788,230,937.8615417,80.53787041,164.0433311,219.4844151,956.969635,81.96404648
1031,2089,Free State,GBIF,e,14417668,26.374583,-28.707917,163.2566643,326.8299961,547,67.00611687,152.1279297,333.9558105,412.0146484,82.64697266,118.5,328.75,587.5,59.5,151.5,331.75,528.5,59.25,198.0756044,290,595.8824005,71,199.8207664,299.9418831,589.8087921,72.00374222,209.9645042,290.613718,588.282608,70,210,290,597.5255432,68.72765732
1032,2093,Northern Cape,GBIF,e,14334748,24.707917,-28.04125,185.3529215,304.380002,469.25,75.04602432,170.9365234,330.2041016,299.1772461,102.9333496,139.25,310.25,477,67,168.25,325,423.25,61.75,210.0331926,300,448.4606781,75.37268448,210.7879877,310,432.1982422,75.63692093,220.7528353,310,438.3660583,74.82584381,226.7485142,300,447.9954529,74.7647438
1033,2094,Northern Cape,GBIF,e,14334746,24.624583,-28.04125,187.2704172,308.5099888,464.75,75.30948639,176.0820313,330.1152344,285.5498047,104.0185547,144.5,312.5,459.25,68,173.75,326,407,63,216.3277006,300,412.7474289,76.51149559,219.0709686,310,397.670929,76.70241547,228.8878679,309.147191,404.512764,76.0888958,230,300,413.1239243,76
1034,2095,Northern Cape,GBIF,e,14345106,24.624583,-28.124583,188.7112522,311.0199928,460.25,75.36499596,174.1767578,329.4399414,289.9628906,101.2426758,142.5,312.75,465.75,66.25,172,326.25,411.75,62,213.3853054,300,421.8430176,75.92657471,216.2656832,310,405.8401794,75.93878174,226.1538506,310,414.1807556,75.78264618,230,305.5562878,422.6037521,75.86039925
1035,2096,Northern Cape,GBIF,e,14407260,24.374583,-28.624583,182.4812508,321.809988,435,74.19578171,170.4956055,323.4584961,291.0112305,90.10009766,136.75,312.75,463.5,65.75,168.5,326,408.75,61,210,300,433.9047241,71.82180786,210.08986,310,420.12854,71.3012352,220.08986,320,426.690567,71.34835625,225.0942802,310.0493145,433.57901,71.82919693
1036,2097,Northern Cape,GBIF,e,14407258,24.29125,-28.624583,184.102087,321.5899944,430.5,74.71187782,171.576416,324.5910645,283.3410645,91.42895508,137.75,315,457.25,65.75,169.75,328.25,401,61,210,300,414.3472977,72.61876106,210.0844717,310,401.0473099,72.05935478,220.0844717,319.5970392,407.7997208,71.95937347,227.7967119,311.9238043,414.07341,72.17827034
1037,2099,Free State,GBIF,e,14469468,26.374583,-29.124583,159.1899991,324.5699978,550.5,65.41716576,151.3613281,317.8596191,433.6879883,76.1328125,117.25,316,611,57,151,320.5,549,56,190.0822115,301.0797215,578.8562012,70,190.9391546,310,572.5126495,71.15565872,205.9217215,300,567.7977905,68.65480423,210,300,578.41716,66.1172905
1038,2101,Free State,GBIF,e,14562682,25.29125,-29.874583,154.1970825,319.4899988,439,60.61404991,142.0251465,310.0383301,304.845459,78.03588867,109,308.25,480.5,52.25,141,315.5,425.5,49,187.7377367,300,492.3618088,64,189.130187,300,491.0525589,63.90249062,199.5522404,300,465.6994247,59.96253204,201.2651253,299.8561192,480.0358887,58.10800648
1039,2105,Free State,GBIF,e,14562686,25.457917,-29.874583,159.2337537,329.4699955,430,61.16920662,148.2504883,308.8164063,284.2729492,82.28808594,115.25,307.75,455.75,53,147.5,314.75,403.75,49.75,190,300,458.0253677,64,190,300.5351925,457.3116989,64,207.495451,300,435.6022873,60,209.9640274,300,448.077301,58.02592945
1040,2106,Free State,GBIF,e,14541960,25.207917,-29.707917,167.1637487,312.9799986,425.25,61.56735992,155.7817383,308.2541504,284.9362793,83.62353516,122.75,305.75,455.25,54.25,155,312.25,405.75,50.5,197.3854494,301.4226198,458.7075119,64.98639297,198.4461594,307.4874067,454.8976669,64.81820488,209.2466068,300,431.4227676,61.2071991,212.3625088,300,442.3268967,59.24059868
1041,2110,Free State,GBIF,e,14521248,25.54125,-29.54125,165.9654188,326.7100143,439.25,62.88234329,157.6953125,309.5319824,291.1123047,86.15087891,124.25,307.25,459.5,56,156.75,312.5,413,52.75,198.6584091,310,450.3577118,67.06628799,199.6036816,316.4712429,445.1662064,66.97811127,209.9070597,310,427.6445389,64.0903101,215.6593561,310,438.0114746,62.30342388
1042,2113,Free State,GBIF,e,14386620,27.707917,-28.457917,152.9595828,309.1700077,673.5,65.45562172,147.0644531,292.911377,543.434082,70.73242188,115,285.75,703,55.25,146.5,293.5,644.25,57.75,179.8692942,279.9923468,633.5345001,71.99824142,179.9895763,280,634.2471924,73.44010162,192.6734686,270.1352024,617.4619751,71.96188545,199.2999458,270,638.243576,72.23128128
1043,2114,Free State,GBIF,e,14376260,27.707917,-28.374583,153.0387497,302.0100021,661.25,65.93958855,145.9189453,293.8393555,542.2692871,71.03930664,113.75,285.75,702.75,55.5,145,294.25,644.25,58,179.0165472,279.9925137,635.6049652,72,179.2940617,280.0663805,637.0352478,73.6209259,192.8214073,272.1785069,621.1716919,72.04854012,198.2216454,270.1161671,642.0504761,72.56492233
1044,2115,Free State,GBIF,e,14376256,27.54125,-28.374583,156.588335,309.3499994,643.5,66.04218102,149.1479492,296.7819824,506.8803711,74.20117188,117,290.5,669,56.5,148.25,298,611.5,58.25,180.9072065,283.4383154,641.9958954,71.98701096,182.8751469,289.9121141,642.6075592,73.50475883,199.3637705,280,627.7825012,72.26563072,200,279.940114,647.3963928,73.02809906
1045,2116,Free State,GBIF,e,14189762,26.957917,-26.874583,172.711668,290.1400042,606.75,73.8263092,161.6899414,291.5227051,478.8120117,85.82446289,129.5,284.25,659.75,65,160.75,288,600,65,200,270.0719404,587.2702026,78.81310654,200,280.397296,587.2207336,79.77669907,210,280,603.73349,78.88706207,220,280,629.1188965,81.02737808
1046,2117,Mpumalanga,GBIF,e,14241624,29.54125,-27.29125,142.7291679,260.5099964,717.75,75.42662239,134.0549316,271.0668945,595.7646484,71.29760742,103,262.25,741.5,62.25,133.25,267.25,706.25,67,165.2689314,227.5118065,655.1417999,76.37551308,165.2689314,245.2250528,673.479538,79.49372482,179.1722584,250,658.20401,79.30010796,183.1315804,244.5395088,678.8250732,81.16706848
1047,2119,Free State,GBIF,e,14365900,27.707917,-28.29125,154.5479155,304.7599983,661.75,66.6887989,147.0966797,296.0004883,530.0341797,71.8359375,115.5,288.5,689.5,55.75,146.5,296.75,632.25,58,179.9011803,280,624.3367767,72,180.2361107,280.320425,626.2957153,73.7457943,195.2486467,273.0378485,611.7660522,72.05897331,199.7616959,271.3654852,632.5727081,72.88185692
1048,2120,Free State,GBIF,e,14386618,27.624583,-28.457917,153.7016654,311.1000013,670.75,65.96755219,147.1608887,293.9240723,530.5488281,71.94018555,115,287.25,690,55.75,146.75,295,631.75,58,180,280,681.1333008,72,180.0372791,280.6228352,681.5840912,73.84243584,194.3651438,277.1641636,664.1373138,72.29184723,200,270.38311,685.3900146,72.97454453
1049,2121,Free State,GBIF,e,14376258,27.624583,-28.374583,156.2599993,308.7999964,645.25,65.90778732,149.2209473,296.3942871,517.1879883,73.15869141,117.25,289,676.25,56,148.75,297.25,619.75,58,180.8818436,280,631.5708923,72.10852814,182.6515293,285.5335999,632.7249603,74,199.5870733,279.671073,617.4569092,72.97107887,200,276.2113619,637.4218292,73.26441574
1050,2122,KwaZulu-Natal,GBIF,e,14262358,30.124583,-27.457917,139.3691659,231.2199974,785,75.05784798,131.4174805,246.9807129,682.7106934,64.75366211,100.75,238.25,827.25,61.25,131.25,246,788.5,65.25,157.7203345,210,867.9847565,76.64563751,157.2457266,219.3749332,908.2971649,80.47186089,167.6457834,231.2704897,870.5841217,79.98287773,174.0629101,220,891.0164948,81.7061367
1051,2124,Free State,GBIF,e,14200146,27.957917,-26.957917,160.9733343,294.4099951,656.25,73.58771706,155.0583496,292.7358398,529.4609375,80.35058594,123.75,283.75,687.25,60.75,154.75,288.25,648,64,190,240,643.5742188,77.00372696,190,254.5754242,652.2326202,78.7994175,200,260,660.3625641,78.09427643,210,260,684.0168152,80.14603424
1052,2126,Gauteng,GBIF,e,14055130,28.957917,-25.79125,171.0791683,243.499999,691.25,81.03683281,156.7558594,270.2231445,555.8293457,81.97949219,132.5,255.5,697.25,68,154.5,278.75,671,71.5,194.0160036,239.9555683,719.9615326,81.30808449,193.5225153,240,742.6332092,84.32120323,205.1178885,250,787.4094238,86.75508499,210.6732035,249.7992992,780.4158478,86.07217598
1053,2128,Northern Cape,GBIF,e,14314028,24.707917,-27.874583,189.5825005,317.1899891,468.75,75.73390007,177.1140137,326.9685059,289.1499023,105.8842773,146.25,306.5,464.25,69,174.5,321.75,409.5,64.25,213.4322739,300,414.864151,76.66191673,218.424058,310,401.4250107,77.22584343,228.3537531,300.5584192,404.0747833,75.65888214,230,300,413.6532135,75.35366249
1054,2131,Northern Cape,GBIF,e,14314026,24.624583,-27.874583,191.8554163,316.719985,466,76.00813675,177.4660645,327.3757324,286.5500488,106.746582,146.75,306.75,463.5,71,174.75,322.25,405,65.75,217.2592163,299.3193722,404.6191483,77.86496544,219.8294401,307.9476786,391.4065399,78.27804947,229.8294401,300,394.9966049,76.58496666,230,300,403.9186249,76.33722878
1055,2132,Northern Cape,GBIF,e,14324388,24.707917,-27.957917,187.5466681,311.1499882,466.75,75.59421349,174.8769531,329.9868164,290.1630859,104.9445801,144,310.75,466.75,67,172.5,324.5,414,62.75,210.658474,300,425.7103271,75.98143387,214.6269274,310,410.9896469,76.35178375,225.2250528,307.828455,415.3781891,75.28495407,230,300,424.9025116,75.12599564
1056,2133,Mpumalanga,GBIF,e,14220910,29.79125,-27.124583,141.6941667,252.8200006,724.75,75.98273659,135.8464355,261.8056641,609.734375,68.66625977,105.5,252.75,755.25,63,135.5,258.5,722,67.75,164.6525049,220,730.7052612,78,164.7635126,239.6575499,756.1250458,81.92397499,177.9306889,241.4043856,736.272049,81.99155235,180.0740576,239.4007158,755.1315613,83
1057,2134,Northern Cape,GBIF,e,14438330,23.957917,-28.874583,185.9079218,329.8600101,388.5,75.62588882,174.9458008,329.6474609,228.2414551,101.331543,140.5,318.5,398.25,69.25,173.25,330.75,345.25,62.5,217.6550531,307.2871876,361.3177261,74.79452705,219.1245604,310.4747534,348.3000183,73.17552185,227.8256178,318.8735962,352.8325653,71.4341526,230,321.6536236,354.3827515,69.89584541
1058,2136,Free State,GBIF,e,14542002,26.957917,-29.707917,154.5220852,311.0700035,627,63.08735657,144.5092773,300.4250488,477.1171875,71.04907227,111.5,299,646.25,54,144,309,579.5,53.75,179.8116875,294.9790573,651.4313202,69,180,299.1389561,647.3883209,69,192.6928711,290,629.7673798,67.81222725,198.528204,288.9177561,648.6994324,66
1059,2137,North West,GBIF,e,14324394,24.957917,-27.957917,181.3354206,313.7799978,478,74.4174118,165.8317871,329.1459961,321.0246582,102.4577637,135.25,308,497.75,65.25,163.75,322,444,61.5,210,293.068738,480.040123,75.04270172,210,300,465.5467911,75.90350533,220,300,464.7021866,73.92397499,220.1455021,297.9930639,475.8195114,73.20731544
1060,2141,Northern Cape,GBIF,e,14396898,24.29125,-28.54125,184.8175001,325.5099964,434.5,75.32119751,174.6640625,324.2670898,279.486084,93.07324219,141.25,315,453,66.5,172.25,329.75,397.25,62,211.1264038,300,408.9929733,73.82451057,213.5046959,310,395.2170258,73.34000206,223.3440542,316.9626665,403.4197922,73.18167114,230,310,409.4620285,73.20589066
1061,2146,Free State,GBIF,e,14438360,25.207917,-28.874583,177.162919,326.2300205,448,68.42675018,166.0693359,315.9663086,292.1474609,94.46313477,132.5,307.75,457.5,60.5,164.5,314,415.25,57,210,300,448.4965134,71.09261131,210,301.8101978,439.401062,71.68416595,220,310,430.0568466,69.70939445,222.7043867,310,437.6932831,68.17040634
1062,2147,Free State,GBIF,e,14448720,25.207917,-28.957917,176.9312525,325.6000042,444.5,67.13657379,166.7636719,315.3928223,288.2868652,94.33056641,133.25,308.25,454.5,61.25,165.25,314,412,56.5,210,300,437.6976547,70.25091553,210,309.400382,428.6556168,70.61912918,220,310,418.7846756,68.68852615,224.9710226,310,426.6180496,67.1404438
1063,2148,Free State,GBIF,e,14448718,25.124583,-28.957917,177.8995848,323.7499905,444.25,67.27870178,167.5905762,314.9291992,290.0783691,92.39794922,134.25,305.75,458,60.25,166.25,312.75,412.75,57,210,300,431.557869,70.2777729,210,308.3528709,421.8425446,70.46340179,220,310,413.0730133,68.90128708,229.0168142,310,420.6421204,67.47923279
1064,2154,Free State,GBIF,e,14365890,27.29125,-28.29125,161.1445785,304.8900032,607.75,66.54369164,150.8344727,299.3857422,469.2416992,77.9284668,118.5,293.75,633,57,150,302.25,578.5,58,186.8030357,290,602.39151,71.00745583,187.5492859,290,601.9640045,72.40780067,199.8891592,280,592.2344055,71.84936714,205.0494432,280,609.47229,72.95776367
1065,2155,Northern Cape,GBIF,e,14334750,24.79125,-28.04125,183.9587498,311.2599993,468.25,74.75108147,168.1877441,331.4001465,307.2219238,102.0375977,137.25,311.5,483.5,65,166,324.5,432.25,61,210,300,453.7971954,74.11622047,210,309.9270868,437.9486008,74.39628029,220,308.2574224,442.3426743,73.40272141,222.373333,300,451.9543915,73.17028809
1066,2156,Northern Cape,GBIF,e,14324390,24.79125,-27.957917,185.6662464,308.2700062,472.25,74.99856949,171.4611816,331.5061035,299.7575684,105.0734863,140.75,310.75,477.5,66.5,169,324.75,424.25,61.25,210,300,441.0707474,74.90341187,210,310,426.33078,75.4417305,220,304.1447639,429.2533569,74.00282288,228.8541698,300,439.4295044,73.75000954
1067,2157,Northern Cape,GBIF,e,14324392,24.874583,-27.957917,183.5249996,309.0699911,473.75,74.85156059,167.8916016,331.125,311.6716309,103.3759766,137,310,488.5,65.5,165.5,323.25,436.5,61,210,299.834137,459.7521744,74.44225502,210,304.7777748,445.060112,75.26621819,220,300.0164366,446.1336594,73.48817062,223.7680197,300,456.7607727,73.11817932
1068,2158,Free State,GBIF,e,14521250,25.624583,-29.54125,164.4849968,330.5900002,443.25,62.60437012,156.402832,310.2199707,295.1379395,86.01098633,122.75,308.5,465.75,55.5,155.5,313.5,416.25,53,198.1227922,310,439.9745483,67.98561096,199.4454336,317.3373795,434.5513306,67.91286087,210,310,419.0019073,64.93372536,211.7122078,310,429.2605057,63.2794714
1069,2159,Free State,GBIF,e,14438386,26.29125,-28.874583,164.956665,323.6400032,548.5,65.91692162,154.4648438,324.90625,405.6784668,81.05859375,120.25,322.5,582.75,57.5,154.25,325,523.25,57.5,198.6678743,300,552.8864899,71,199.1356754,300.4695606,547.2627563,72,209.7407007,300,544.1094208,69.92171288,214.0438128,297.6429462,551.6408539,67.74759674
1070,2160,Free State,GBIF,e,14521252,25.707917,-29.54125,162.6966667,331.6899967,448.5,62.6698494,154.2712402,311.1345215,303.0043945,85.36132813,120.75,310,474.75,56,153.75,313.5,423.25,53,192.7525568,310,466.9408417,67.98112106,195.5925894,315.4034424,461.2228546,67.97677422,210,310,445.8852386,65.01828384,210.0283146,310,456.6700897,63.31865406
1071,2163,Free State,GBIF,e,14272648,27.207917,-27.54125,168.462081,288.7599993,597.75,69.3412056,155.8850098,291.9997559,485.1135254,80.35620117,124.25,285.25,659.5,59.25,155.25,292.25,601,61.5,190,279.8329592,608.4834442,73.15725136,190,286.2875414,607.5637512,74.34100533,200.6840563,270.1196241,611.383667,73.22015572,209.22472,270,635.8626556,75.95462418
1072,2168,Northern Cape,GBIF,e,14407268,24.707917,-28.624583,182.2591686,318.4200001,448,72.32645607,172.4238281,317.4680176,298.0046387,92.48803711,139.25,304.75,466.5,64.25,170.75,316,417,60,210,292.1576834,431.7124481,70.98803711,210.2193928,300.0071573,418.6067352,70.6386795,220.1020479,309.8818302,422.2513809,70.8859539,230,302.1576834,429.0059204,70.96251297
1073,2169,Northern Cape,GBIF,e,14407266,24.624583,-28.624583,183.2754183,319.0899944,445.25,72.69906044,172.859375,319.6606445,296.1520996,91.22045898,140,307.5,466.75,63.75,171,319.25,414.5,59.5,210.2198744,299.9143887,412.5561905,70.86754799,212.4479961,303.9494467,399.759964,70.37567139,221.5533161,310,404.3721695,70.83029366,230,309.9143887,410.9682693,71.25040817
1074,2170,Northern Cape,GBIF,e,14417626,24.624583,-28.707917,182.5866652,320.2099895,440.25,72.66635895,171.251709,318.8935547,299.5039063,89.2331543,138,306.5,470.5,63,169.5,317.25,418,59.25,210,298.9202166,437.7581406,69.90603828,210.9141111,300.8362293,424.6886215,69.5252018,220.1030302,310,428.0232773,69.83779716,230,308.9202166,435.1945572,70
1075,2172,North West,GBIF,e,14231188,26.374583,-27.207917,175.6504154,299.8100042,589.75,71.16026878,164.0549316,296.8359375,454.5109863,89.59619141,130.75,293.5,650,64.5,163.75,295,577,63,200.0177479,279.9502134,549.7743225,75.9173317,200.2051449,289.4219303,544.8790741,77.01950836,210.5337715,279.0598106,565.8403931,77.16962624,220,277.0709944,589.4116516,79.98364067
1076,2173,Gauteng,GBIF,e,14158700,27.707917,-26.624583,162.7712536,289.8499918,643.25,75.9096489,158.6291504,276.5654297,535.9240723,78.90722656,128.5,267,698.5,62.75,157.75,278,654.75,65.75,190,240.9972191,609.4121704,78.99702454,190,257.6132154,620.6485443,80.98560143,200,260,632.5223846,80.47681046,210,260,650.601181,82.6670208
1077,2175,Gauteng,GBIF,e,14148342,27.79125,-26.54125,161.7699957,281.4900017,649,76.40234947,155.9851074,278.1359863,547.7429199,78.6706543,127,266.75,706.75,63,155,280,667,66,190,240,614.3390198,79.97912025,190,250,626.0283356,82.01873589,200,260,640.6928864,81.87706947,207.2270584,260,658.4766693,84.08834076
1078,2176,Free State,GBIF,e,14179416,27.54125,-26.79125,164.4366693,282.6900005,636,74.24630737,157.7712402,280.8918457,520.7265625,79.44433594,126.25,273.5,687.75,63,157,280.75,640.25,65,189.8068285,250,639.3668823,77.93151093,189.8068285,260.2018166,648.2369843,79.62358475,201.3173866,269.4914865,657.1742401,79.28492737,208.0280161,266.2793446,679.3712311,81.55190468
1079,2177,Free State,GBIF,e,14189776,27.54125,-26.874583,163.5516691,282.5000048,635,73.88796425,156.4799805,281.9865723,523.2070313,78.74609375,124.25,275,691.75,62.5,156,281.25,644.5,64.25,189.8731947,251.4166451,651.6132813,77.04851532,189.8580551,265.8674145,659.2710876,78.75032806,200.4019547,269.8613071,667.3726807,78.56568909,205.3154182,269.7200108,691.1877136,80.96074295
1080,2178,Northern Cape,GBIF,e,14655900,24.374583,-30.624583,149.0841651,336.7500019,342.75,60.18190098,131.8312988,328.6975098,209.3806152,79.94238281,98.75,329,379.75,53.5,131.5,339,327.5,48,183.9513922,281.3113499,385.4313126,62.85207748,188.1807327,284.9102545,377.5291214,58.1003828,194.893465,300,353.4498367,54.68969059,200,291.4099789,374.0048294,53.84288406
1081,2180,Northern Cape,GBIF,e,14645538,24.29125,-30.54125,146.5220833,324.8400021,351.25,61.25108814,127.3391113,328.3862305,227.3920898,75.95092773,94,326.75,402,51.75,127,338.5,345.5,47,180.107913,280,426.0427933,62,181.1325216,280.1953077,417.410141,57.97566795,190.2303123,300,391.4959183,54.1405859,196.1582232,290,412.6457367,53.31720161
1082,2181,North West,GBIF,e,14169028,26.374583,-26.707917,164.9849987,278.7300014,629.25,77.72803116,152.230957,272.4660645,507.5063477,90.23681641,120.25,265.25,703.75,70.25,151.25,276,629.75,67.5,190.0299406,251.9299316,618.1976929,79.22759247,190.0299406,264.5896053,617.2538605,79.94519997,200.0654364,260,653.55336,80,206.7915869,260,675.1553955,82
1083,2182,Free State,GBIF,e,14200130,27.29125,-26.957917,165.9908342,274.7899961,622.75,73.29471207,155.8427734,285.770752,514.6494141,79.17919922,123,277.75,690,63.25,155,283.5,635.25,65,191.3135719,260,640.6564789,77.55007172,191.5562534,270.5068254,642.7167969,78.6619339,204.2359686,270,651.2769012,78.185112,209.3206072,270,678.2137451,80.94087029
1084,2185,Free State,GBIF,e,14179426,27.957917,-26.79125,162.6595831,285.98001,637.75,73.84213257,156.5671387,288.3950195,534.541748,80.9934082,126,278,696.25,62,155.75,285.5,654.5,65.25,190,240,638.1440887,78.25736427,190,250,649.4798431,80.4287014,200.5283499,260,660.3134613,80.05916786,210,260,682.5702972,82.28514671
1085,2187,Free State,GBIF,e,14200144,27.874583,-26.957917,161.1054134,294.0299892,643.75,73.40728569,155.638916,289.0966797,527.3581543,79.93554688,124,279.5,689.25,61,155,286,645.25,63.75,190,246.315546,672.6656189,76.86961746,190,259.8856926,681.4444733,78.5724678,200,260,689.1043549,77.91320229,206.641326,260,712.9078827,79.97781944
1086,2190,Free State,GBIF,e,14562684,25.374583,-29.874583,157.0616674,322.4800014,433.75,60.95910645,145.4094238,308.972168,293.0415039,80.22973633,112.25,307.5,466.5,52.75,144.5,314.5,413.75,49,189.5786715,300,479.1034546,64,189.8354673,300,478.2566299,64,201.2107038,300,454.3052139,60,208.551054,299.899087,467.6912003,58.00497913
1087,2191,Free State,GBIF,e,14541980,26.04125,-29.707917,155.6504154,335.6099987,470.25,62.98305511,147.2148438,315.1494141,331.1687012,81.39526367,113.5,316.75,505,55.25,146.5,320.25,452.5,53,190,305.0665188,467.8078613,67.10090256,190.7428026,310,463.8448257,67.65970993,208.9068651,300,451.0838165,64.57577705,210,300,461.0836334,61.95678043
1088,2192,Free State,GBIF,e,14593782,26.124583,-30.124583,149.9887514,321.4400005,469.75,61.57524681,137.6699219,311.0202637,341.1477051,73.02246094,105.5,309.75,515.5,51,137,317,459.75,50,182.9060602,292.0642757,524.5956802,67.05041313,186.1568642,300,521.7225113,66.85322952,194.7447491,300,505.1425934,63.24524307,199.5643044,290.0735617,526.6520462,60.99185276
1089,2196,Free State,GBIF,e,14531586,24.624583,-29.624583,180.6445885,312.7199936,385.5,65.29077148,168.1623535,318.5317383,236.6726074,86.71899414,134.25,315,404.5,54.75,167,324.5,359.5,50,210,300,389.8866577,62,210,300.0367785,378.7666702,60.02236652,220,304.8324251,366.243454,59.12977409,228.1308079,309.9627209,377.9286118,59.50154972
1090,2205,KwaZulu-Natal,GBIF,e,14521348,29.707917,-29.54125,142.0474982,233.9399958,953.75,76.00267792,126.8046875,253.1062012,882.7504883,72.54663086,95.5,247,1021,69.25,127.25,255,950.5,67.75,156.0029125,230,1076.381332,74.17753029,156.7623663,230,1083.495728,75.57121468,169.9382067,234.038558,1044.622162,74.51366806,173.1324053,230,1085.724548,75.77115059
1091,2212,Free State,GBIF,e,14200136,27.54125,-26.957917,163.7858343,287.1999979,620,73.08669853,156.6687012,284.1640625,519.887207,78.5222168,124,275.75,689,62,156,282.5,641.25,64,190,259.0787029,644.6845856,76.32206917,190,269.8565578,650.5411835,78.01093483,200.0356293,269.76542,657.5714874,77.85563087,208.3417606,269.5723772,681.8999176,80.19734383
1092,2218,Free State,GBIF,e,14334830,28.124583,-28.04125,144.5645833,299.8199987,711.25,67.25592804,137.6682129,299.6247559,559.8359375,68.08081055,106.5,289.5,716.25,54.25,137.25,297,663.5,58,170.8277512,260,633.3362885,71.59271049,171.2165642,268.194747,637.3175354,73.31978035,183.6234093,260,628.0845032,70.92262077,188.3327723,259.312644,653.9676514,72.2248764
1093,2219,Free State,GBIF,e,14314112,28.207917,-27.874583,142.5779176,297.5600004,722.75,67.7388649,136.3378906,300.520752,568.9150391,69.79150391,105,290,726.25,55.5,136,296,674.5,59.25,170,250,726.1830902,71.97317886,170,260,731.1791687,73.78170776,180,260,724.2199707,71.58768272,186.8390369,253.8251543,755.2055817,73.71450424
1094,2220,Free State,GBIF,e,14324470,28.124583,-27.957917,144.7670841,300.3599977,709.75,67.34005737,138.0493164,300.6965332,558.3903809,69.19580078,106.5,290.5,717.25,54.5,137.25,297,663.75,58.75,171.0922623,257.9420996,656.4962921,71.21615028,171.0922623,263.7255096,660.6604614,73,183.0580568,260,653.0942078,71,189.7563553,259.869957,679.994751,72.69490623
1095,2221,Free State,GBIF,e,14324468,28.04125,-27.957917,147.5262499,302.8700018,701,67.69165993,141.456543,300.8300781,543.7502441,70.61621094,110,291.5,702.25,55.25,141,298.25,649.5,59,176.4309359,260,615.4517822,71.62763023,176.705184,269.5075941,619.4873199,73.17513847,188.0876923,260,612.1135712,71.04442215,191.1668873,260,636.3701782,73
1096,2222,Free State,GBIF,e,14169066,27.957917,-26.707917,166.4370871,282.050004,649.5,74.70765114,157.46875,288.9775391,532.4370117,81.75512695,127.5,278,689.75,63.5,156.5,288.25,650.75,66,190.2466011,240,614.7162018,79.26679039,190,250,626.3479156,81.45876503,205.3525352,260,638.3606567,80.91528511,210,260,659.0806427,83.43869209
1097,2223,North West,GBIF,e,14158648,25.54125,-26.624583,177.0975018,305.9299994,552.75,77.88028526,166.2590332,303.1054688,385.6367188,103.114502,137,289,566.75,73.25,162.5,304,508.25,69.75,200,270,515.4427261,80,200,280,513.016098,82.01338005,210,260.9462023,537.8553009,82,220,267.5827694,550.5484467,81.66698074
1098,2225,Free State,GBIF,e,14407306,26.29125,-28.624583,163.6991692,331.789999,539.75,67.21313667,153.170166,336.0537109,403.1489258,85.61303711,119.5,329.75,580.75,60.5,152.5,333.5,521,60,199.4067669,290,601.8335419,71,199.9632215,300,594.9677124,72.00735664,210,292.1889353,595.234726,70,210,290,604.6381531,69.02651215
1099,2227,Western Cape,GBIF,e,15080546,19.624583,-34.04125,152.3695874,210.630002,582.25,42.59910774,140.0549316,202.2202148,529.4448242,37.19995117,114.25,263.5,643.5,43.25,142.75,218.5,607.25,48.5,165.746274,227.3024654,435.5235596,37.63889027,166.5343738,228.1143045,427.0075302,39.63068867,172.9077148,229.3292618,431.6283417,34.94846821,175.082202,230.5185938,416.9408035,34.48686123
1100,2230,Western Cape,GBIF,e,15101260,19.374583,-34.207917,164.4470882,212.5099993,652.25,47.67823219,149.5969238,187.7062988,574.4318848,38.07958984,126.5,255.25,662.25,41,153.75,205.75,649,49.5,179.2068434,195.7160521,510.84478,47.14007568,179.3946743,195.8578348,499.2372589,48.62453079,181.3452196,197.2713804,510.9758453,43.79661942,185.9928274,198.2041788,489.4485016,43.3931675
1101,2231,Western Cape,GBIF,e,14997634,18.29125,-33.374583,167.5229168,181.6400051,414,67.45198631,153.0478516,163.708252,384.2155762,53.77563477,130.5,189,497.25,61.75,157.25,174.75,481,66.5,178.9527607,156.7861724,448.1964645,70.7600956,179.7495031,153.7528038,436.807106,70.11233521,189.6757698,161.4031816,427.4948196,64.45560837,190.172863,165.4525042,422.6005859,66.24050331
1102,2232,Western Cape,GBIF,e,15111618,19.29125,-34.29125,157.5870872,189.54,701,48.81182861,141.7834473,169.2739258,670.029541,42.05639648,118,234.75,785.25,44.25,145.25,184.75,764.75,52.75,171.1898327,173.3170128,648.3431244,44.65191841,171.594286,172.5522041,632.3625031,46.18040276,175.3494883,175.3704023,652.8291931,41.68121719,178.9346313,176.428504,623.7599792,41.4809885
1103,2233,Free State,GBIF,e,14490158,25.124583,-29.29125,173.5400009,318.2399988,430.5,65.05153465,163.9472656,310.0869141,287.817627,88.79541016,130,304,459.25,57.5,162.25,310,410,54,200.3528452,310,434.9891281,67.6275959,202.8934813,310,425.9202347,67.13895988,219.4125938,310,412.8561554,65.15765953,220,310,421.7899323,63.19841099
1104,2242,Eastern Cape,GBIF,e,14873472,24.874583,-32.374583,165.0729156,261.4899969,354,44.89761066,153.010498,258.9399414,244.223877,51.19067383,124.25,272.25,358,35.75,153.75,272.75,336,34.25,189.247036,221.9886446,396.9919052,38.36757851,191.4662933,230.007,399.0572357,35.41422653,196.2492657,247.0364141,373.7423859,33.64643955,203.2001686,235.8107042,391.1677246,38.13068104
1105,2243,Limpopo,GBIF,e,13992954,28.29125,-25.29125,194.1487455,270.8299923,574.25,81.81686211,183.0146484,271.7548828,469.8657227,93.41040039,156,264,615.25,71.5,181.25,282.5,581.25,74,230,241.1032343,538.2982941,83.98134804,229.8310566,250,555.5418854,87.36932182,239.9155283,263.142457,612.1598206,91,240,260,597.0459595,89.8981781
1106,2245,Eastern Cape,GBIF,e,14863092,24.04125,-32.29125,170.3425026,276.8200016,297.25,45.03293514,158.9541016,269.215332,171.074707,60.6574707,128.5,284,288,41.25,161.25,286.75,261.5,37.25,187.8249884,239.7822714,308.295639,42.78224277,189.2828321,240.017581,310.8703384,39.56594849,197.7107286,260,292.3265152,36.00053692,203.9889002,250,303.0440445,38.71938133
1107,2254,Free State,GBIF,e,14365886,27.124583,-28.29125,164.6129179,309.3900013,579,66.60149574,154.6984863,303.5949707,443.418457,80.55761719,122.25,298,612,56.75,154,305.5,555.75,58,190.1103401,290,584.1181946,71,190.2206802,290.4926682,582.853653,72.9471035,205.5479908,281.4535856,576.7552185,71.97431564,210,280,592.5687714,72.64046478
1108,2255,Eastern Cape,GBIF,e,14904558,25.124583,-32.624583,177.9129124,287.4599886,329.5,40.13475037,166.2792969,262.0979004,223.1240234,53.43261719,137.25,277.75,334.75,33.75,166.25,274.75,315.75,32.25,200,229.2675734,426.5426636,32.84106922,200,234.2380667,428.8382492,30.83635092,208.4092045,241.4301538,403.831192,30.75984049,210.256834,232.1820974,422.3017883,34.95179558
1109,2256,North West,GBIF,e,14044728,27.207917,-25.707917,176.7299986,255.5600023,691,78.89604378,169.8483887,272.5202637,561.5131836,86.42089844,143.5,255.5,739.5,67.75,167,278.25,680.75,69.25,206.9308376,240,608.1100616,80.41507339,205.9636974,240.7755899,615.1603088,83.29587173,213.7249565,260,676.6630859,85.00635147,218.9453316,259.993,675.6390381,85.04162979
1110,2258,Free State,GBIF,e,14438370,25.624583,-28.874583,171.1200047,333.9600086,455.75,67.27658653,162.8674316,321.2304688,296.4621582,98.03100586,129,315.5,465.25,61.25,162,320,419.75,58.25,209.6354389,300,509.6050644,70.25992203,210,301.3393497,502.835907,71.65839005,220,309.9635458,495.2697906,69.39273453,220,309.8409843,504.4715576,67.8849144
1111,2260,Western Cape,GBIF,e,15090918,20.124583,-34.124583,179.0933371,231.1600018,423.5,31.25704098,162.9023438,220.0866699,438.6594238,22.94555664,137.25,295.5,505.75,26.25,166.25,240.25,493.75,30.25,186.578784,220.0735617,404.6928253,19.87107658,188.4456396,226.0402346,396.2168427,21.09807491,191.8077803,232.6151133,410.6522598,24.84148884,195.8406782,236.5631771,396.7976379,25.8738513
1112,2262,Gauteng,GBIF,e,14065490,28.957917,-25.874583,165.569582,241.1899948,700,80.48952103,152.7524414,268.7893066,562.5615234,81.4543457,128.25,253.5,704.5,67.5,150.25,277.25,679.5,71,189.4894314,240,715.6678314,81,189.2861462,240,737.1365814,84.0086441,200.8504772,250,777.6783447,86.03387451,206.1475086,250,774.1435089,85.90239334
1113,2266,Free State,GBIF,e,14479800,25.207917,-29.207917,172.8433371,322.5599957,434.75,65.34992218,163.9384766,312.8515625,288.458252,91.25097656,130,306.25,459.5,58.25,162.75,311.5,410.5,55,200.7709837,310,440.466095,68.45251656,205.5274439,310,431.5778656,68.19964981,219.6253347,307.1666145,418.5721283,66.00177383,220,309.9397802,427.3341599,64
1114,2271,Eastern Cape,GBIF,e,14852748,24.707917,-32.207917,153.662498,270.9600019,373,47.307724,139.6918945,261.7138672,272.6721191,48.55566406,109.5,273.5,398.5,38.25,139.5,276.25,368.75,35.5,173.0254841,231.152277,527.3146515,45.5418129,174.8029566,239.9176598,529.3094177,42.34423733,181.5876913,256.2045908,491.7535477,39.72633362,186.5114594,240.8965683,517.2332993,43.64117527
1115,2275,Free State,GBIF,e,14583430,26.457917,-30.04125,146.075418,318.039999,541.5,61.25073528,132.4797363,310.032959,404.7734375,69.39135742,100.25,304.75,580.25,51.25,131.75,314.25,521,51,176.9753981,290,582.6501465,68,179.2685366,300,577.4555054,67.96718979,188.5048628,293.5693121,560.7442169,64.85376167,190.2517939,290,584.4634399,62.98541737
1116,2288,Limpopo,GBIF,e,13785780,29.374583,-23.624583,185.9404182,239.2999983,602.5,81.36600685,173.8774414,219.5317383,487.3242188,91.37548828,149,224.75,630.25,73.75,173.75,238.25,563.25,73.5,214.2086935,210.7711935,376.5122375,83.41880989,210.3038836,220,398.3131485,85.0220108,220,220.7023048,440.4605331,91.38695335,230,211.679225,410.7244568,88.07212448
1117,2291,Free State,GBIF,e,14521266,26.29125,-29.54125,150.6683326,329.3900013,527.5,63.6507082,142.2102051,312.6020508,408.0817871,75.20214844,108.25,311.75,585,54.75,141.75,315.75,522.75,54,181.6520119,300,595.9904175,68.69814682,185.7852411,301.2701416,589.829483,69.62669373,200,291.4100885,580.4965363,67.13926125,200.2517939,290,591.6700134,64.16364479
1118,2294,Free State,GBIF,e,14376220,26.04125,-28.374583,161.5116692,339.8699951,527.25,68.92901611,152.2211914,343.5327148,400.9082031,90.68969727,119,334.5,582.75,63.75,151.75,338.5,521.25,62,195.8943987,289.6115065,596.6036377,72.70761108,199.7622061,290.0354958,587.296936,74.31277084,210,290,591.3778687,72.01882935,210.0139999,290,602.1987152,71.69458771
1119,2295,Free State,GBIF,e,14355500,26.04125,-28.207917,163.0791616,340.5800056,529.5,68.78042221,154.7075195,341.7380371,399.4006348,91.05371094,121.75,329.75,584.75,62.75,154.25,335.75,520.5,61.5,199.9044657,290,565.5028381,72.25853348,200,297.697649,555.741684,74.00154305,210,291.6577673,560.8352966,71.83524513,210.5792236,290,573.5606537,71.99925232
1120,2296,Free State,GBIF,e,14365858,25.957917,-28.29125,162.4695826,337.7200031,518.5,69.02812195,153.619873,341.3625488,391.217041,91.81005859,120.75,330.25,574.5,63.25,152.75,335,512.25,62,200,287.4364042,576.7003174,73.13046455,200,290,567.0531464,75.0057106,210,290,570.9335022,72.34935951,210.8127928,290,581.8783112,72
1121,2299,Free State,GBIF,e,14417710,28.124583,-28.707917,146.9283342,288.1800079,723.75,65.59460831,144.4631348,276.6225586,645.4558105,66.09692383,112.75,271.75,795.25,54,144.25,280.75,732,57,161.3647556,271.6223431,768.3069305,70.83862686,161.5109158,276.8755674,767.8641815,71.89476204,175.0900459,268.3477545,744.8320313,68.82523155,179.5282984,263.476615,777.11586,69.93816948
1122,2302,Free State,GBIF,e,14500546,26.29125,-29.374583,152.8637505,329.0000153,529.5,64.98156738,146.579834,311.185791,417.8955078,75.30224609,112.25,308.5,596.5,55.75,146.25,314.25,534.5,55,187.9454899,300.0852823,590.7382965,69.43923378,190,310,583.8159027,70.40696144,200,300,576.8435059,68,203.3358669,292.6361656,587.8970032,65.66517448
1123,2305,Free State,GBIF,e,14365860,26.04125,-28.29125,161.7441654,340.5900002,529.25,69.33095551,152.5302734,344.2236328,405.6430664,90.71655273,119.75,334,588.25,63.75,152,338.25,527.5,62,197.4829292,290,595.7349701,72.66129303,200,293.4062862,585.8235321,74.17290688,210,290,590.701355,71.98933601,210,290,602.6613464,71.95090675
1124,2307,Free State,GBIF,e,14510896,25.874583,-29.457917,159.3758321,330.4799938,469.25,63.64736843,151.4035645,312.0583496,331.75,82.14794922,117.5,310.75,505,55.75,150.75,314,452.75,54,190,310,544.181366,68.72121048,190.5419827,310,536.6894531,69.09776115,207.1878958,300.0328779,523.3820801,66.6902256,210,300.3336382,535.0340118,64.48519325
1125,2315,Free State,GBIF,e,14386576,25.874583,-28.457917,165.442915,337.5300026,496.75,69.32084274,156.6245117,337.965332,356.8515625,94.30639648,123,329.75,535,64,155.75,333.5,478.5,62,200,280,554.0152588,73.99121094,200,290,546.3532715,75.9864254,210,290,547.4849091,73.07940292,219.9923468,290,555.7945862,72.01143646
1126,2316,Free State,GBIF,e,14386578,25.957917,-28.457917,163.9516735,340.3299999,509.25,68.6393795,155.0698242,340.0617676,373.1464844,92.68164063,121.75,331.75,550,63.25,154.25,335.25,494,62,200,280.6533623,566.4815216,73.29472923,200,290,558.5376282,75.24517059,210,290,560.5683136,72.76802635,215.591526,290,569.1878052,71.95719337
1127,2319,Free State,GBIF,e,14324506,29.624583,-27.957917,135.2408338,234.1100073,784.25,72.76864624,123.2111816,258.7409668,658.6057129,65.87158203,91.25,248.75,803.5,59.75,122,256.5,756.5,63.5,151.4742494,220.0856113,910.9031372,78.43442345,151.3930345,230,937.3970947,81.46787643,164.5670414,240,895.2255402,79.56427765,168.4561872,235.6693602,928.234314,80.52746391
1128,2331,Gauteng,GBIF,e,14065480,28.54125,-25.874583,167.5104189,246.8000031,706.75,80.23537064,153.8527832,259.9262695,571.7336426,81.71582031,131,244,714.25,69.75,151.25,269.25,687.5,73.25,190.7081032,230,652.2282867,81,190.1775169,239.7051382,667.0708618,84,200.7081032,250,717.5786743,85.83120537,209.4042826,240,713.6769257,85.00165939
1129,2333,North West,GBIF,e,14106880,26.874583,-26.207917,165.0283289,278.9999866,623.75,78.09388542,151.4296875,284.793457,502.5109863,91.67382813,124.25,268.25,683.25,70,149.5,287.5,627.25,69,191.1687279,240,586.3416748,79.02945518,193.0668211,250.0714445,588.1268311,80,204.6683979,252.3728418,626.2945099,80,210,251.1342478,641.6595612,82.0007
1130,2334,Free State,GBIF,e,14365850,25.624583,-28.29125,167.6958323,329.1400051,491,69.99669838,157.8249512,330.6169434,345.8569336,96.04003906,125.25,319.25,523.5,63.25,156.75,324.75,469.25,62,200,280,549.5229797,75.35923576,200.0735617,290,539.3183289,77.23957634,210,290,538.6060638,74.78031731,220,290,547.8392181,74
1131,2335,Free State,GBIF,e,14345128,25.54125,-28.124583,171.1504221,326.600008,490.25,71.22841263,160.4145508,329.0615234,346.9362793,97.24584961,129,314.75,526.75,64.25,159.25,324,470.25,62,200.473628,282.9071093,507.8644943,75.73823166,202.867465,290,497.8344193,77.22083282,212.9486799,290,495.3793945,74.44607735,220,290,505.5292053,74
1132,2336,Free State,GBIF,e,14355488,25.54125,-28.207917,168.915,326.8799973,489.5,71.14908218,158.4226074,328.3691406,347.1518555,96.07250977,126.5,316.25,525.25,63.5,157.25,323.75,469.5,62,200,280,532.70224,76,200.0149727,290,522.1100006,77.77119827,210,290,519.776619,74.98555183,220,290,529.3861389,74
1133,2337,Free State,GBIF,e,14334768,25.54125,-28.04125,171.5079165,327.2900105,494,71.35097313,161.2060547,328.6254883,350.979248,97.88720703,129.75,314.25,532.5,64.5,160,323,474,62.75,200,290,516.1344604,75.01158905,200.4507113,292.2618866,506.2369461,76.9575901,210.8881998,290,503.158699,74,220,290,514.8256378,74
1134,2339,Northern Cape,GBIF,e,14645534,24.124583,-30.54125,162.3333311,321.3199806,332.25,60.17933464,144.7670898,318.2290039,185.314209,83.38696289,111.75,318.5,350.25,53.75,144.75,329.5,299.25,48,194.430747,285.6504059,374.1481781,61.0036459,198.3887672,289.2309093,366.4287109,57,205.2905989,300,343.0416336,52.96386719,210,299.7407007,357.7894516,51.65320015
1135,2340,Northern Cape,GBIF,e,14676608,23.874583,-30.79125,154.4750023,315.7500029,319.25,60.01153851,142.5925293,306.3259277,185.6657715,84.98901367,109.5,308,350.25,54.5,142.5,320.25,299.25,49,187.276206,290,388.6538925,60.96162605,188.8977671,290,381.6736984,57.06684875,198.4851694,300,352.7240219,51.97977066,203.4055424,310,363.356308,50.43021011
1136,2342,Free State,GBIF,e,14459072,24.874583,-29.04125,182.5962543,324.4900036,430.5,68.2811203,168.8962402,318.8947754,295.5449219,88.1706543,135.25,308.75,463,60.25,167.25,317,419,56.25,210,300,398.0275574,68.20941544,210,310,386.8045654,67.82850838,220,310,382.1273804,67.14584541,230,310,389.262085,66.21069527
1137,2344,Free State,GBIF,e,14583416,25.874583,-30.04125,151.5445852,329.6700001,435.75,62.4116869,141.8112793,312.201416,296.8747559,79.85888672,109,311.5,470.5,54.25,141.25,318.75,418.25,51.25,189.7152948,299.3289471,422.8479309,63.40356636,189.977541,300,422.2382278,63.39863491,199.9850273,300,409.6286469,60.00694752,207.1443033,298.102417,423.8544159,57.91668415
1138,2345,Free State,GBIF,e,14562694,25.79125,-29.874583,154.0283322,331.7800045,436,62.8313055,144.3029785,312.6911621,292.5856934,82.64770508,111,312.25,463.5,55.25,143.75,318.25,413.25,52.25,190,308.1377316,460.8357391,64,190,310,459.1454163,64,200.9332323,303.6609888,443.5640488,60.55469418,209.2318869,300.6336117,456.3083267,58.6517477
1139,2350,Free State,GBIF,e,14355538,27.624583,-28.207917,154.9983335,305.7299995,653.25,66.91354561,146.8190918,297.0856934,517.7666016,73.51904297,115.25,289.75,678.75,56,146.25,298,623.75,58,179.9637032,280.0359726,653.7593689,72,180.6975985,286.8675423,655.895752,74,193.1992722,279.4941044,642.3135529,72.96321487,198.9891577,278.312726,663.6481476,73.95236206
1140,2355,Eastern Cape,GBIF,e,14842406,25.457917,-32.124583,157.9816675,287.8599977,412.75,49.84145927,146.7460938,270.2927246,254.1801758,60.93530273,116.75,284.5,380.25,43.25,146.25,288,357,42.5,180.8376884,256.5850163,419.2105408,54.1206646,182.3598194,260.573473,417.3888245,52.04413605,190.7120419,270.573473,394.4824905,51.85831642,196.6811085,259.801302,417.1217804,54.00401974
1141,2357,Mpumalanga,GBIF,e,13961962,31.957917,-25.04125,220.036664,228.0400038,626,76.16068459,215.4787598,221.4990234,525.5212402,70.68237305,188,222.5,673.25,62.5,213,236,622,58.5,249.8294401,180,561.7880249,76.45459366,249.6565723,180,596.7779541,81,258.8095522,189.2135143,687.8020935,91.68998337,261.5738821,180.0852823,609.541153,86.05768585
1142,2361,Western Cape,GBIF,e,14997720,21.874583,-33.374583,128.0741668,235.4199982,340.75,20.71022415,113.5314941,236.1347656,342.3757324,26.96533203,89.25,265.75,406.75,15.5,117.75,256.75,391.25,12.5,150.6309581,240,409.4693604,18.625278,152.1716738,250,411.5813446,17.55370808,161.5149379,264.2645025,397.5421524,18.92751312,165.6494951,270,400.0878525,21.22057056
1143,2362,Eastern Cape,GBIF,e,14883816,24.207917,-32.457917,180.3529167,287.5600004,299,42.50243092,168.222168,263.2504883,164.8701172,60.75219727,137.75,279.75,276.25,41.75,169.5,280.25,257.75,37.25,192.75702,249.9713707,307.6714554,43.80759811,195.9428787,257.034688,310.2252197,40.85590935,199.4479084,271.1385155,290.8612747,37.52885056,207.6246691,260,303.858551,40.96222305
1144,2364,North West,GBIF,e,14106842,25.29125,-26.207917,186.440835,289.8799944,512.5,78.51466751,174.3605957,302.7756348,370.6213379,107.0036621,145.5,284,550,74.75,169.5,302,498.75,70,210,280,429.1632004,81.99635506,210,290,427.4763718,84.83310509,220,280,455.0772552,84.55951691,227.1283627,280,464.805954,84.30373573
1145,2365,Northern Cape,GBIF,e,14438348,24.707917,-28.874583,180.8308411,315.1600075,434,70.88272476,167.5681152,317.8469238,309.1489258,86.89624023,134,304.5,480.75,61,165.75,314.5,431.5,58,210,300,449.5036392,68.63445282,210,302.5290871,436.4788818,68.22157288,220,310,436.7401962,68.18514824,223.733716,309.9645042,444.3790283,68.22643089
1146,2366,Free State,GBIF,e,14448708,24.707917,-28.957917,183.5762501,318.7400055,428.5,70.03325844,166.4157715,323.3234863,312.6083984,84.80371094,132.75,311.75,485.25,60.5,164.75,319.5,435,57.5,210,300,420.3025055,67.92393494,210,309.940753,407.8258972,67.38248253,220,310,407.1368027,67.47835732,229.319973,310,414.7958145,67.47215652
1147,2367,Northern Cape,GBIF,e,14448706,24.624583,-28.957917,184.3741655,319.8200035,425,70.44199562,165.2041016,326.6687012,314.1477051,83.6940918,131.25,315.25,484.75,61,163.75,323.25,435.25,58,210,300,404.0379028,67.35858536,210,310,391.8223648,66.68809128,221.4618826,310,392.2339859,67.20802879,229.701786,310,399.7543945,67.57518005
1148,2370,North West,GBIF,e,14148288,25.54125,-26.54125,177.4695826,302.4899912,555.75,77.977108,166.845459,301.1142578,391.0927734,103.1860352,137.5,286.75,572.75,73.5,163,301.25,515.75,70,200,270,515.7047348,80.16160965,200,280,513.160408,82.78221321,210,265.2030706,540.6765594,82.40235138,220,269.5419693,553.1587982,82.00354958
1149,2371,Northern Cape,GBIF,e,14448704,24.54125,-28.957917,184.7312498,324.7000122,422.5,71.0220356,166.1806641,327.6379395,302.067627,84.63085938,132.25,316.75,472,61.25,164.75,325.5,422.5,58,210.0896645,300,395.2366638,67.43047142,211.5699291,310,382.9197693,66.627882,225.6845188,310,384.1688309,67.34534454,230,310,391.5013046,68.03136253
1150,2372,Northern Cape,GBIF,e,14407256,24.207917,-28.624583,187.4083281,326.1700058,421,75.34902763,175.3962402,326.1018066,264.9038086,95.82299805,141.75,315.75,438.5,67.5,173.5,330.5,383.75,62.25,215.9416246,300,382.6284256,73.53145599,218.4083223,310,369.9510956,72.83770752,228.2286453,315.883646,376.560257,72.35039139,230,313.0598831,381.4411011,72.10757256
1151,2379,North West,GBIF,e,13920388,26.374583,-24.707917,207.9725027,289.2200041,531,83.45418739,196.4909668,293.3220215,341.8239746,120.2956543,162.5,280.5,471,75,194.75,290.75,433.25,75,239.6346092,250,480.831543,84.20426369,239.6276093,259.7955847,477.703064,86.01836967,245.7743406,280,552.1513519,89.95589256,249.7138596,279.884119,542.4767456,88
1152,2380,Free State,GBIF,e,14604156,26.707917,-30.207917,157.5412464,315.6800032,559,59.84690762,143.3354492,308.041748,405.4733887,69.35327148,111.75,301,576.5,51.25,142.5,314,518.5,51,186.7550039,290,554.9946747,66.37901115,189.2909527,300,549.7941895,65.72574043,196.0951662,300,531.2848511,62.26454067,200,290,560.2563171,61.71115494
1153,2395,Free State,GBIF,e,14635240,26.874583,-30.457917,145.9158301,311.0699987,609.25,57.42810535,133.2382813,301.7138672,482.1325684,61.66918945,103.25,293.25,654.75,47.5,132,307.5,589.75,48,168.895154,290,668.8756561,63.27965736,170.1326275,300,661.8119812,61.99148941,177.0071077,300,634.9289246,58.19630909,182.2362757,290,675.8266449,58.59385395
1154,2404,Free State,GBIF,e,14314104,27.874583,-27.874583,153.7816668,302.5400066,679,68.7422924,146.9562988,301.9035645,517.5812988,73.77661133,115.75,292.75,680,56.25,146.5,300,627,59.25,180.5468512,260,614.8059998,72.00141716,180.9863043,270,618.9655762,73.99467659,193.2606602,260,612.776062,72.07489204,199.0870619,260,635.6078949,74.02766037
1155,2405,Northern Cape,GBIF,e,14386516,23.374583,-28.457917,161.8700027,323.6700058,388.5,79.16586876,153.7124023,313.0842285,264.7646484,96.26391602,118.75,298,449,70,152,310.75,377.75,64,190.3867579,270,354.2711868,74.09039116,193.0477524,275.2521086,341.7275314,73.13801384,200.1005936,280,355.8782501,72.86374474,206.3652802,290,356.380661,69.60625648
1156,2406,Mpumalanga,GBIF,e,14251998,30.124583,-27.374583,138.3154178,232.869997,767.75,75.92776489,131.2248535,246.8508301,674.2675781,64.58154297,100.75,239.25,817.25,61.25,131.25,246.5,780.25,65.75,157.2670794,210,881.3889771,77.15408134,156.2280226,212.9371357,922.3561707,81.00852776,167.1077299,230,885.7952118,80.75155067,173.4441805,220,905.5076447,82
1157,2407,Northern Cape,GBIF,e,14355438,23.457917,-28.207917,159.1345835,313.2600069,422,80.12963295,149.3129883,312.0822754,314.2526855,93.28881836,114.5,295,509.75,72,146.75,307.25,425.5,65.5,185.9098768,270,400.4492416,75.8821373,187.7954626,280,384.895607,75.03608131,195.254612,280,400.629921,74.62250519,199.4693136,286.3235617,402.0154877,71.94513512
1158,2408,Mpumalanga,GBIF,e,14231264,29.54125,-27.207917,146.0566664,265.1800108,708,75.17548561,139.3625488,274.3945313,581.4453125,73.08203125,108.75,266,724.25,63.5,139,271,691,68.25,171.6662979,229.5463228,615.6896057,77.08688927,171.6662979,249.030509,633.8503265,80.10095215,184.7079182,250,620.1068726,80.15441704,189.183054,249.3341541,639.5908203,82.10184479
1159,2409,Northern Cape,GBIF,e,14697344,24.54125,-30.957917,145.1775002,363.1899929,327.75,60.02951431,138.2954102,310.0541992,187.4863281,84.11547852,106.25,311.5,349.5,58.25,138.25,321.5,301.25,53.5,185.7334614,290,337.5713654,62.99342442,189.9003887,290,331.8323593,57.96853924,199.7391176,304.0812445,309.956749,55.05466557,200,300,329.0508423,54.02342796
1160,2426,Western Cape,GBIF,e,15132364,20.374583,-34.457917,175.8099985,188.4600019,423.75,30.67172527,165.1079102,181.385498,499.5522461,23.13818359,140.75,267.25,551.25,24.75,169,200,554,30,188.3865738,165.8793426,427.4073181,23.97815752,188.923831,170.0456619,418.3035278,26.32989788,190.0071573,176.1275482,436.7633133,28.59839964,198.0232573,177.3980379,420.1363907,30.2831111
1161,2427,Limpopo,GBIF,e,13961874,28.29125,-25.04125,192.5387478,282.6100016,580.5,84.46739578,183.3530273,268.4665527,473.0151367,96.58544922,154.5,266,616.75,74,181.5,280.25,578,77.25,227.7135086,240,529.2292023,84.86541557,222.4956656,249.8105383,545.6185455,88,235.3748798,261.6550875,602.4467316,92,240,260,587.3860168,91.38539886
1162,2428,Western Cape,GBIF,e,14987272,18.207917,-33.29125,167.3420858,174.8300076,368.25,68.76973343,160.1879997,158.255722,309.7457047,56.18797207,137.75,181.75,414,64.25,164.5,169.5,399.25,70.25,180,152.1684766,370.6739426,70.90158844,180.6562853,150.1943731,361.707756,69.99923515,190,155.6076145,353.4279556,63.99464226,197.6621628,160.6351256,349.1578827,65.99312782
1163,2429,Mpumalanga,GBIF,e,14220900,29.374583,-27.124583,145.2258348,270.2099991,677.25,74.42745781,138.5837402,279.4611816,559.1845703,77.33056641,108.25,270.25,697.5,66.5,138.25,276.25,670.25,70.5,170,230.0712585,657.7454376,77,170.139966,250,676.9868622,79.92867851,184.8092318,259.9194193,665.6376495,79.63341904,190,250.167923,686.5998993,81.96246719
1164,2432,Free State,GBIF,e,14314106,27.957917,-27.874583,150.6687474,300.4200029,688,68.61980247,144.2009277,301.2807617,531.2426758,72.26098633,112.75,292,689.75,55.75,143.5,299,640,59.5,179.5805359,260,619.2979889,71.89882088,179.5805359,268.8558817,623.4449158,73.5300312,190.5243969,260,617.6037445,71.94330597,194.6440887,260,641.3825989,73.81228828
1165,2433,North West,GBIF,e,14106886,27.124583,-26.207917,164.7900009,278.8600016,654.5,77.46012115,153.7431641,280.206543,521.7177734,87.68554688,126.75,264.75,699,69.25,151.75,285.25,644.5,69,195.0049686,232.1173048,581.7119751,78.8642807,194.7199774,242.8016901,584.9653778,80.02560234,205.6112432,250,616.4021454,80,210,250,631.2239685,82
1166,2434,Free State,GBIF,e,14521222,24.457917,-29.54125,184.2458391,326.0400009,379.75,66.5124073,166.9313965,321.8977051,227.5070801,86.27246094,132.5,316.75,397,55,165.75,325,350.5,51.5,210,300,367.288063,61.87203884,210,310,355.0963898,59.96253204,222.9124689,310,345.9821854,59.44470119,230,310,356.1223526,60.43105888
1167,2435,Free State,GBIF,e,14531584,24.54125,-29.624583,182.9979181,316.5599966,380.25,65.43710136,166.7114258,320.8781738,230.3967285,86.17700195,132.5,317.25,399.75,54.25,165.5,326,354.5,50.5,210,300,386.5743256,61.72443771,210,306.6999578,375.0397949,59.92205715,220.3157139,309.9544096,362.8371582,58.76030922,228.4028006,310,374.5212173,59.46063137
1168,2436,North West,GBIF,e,14096526,27.124583,-26.124583,164.635005,276.7400074,669.5,77.92657661,153.9599609,277.3886719,533.4909668,86.60009766,127.75,260.75,710.75,69.25,152.25,282.5,655,69,194.0164709,230,599.9455566,78.40360832,193.0073547,240,603.7555237,80,204.1526985,248.8977861,640.7632141,80.06304169,209.4285679,248.8977861,653.7091827,82
1169,2438,Free State,GBIF,e,14293406,28.79125,-27.707917,143.945415,290.7299948,694.75,69.75059509,134.9472656,297.0656738,572.3122559,72.11499023,104,286.5,720.25,55.5,134,292.25,677.75,61.25,172.1837044,250,634.2313538,73.07675362,172.1109533,260.4724789,643.8527679,75.3215065,185.4148054,267.3181057,635.7145233,74,189.6337938,260,664.0157318,77.8679409
1170,2442,Limpopo,GBIF,e,13951510,28.124583,-24.957917,192.0945835,279.8899937,599,84.28219604,183.6210938,270.2414551,485.576416,95.58496094,153.75,268,628.5,73.75,181.75,282,586.5,76.75,222.2017574,240,553.4731903,84.83071518,220,246.9776773,567.6675873,88,230,262.7932453,626.2509766,91.75335884,240,260,611.2917023,90.67533302
1171,2455,Free State,GBIF,e,14562690,25.624583,-29.874583,157.7204156,329.7100067,429.25,61.88296413,148.0522461,310.3669434,279.6044922,83.76293945,115,310.25,449.25,54.75,147.25,315.75,402,51.25,189.8116875,303.2375717,474.4033127,64.11996841,190.1359177,307.1094322,473.1010284,64.05660629,207.9525042,300.172863,453.8153992,60.22156811,209.8116875,300.3457308,466.8775711,58.37456608
1172,2458,Northern Cape,GBIF,e,14697366,25.457917,-30.957917,146.7254162,330.9599876,434.25,57.28599453,137.876709,287.2910156,297.9990234,72.49389648,106.5,297.5,464.25,53.75,137.25,306.25,409,49.75,178.8585472,289.644537,434.1556168,59.59411144,179.7788,290.0817108,428.0849609,57.15907288,189.8525333,300,411.5301056,56.42427444,197.8219366,290.1552725,435.9753036,55.70350456
1173,2462,Eastern Cape,GBIF,e,14894176,24.207917,-32.54125,178.9879179,290.3900003,303.25,41.87182236,165.7531738,262.6391602,173.4482422,59.53735352,135.25,280.5,282.25,40.75,167.25,279.75,263,36.25,189.9467564,250,294.5317535,42.43983936,190.3575182,259.3117428,297.4072571,39.72550106,199.8757696,273.5470772,278.8537979,36.48311615,204.6530962,260,291.4742355,40.03580856
1174,2463,Free State,GBIF,e,14397004,28.707917,-28.54125,131.3783336,242.8399992,796.5,67.92679024,122.4133301,257.3571777,734.3601074,61.56884766,90.25,250.5,885,51.5,121.25,259.75,825,56.25,148.723166,240.6654501,916.1510468,74.06906891,149.0861201,244.9613953,926.4472809,75.46408463,160.869627,237.5283432,891.3357239,72.23031044,166.1572242,232.6330805,925.3069611,73.2264595
1175,2464,Northern Cape,GBIF,e,14666252,24.04125,-30.707917,160.930419,324.1600037,328,58.93851471,147.6113281,307.0898438,178.958252,86.35375977,114.75,308.75,343.5,53.75,147.25,321,292.5,48,193.0785227,290,374.7084503,61.68795776,196.6815424,290,367.5789642,57.05316353,203.955307,300,341.2912521,52.00506401,209.9925137,300.6040478,354.5468216,51
1176,2465,Northern Cape,GBIF,e,14676610,23.957917,-30.79125,158.5112476,322.2600079,319,59.11992455,147.4052734,304.9475098,175.8974609,86.53320313,114.75,307,337.75,55.5,147.75,319,288,49.5,191.2091398,290,373.5276947,61.06146145,195.3997612,290,366.7816849,57.26293945,203.810401,300,339.1871719,52,208.591342,310,350.9770508,51
1177,2466,Northern Cape,GBIF,e,14645532,24.04125,-30.54125,165.6420803,319.1200161,325,60.65896988,149.6345215,312.7119141,175.2280273,86.66992188,116.25,312.25,339,54.75,149.25,324.25,288,48.25,199.4459105,289.9645042,357.4674377,61,199.862628,290,350.1547928,57,209.6010303,300,327.3724747,52.20907211,210.0773144,300.4836273,339.3588867,51.01242256
1178,2467,Northern Cape,GBIF,e,14666248,23.874583,-30.707917,161.4387536,316.6700029,314,60.1659193,149.4887695,306.2875977,171.6699219,88.36621094,116.25,307.5,332.75,56.5,149.25,320,284,49.75,196.5869141,290,360.5388184,60.99860001,197.1787167,290,353.5667953,57.70704079,206.8564558,300,327.5170517,52,207.6927328,310,337.0117645,50.52484131
1179,2468,Northern Cape,GBIF,e,14655896,24.207917,-30.624583,159.9795818,325.5500126,333,59.35847759,143.0373535,319.3203125,185.7429199,83.53295898,110.5,319,350,54,143,331.5,299,48,192.5982475,285.1921558,352.7050323,61.93558502,197.1092749,289.5312023,345.8275528,57.0934515,203.3510017,300,323.1499786,53.2114315,209.6783257,298.5811615,339.127739,52.10785484
1180,2470,Northern Cape,GBIF,e,14645536,24.207917,-30.54125,155.5412507,319.9500036,341,60.57856178,136.142334,324.0559082,205.2011719,79.84863281,102.75,324,374.75,52.75,135.5,335.25,321.75,47.25,187.4421597,280.3810215,385.4641571,61.53313923,189.8600531,282.0689058,377.6073303,57.10528374,197.5201178,300,353.9287262,53.55228233,205.1732683,291.8797541,371.3914795,52.45000362
1181,2471,Northern Cape,GBIF,e,14655894,24.124583,-30.624583,162.4675035,320.4300022,329,59.5159874,147.6474609,313.199707,178.7685547,85.09790039,114.5,313.75,341,54.5,147.5,326.25,292.25,48,197.9441166,289.9254465,350.1751785,61.37906837,199.2853117,290,343.235054,57,208.4109354,300,320.3720016,52.78540611,210,300,334.2610931,51.29954147
1182,2474,North West,GBIF,e,13910028,26.374583,-24.624583,209.8333311,291.4800072,522.75,83.60273933,197.5280762,294.4262695,341.9450684,120.1184082,163.25,281.25,470.75,75,195.75,292,432.75,75,240,250.8417702,438.2064209,84.95742226,240,260,434.7981873,86.89290428,250,280,503.4015961,90.0888195,250,280,493.861908,88.41061783
1183,2478,Northern Cape,GBIF,e,14686970,23.957917,-30.874583,155.427916,330.539999,319,58.8902626,145.7744141,304.7470703,176.5773926,86.54785156,112.75,307,337.75,56,145.75,319,289.75,49.5,190,290,364.4022751,61,190.2060556,290,358.3935013,57,200,300,330.7135315,52,207.420125,309.7378063,342.6960144,51
1184,2481,Northern Cape,GBIF,e,14303668,24.707917,-27.79125,188.6674976,313.7599993,473.5,76.03882217,178.3452148,323.2404785,289.1669922,106.2712402,147.75,303.75,462.25,71.5,175.75,319.25,408.25,66.25,215.8813429,300,412.8482208,77.45610237,219.7384834,309.9357414,400.4708176,77.98609352,229.8335314,300,401.8515778,76.00541115,230,300,411.4952087,75.78985786
1185,2484,Free State,GBIF,e,14303740,27.707917,-27.79125,158.619585,302.6699972,657.5,69.16682625,149.9077148,300.3769531,504.3869629,76.10546875,118.25,292.25,670,57,149.25,299.5,616.75,60,186.0813999,260.9998131,603.6405029,73,186.2054205,270.106101,607.5278778,74.35967827,199.3326855,260,602.5877075,73.13845062,201.1528349,260,624.4249573,75.64034271
1186,2491,Northern Cape,GBIF,e,14469426,24.624583,-29.124583,180.0237513,319.4799995,419.5,69.26703453,164.7614746,325.5952148,288.6274414,84.21630859,131,315.25,455.5,59.75,163.25,323.25,411.25,56.75,210,300,387.5624847,65.69747925,210.0367785,310,374.8535156,64.61520767,220.3759575,310,373.2188492,65.1235714,230,310,381.050087,65.25809097
1187,2493,North West,GBIF,e,14013546,22.957917,-25.457917,219.7520828,303.1099939,319,81.74246979,190.0268555,312.3208008,229.2792969,132.0012207,157,310.25,342,74.75,186.25,329,318.75,70,240,290.0856113,318.1588974,84,240,300,309.8008957,87.66068268,250,280,320.330101,82,253.9556217,284.075408,322.0039978,80.06623268
1188,2494,Free State,GBIF,e,14635224,26.207917,-30.457917,158.5466671,314.2300034,460.5,58.604146,147.1137695,307.5493164,324.6442871,69.94677734,116.25,303.5,493.25,49.25,146,315.5,441,47.75,188.5080814,300,531.243988,62.84587574,190.5003023,309.9642134,526.9229736,62.07888317,198.2120275,309.978528,506.1074524,58.46195698,204.4341707,300,538.4269257,57.96477032
1189,2498,Free State,GBIF,e,14635236,26.707917,-30.457917,148.4404159,313.9499998,571.75,58.28978252,135.3283691,305.8364258,433.6855469,64.09033203,105,298.25,605.75,48.25,133.75,312.5,545.25,47.75,172.3166132,299.9540758,655.9459686,62.89613914,176.3460255,300,649.1691895,61.7958107,181.6048765,300.570302,623.4587402,57.82711124,190,298.329525,663.9410553,58.02655506
1190,2500,Free State,GBIF,e,14645600,26.874583,-30.54125,150.6379175,312.3799992,598,57.22592258,137.2199707,302.0510254,466.0847168,62.31518555,107.75,294.75,634.25,48,135.75,309.25,572.75,48,171.6129112,291.5471458,654.4407959,61.75104523,175.6521082,300.0349998,647.1858368,60.44827843,180.2822256,300.403161,619.8915405,56.44979095,187.8485966,293.2898331,661.1315308,57.18790913
1191,2502,Western Cape,GBIF,e,15090902,19.457917,-34.124583,159.6416688,215.5999994,663.75,47.14186001,144.8515625,194.1740723,603.0634766,39.91333008,121,257.75,703.25,44,148.5,210.5,684,51.25,172.623539,211.7424536,484.996376,46.32862282,173.8784218,212.1472168,474.9099274,48.03043175,178.9318085,214.45889,482.125,42.83012295,180.6928825,216.5135574,463.5985489,42.42343426
1192,2503,Western Cape,GBIF,e,15018372,19.04125,-33.54125,181.1749983,242.2500038,613.5,63.85045052,166.0288086,237.9602051,645.4816895,60.50292969,142.75,272.75,802,65,170.5,252,755.5,70,187.8380203,249.1557741,1110.522705,69.85493469,188.8489866,246.1082602,1088.663177,70.08568954,197.6583195,253.9884329,1042.557159,64.53079414,201.1681366,257.5988102,1032.39183,64.90235138
1193,2504,Free State,GBIF,e,14490204,27.04125,-29.29125,147.0091653,307.9599953,658,64.29383087,138.2434082,298.4941406,511.9699707,73.86816406,104.75,294.25,677.75,56,137.5,300.75,613.75,56,169.8321962,290,720.4758606,69,170.1969957,290.2011538,715.59758,70,185.4310608,284.1496563,700.1071625,69,189.7335672,280.017581,719.2418671,68
1194,2506,Free State,GBIF,e,14490202,26.957917,-29.29125,146.5279174,306.5000057,649,64.24775314,137.1855469,299.1298828,515.4946289,72.6484375,103.5,295,685.5,55,136.5,302,619.5,55.75,171.2799215,290.0367785,714.9104919,69,172.5103712,294.9823427,709.9616241,70,184.9833393,289.850893,696.3782654,69,189.4638729,280.0367785,715.4226074,68
1195,2511,Free State,GBIF,e,14210494,27.457917,-27.04125,165.9083319,290.3999996,618,72.44267464,157.3930664,288.3742676,511.8508301,78.92285156,125,280,683.5,62.5,156.75,285.5,635,64.25,190,260,631.0162811,76.33571625,190,270.0359726,633.8381348,77.80745697,202.6314831,270,640.0817261,77.47532082,210,270,665.3161316,80.01829338
1196,2513,Western Cape,GBIF,e,15049476,20.04125,-33.79125,167.8804159,232.9199982,384.75,34.47078896,151.0280762,243.784668,327.6135254,33.98706055,124.5,292.5,402,37.5,154.5,262.5,385.5,40.25,180.3415728,230.0361252,369.5089493,23.61783171,182.0971012,240,364.5394135,25.28269148,189.9568176,250,363.2801056,24.22180033,193.3623886,252.9175425,356.7468567,23.65993834
1197,2515,Free State,GBIF,e,14479848,27.207917,-29.207917,146.9541669,307.2300005,677.75,64.6156826,138.9047852,296.0090332,533.8945313,70.89916992,105.5,291.5,695.75,54.75,138.25,296,631.75,55,169.9925137,290,680.7251282,68.98057365,170,290,676.280426,69.820467,181.4327526,287.5524473,658.8090973,68.95928955,189.9235201,280,677.7413788,68.00177383
1198,2519,Free State,GBIF,e,14314102,27.79125,-27.874583,156.4304161,303.1000042,666,69.0916996,148.8278809,301.192627,508.7866211,75.13916016,117.5,292.75,671,56.75,148.5,300,619.25,59.25,183.9286661,260.3746796,599.3081207,72.62065887,184.513793,270.0719404,603.2786713,74.1419239,198.0945778,260,596.7355804,72.96813202,199.9270868,260,618.3282318,74.82032585
1199,2524,Eastern Cape,GBIF,e,14832078,26.79125,-32.04125,164.7287512,259.8000002,550.5,55.80699635,154.0056152,254.5737305,424.3266602,58.54467773,125.5,256.5,543,49,153,266,518.5,49.75,178.6688089,248.3039045,488.1306763,60.94032764,179.0203762,251.5608644,480.4322281,59.10597038,188.4231997,259.0369654,457.1915207,58.84086514,193.6718988,250,484.9816055,60.56695557
1200,2531,North West,GBIF,e,14086128,25.54125,-26.04125,185.6524944,280.0400019,546.75,79.13975334,174.9667969,291.7072754,406.4035645,102.015625,146.5,274,587.25,73.5,170.75,294.25,536.25,70,210,270.9701157,485.269249,81.96292305,210,280,485.1478424,84.85503197,220,270,520.8926392,85.40021896,221.8229723,270,530.0623627,84.48034477
1201,2534,North West,GBIF,e,14137926,25.457917,-26.457917,177.8133345,296.1900091,549.25,78.49978447,166.314209,300.4785156,389.7456055,103.1186523,137.5,283.75,572.25,73.75,162.25,300,514.25,70,200,275.695858,525.9901276,81,200,280,523.3976288,83,210,270,553.0842133,83,220,270,565.492218,82.96411133
1202,2535,North West,GBIF,e,14096484,25.374583,-26.124583,185.2200031,287.2200012,523,78.59204102,174.2282715,297.9089355,385.7043457,105.2036133,145.5,280,567.25,74,169.75,298.25,514.75,70,210,280,460.2787704,81.94612503,210,289.2984009,459.5090179,84.57232857,220,279.982419,490.7768173,84.87600708,222.3526239,280,500.9372406,84.31822395
1203,2537,Gauteng,GBIF,e,14127634,28.29125,-26.374583,157.8683352,260.4000044,676.5,77.23913383,149.739502,276.2329102,564.605957,83.74023438,123.25,259,712.25,66.25,148.25,277.5,679.75,70,183.7985849,240,668.3884125,81,183.9868975,250,680.3934326,83,196.5360212,260,704.5496216,83,200,260,724.7328339,84.95838165
1204,2538,Free State,GBIF,e,14386624,27.874583,-28.457917,141.980834,295.619998,721,64.80989647,135.5080566,285.0664063,622.125,66.03125,103.5,278.75,781.25,54,134.75,286.5,717.25,57,163.3903456,270.9797573,757.2433929,71.21498108,164.2690897,280,758.5682831,72.99835587,178.9900923,269.9693823,738.4474487,70.94842148,180.9562922,269.4535446,765.5202942,71.05082703
1205,2539,Mpumalanga,GBIF,e,13868718,31.79125,-24.29125,224.2691708,231.5099955,534.75,79.23340988,217.5871582,235.9326172,433.5151367,83.87182617,188.75,248.25,578.5,68.25,215.5,257.25,522,65.75,252.6546478,187.9368639,468.0584946,82.36825943,250,190,498.4083481,84.91153908,260,200,584.2738037,95.9502964,270,190,529.2813568,93.03541946
1206,2547,Free State,GBIF,e,14345150,26.457917,-28.124583,169.6754122,313.4399891,545.25,67.13898659,161.0803223,312.5085449,399.9492188,87.00683594,128.25,301,580.75,59.75,160.5,308.5,519.5,59.75,200,299.9254465,533.4266663,70.00844765,200,300,525.3643951,71.17187309,210,295.3636503,533.5556641,70,218.2316113,290,551.1587677,72.01118279
1207,2548,Free State,GBIF,e,14407298,25.957917,-28.624583,166.017499,337.0600033,497.75,68.31248856,156.1477051,334.2019043,356.3183594,91.79663086,123,327.75,531.25,62.5,155.5,330.75,476.5,61,200,290,568.3241425,72.54169083,200,294.9859619,561.9423065,74.44480133,210,298.5985756,561.3258057,72.00982857,217.0758772,295.524044,568.7838898,70.7107563
1208,2566,KwaZulu-Natal,GBIF,e,14293434,29.957917,-27.707917,176.1620855,254.369998,772.25,75.40175438,163.0627441,272.2263184,663.4155273,67.09521484,132.75,267,815.25,62.25,162.75,277.75,766.5,64.75,194.1787052,229.3852854,692.7268982,75.16138649,193.4021711,240,718.9707947,78.53052521,206.1044407,250,687.7124176,77.77008438,208.509841,240,709.0924683,79.79693604
1209,2570,Northern Cape,GBIF,e,14355436,23.374583,-28.207917,160.8287501,314.1099977,408.25,80.55282021,153.2089844,310.7875977,298.9777832,95.19995117,118,294.5,491,72,151,306.25,410,65.75,189.4958687,270,367.2042618,74.85451126,190.1486874,280,353.2730865,73.90833855,198.71984,280,368.1004944,73.95529747,200.8127165,287.7194834,369.9726791,71.17019081
1210,2575,Western Cape,GBIF,e,15070168,18.874583,-33.957917,163.7262535,209.2500067,770.75,59.99162197,148.9689941,195.7802734,858.4897461,56.80712891,126.75,245.75,1035.25,58.75,152.75,209.5,989.75,66,173.9571238,193.4962845,2239.307495,61.32627583,174.6418762,192.2000742,2190.290955,61.70933056,182.8034878,196.4017677,2182.170807,57.14927578,184.9478579,199.1919565,2124.91684,57.2454977
1211,2578,Free State,GBIF,e,14324466,27.957917,-27.957917,149.1895843,303.2000065,696,67.81516647,142.9470215,300.4333496,535.5993652,71.39477539,111.5,291.75,696,55.5,142.5,299,642.5,59,178.5477114,260,648.8947601,72,178.734231,270,653.0778961,73.64313126,190,260,644.9955444,71.91676331,192.3344088,260,669.5818024,73.09799194
1212,2579,Free State,GBIF,e,14324430,26.457917,-27.957917,172.0162535,309.1400003,545.5,67.11693192,162.065918,303.3991699,399.6350098,87.5793457,129,293,583,60,161.75,302,520.75,60,200,297.8353357,539.7819672,70,200,300,531.8791809,71,210,290.0844717,542.6184387,70.02680969,219.9254465,290,563.6257935,73.07884789
1213,2580,Northern Cape,GBIF,e,14728444,25.374583,-31.207917,144.6591687,310.079999,441,55.53655338,132.3486328,281.2272949,297.2956543,66.58886719,101.25,293.75,455.75,52.5,131.75,302.25,408,49,170.2176332,280,453.4598694,62.57851124,171.7676878,280,447.0644989,59.79066658,183.3741474,290,428.6375809,60.54624653,189.7965717,289.9834061,454.1844025,59.88977432
1214,2582,Free State,GBIF,e,14376242,26.957917,-28.374583,159.9620795,310.6400013,579.25,66.45576859,149.5317383,303.6240234,446.5766602,78.75463867,117,297,616.25,56.5,149.25,304.25,557.5,58.25,189.0405178,290,662.1766052,70,190,299.1329288,658.6430054,71.94371986,200,290,654.8023224,70.39739609,204.4031334,288.1566286,672.621521,71.29293442
1215,2583,Free State,GBIF,e,14303744,27.874583,-27.79125,152.2395849,301.7900038,681,69.06058502,144.5373535,300.2053223,526.4147949,73.6875,113.5,291.5,687.25,56.75,144.5,298,635.25,60,179.7094393,259.701581,654.7793579,72.0167942,179.7258759,268.6747408,659.1352386,73.99824142,190.7439613,260,654.4763336,72.31985664,198.6021614,259.0647697,679.0882263,74.54506683
1216,2585,Western Cape,GBIF,e,14873416,22.54125,-32.374583,177.8870869,280.5699921,228.75,43.13066864,167.348877,263.1989746,133.1489258,64.00219727,136,282.5,233.5,43.25,170,283.75,209.5,37.25,199.2633581,261.5673542,257.3169861,40.9095993,199.6694374,270.0149727,262.4402466,38.15191555,209.2633581,278.369298,253.5210915,36.99655056,212.4396229,279.708662,261.4661903,40.0449419
1217,2587,Free State,GBIF,e,14365884,27.04125,-28.29125,163.5766697,310.3799963,575.5,66.67684364,153.6306152,303.4069824,441.9770508,80.22290039,120.75,297,610.75,56.5,153,305,553.5,58,190.1792288,290,616.1123505,70.95142555,191.0017014,290.9620619,614.0374603,72.37698936,202.9118967,287.3230124,609.7596283,71.33926201,210,280,626.2846069,72.1330471
1218,2589,Gauteng,GBIF,e,14137982,27.79125,-26.457917,158.1845808,276.8499994,664.5,76.59507561,151.3103027,279.2773438,563.2329102,78.39550781,122.75,266.5,721.75,64,150.5,280.75,680.25,67,187.2657251,240,643.8993835,80.64559555,187.3394537,250,655.5921021,82.66248894,198.0101919,259.2369604,673.0494385,82.13067245,202.2265339,258.1153774,690.3254395,84.35525131
1219,2590,Northern Cape,GBIF,e,14365796,23.374583,-28.29125,161.1304164,315.8099985,401.75,80.07777977,153.9311523,311.1977539,285.8518066,95.76831055,118.75,296.25,471.75,72.75,152.25,307.5,399,65.25,189.4659376,270,358.3461151,74.5314045,190.401473,280,344.9330292,73.58086586,198.3748198,280,359.8839645,73.74146461,202.202611,290,361.2777328,70.87998581
1220,2591,Free State,GBIF,e,14324462,27.79125,-27.957917,154.2483354,303.5299969,671.25,68.38318634,146.6123047,299.861084,517.0871582,73.54492188,115.25,292.75,678.5,56.25,146.25,299.75,626,59,180.0994301,267.3150158,637.2667694,72.59780884,180.3463316,273.4769678,641.2277527,74.18848228,192.9517794,262.0507431,632.4580536,72.83930397,199.440093,260,654.9508667,74.23604393
1221,2596,Western Cape,GBIF,e,14863056,22.54125,-32.29125,160.3858376,268.3400059,248.5,45.08324528,151.9611816,265.2514648,161.807373,58.87597656,120.25,283.25,264.5,42.5,154.5,284.5,237.5,35.5,185.4524994,259.9713707,286.3699036,42.50466442,186.5473986,264.2372847,292.2775497,39.8058548,195.542345,270.175786,281.8586426,38.12818813,197.8813744,270.5096197,290.711174,40.89422035
1222,2597,Free State,GBIF,e,14417670,26.457917,-28.707917,161.362915,320.3100109,557,67.27730751,148.7539063,331.8496094,427.0109863,81.11157227,115.5,326.75,602,59.5,148.5,329.5,540.75,59,189.7796202,290,613.8736725,71,192.1690178,294.5278597,607.8406982,72.31426239,203.3851337,290,605.8419952,70,209.4117737,290,616.3675232,68.99280548
1223,2607,Free State,GBIF,e,14303742,27.79125,-27.79125,155.2833343,302.8299999,669.75,69.03315163,147.0512695,300.057373,515.2402344,74.95458984,115.5,292.25,680,56.75,146.5,298.25,626.5,60,181.0119867,260,639.099823,72.61273956,181.1343765,270,643.3135071,74,194.3898869,260,638.3017578,72.99143791,200,260,661.8286896,75.02574539
1224,2611,North West,GBIF,e,14220828,26.374583,-27.124583,175.1904154,296.5899992,591.25,72.34516716,163.5361328,293.9433594,461.3757324,89.65795898,130,292.5,657.75,65,163,293.25,582,64,200.1381874,272.35466,539.2597961,76.01900673,200.9555626,280.7036161,535.1186676,77.46863174,212.4223471,271.1536551,557.3520813,77.78380394,220,270.3406763,579.78508,80
1225,2613,North West,GBIF,e,13992944,27.874583,-25.29125,197.2187519,281.2200022,584.25,80.31173897,186.7404785,277.1943359,473.0930176,94.00537109,158.75,270.25,623.75,71.5,184.5,288.75,584.75,73.5,230,250,525.6713867,83.06479263,229.5878792,250.1837444,536.9528046,87,235.6430674,270,587.6107788,89.94568825,240,269.8945284,579.4640503,88.43835449
1226,2616,Free State,GBIF,e,14272632,26.54125,-27.54125,174.4162464,301.2899971,582,68.15433502,161.7578125,309.6447754,435.7338867,89.08984375,128.75,302,624.5,61.5,161,304.25,560.75,61,200,290,553.7460327,72.4021492,200,300,547.1750793,73.72205734,210,280.0929403,563.5987091,73.82594681,214.113636,280,589.7520142,77.10766029
1227,2617,North West,GBIF,e,14251904,26.207917,-27.374583,173.0995798,315.79,570.5,70.19877434,165.480957,297.0517578,432.4833984,90.47900391,132.5,293.5,628.25,64.25,164.75,300,557,62.5,200.1533127,280.4799604,510.331459,75.08103561,200.6762743,291.0159159,505.6836243,76.67264175,214.4021988,279.9336195,519.9810333,76.3021965,220,278.8890409,540.4486084,78.32601547
1228,2624,Northern Cape,GBIF,e,14635182,24.457917,-30.457917,155.7066655,335.0999928,349.25,60.42416382,132.1179199,342.3137207,215.1245117,78.9609375,99,341.75,385,52.75,131.75,352.75,332.75,47.25,188.2781649,280,385.1667099,62.90571594,190.298214,280,377.2954941,58.84051895,198.5349989,300,355.1306992,55.97465897,205.7239819,290,376.9828262,55.23440361
1229,2627,Northern Cape,GBIF,e,14666254,24.124583,-30.707917,159.4899988,327.9399872,328.75,59.20712566,146.5888672,310.791748,179.2397461,85.88037109,113.5,312,341.25,54.75,146.25,324.25,292.75,48,192.7739763,290,364.5167847,61.85023117,197.104516,290,357.6455688,57,204.4082499,300,332.6873398,52.64532375,209.9640274,300,347.4630661,51.12923908
1230,2628,Northern Cape,GBIF,e,14655902,24.457917,-30.624583,147.9545832,344.6999931,346,59.90602016,129.9396973,331.2509766,213.8740234,80.26269531,97.25,330.75,382.5,54,129.5,341.75,332.5,49,180,282.7610493,402.5718231,63,186.6562986,285.3541517,394.3425522,58.92514706,190.2228403,300,369.7290115,55.44866276,200,292.7610493,392.5789642,54.61897373
1231,2632,Northern Cape,GBIF,e,14666258,24.29125,-30.707917,154.7437501,334.1600132,330.75,59.92042446,139.9355469,320.0808105,190.9177246,82.47583008,107,321.5,354.5,53.25,139.5,332,304.5,48.5,189.2221069,289.827137,338.7062149,62,190.3246737,290,332.445549,57.65609741,199.3085384,300,310.0687943,53.77184868,207.7650452,300,327.0797272,52.69266891
1232,2634,Northern Cape,GBIF,e,14645540,24.374583,-30.54125,147.9629183,329.8699951,350.5,60.82011127,128.0007324,332.2568359,223.5493164,77.05419922,95.25,331.5,396.75,52.5,127.75,342.5,342,47.25,180.6147385,280,412.7436752,62.69174957,183.98911,280.007,404.2464294,58.10311604,191.2280226,300,379.3842239,54.96830273,198.6671972,290,401.3457565,54.02229023
1233,2636,Eastern Cape,GBIF,e,14687042,26.957917,-30.874583,151.4479184,312.3100042,572.25,56.28738213,140.5844727,297.7258301,436.3991699,61.93603516,112.5,291,589.5,49,139.25,306.5,540.75,48.5,177.0394087,287.7690601,590.5639038,57.93032265,179.1464901,294.9016142,582.4407806,56.4776907,186.467452,299.8541737,553.3200378,52.81669044,189.927249,290.2558422,592.088501,53.87117195
1234,2637,Free State,GBIF,e,14500570,27.29125,-29.374583,147.0099998,296.4099932,694.75,64.70052338,137.9882813,292.5524902,534.3642578,71.88256836,104.25,288.25,695.25,55,137,292.75,630.5,55.75,167.3596621,290,774.0704803,69,167.9254055,290,769.0687103,69.43598747,178.9041996,281.6261387,745.0282898,68.93626404,185.0478125,280,767.2624054,67.83200073
1235,2638,Free State,GBIF,e,14500568,27.207917,-29.374583,147.0195866,298.739996,683.75,64.40910912,137.4196777,293.2546387,528.4873047,72.32983398,104,289,690.75,55.25,136.5,294.5,625.75,56,166.1809444,290,703.5498199,69,167.0560884,290,699.1259613,69.36945534,179.830265,282.9923439,678.8530121,68.93920898,184.99228,280,698.4284363,67.74922562
1236,2639,Free State,GBIF,e,14479854,27.457917,-29.207917,145.4691672,291.5499973,731.75,64.72392464,138.6972656,283.5061035,570.8088379,66.453125,105.25,277.25,733,52.25,137.5,284.5,669,55,165.213356,290,785.0643616,70.0086441,165.5951786,290,779.0292358,70.38930511,176.6075182,290,753.8188934,69.97332382,184.0614986,280.0852823,778.3880005,69.0259304
1237,2643,Free State,GBIF,e,14220836,26.707917,-27.124583,172.7345848,294.0700006,596.75,71.84046555,158.7919922,305.8986816,472.6413574,86.4543457,125.5,301.25,661,63.25,158,302.75,597.75,63.5,200,280,605.66008,75.49427414,200,290,600.6916504,76.39437103,210,280,621.2131042,76.07597351,211.6921806,280,649.1725616,79
1238,2647,Free State,GBIF,e,14479840,26.874583,-29.207917,150.8033347,305.0799942,630.25,64.43091011,139.8959961,304.138916,506.3647461,73.0949707,106.5,299.25,678,55.5,139.5,306,612,56,176.2015629,290.7454252,669.3092651,69,177.2394466,298.0507898,664.4189301,70.20266533,188.3431053,290,653.8329468,69,194.6638155,280.3606796,671.4782257,68
1239,2649,Free State,GBIF,e,14324464,27.874583,-27.957917,151.4191675,302.8800011,683.75,68.31531525,144.7849121,300.2365723,526.0224609,72.3984375,113.25,292,688,56.25,144,299,635.5,59,179.8642492,260.896616,627.2550659,72,179.8818302,270.0164366,631.3091888,73.97460747,190.1773977,260,623.1177826,72.02955055,197.2886848,260,646.2137604,73.68375397
1240,2651,Free State,GBIF,e,14469484,27.04125,-29.124583,148.8658357,307.2099924,651.75,64.51595879,139.3483887,300.1894531,517.345459,72.51879883,106,295.25,684,55.5,138.75,301.5,619.75,56,173.0734539,290,713.084259,69,174.442749,290,708.4781952,69.99215317,189.2325926,289.9472618,694.4192505,68.23949814,191.3132238,280,713.2541656,68
1241,2656,Northern Cape,GBIF,e,14728436,25.04125,-31.207917,132.5641656,300.9699965,435,55.93303108,112.6967773,290.4226074,335.4985352,58.68017578,81,300.5,500.75,49,112,307.5,446.5,46.25,153.5145879,280,452.9838638,64.80464363,156.2127018,280,445.9660339,60.99388885,167.469883,290,422.9972382,61.13205719,172.0471334,290,447.469635,59.87864017
1242,2660,North West,GBIF,e,14272596,25.04125,-27.54125,175.3641653,318.5099983,500.5,76.5095787,163.8547363,325.3330078,357.8034668,108.6328125,134.25,304.75,539,71.75,161,320,478.5,67.5,200.118475,289.9467564,510.597847,79,202.8235435,299.9290133,500.4044189,80.36048508,216.6312218,282.5182819,496.2232285,77.85633469,220,280.0279999,510.2340927,77.00165939
1243,2664,Northern Cape,GBIF,e,14355440,23.54125,-28.207917,165.9225035,323.9799976,416.25,80.71045876,156.3171387,314.8144531,298.1899414,96.51147461,122,297.75,487,72.5,154,311.75,410.5,66,196.8102932,270,362.8257217,76.93236732,198.5616207,280,348.2450485,76.0009861,204.614892,280,362.2066422,75.47029877,209.5829105,287.4855185,363.1357727,72.41820335
1244,2665,Free State,GBIF,e,14303746,27.957917,-27.79125,148.1100011,298.4500027,692.25,69.08088303,141.2600098,299.5683594,541.5637207,72.42504883,110,290.5,701.25,56.5,140.75,296.5,650.75,60,176.5539837,252.6576567,666.0487366,72.00247192,176.647892,262.1103239,670.3804932,73.65726089,189.5830011,260,665.9776459,72.05455399,192.027297,255.4076195,691.8589172,74.12345314
1245,2677,Mpumalanga,GBIF,e,14055154,29.957917,-25.79125,145.1812506,223.7799978,783.25,79.21370888,129.5583496,237.4765625,671.7441406,70.25341797,99.25,239,836.75,68,128.75,245.25,791.25,70,162.4519253,215.3395891,690.1363068,84.01436615,161.8983698,220,721.2939911,87.73531532,172.2061443,240,746.4677582,89.63074303,179.4776249,230,728.1422577,88.77303505
1246,2678,Western Cape,GBIF,e,15039106,19.624583,-33.707917,173.6758375,243.4000015,509.5,52.36898232,155.9880371,234.3498535,379.5644531,46.21313477,129.75,280.75,478,53.25,159,254.5,452.25,56.5,188.9212084,240,512.8326492,47.71461773,190.7842684,239.2765379,507.4460297,49.63250732,196.8126106,240,486.3202286,41.63188648,199.3941689,248.4077311,480.1264801,41.70511055
1247,2684,Western Cape,GBIF,e,15070194,19.957917,-33.957917,177.2774982,235.0600004,428.25,35.69817162,158.6936035,232.109375,374.5119629,29.62255859,132.75,296.75,446,32.75,162,252,431.5,36.25,186.3903809,230,337.602951,25.64692688,187.8125906,235.4342985,331.4363708,27.38439369,193.9989567,240.2236605,336.1701202,27.58040047,197.0401478,245.800662,326.9168091,27.38517094
1248,2685,Western Cape,GBIF,e,14945852,19.04125,-32.957917,161.7829132,240.6799984,396.5,57.84441948,142.1018066,236.1682129,518.3369141,63.51708984,116.25,261.75,708.25,65.75,145.25,255,637,72,174.2025232,256.833005,1003.722534,67.29175758,176.955483,252.1923542,991.4354095,67.44589043,180.6949043,260,931.7028198,59.84761906,186.4074564,260,920.1006165,61.6121645
1249,2686,Free State,GBIF,e,14417728,28.874583,-28.707917,116.6445851,222.4900007,900.25,69.07103157,109.4160156,241.3781738,747.7434082,64.22021484,77.75,234.5,889.75,55.5,109,243,829,59,130.2719879,232.4168015,1254.644409,78.25212669,130.2015185,239.5262861,1269.503754,79.40568924,141.9851851,231.1663151,1216.031586,76.3526783,146.488471,227.1738338,1259.733063,77.03665352
1250,2688,Western Cape,GBIF,e,15080564,20.374583,-34.04125,183.0083323,230.5800056,382,26.79880571,170.029541,231.581543,493.8815918,21.39404297,144,301,566.25,22.5,173.5,251.75,546.5,24.5,190,217.6891136,546.4675293,17.94420624,190,221.1392689,536.0309067,17.45871067,199.9668074,234.1146946,550.3195496,23.00673676,200,237.0670462,536.7902298,24.46045113
1251,2699,Free State,GBIF,e,14365932,29.04125,-28.29125,146.0275006,259.7800016,732,70.21567726,131.4587402,273.5351563,604.5898438,66.21313477,100,266.25,744.25,57,130.75,274,700.25,61.5,167.3787546,239.9846935,717.1841125,75.99809456,167.4972439,240.0501013,731.4301758,78.20726013,179.7465897,240.0858879,702.4266968,75.46778679,184.8353052,239.982419,726.2479553,76.32238007
1252,2700,Northern Cape,GBIF,e,13972046,20.457917,-25.124583,203.371253,327.8800011,239.75,90.18324471,189.7507324,327.2363281,165.5546875,123.4189453,158,330.5,259.75,84,185.25,351.5,233.25,75.75,240.6003904,290,209.6377373,85.82499695,248.5366249,300,206.1590271,87.78704453,260,280,207.9401779,82.41380692,260,287.8024673,210.7470016,83.18441582
1253,2702,Northern Cape,GBIF,e,14013490,20.624583,-25.457917,204.8241615,331.9500065,238,87.78510284,190.6359863,334.3120117,161.1098633,119.6977539,158,336.5,261.25,84.25,185.75,358.5,231,76,240,300,210.4799728,83.20839119,242.8133345,304.6991014,206.1238365,84.69290161,260,288.3410311,208.5475845,81.37858963,260,290.2534151,210.2823334,82
1254,2703,Northern Cape,GBIF,e,13982406,20.457917,-25.207917,203.6508322,329.6700096,237,89.95277023,189.6220703,328.7697754,163.1914063,122.5949707,157.5,332.25,259.75,85.25,185,353.25,230.75,76.5,240.8899832,291.9724607,208.7050362,85.39025688,245.8413744,300,205.0455704,87.07675362,260,280,206.8368225,82.41313934,260,290,209.2387657,83.14356232
1255,2705,Northern Cape,GBIF,e,13961684,20.374583,-25.04125,203.3829165,326.7199802,238.25,90.40557289,189.560791,324.927002,164.6662598,122.4770508,157.75,328.75,255.25,84.5,185,349.5,230,76.25,244.3086052,290,209.7677612,87.25555038,250,300,205.8728294,88.5400219,260,280,207.7703362,83.32242966,260,282.9014587,210.7849731,84.00906181
1256,2707,Northern Cape,GBIF,e,14365822,24.457917,-28.29125,189.2791653,321.9400024,449,75.49041557,178.0849609,327.0996094,279.230957,97.70507813,145.5,313.5,454,66.75,176,327.5,399.25,62.5,219.701786,300,393.2896805,75.82625198,219.9627209,310,378.2759323,75.67726135,230,319.2721796,388.3555832,75.85655975,230,310,395.1987534,76
1257,2708,North West,GBIF,e,14003286,27.124583,-25.374583,195.5999994,282.8700018,638.5,78.91329956,186.112793,279.0280762,485.0964355,97.50756836,158,268.5,644.75,75.5,184,286.75,598.5,75.5,225.3332567,240.9195662,514.9003525,80,224.2566013,250,519.4450073,82.38490677,228.9731693,269.9147177,579.0787506,84.64133835,237.6344824,265.4055595,575.3399963,85
1258,2710,Northern Cape,GBIF,e,14417616,24.207917,-28.707917,187.3670816,332.1299934,416.5,74.65991592,174.2607422,326.4731445,263.7172852,94.03442383,140.25,316.5,436,66.5,172.25,329.75,382.75,61,213.9422655,307.0516348,368.3995361,72.23487282,218.4543276,310.3107071,356.6689301,71.50795555,227.5033712,320,361.7778244,71.1288414,230,320,366.4556503,70.96958542
1259,2719,Free State,GBIF,e,14438372,25.707917,-28.874583,169.8020792,334.3400002,460.75,67.21547699,162.1044922,322.065918,304.1413574,95.8034668,128.5,316.25,473.5,61.5,161,320,427.5,58.5,207.3354435,300,519.7532654,70.71384048,210,300.0706291,513.1595764,72.00171661,220,307.1480894,506.6160278,69.79262924,220,304.1130972,515.2637787,68.10676003
1260,2729,Free State,GBIF,e,14583432,26.54125,-30.04125,148.618753,318.7000036,553,60.96883774,134.4399414,309.5463867,410.4733887,69.87036133,102.75,303.5,584.5,52,133.75,314.75,524.25,51.5,179.0543938,290,585.7710419,67.87155914,179.9526501,300,580.4068451,67.32112694,189.7871304,293.684845,563.9941254,64.35450363,192.8021383,290,588.6742096,62.85405636
1261,2734,Free State,GBIF,e,14355480,25.207917,-28.207917,173.9837456,318.5899973,482,72.88769341,159.5688477,324.9243164,332.7429199,96.90087891,128.25,307.5,505.25,64.25,158.25,318.75,454.75,61,201.7212677,280,521.6268311,75,203.9661312,290,507.8677521,76.00532341,213.719883,290,504.0070343,74,219.9850273,290,512.9055099,73
1262,2735,Mpumalanga,GBIF,e,14044780,29.374583,-25.707917,171.9020844,238.5599995,658.75,80.72825623,152.8312988,278.9519043,551.3840332,84.18066406,125.25,274,700.5,66.75,151.5,286,668.25,69,193.8785744,230,634.756485,83.99860001,193.319025,240,660.3822021,88.01946831,205.6267691,249.9925137,690.6825409,90.16862488,210.7485485,240,677.7173767,89.31574631
1263,2736,Eastern Cape,GBIF,e,14676682,26.957917,-30.79125,149.9379158,310.9800005,587,56.03429127,138.4335938,299.3847656,453.1386719,61.41870117,109.75,293.25,611,48.5,136.75,307,558.5,47.75,173.0564308,292.0015335,636.1743927,58.17127228,176.2517262,300,628.0146484,56.87177658,181.7581129,301.6988087,597.6667938,53.04332733,188.6608028,295.5503798,639.3005219,54.0436697
1264,2737,Free State,GBIF,e,14614498,25.957917,-30.29125,148.3937502,319.7999954,452.25,61.23971844,137.1567383,305.7470703,337.9790039,71.86108398,104.75,305,512.5,51,135.75,314.5,457,48.75,179.8595572,290,586.1557312,63.8013649,182.797389,290.1712227,584.3503876,63.42849636,191.0452843,291.9843674,566.736496,59.80772591,198.5316038,290,594.8722687,58.17087746
1265,2738,Free State,GBIF,e,14604158,26.79125,-30.207917,154.7645831,312.8300047,582.5,59.51517582,141.362793,305.0441895,437.3085938,66.82226563,109.75,297.25,608.25,51,140,310.5,547.75,50.75,180.1235485,290,579.7542725,66.6799202,181.9031191,300,574.4438477,65.84565735,189.9420738,300,554.5603943,62.48636341,196.7522812,290,584.8108368,61.94650078
1266,2740,Free State,GBIF,e,14396958,26.79125,-28.54125,164.6541691,313.9800024,568.25,66.36723137,154.1296387,315.7978516,427.2348633,79.79785156,121.25,309.5,597.75,57,153.75,312.5,537,58,193.0589581,290,544.4093323,70,195.686264,300,540.0022278,71.9827137,207.5161695,290,537.828537,70,210,290,551.6681976,70.36887741
1267,2743,Free State,GBIF,e,14604136,25.874583,-30.207917,147.4058342,327.0100117,442,61.97184849,137.2856445,307.5258789,320.7478027,74.98583984,105,307.75,497.25,52,136.75,315.5,440.5,49.5,180.1964712,289.437995,517.7799759,63.13772011,183.4227753,290,517.424881,63.00092506,192.5111628,290.0354958,502.5797806,59.37340832,200,287.8197002,524.1458206,57.49705601
1268,2745,Free State,GBIF,e,14624858,25.957917,-30.374583,154.5733356,320.8500051,442,60.50725269,143.380127,304.1394043,335.2416992,72.37939453,112,304.5,509.75,51,142.5,312.75,451.75,48.25,186.650362,290.1093674,554.4399109,62.6664362,188.9010334,297.6911688,552.1616821,62.1095829,197.727685,299.9147177,535.0102386,58.63940144,202.6750946,290.1093674,564.2003784,57.58790207
1269,2748,Northern Cape,GBIF,e,14500422,21.124583,-29.374583,195.121665,331.6499996,173,68.68307114,182.2600098,317.4616699,55.00830078,108.7255859,146.5,322.75,192.25,64.75,184.25,331.25,155.75,55.75,230,299.827137,143.088768,60.30257702,230,300,141.132019,57.07080555,240,300.6606245,138.6416893,55.98846054,241.558671,320,137.1768456,52.12042999
1270,2750,Free State,GBIF,e,14604134,25.79125,-30.207917,146.3616657,325.8400059,441,61.63829517,136.0305176,307.6140137,317.0705566,75.26953125,104,307.5,493.75,52,135.25,315.5,437,49.25,179.8411465,286.3485336,532.9214172,62.58729935,181.5689278,290,533.1902924,62.33530045,191.4990902,290,517.737648,58.73241234,199.4070625,284.363842,539.0203247,56.60653973
1271,2751,Northern Cape,GBIF,e,14003128,20.54125,-25.374583,204.0224981,331.4499855,236.5,88.3786068,190.125,332.4909668,161.7504883,120.5996094,158,335,261.5,84.75,185.25,357.25,231.75,76,240,300,209.4304428,84.0294323,241.3243723,306.4481592,205.4177628,85.84960556,259.85497,287.0828962,207.6042366,81.99625778,260,290,209.429985,82.63770676
1272,2753,Free State,GBIF,e,14604142,26.124583,-30.207917,153.4916687,323.7199879,459,60.76747322,141.9418945,309.2651367,328.7700195,73.48632813,110,308.25,502.5,50.5,141,317,448.75,49.5,188.7870598,290,503.493988,66.61880875,189.9135685,300,500.619545,66.37469101,198.9765215,299.927249,483.9907379,62.57686996,202.0321703,290,507.3366241,60.61918545
1273,2754,North West,GBIF,e,14086168,27.207917,-26.04125,162.9637527,271.4099979,686.75,78.00605011,154.267334,272.4685059,556.5869141,84.1574707,128.75,254.5,730.5,68.25,152.5,279.25,676.25,68.75,189.8888493,229.4505119,617.2889099,79.37459564,189.7203922,239.1935158,622.4567871,81.30023384,199.7278786,248.5730982,664.0399323,81.68562698,207.6536846,244.2690611,673.9681854,82.8509903
1274,2755,Free State,GBIF,e,14614502,26.124583,-30.29125,155.5604196,321.4700031,453,60.43439484,143.6420898,308.0866699,327.0419922,72.70727539,112.25,307,502,50,142.5,316,447.25,49,188.5088968,290,517.2129745,65.73096848,190.3486252,300,514.0822678,65.36386108,198.5088968,300,496.3022232,61.57375717,204.6304274,290,522.8464966,60.00964642
1275,2758,Northern Cape,GBIF,e,14376162,23.624583,-28.374583,165.2079153,335.4099941,409.75,79.42788315,155.7119141,318.3710938,285.7617188,96.78808594,121,301.5,471.75,72,153.25,315.5,401,65.25,200,270,370.6271439,77.67372513,200,276.2121344,355.7102814,76.62903214,210,280,370.5445328,75.97114372,210,290,370.6108856,72.83784676
1276,2759,Northern Cape,GBIF,e,14376160,23.54125,-28.374583,165.7162523,335.5799961,404.5,79.35385132,156.3146973,316.213623,277.8291016,97.13452148,121.75,300.25,464,71.25,154.25,313.25,392.5,65,199.9668074,270,355.4078522,76.74922752,199.9834061,273.808713,341.4422607,75.88487434,209.841361,280,355.8687286,75.05327225,210,290,356.1229553,71.94285583
1277,2764,Mpumalanga,GBIF,e,14055142,29.457917,-25.79125,165.4329157,239.5800018,676.5,81.50760651,145.5795898,278.1945801,563.7976074,82.02612305,118,272.5,713.75,67.25,144.75,284.25,680.5,70.25,187.7991867,230,683.2846527,84,187.627964,239.4494867,710.0201111,88,199.2858171,245.403223,737.1015167,89.72366714,205.3454447,240,724.7620239,88.7813797
1278,2765,Free State,GBIF,e,14541988,26.374583,-29.707917,146.7783332,321.0299969,542.5,62.78133965,136.3710938,310.9748535,416.7248535,72.65966797,102.75,309,594.5,53.75,135.75,314.75,532.75,53,179.1497231,300,582.9543304,68,179.2818832,300,577.5969391,68.74936676,192.8875113,290,567.0462494,66.28299904,198.3194828,289.6857262,580.2386475,63.89256859
1279,2766,Limpopo,GBIF,e,13837570,28.957917,-24.04125,193.9583349,246.4299917,548,84.71262169,182.6901855,228.7573242,389.5317383,104.1450195,157.25,240.75,503.25,76,183,247.75,468.25,75.5,221.7363691,220,406.4019318,87.42130089,219.7124338,223.069067,424.3406219,90.32725716,229.3483448,243.0430365,474.0800858,96.35765839,235.2452898,237.6429415,449.7118454,94.07462502
1280,2771,Free State,GBIF,e,14386606,27.124583,-28.457917,158.7875009,311.0700035,593.75,65.9489727,149.1750488,302.4702148,454.4570313,77.80761719,116.5,295.75,619.75,57.25,148.5,303.75,564.5,59,185.3391981,290,642.5155945,70,187.0590878,299.850893,640.4681702,71.53509331,199.6422577,290,631.3204651,70.31697845,202.2966909,285.0770617,648.2177429,71.26530457
1281,2776,Free State,GBIF,e,14386634,28.29125,-28.457917,134.0404153,271.0300016,758.75,64.36440086,125.0874023,276.0991211,662.970459,64.06665039,92.75,269.75,814,51.75,124.25,277.5,756.25,56,150.6820917,260.459137,893.2368927,72,150.7566452,270,897.0147552,73,162.546854,260,873.9852753,70,168.190093,254.1970015,912.5927277,71.1571064
1282,2778,Free State,GBIF,e,14386632,28.207917,-28.457917,140.2195835,282.4999952,738.75,64.8948307,132.9038086,280.8044434,632.2072754,65.328125,101.25,274.25,783.25,52.5,132.5,282.5,724,57,158.5583687,268.527751,774.7447662,72,158.5583687,270,777.2269592,73,169.3059206,260,757.4693451,70,175.2042055,259.872036,790.8421631,71.00071526
1283,2780,Free State,GBIF,e,14303748,28.04125,-27.79125,143.3091664,295.1600027,710.5,68.64160919,137.0307617,298.8134766,560.5429688,71.09375,105.75,288.5,720.75,56,136.5,294.75,669.5,59.75,170.1581669,250.0328779,687.5651855,71.96246719,170.1370096,260,691.6872559,73.52697372,181.6252613,260,687.4743958,71.96434021,189.7312689,251.9256067,715.1909485,74.01777267
1284,2787,Limpopo,GBIF,e,13951516,28.374583,-24.957917,191.1520863,279.3199968,596.5,85.55225563,181.142334,268.0593262,494.1557617,94.60717773,151.75,266,633,75,179.5,279.75,596,78.25,222.7799463,240,545.3435059,85,220.4806376,241.1424065,562.7854004,88.94651794,231.4082098,260,622.2325592,92.90550804,240,259.9330997,606.2872009,92
1285,2790,Free State,GBIF,e,14355530,27.29125,-28.207917,161.8883324,307.5,603.5,66.61859131,150.8916016,299.5878906,468.0002441,79.29492188,118.5,294,633.75,58.25,150.25,302.5,579.25,58.25,186.4867592,285.8538342,618.1789551,71.80732918,187.6830864,290,618.3130188,73,199.8916054,280,609.3729401,72,204.2918921,280,627.4798126,73.261549
1286,2792,Free State,GBIF,e,14427994,24.957917,-28.79125,178.8154173,315.4900026,448.5,70.01971245,167.2687988,312.973877,303.8015137,90.49804688,133.75,301.5,472.75,61.25,165.25,310.5,425,58,209.6280527,290.289712,448.4211426,71.99143791,209.9254465,300,436.9507217,72.01189995,219.8881674,300,432.7650757,70.92986679,222.0927477,300,439.4928436,69.93842888
1287,2794,Free State,GBIF,e,14334824,27.874583,-28.04125,149.6204162,301.7300034,688.5,68.0214386,142.8208008,298.184082,536.8479004,71.02099609,111.25,290.75,696.75,56,142.25,297.5,643.75,59,177.5250006,268.1516123,667.703949,71.96707535,178.442359,273.2450485,671.7961426,73.75611305,189.9700594,261.9107437,661.0958099,71.89545441,193.3842754,260.0489998,685.3173065,73.02462196
1288,2797,Free State,GBIF,e,14614482,25.29125,-30.29125,158.395834,328.3099937,418.75,58.88053036,146.3051758,311.046875,255.8234863,82.68701172,114,312.5,426.75,53,145.75,321.75,374,49,191.4496946,286.0853577,440.0981445,60.90901852,194.2613745,290.0844717,439.6899261,60.12995529,203.4229994,293.0359316,420.2018204,56.45052528,209.9254465,289.4638062,440.758522,55.02895737
1289,2798,Free State,GBIF,e,14293348,26.374583,-27.707917,172.8241634,311.8200016,553.75,67.56404114,162.6259766,303.1826172,411.2709961,88.71118164,130,293,597.5,61.5,162,302,532,61,200,296.835146,522.6903687,71.31570244,200,300,515.507019,72.01060867,210,290,528.5321503,71.93595505,219.6826172,281.59307,551.9025116,75.49152565
1290,2803,Eastern Cape,GBIF,e,14769888,25.54125,-31.54125,159.4966698,303.9400005,425.75,53.50629425,149.3034668,278.574707,234.4560547,68.64868164,118.75,293.5,376,53,149,299.25,346.75,50,190,286.4417028,397.9481201,60.34324074,190,289.893856,392.6652603,57.99299717,200.0579405,299.893856,376.7225418,60.014431,210,291.1180639,402.4103546,60.96575165
1291,2807,Eastern Cape,GBIF,e,14738806,25.457917,-31.29125,152.2587466,300.8200073,439.25,54.85393906,140.2958984,279.8154297,272.6948242,67.81958008,109.25,292.25,427.5,52.25,139.75,300.5,385,49.5,178.6466026,280,421.4634094,61.99627209,180.4169512,284.1819477,415.5150986,59.31310844,192.336216,290.0844717,399.1288757,60.78560257,198.0951786,290,424.0865479,60.45992279
1292,2808,Eastern Cape,GBIF,e,14790602,25.29125,-31.707917,161.864171,300.2699995,387.75,53.86841106,148.9233398,274.6123047,226.3161621,65.4609375,118.25,290.75,362.75,50.5,148.5,297.25,334.75,48,189.1045332,290,361.0949097,62.01878166,189.6714067,290,357.8143005,59.64943123,199.8294401,300,338.520195,61.17980671,208.6069965,299.9640274,361.4443054,62.08254147
1293,2809,Eastern Cape,GBIF,e,14759526,25.457917,-31.457917,160.1100016,308.0800056,418.5,54.68667793,147.4914551,279.5024414,239.8959961,68.67724609,116.75,294.25,385,53.75,147.25,300,352,50,187.885313,289.6430349,392.864151,61.8490057,189.3206406,290,387.5750885,59.26655865,199.6445227,300,371.4444504,61.15402985,207.5943089,294.7945166,395.7090225,61.16441631
1294,2812,Free State,GBIF,e,14324456,27.54125,-27.957917,157.6308322,302.2000027,635.25,68.12977409,147.2880859,297.4812012,500.3718262,76.70361328,116,291.75,666.25,57.5,147,298.5,611,59,180.0328779,275.7499409,654.2675934,73,180.1150656,280,657.944046,74.54504013,193.3573675,270,649.3452301,73.11423683,199.9618959,270,671.5383148,75.02135277
1295,2814,Free State,GBIF,e,14666314,26.624583,-30.707917,155.9120822,314.9300003,543.5,57.11210346,143.0695801,305.4638672,398.2756348,66.40454102,114,301,563,49,142,315.25,507,47.75,178.9152098,309.4220114,567.4141693,58.31494904,181.886282,314.9361086,560.616333,56.95467854,188.9152098,314.9361086,535.3086014,52.76523972,195.5699062,309.5678377,572.8146057,53.62051487
1296,2820,Free State,GBIF,e,14490152,24.874583,-29.29125,180.9754133,321.3100052,418.75,66.18356133,167.8432617,315.972168,275.7519531,86.92382813,134,308.75,445.5,58,166.25,316.5,398,54,210,300.1540041,366.2627563,64.49742126,210,310,355.9551392,63.73687553,220,310,349.0713272,63.04888439,229.171052,310,357.2665787,62.50467491
1297,2821,Free State,GBIF,e,14500510,24.79125,-29.374583,180.4170847,318.9299917,411.5,66.02923393,167.0202637,316.1264648,268.0170898,85.0703125,133.25,310.5,437.5,56.75,165.75,318.25,391.25,53,210,300,389.1842651,63.40077019,210,310,377.5113068,62.2099514,220,310,369.6598053,61.71194935,225.2025414,310,378.7396851,61.43821621
1298,2822,Free State,GBIF,e,14500514,24.957917,-29.374583,178.961668,320.3199911,418,65.50213623,167.970459,312.2526855,269.8557129,88.36279297,134.25,307,440,58,166.75,314.25,391.75,54,209.9270868,301.9963551,375.5696793,64.57854462,210,310,366.3296661,63.89498711,220,310,356.1170044,62.41923523,225.316,310,364.4760361,61.47325039
1299,2825,Free State,GBIF,e,14220868,28.04125,-27.124583,156.034584,296.2199974,681.5,71.8245697,148.9431152,296.9975586,538.9914551,79.65161133,117.5,288.75,700.5,58.5,148.75,291.5,656.75,63,181.9988728,242.7710772,701.0705414,75.99835587,181.9837332,259.7805214,707.2115479,77.58813858,195.4236794,260,714.7915344,76.65311432,200,260,742.4093323,78.63176346
1300,2826,Western Cape,GBIF,e,15049530,22.29125,-33.79125,161.80125,227.8600025,417.25,15.19891334,144.927002,216.5458984,438.4709473,18.24682617,122.5,278,521.5,15,147.75,232.5,494.5,11.25,173.3689404,206.156106,530.6667023,19.52916336,175.2745771,213.163743,534.0556412,18.42499495,185.6700993,227.251811,522.4310684,21.30933905,187.0841646,230.1156092,525.752182,24.19278669
1301,2829,Western Cape,GBIF,e,15049528,22.207917,-33.79125,165.3941679,231.0500002,396.5,14.71528411,148.1223145,224.1716309,387.9587402,20.70678711,125.25,286,465.75,15,151.25,241.5,442.75,12,176.4868498,208.4158945,549.9707336,19.64950514,177.6014137,217.1316957,552.5150299,18.6213994,187.6014137,230.1653957,540.686203,21.40429449,189.6132708,234.2669344,543.2415237,24.17218304
1302,2833,Western Cape,GBIF,e,14977002,21.957917,-33.207917,175.3758335,284.8400021,207.25,24.71682692,150.2416992,263.8378906,129.1765137,60.24316406,123.5,288.25,193.75,24.75,153.25,285.5,187,19.5,196.6300631,252.1045923,242.6960831,20.40192509,197.8626585,259.6578932,244.8830376,18.72020674,207.4350882,274.980092,236.0467987,19.68366337,210.9178257,278.7872934,238.8462601,21.78211546
1303,2834,Free State,GBIF,e,14251978,29.29125,-27.374583,138.1937504,263.9799976,668.75,74.82915306,128.473877,275.0888672,576.1967773,71.21459961,97.5,266.25,719.5,61,127.5,272,682.75,66,163.4789371,230.2558422,687.6051788,75.68133545,163.3182979,249.9635458,704.9247437,78,177.7599478,255.796032,691.6942444,77.55536079,180.0050783,250,715.71521,79.94181442
1304,2835,Northern Cape,GBIF,e,14303676,25.04125,-27.79125,179.2545843,318.2000017,486.75,75.37453651,166.6235352,326.4760742,331.9296875,105.3786621,136.75,304,508.25,67.75,164.5,318.75,454.75,64.5,210,290.0164366,491.0791245,76.93636322,210,300,478.9460831,78.08682251,220,290.0657511,474.5226822,75.49235535,220,289.9923468,487.803421,74.91901398
1305,2836,Free State,GBIF,e,14645594,26.624583,-30.54125,152.4266672,312.2300005,548.5,57.72700596,138.7260742,306.9716797,407.168457,65.47094727,108.5,299.75,576,48.75,137.5,314.75,519.5,47.25,176.9466734,300,607.3114777,60.55363083,179.3500566,309.6542692,600.9620667,59.34920788,186.7494106,310,576.1553345,55.33322525,192.2601843,300,615.2674103,55.78087997
1306,2837,Northern Cape,GBIF,e,14303654,24.124583,-27.79125,172.0183325,317.9999971,470.25,79.87985039,158.222168,321.2866211,345.1904297,100.5629883,126.25,300,540.75,74,155,316.5,461,68.75,200,270,433.2647705,81.14967918,200,280,419.9229507,81.54018211,210,274.9334383,425.9105682,79.42270088,219.9632215,270,432.3320847,78.39511299
1307,2852,Mpumalanga,GBIF,e,14210548,29.707917,-27.04125,145.0833344,260.72999,703.25,76.35963249,139.871582,266.9064941,589.6430664,71.31152344,109.5,258,733.25,64.5,139.5,264,700,69.5,170,220.9115601,672.8813324,78,170,243.2099438,695.6764832,82,180.740099,250,678.8272247,82,188.4821224,242.2312212,697.7049561,83.87367821
1308,2853,North West,GBIF,e,14044734,27.457917,-25.707917,189.4254208,272.6599979,675,78.68740845,180.0344238,282.4428711,525.5185547,86.46044922,154.75,265.25,689.5,69.25,178,287,642,71,218.3641243,243.4886694,561.2363129,82,217.6855898,248.3485031,568.6850586,85.55871391,225.072813,260,620.1643982,87.11688805,229.0953922,260,619.1923828,86.75343513
1309,2855,Free State,GBIF,e,14510908,26.374583,-29.457917,152.3383331,327.3999882,540,64.09450436,144.7416992,311.6418457,428.1308594,74.30761719,111,310.25,604.75,54.75,144.75,315.5,542.5,54.25,187.1314335,300,571.3941193,69,189.505496,302.2055387,565.2584229,70,200,291.8119907,558.473877,68,203.2564402,290,569.6701965,65.02101707
1310,2857,Free State,GBIF,e,14272668,28.04125,-27.54125,146.5770841,295.1399994,700.75,69.96803856,140.265625,299.5266113,554.8046875,74.59082031,108.75,290.25,715.75,56.75,139.75,293.25,668.5,60.5,175.0139427,250,697.9248505,73.46110153,175.1845074,260,701.0858459,74.8970089,188.5621214,260,701.6766968,73.51748276,190.402627,257.833724,730.2850189,75.94355583
1311,2860,Free State,GBIF,e,14573060,26.04125,-29.957917,146.7512512,326.8400002,471.75,62.0056324,136.2548828,313.1164551,340.2397461,75.3347168,103.25,313.25,517.5,52.5,135.25,318,461.75,51,180.5407,300.0143147,532.3834839,66.15332222,181.7477655,309.1972399,529.9193878,66.30017471,193.1950521,300,513.9737854,62.63439083,199.8289347,300,529.8908997,60.0284462
1312,2862,North West,GBIF,e,14210428,24.707917,-27.04125,184.0429163,316.689992,493.5,79.57903099,170.578125,325.1347656,337.939209,107.9558105,140.75,306,528.25,76.75,166,325,462.25,70,210.0224543,289.6659184,458.3644104,80.99625778,210.3603983,299.9668074,448.2433777,81.99925232,220.3781462,289.9668074,457.7356949,80,230,280.127759,465.1001434,79.0007
1313,2863,Limpopo,GBIF,e,13899730,28.957917,-24.54125,196.6920805,278.0599976,544.5,86.86943626,186.0668945,255.4462891,422.5246582,93.58129883,158.75,260,551.25,76.25,185,268,516,78,230,240,527.2594147,87.12978172,229.3675375,240,548.2734985,90.78071594,240,260,604.6408997,95.50572968,242.6999092,257.7074337,581.5507507,93.91291428
1314,2865,Free State,GBIF,e,14355544,27.874583,-28.207917,151.0308337,304.6799946,693.75,66.85492897,144.5644531,296.9462891,545.5656738,70.12231445,112.75,287.75,705.5,55,143.75,297,648,58,179.5589113,270.0141573,618.2834015,71.96548653,179.7981691,276.1202574,621.1454163,73.02041054,190,267.1033096,607.9723663,71.090662,197.6045942,264.2916298,630.0190277,72.00165939
1315,2868,Gauteng,GBIF,e,14169062,27.79125,-26.707917,164.7708321,283.029995,641.25,75.57813454,159.7133789,275.0026855,537.1933594,78.11230469,129,266,700.5,61.5,158.75,276.25,656.75,64.5,190,242.5560951,628.3883209,78.43736267,190,259.0381861,640.1551514,80.54438019,200.253253,260,651.4729156,80.26428795,209.3085384,260,671.5062408,82.7049427
1316,2869,Eastern Cape,GBIF,e,14666288,25.54125,-30.707917,160.4891706,322.6599932,413.25,60.05263233,153.6679688,288.3850098,281.3278809,79.47680664,122.5,295,453,55.25,153,304.25,396.25,50,190.9554338,300,382.7124405,56.99848557,195.1180792,300,378.909523,55.05489159,205.4242229,300,365.4579086,53,209.9812841,300,386.3486023,52.01624107
1317,2870,Free State,GBIF,e,14282986,26.29125,-27.624583,172.2216702,315.9500074,555.5,67.86987495,163.2211914,302.545166,413.0842285,88.79077148,130.75,293,602.75,61.5,163,301,536.5,61,200,290.1712227,522.2084732,72.27530861,200,300,515.5805054,73.41434097,210,290,528.6335297,73.24363899,220,280,551.6448669,76.1932354
1318,2879,Western Cape,GBIF,e,14987298,19.29125,-33.29125,153.6541677,241.3399982,443.25,57.14705563,133.0197754,238.677002,697.2097168,65.0690918,107.75,272.25,876.25,69.25,136.5,262.25,832.5,73,171.6396475,250,1022.511032,71.97696877,174.5520973,250,1008.093689,72.91710472,178.589654,257.6712322,944.0419922,65.11573601,182.9609346,259.7983408,936.6601715,66.05912971
1319,2880,Eastern Cape,GBIF,e,14935692,27.374583,-32.874583,179.5849991,192.3500013,723.5,43.5572319,170.5979004,210.7626953,497.5546875,48.30981445,140,242.5,650.5,40,171,213.75,578.25,39.25,191.5300751,190.9701967,725.076355,48.9655304,190.8878326,197.1067047,731.7467346,48.10643387,200.3787327,197.7847481,690.5969696,48.38899136,204.6065569,191.0766077,728.7020111,50.44670486
1320,2881,Eastern Cape,GBIF,e,14883882,26.957917,-32.457917,135.3741646,230.3700018,671,53.5566864,118.5588379,213.345459,843.6184082,43.72875977,89.75,223.25,984.75,37.75,119,222.75,912.5,40.5,144.2115068,205.6331444,848.688446,53.54915619,144.0357232,211.3152409,843.7352142,52.08366108,152.4849439,212.7548838,804.6903534,51.61152649,154.7198057,207.1028805,842.6344147,53.49993801
1321,2885,Free State,GBIF,e,14593790,26.457917,-30.124583,148.1850004,318.4300089,533.75,60.76003838,133.9724121,310.6010742,389.2802734,69.93920898,102,304.25,563.75,51.25,133.25,314.75,507.25,50.25,179.2941093,290,579.2861481,67.86210823,180,300,574.0259857,67.36047745,189.9111319,299.9254465,555.8487701,64.0198698,194.1115856,290,582.3765717,62.22862911
1322,2888,Northern Cape,GBIF,e,14697338,24.29125,-30.957917,144.9624991,356.0300064,325.5,59.3316021,138.7536621,310.9716797,190.6083984,81.47338867,106.25,313,351.25,55.5,138.75,324,304,50,183.1028461,290,330.5312424,62,187.6407862,290,325.762291,57,196.4568615,304.887023,302.1289368,53.62621593,200,300,319.17202,52.50956726
1323,2889,Mpumalanga,GBIF,e,14138020,29.374583,-26.457917,145.3633332,250.8300066,691.5,77.90610886,147.2531738,262.5927734,578.8305664,74.59350586,118.75,254.25,719.25,66.25,147,265,694.25,71,174.3404675,230,723.6533356,79.72436714,176.8962908,250,745.1495667,83,189.9848604,254.7903872,745.76091,83.00071526,191.019392,250,758.1292877,84
1324,2890,Northern Cape,GBIF,e,14407232,23.207917,-28.624583,164.0987539,324.8399925,360.75,78.22437859,154.9038086,313.4406738,227.1691895,98.22558594,119.25,301.25,404.25,70,153.75,310.75,342.25,62.5,198.0102158,270.1020098,334.7974701,73.95963669,199.0515804,278.8052607,323.7232361,72.11398697,206.4966917,280,335.3003235,71.99835587,209.7511482,290,336.6863556,69.18793488
1325,2891,Mpumalanga,GBIF,e,14220940,31.04125,-27.124583,181.0545826,210.8900023,833.5,71.07398224,165.5361328,212.3171387,797.4001465,60.73388672,134.5,207.25,929.5,64,164.75,209.75,910,66.5,190.5928469,200,852.7010193,73.97467422,189.7749567,200.6406164,898.4688721,78.98597145,200.0614023,214.0163374,867.040451,77.72998428,206.0730171,200,859.5927582,76
1326,2892,Free State,GBIF,e,14272680,28.54125,-27.54125,146.2070847,297.2899961,723.25,69.18598557,138.9375,303.7592773,589.1872559,74.54418945,108,292.75,742.5,56.5,138.5,297.75,698.25,62.25,173.5079288,250,626.9927826,74,173.5079288,268.4311819,634.0888519,76,186.5341425,270,632.6531677,74.88432884,190.0331926,260,661.2348938,78.03451347
1327,2897,Free State,GBIF,e,14438362,25.29125,-28.874583,176.0245848,326.6600132,448.5,67.90953064,165.4179688,317.2692871,290.4467773,95.75756836,131.75,309.75,455,61.5,163.75,315.5,414.5,57,210,300,453.8004913,70.9772625,210,302.9589748,445.5163269,71.65052414,220,310,435.5699463,69.48504257,220.8974504,310,443.6186523,67.86004639
1328,2899,North West,GBIF,e,14086142,26.124583,-26.04125,168.5645819,282.1499968,605,80.59821129,160.6555176,269.3005371,476.7512207,97.04150391,134,250.75,658.5,70.25,157.75,274,602.25,68.5,200,240.4615879,549.5588226,81.80553818,200,250.2517939,549.4614258,82,205.1377535,250.1798534,598.5280151,83.57262039,210,250,608.4866638,85.0691452
1329,2902,Free State,GBIF,e,14562704,26.207917,-29.874583,152.2441673,326.0700035,489.25,62.23934937,141.4719238,314.3581543,351.5412598,76.87426758,108.25,314.5,527.25,53.25,140.5,319.75,471.5,52,188.9600658,299.9925137,471.5980759,68,189.6506834,300,468.3472519,68,199.7566557,294.8101044,455.2675323,64.96421051,207.2282839,290.007,467.7610016,61.99404335
1330,2905,Mpumalanga,GBIF,e,14075868,29.707917,-25.957917,154.2737484,239.1700029,713.5,80.41912651,142.3151855,262.3381348,598.925293,75.81030273,112.75,259,752.25,67.25,141.75,266.75,719,71.5,179.8280811,229.9464226,628.0747528,83.13589478,179.8759365,239.7170925,651.5019073,86.73161125,190,248.9630318,664.4367981,87.63261986,197.3698902,240,658.0579071,88.01162338
1331,2909,North West,GBIF,e,14251856,24.207917,-27.374583,175.4608297,312.1299982,480.25,80.95127487,159.1674805,317.6486816,364.6594238,100.1201172,127.5,296,563.5,73.5,155.5,313.75,483.75,68,200,270,437.2284851,80.57366371,200,280,425.8021622,81.37893105,210,270,433.399231,79.24459267,210.1609612,267.6151991,438.1034622,78.66816711
1332,2910,Northern Cape,GBIF,e,14251854,24.124583,-27.374583,174.4074965,311.7099857,476.25,81.28869057,158.2543945,317.0725098,366.060791,100.0395508,126,294.75,566.75,73.5,154.75,312.5,483.75,68,200,270,431.521347,79.64216614,200,280,419.1762085,80.20428467,210,270,427.6094894,78.19027138,210,270,432.6848068,77.84479904
1333,2924,Free State,GBIF,e,14386590,26.457917,-28.457917,164.3249989,327.9299927,551.5,67.33506012,154.0007324,330.220459,413.4396973,84.80078125,120.75,323,592.25,60.25,153.75,324.5,530.75,59.75,196.4883327,290,602.0623779,71,198.5830259,300,594.4731903,72,209.6586943,290.8304405,597.1856995,70,210.8454418,290,609.8707581,70
1334,2925,Free State,GBIF,e,14428012,25.707917,-28.79125,171.2108326,334.5199871,461,67.62934875,161.7087402,324.3776855,304.1894531,96.98925781,127.75,319,473.25,62,160.5,322.25,429,59,207.2588921,300,535.2306824,71.40031815,209.9923468,300,528.8655243,72.96481895,219.9923468,303.4267282,523.3181915,70.46664047,220,300.9689045,531.7753448,69.19639206
1335,2935,Free State,GBIF,e,14376264,27.874583,-28.374583,144.4074988,295.3300047,714.75,65.40124702,137.3276367,288.447998,599.5649414,66.86303711,105,282,757,54.25,136.75,289.25,698.5,57,168.0167341,270.2144861,721.4887543,71.88154793,168.2356215,279.827137,723.4774017,73.00177383,180.2280045,269.8181534,705.3246765,71,187.3961639,265.1355219,730.9073639,71.85399246
1336,2941,Eastern Cape,GBIF,e,14852766,25.457917,-32.207917,146.6304159,275.1200056,443.75,49.88363838,134.2719727,262.6303711,323.2189941,52.69287109,104.75,277.25,446.25,38.75,134.25,278.25,419,39.5,164.8204803,248.1891632,470.2750015,53.27277851,166.0118818,255.7297659,468.694603,51.21342087,174.0548515,263.3378553,442.9496002,50.46439457,179.527669,251.6843414,467.1018448,52.74772739
1337,2946,North West,GBIF,e,14106834,24.957917,-26.207917,189.9079132,298.7800026,477,78.82943726,176.5529785,309.3244629,338.939209,111.9050293,147,292.75,516.25,74.25,171,310.25,466.75,69.25,211.0835934,290,436.3012619,82,214.7562551,300,430.7128601,84.97771835,223.8052368,287.7594614,456.9774475,83.19407463,230,289.3068123,465.7703705,83.13652229
1338,2950,Free State,GBIF,e,14376284,28.707917,-28.374583,142.8649998,264.729991,755.25,68.31098938,132.4377441,273.1340332,638.9138184,64.87451172,101.5,266.25,783.5,53.75,132.5,274.75,729.75,57.75,160.9413838,252.4879217,759.1909332,72.4918499,161.4475513,258.0024576,768.7690887,74.11555672,174.2074823,248.5984993,742.0245056,71.3531456,178.9698458,245.9259415,771.3066559,72.68334579
1339,2964,Free State,GBIF,e,14231230,28.124583,-27.207917,153.1983352,300.170002,700,71.44068336,145.8967285,299.8847656,552.2143555,78.86865234,114.25,291.25,710,58,145.5,293.5,668.25,62.5,180,241.2402153,692.5437622,75.58959007,180,260,697.76828,77.08110809,190,260,704.7935181,76.13628769,199.7825575,259.0873384,733.4504089,78.34853172
1340,2965,Free State,GBIF,e,14231228,28.04125,-27.207917,153.4370828,298.29,689.75,71.61224365,146.184082,297.8811035,539.3862305,79.22705078,114.5,290,700.25,58,146,290.75,657.5,62.5,180,249.1065073,710.6269073,75.13617134,180,260,715.4615021,76.78975105,190.0637865,260,722.092926,75.94365311,199.0909958,260,750.4186707,77.940382
1341,2966,Free State,GBIF,e,14220870,28.124583,-27.124583,155.5212498,297.1300077,691,72.01638031,148.1308594,299.0922852,549.0793457,79.90454102,116.5,290.75,707.25,59,147.5,293.5,668,63,181.4889669,240,681.2284698,76.01491165,181.4162111,254.6558523,687.69487,77.94087029,195.0969028,260,695.6864014,77.08379745,200,256.5361643,723.533493,79.24132156
1342,2967,North West,GBIF,e,14106878,26.79125,-26.207917,165.1924992,278.0199909,614.75,78.43003845,151.4228516,284.4040527,497.0517578,92.79614258,124.5,268.75,680.75,70.25,149.5,287.25,622,69,192.2863579,240.526042,599.0252533,79.83880997,194.4387484,251.6654968,600.4874725,80.36314011,204.1443014,254.3671227,641.2191162,80.02291679,210,254.2933893,656.7331085,82.47166634
1343,2968,North West,GBIF,e,14096518,26.79125,-26.124583,165.6579161,274.3599987,616.5,78.81760597,152.5053711,280.2736816,509.7644043,91.65283203,125.5,264.25,692,70.25,150.75,284.25,633.5,69,190.3637552,238.0755758,582.1696625,79.72964478,191.7292976,246.0321379,584.3311615,80.35898781,200,250,626.7416382,80.15075684,209.9627209,250,639.3002777,82.37627411
1344,2971,North West,GBIF,e,14117232,26.54125,-26.29125,165.9450054,277.4999952,604,78.90493774,153.9560547,277.0107422,490.3886719,94.43896484,125.75,263.75,676.5,70.75,152,281,615,69.25,191.3072634,251.5097475,600.3806915,81,191.6803026,260.18538,601.274292,82,201.9193983,260,645.6824799,82,210,260,662.4992676,84
1345,2972,North West,GBIF,e,14117234,26.624583,-26.29125,165.1537466,278.1200075,611,78.93800545,151.9230957,280.4716797,490.4680176,94.44921875,124,266,677.5,70.75,150.25,283.75,617,69,190.3566027,250,630.092514,81,190.3566027,260,631.2363892,81.97177696,200.8164024,260,675.8023376,81.62737846,210,260,693.8533325,84
1346,2974,North West,GBIF,e,14086158,26.79125,-26.04125,163.4883308,275.1599979,634.5,79.33757782,153.1186523,275.8422852,524.2314453,90.00585938,126.75,259.5,706.5,70,151,281.75,648.5,69,190,230.939126,604.3986206,79.7616787,190.0359726,240.0719404,607.4634247,80.57305145,200,249.6222305,654.6395874,80.56278419,209.7452927,246.7603588,665.1991119,82.47485924
1347,2977,Western Cape,GBIF,e,15039166,22.124583,-33.707917,173.729167,249.0200043,341.5,13.83897734,157.0253906,246.1362305,274.1411133,28.28295898,133.25,301.5,343.25,15.25,159.75,265,331.25,14,184.8451185,223.4497166,484.107872,18.72560883,186.2466431,230.9673357,487.5234833,18.0107913,196.5527868,247.6619768,474.6077805,20.27911043,198.9085293,249.2431927,477.1029968,22.95653629
1348,2980,Free State,GBIF,e,14386552,24.874583,-28.457917,183.6829185,318.9400005,460,72.20676804,170.9916992,321.7038574,296.8288574,96.20068359,138.25,306.5,466.5,63.5,169,317.5,418.5,59.25,210.2027655,290,428.7577972,72.11130333,219.6685934,300,415.092598,72.58820534,228.5691357,300.8236408,417.8159332,72,230,300,424.3916016,71.56476593
1349,2981,Western Cape,GBIF,e,14883780,22.707917,-32.457917,174.295001,290.4799986,241,41.76451588,163.7368164,259.7792969,146.6738281,60.21337891,132.75,278.75,247.5,41,166,279,224.5,35,198.4931326,270,246.0978775,41.69749355,200,279.637866,250.7794533,39.55153465,208.8240576,280.1360655,243.6713791,38.84780407,210,286.4184427,250.6040115,41.7780571
1350,2982,Western Cape,GBIF,e,14894142,22.79125,-32.54125,172.6845837,291.0099983,242,40.20085621,162.2431641,259.486084,151.3603516,62.39013672,131.25,278.25,249.5,39,164.25,280,229.5,33,197.6789856,270,215.1524086,42.88938236,200,280,219.028923,40.73887825,208.332653,282.2294569,212.2733574,39.63066673,210,290,218.2742805,42.45236301
1351,2984,Gauteng,GBIF,e,14086180,27.707917,-26.04125,164.9112463,261.4999962,715,78.43848228,155.3654785,261.5515137,577.5080566,80.5324707,130.25,244.25,735,67.25,153.5,268,692.75,69.5,188.4764576,230,649.3720703,82.01064873,188.4194899,240,658.4105835,84.51224899,198.5435152,250,693.9207001,84.66546822,203.4948301,249.5999384,702.2068176,85.53396225
1352,2994,Free State,GBIF,e,14407292,25.707917,-28.624583,168.7895823,333.8500023,468,69.20206642,158.7629395,328.8166504,315.2490234,97.91015625,125.25,321.75,489.5,63.5,157.5,325.5,439.5,61,200.2341843,290,572.8963318,72.77090263,203.1111526,293.4498405,565.6183777,74.71803856,212.3131227,300,562.4041748,72.09357452,220,299.5837879,571.0230865,71.02428818
1353,3002,Gauteng,GBIF,e,14086188,28.04125,-26.04125,167.9212427,248.5400009,713.75,78.64317322,160.5161133,253.1455078,578.9577637,80.90014648,135.5,236.75,728.25,68.5,158.5,259.75,694.5,70.75,193.2292557,230,618.5179596,82.01124763,192.8905392,240,628.0542755,84.8877182,203.5918808,250,664.3824158,85,208.3019161,249.9645042,672.1724091,86
1354,3011,Free State,GBIF,e,14324460,27.707917,-27.957917,153.2025003,299.9999905,672.5,67.95829964,144.7075195,297.4477539,520.3283691,73.62133789,113.25,289.75,683.75,56.25,144.25,297.75,629.25,59,179.3289566,269.9387693,686.5207214,73,179.8440886,279.8928452,690.675415,74.52850342,190.7417345,267.9740572,680.9739227,73.00950241,196.2519646,264.3751049,704.7761383,74.74303436
1355,3013,Free State,GBIF,e,14283028,28.04125,-27.624583,146.1979175,297.0599985,700.25,69.79153061,139.7966309,300.123291,554.4262695,73.62011719,108.25,290.75,717.75,56.25,139.25,294.25,667.5,60,174.1470814,250,667.7919159,72.93678474,174.4384289,260,671.2071991,74.08427811,187.9166126,260,670.2284088,72.86875153,190.2118874,251.2049437,697.7199249,75.13338661
1356,3014,Northern Cape,GBIF,e,14469420,24.374583,-29.124583,180.5929184,318.829999,402.75,71.30017471,162.5625,325.5090332,271.6469727,85.69433594,128.25,315.25,441,60.5,161,323,391.5,56.25,208.8037157,300,425.1951675,66.52098083,210,310,410.3807907,65.2896328,220,310,410.1711426,65.81959724,224.2225122,310,417.6446304,66.37142372
1357,3015,Free State,GBIF,e,14583394,24.957917,-30.04125,172.994585,315.2000046,391,61.1860199,158.4523926,317.8479004,248.7368164,85.12841797,125,318.25,421,53.25,157.75,327.25,368.25,48.75,199.457984,290,382.6023788,60.06914616,200.1147413,290.1087236,378.826004,58.73227501,210.4459476,298.9462137,359.7974243,56.06914616,219.0129948,294.7344065,376.8218307,55.92063808
1358,3017,Free State,GBIF,e,14573042,25.29125,-29.957917,153.2116675,322.1200037,437.75,60.45459747,140.578125,311.1538086,299.0358887,78.44873047,107,310.25,474.5,52.5,139.25,317.25,420,48,184.764185,294.5026636,496.2074127,63.47380161,188.2425261,300,495.7181778,63.17118549,198.9757586,295.359087,470.5804596,59.18814182,200.6851292,291.9699526,486.5678787,57.86381912
1359,3018,Free State,GBIF,e,14573044,25.374583,-29.957917,155.3883338,327.4100018,434.25,60.71832848,143.4465332,309.7453613,291.3862305,78.95288086,110.25,309,465.25,53,142.5,316.5,411.75,49,189.5766973,295.1801872,485.8273544,63.8695488,189.8680258,300,485.8811188,63.71864128,199.8963404,295.1801872,462.1598129,59.50265789,207.6093006,292.3937607,477.0042801,57.70218277
1360,3020,Free State,GBIF,e,14562678,25.124583,-29.874583,164.2020845,316.9800043,420.25,61.2094841,151.4592285,311.088623,279.307373,82.97070313,118,309.5,454.25,53,150.5,318,400.5,49,193.5950899,292.984333,424.5928192,63.05630589,195.8520937,299.060874,421.8314972,62.4419899,207.5819588,295.0707626,399.9059982,59.08902168,209.6940088,294.3167925,413.6798096,57.97482014
1361,3022,Free State,GBIF,e,14593758,25.124583,-30.124583,162.3795843,328.1499958,410,59.75119972,149.2744141,316.2524414,256.7746582,85.01464844,116.25,316.25,431.5,52.75,148.5,325.25,376.5,48.75,194.5420313,290,405.5410767,61.52341366,198.4539938,290,404.1554871,60.43647099,209.0446854,293.7652063,383.6153259,57.03532887,210.7275057,290,401.3624649,55.98310566
1362,3024,Free State,GBIF,e,14334804,27.04125,-28.04125,166.8966627,302.9000044,574.25,67.50373268,155.3027344,301.3752441,444.4013672,83.85327148,123,296,618.5,58.25,155,305.25,557.75,58,190.551343,280,590.2779388,70.99588966,192.8853798,290,589.6786499,72.74904823,207.0902491,280,590.2469025,71.8730278,210,276.8891001,608.9667511,73.37386513
1363,3027,Free State,GBIF,e,14345212,29.04125,-28.124583,143.0029178,267.130003,690.25,70.69189072,129.3994141,282.8977051,566.8208008,67.046875,98,272.75,706.75,55.75,128.5,281.25,665.5,61,169.9331045,240,682.698349,74.44787598,169.9331045,242.2760057,696.1584473,76.86627388,180,248.8184834,672.6938019,74.5271759,185.6820154,242.1775484,696.7478943,75.95586395
1364,3030,Free State,GBIF,e,14521286,27.124583,-29.54125,153.5391665,308.1600094,641.75,64.39016247,144.2507324,296.8249512,496.1091309,74.27514648,111,294.5,659,56.5,143.75,301.25,594.25,55.75,177.4684095,290,658.8528748,69,178.8131428,290,655.1314697,69.13324547,189.7054005,287.519784,635.6055145,68.17268181,194.8058128,280,653.5997162,66.62820625
1365,3031,Free State,GBIF,e,14355572,29.04125,-28.207917,144.411664,264.0800047,704.25,70.38994789,130.0615234,279.7553711,575.3674316,66.56958008,98.5,270.5,717.25,55.25,129.25,279,673.5,60.75,169.4706917,239.9850273,684.732132,75.05312157,169.4706917,240.4487848,698.3566437,77.40691376,179.8969698,243.4511614,672.6802673,74.81484604,187.2004938,240.0165939,695.8864594,75.93997765
1366,3043,Free State,GBIF,e,14334820,27.707917,-28.04125,150.4750013,299.7899961,670,67.57620621,142.338623,295.597168,532.1218262,72.1809082,110.75,288,695.75,56,141.5,297,638.75,59,176.4262819,270.9470654,697.3098907,72.3328743,178.4772158,280,701.2345581,74,190,270,689.7910614,72.81774139,191.2959146,269.9467564,713.5815277,73.99658203
1367,3046,Free State,GBIF,e,14210520,28.54125,-27.04125,155.7204175,287.5400019,697.25,71.2067337,147.0629883,299.0153809,578.6911621,80.65136719,116.5,291.25,728.75,60.5,147,295.25,695.5,66,181.1159086,240.9895658,598.1441803,77.00520897,181.3200045,260,610.13591,79.92911911,195.4961443,260,618.0826263,80.06688499,200,260,641.7969818,82.65532684
1368,3049,Eastern Cape,GBIF,e,14676706,27.957917,-30.79125,124.0545821,269.9399996,703.5,59.87482357,105.3930664,261.2744141,623.9997559,54.64208984,81,250.25,754.75,48.25,104.5,265.25,718.75,52.25,134.4729424,231.0241795,860.0546417,64.14187336,136.3648605,239.7050667,850.0396576,63.42831516,142.2821808,241.0241795,816.5098114,59.81251049,147.6705265,233.3511734,868.40979,61.12544632
1369,3051,Northern Cape,GBIF,e,14334744,24.54125,-28.04125,189.2212486,308.6000013,459.25,75.84196663,177.2919922,329.6044922,282.284668,103.748291,145.75,311.5,458.75,68.25,175,325.75,402,63.75,219.9170208,297.7103329,400.7755203,77.70713615,220,307.2082043,386.4173431,77.80517769,230,304.0042305,393.4893265,76.95446205,230,300,401.445488,76.70443726
1370,3058,North West,GBIF,e,14148314,26.624583,-26.54125,169.6308374,286.6900015,604,77.91902351,158.6899414,281.8044434,475.4291992,95.02392578,128.5,271.5,661.75,70.75,157.25,283.75,596.5,68.75,200,260,551.2664032,80.99635506,200,270,551.5564575,81.45633125,210,270,584.717041,81.29372406,219.5981598,270,604.1325073,83.89809608
1371,3065,Free State,GBIF,e,14355560,28.54125,-28.207917,137.871666,275.4099989,742.75,66.8142643,126.8779297,287.3979492,601.5856934,65.48583984,95,279,754.25,51.75,126,286.25,699.75,57,159.1489339,259.9834061,798.2121582,72.35156441,159.6110201,260,806.4924011,74.16175079,170.4019403,254.5252943,786.1745758,71.61473846,176.5190935,250,820.8141479,73.40991974
1372,3066,Free State,GBIF,e,14293338,25.957917,-27.707917,170.3008366,318.5599947,523.25,69.07948303,161.7546387,308.8232422,393.7780762,89.32763672,129.25,296.5,585,63.75,160.75,307.75,518,62,201.3908529,290,531.9483185,73,204.0207195,300,525.8577423,74.40349579,217.9790354,280.293293,529.677002,72.0172863,220,280,547.7620239,73.87278938
1373,3067,Limpopo,GBIF,e,13868698,30.957917,-24.29125,223.4799957,217.5300074,670,83.52369499,210.4663086,208.7617188,405.0632324,97.59912109,183,221.25,561,75.5,207.25,236.25,503,72.75,241.5254688,206.1394978,585.9218445,83.58068657,240.5433512,209.8287773,622.4460754,86.56719208,249.5424891,220,709.177124,93.75486183,257.9482698,210,644.6711273,91.11055756
1374,3069,Free State,GBIF,e,14573054,25.79125,-29.957917,153.5916662,333.1200027,429,62.55401134,144.2641602,313.0788574,282.7321777,83.21435547,111,313,453.25,55.25,143.5,319,403.5,52,190,300.2303219,433.5847855,63.39637566,190,302.9837799,432.8141861,63.35829067,202.2079468,300,418.5804901,59.96621132,210,300,431.5611496,57.92319584
1375,3072,Free State,GBIF,e,14583412,25.707917,-30.04125,153.1479144,332.8300095,424,62.39018345,143.4406738,311.362793,278.3347168,82.59301758,110.75,311,448.25,54.75,142.5,318.5,398.5,51.5,189.885087,294.3806076,449.1755676,62.9770174,190,298.3061838,449.5457993,62.98281193,200.6027269,298.0732918,434.0599976,58.9590826,208.6147547,292.5599575,448.3918915,56.73297977
1376,3073,Free State,GBIF,e,14241588,28.04125,-27.29125,151.265831,297.3899984,695.25,70.95516396,144.4909668,298.5524902,542.1838379,78.44189453,113,291,700.75,58,144.25,291.5,658.75,62,180,250,709.888382,75,180,260,713.6875916,76.05834198,190.0143147,260,718.9116974,75.18553925,194.7140408,260,747.392334,77.20591736
1377,3075,Eastern Cape,GBIF,e,14738868,28.04125,-31.29125,151.0249996,252.8599977,705.25,64.00763607,136.2741699,250.7619629,588.3520508,60.0402832,112.25,243.75,708.75,56,133.5,256,682.25,56.25,156.7090344,210.9128857,1111.124512,66.63286972,157.039113,220,1101.584076,66.455513,166.9064665,229.982419,1049.124832,64.21459484,171.1735868,220,1118.18576,66.04588699
1378,3078,Free State,GBIF,e,14479818,25.957917,-29.207917,162.067914,332.2800064,484,65.25557709,155.7956543,309.9321289,351.2558594,82.26977539,122,307.75,525.75,56.75,155.25,311.5,470.75,55.75,195.259943,310,522.1455231,70.94184685,198.3905315,310,514.6314087,71.70443344,209.7939444,300,506.8008347,69.34901047,210.777626,300,516.4015656,66.98196602
1379,3081,Free State,GBIF,e,14376236,26.707917,-28.374583,163.7220812,313.6600065,563,67.00608444,152.5009766,311.7363281,430.7282715,81.14794922,119.25,303,608.5,57.75,152,307.5,546.5,58,190.1162004,290,616.1032257,70,190.9107685,300,609.78508,71.87011147,201.9745731,290.0211573,611.8094635,70,210,290,628.5715637,71
1380,3082,Western Cape,GBIF,e,15028810,22.29125,-33.624583,174.7704124,256.3600016,342.25,12.33193874,159.2150879,256.6201172,264.7119141,28.5859375,136,302.75,332.5,15,162,276.25,323,14.75,188.2662916,229.8287773,406.5946579,18.35675573,188.539567,239.4007158,412.178688,18,199.7243261,251.0981083,400.4589462,20.48980999,205.6601858,253.6082268,405.1929626,23.02485418
1381,3084,Gauteng,GBIF,e,14075834,28.29125,-25.957917,163.9854193,242.7999926,724.5,79.64349556,153.2692871,249.7419434,580.1845703,81.92700195,129.25,233.5,725.25,70.25,151,257.75,695.25,73.5,190.0367785,230,662.188797,81.4336853,190,239.8437357,674.5118103,84,200.0367785,250,722.6978149,85.51568222,204.358263,240,724.516037,85.98287773
1382,3085,Free State,GBIF,e,14314108,28.04125,-27.874583,145.9129143,298.6199951,700.25,68.36805916,139.4458008,300.3691406,551.501709,70.77539063,108.5,290,711,55.25,139,297.25,657.75,59.25,172.3036289,257.1349812,647.0748749,71.16004372,172.4571133,262.7878523,651.1811371,73.01514053,185.3809738,260,645.5467377,71.07224655,190.1972675,259.7561455,671.3350372,73.19548798
1383,3089,Free State,GBIF,e,14396950,26.457917,-28.54125,162.5645828,324.3699932,553.75,67.32040787,151.2636719,331.4458008,420.1774902,83.31958008,117.25,324.75,597.75,59.5,151,326.5,537,59.25,191.4605522,290,645.2255707,71,193.4576702,298.7934732,637.7635651,72,205.6813049,290,638.7854767,70,209.8696327,290,651.2193298,69.87573433
1384,3090,Free State,GBIF,e,14407312,26.54125,-28.624583,160.0874996,321.1500072,564,66.93401337,148.6572266,327.666748,433.7814941,80.41674805,114.75,320.75,608.25,58.75,148,323.25,547.5,59,190,290,643.6955872,71,190,290.123229,637.2216797,72.31547737,200.3860903,290,635.7833557,70,209.6928692,290,648.1881714,69.56594276
1385,3092,Mpumalanga,GBIF,e,14065506,29.624583,-25.874583,156.6212535,238.0700064,692,80.74958992,142.5742188,269.3999023,591.0681152,77.18408203,113.5,266,746.25,66.75,141.5,274,711.5,70.25,180,230,644.4925537,83.6568737,180,236.2889814,669.1271667,87.40254402,192.1064425,240.5663872,687.7083282,88.55545807,200,240,678.0690308,88.33343887
1386,3093,North West,GBIF,e,14106832,24.874583,-26.207917,190.1679134,296.9700003,472.25,78.8309536,176.1181641,309.1835938,334.8232422,112.8410645,146.25,293.5,512.75,73.5,170.75,311.25,461.5,69.25,211.3021135,290,458.8437271,81.28779793,215.0721455,300,451.5780411,84.23052406,223.4694719,288.7677717,478.5619049,82.19411659,230,289.9785137,487.0528336,82.10191536
1387,3099,Free State,GBIF,e,14469438,25.124583,-29.124583,176.769166,322.9399967,435.25,66.35389519,166.0471191,313.9506836,289.0368652,90.48876953,132.25,306.25,456.5,59,164.5,312.5,408.75,55.75,209.3105459,309.3023682,425.1362152,68.85404205,210,310,415.5900574,68.60788536,220,310,405.1137238,66.79310608,222.6030016,310,413.0114975,64.90737915
1388,3102,Free State,GBIF,e,14469446,25.457917,-29.124583,169.2229176,328.1299973,442,66.19238853,159.6069336,314.4411621,297.8134766,94.87695313,125.5,309.5,470.75,58.75,158.25,313.25,423,55.5,200,310,484.2607269,69,200,310,475.9853363,69.05914688,213.2813501,300.9068823,463.561554,67,220,308.8955069,473.5861969,65.0398922
1389,3104,North West,GBIF,e,14137930,25.624583,-26.457917,178.5816669,297.1600103,564,78.48871613,167.8474121,296.2126465,403.3632813,102.0336914,138.75,281.25,588,73.25,164.25,294.5,530.25,70,200,270,477.7026825,81,200,280,475.2412491,83,210,262.0188189,503.6797256,83,220,269.6804905,515.0306244,83
1390,3106,Free State,GBIF,e,14469442,25.29125,-29.124583,172.2837496,325.019989,437,65.89980316,162.715332,314.001709,291.348877,93.41845703,129.25,307.75,460.5,58.5,161.25,313,414,55.5,201.5203238,309.3640995,456.0252075,69.00812149,204.4722986,310,447.2170029,69.11849213,220,303.5277987,434.7001495,66.99034691,220,309.755044,443.7880325,65.02281952
1391,3107,Free State,GBIF,e,14469440,25.207917,-29.124583,174.7020817,324.3800068,436.5,65.92501068,165.1884766,313.9663086,287.911377,92.80322266,131.25,307.75,456.75,59,163.75,312.75,409.25,55.75,208.3018923,309.6910906,431.3827972,69.05107498,209.8442316,310,422.3994522,69.08019638,220,309.6423912,410.9347916,67.04625702,220.578146,310,419.0857162,65.02270889
1392,3108,Free State,GBIF,e,14459080,25.207917,-29.04125,176.3399982,324.5100021,440.5,66.53754997,165.623291,315.206543,290.0175781,93.29589844,132,308.5,455.5,59.25,164,314,411.5,56,209.8299074,302.7074909,434.5571671,69.86302376,210,310,425.2596283,69.89944839,220,309.9925137,414.7644958,67.89126205,221.3842964,310,422.8370972,65.94720078
1393,3110,Free State,GBIF,e,14417676,26.707917,-28.707917,160.619998,320.9000015,574,65.99768639,149.918457,319.4086914,441.2692871,78.43041992,116.5,314,612,57.5,149.25,317,554.25,58,189.9342251,290,593.3694,70.78221893,190,299.9409342,588.3203735,72.0007,200.1207733,290,584.5482483,70,209.0596962,290,597.728775,69.88442612
1394,3112,Free State,GBIF,e,14428034,26.624583,-28.79125,157.2066665,319.7199965,576,66.43238831,146.6726074,320.4133301,453.1928711,77.16088867,113,316,626,57.5,146.25,318.75,564,58,189.7919989,290,624.7330322,71,189.9143887,297.9601622,619.2885284,72.65549088,200,290,614.8926697,70,202.0841646,290,627.3810577,69.00372696
1395,3116,Free State,GBIF,e,14396912,24.874583,-28.54125,181.1416721,320.079999,457.75,71.6094265,170.090332,317.8723145,298.8676758,94.36450195,137,304.5,469.25,62.75,168,314,420.75,59,210,290,447.0877304,72.01616478,212.5213099,300,433.507843,72.41881752,220.6679583,300.1610756,435.1413193,72,229.993,300,441.5025253,71
1396,3117,Free State,GBIF,e,14396914,24.957917,-28.54125,180.385828,319.7199917,462,71.36535454,167.6467285,317.3066406,304.0891113,93.08520508,135.25,305,471.25,62.25,165.75,314.75,426.5,59,210,290,453.2640762,72.73656654,210,298.3881044,440.2641754,73,220,300,439.7172089,72,229.2280531,300,446.0947952,71
1397,3127,North West,GBIF,e,14324396,25.04125,-27.957917,180.3629208,317.4799919,480.75,74.04552078,166.4782715,329.8916016,319.0163574,102.7692871,135.75,308.5,492,65.5,164.5,322.5,442,62,210,290,480.0230789,75.81623077,210,300,466.3618851,76.65956306,220,299.744916,463.6747894,74.1408596,227.898469,290.2613592,474.9774475,73.79383659
1398,3128,KwaZulu-Natal,GBIF,e,14552420,29.374583,-29.79125,137.4037504,260.189991,1034.75,78.09707451,126.796875,262.9245605,917.9165039,77.82910156,96,256.75,1050,74.25,126.5,266.75,981.75,73.25,159.4278121,231.942215,1099.799683,79.99296761,159.5474386,234.8274565,1099.898499,80.94205856,170.7534885,240,1061.988892,79.22815323,176.1464119,236.5707827,1108.784912,80.08689308
1399,3145,Western Cape,GBIF,e,15080574,20.79125,-34.04125,174.1049957,226.5600014,391,18.9348588,159.1650391,228.8317871,456.9511719,23.09863281,133.5,296.75,520.5,20.5,162.75,248.75,505.5,22,180.6121016,200.2223301,507.0475006,18.60595322,180.8030224,206.6023827,496.0869827,18,188.6241722,218.3496094,505.7212372,25.60651445,190.8030224,221.0078001,494.6264572,26.96909332
1400,3146,Free State,GBIF,e,14324484,28.707917,-27.957917,140.849998,279.9200058,715.25,68.87190628,130.1235352,295.4023438,572.3652344,68.85888672,99.5,284.25,724.25,53.25,129.5,291.5,675.25,58.5,163.7122822,255.9175158,719.066925,73,164.4777441,260,728.8266144,75.00714111,178.5743999,260,714.0155945,73.01239967,180.2033329,260,745.0305786,75.94557381
1401,3147,Western Cape,GBIF,e,15101280,20.207917,-34.207917,175.3149986,228.8600016,431,28.43602467,158.3244629,211.0170898,487.9321289,20.87890625,132.75,290.25,552.25,24.25,161.75,230,543.25,29,180,216.7496777,481.5646286,20.26022148,180.1207733,219.9625731,471.7251663,21.80800486,188.521018,226.2093258,490.9350128,25.83984852,190,228.3522415,473.4494247,27.14380741
1402,3160,Limpopo,GBIF,e,13816858,29.29125,-23.874583,178.9595842,238.7199974,621.5,82.11678886,166.2763672,214.7231445,457.3200684,90.68530273,141.25,223,592.25,73.75,166,235,538.75,75,204.1724443,205.9031582,448.9973602,84.16596413,201.3618755,210,472.7191544,86.45230865,210.2949333,221.267705,520.9060974,91.93675423,219.8193359,211.1432123,489.5791321,89.29703331
1403,3161,Free State,GBIF,e,14241622,29.457917,-27.29125,145.9158349,267.3499966,696,75.17858315,136.9980469,276.4428711,577.784668,72.9921875,106.75,268,721.25,62.5,137,272.75,685.75,67.5,170.5356121,230,607.3495483,76.0298214,170.5356121,249.6575499,623.9093475,79.04100418,184.2126799,250,610.9201508,78.65233421,188.0172539,250,630.4041595,80.62034988
1404,3166,Western Cape,GBIF,e,14987282,18.624583,-33.29125,180.8141661,226.5799999,442,65.948946,166.0942383,211.2316895,350.3728027,55.48120117,142.25,234.75,467,62.75,170,222,440,67.25,189.743166,251.1518049,410.8785706,68.96268654,190,248.6644602,398.6247025,68.0638504,200,255.7647753,386.4261475,61.90803051,200,259.0215015,382.2454987,63.30183029
1405,3167,Limpopo,GBIF,e,13837582,29.457917,-24.04125,170.1762486,231.1999941,696.25,81.04015541,157.6081543,211.2612305,537.9916992,82.67382813,132.25,216.5,681,72.25,157.25,226.25,620,73,199.3689632,211.0593748,521.3360291,84.5831089,198.9709997,213.4229898,547.372345,87.40827179,209.2952299,230.8041811,598.3934174,91.07571983,214.8629236,221.3835955,565.2584076,89.17120552
1406,3172,Eastern Cape,GBIF,e,14687014,25.79125,-30.874583,156.1033344,328.4599972,441.75,58.41806507,148.6743164,294.0380859,296.4057617,74.59814453,118.25,303.75,459,55.25,148.25,313.75,410.25,50.75,187.6539803,299.1992188,417.757309,58.02397346,189.5219851,300,412.0847931,56.36664009,199.5219851,303.0325317,397.9981461,54.87021923,204.5394659,300,423.1252594,54.58719826
1407,3175,Western Cape,GBIF,e,15090940,21.04125,-34.124583,178.2854128,230.8400011,417.5,18.67395401,162.9943848,221.8657227,441.5273438,27.02563477,137,295.25,500.5,21.5,166,241,489,23,180.9228277,176.9932127,493.4317017,18.18131256,182.2204971,179.58745,480.3987427,17.37380886,190,188.3768463,489.948143,24.36636734,191.476202,190.3182364,477.3291245,26.1776371
1408,3185,North West,GBIF,e,14189754,26.624583,-26.874583,175.1883364,282.6099968,601.5,75.01889992,161.0610352,289.003418,475.9023438,90.45556641,128,283.5,662.5,67.25,160.25,286.5,598,65.5,200,269.1961718,551.8606567,77.99920464,200,279.8294401,550.1609955,78.80721283,210,273.8490438,575.4952393,78.7826519,220,272.37782,598.1996002,80.80942726
1409,3188,Limpopo,GBIF,e,13816860,29.374583,-23.874583,181.2645817,240.0499964,602,81.492342,168.7045898,215.9919434,443.4533691,91.73657227,143.5,224.5,580.25,74,168.5,235,529,75,209.2866659,205.665555,434.1288528,84.10696411,207.1254063,210,457.5104218,86.57138443,214.9897003,220,503.1670151,91.75153923,221.6220093,210.0139999,471.4876404,88.70765495
1410,3194,North West,GBIF,e,14137952,26.54125,-26.457917,169.3433332,284.8900032,592.75,78.48156738,158.4194336,279.4069824,476.6315918,96.33178711,128.75,269.25,663.25,71.75,157,281.25,600.25,69,200,260,539.7808533,81,200,270,540.0667877,81.92849159,210,270,576.1916962,81.88491821,217.46984,269.3190098,593.7683105,84
1411,3201,KwaZulu-Natal,GBIF,e,14542064,29.54125,-29.707917,142.9329181,253.6900043,987.5,76.89677429,134.5852051,263.4758301,853.5961914,75.13500977,103.25,257.75,990.75,71.5,133.75,265.5,925,70.25,164.3966866,235.065794,1115.47345,79.36832047,165.2067661,235.072794,1118.31662,80.53423119,178.0825186,240,1080.954712,79.0015049,179.5146704,238.3812189,1126.290741,79.92017555
1412,3205,Mpumalanga,GBIF,e,14231274,29.957917,-27.207917,140.0104189,243.0000019,743.5,75.78409004,133.0163574,253.8430176,642.1750488,66.03833008,102.25,245.5,789,61.75,132.75,251,752,67,159.6215558,210,750.0556641,78,159.3841004,221.8587923,780.0807343,81.99280548,171.0277557,231.1664438,755.4866791,81.14825821,177.8184986,223.1914616,772.4682922,82.20313644
1413,3211,Eastern Cape,GBIF,e,14863106,24.624583,-32.29125,166.3970828,260.7600021,348.25,45.04146194,153.9733887,257.4169922,236.4304199,50.34448242,122.75,271,360.5,35.5,153.25,272,335,34,186.4276266,235.2388048,419.9745255,43.90124607,187.5692368,240,422.0451355,40.92401409,194.0890932,259.8525333,393.1507263,37.90994072,198.645916,245.4145813,413.0785217,42.21241379
1414,3214,Free State,GBIF,e,14262322,28.624583,-27.457917,145.6649995,296.1499977,721,70.02925682,137.7624512,301.314209,592.5876465,75.44189453,106.5,290.75,745.25,57,137.5,297,703.25,63.5,173.3333921,250,679.1742859,74.05413628,174.1206503,270,688.3411102,76.0298214,187.4287176,270,687.2298431,75.5510788,190.2680969,260,717.1461792,79
1415,3217,Northern Cape,GBIF,e,14479704,21.207917,-29.207917,193.6020851,331.2500095,190.5,71.31960678,178.5708008,314.4086914,74.81225586,96.35913086,142.75,317,218.5,66,180.25,327.25,177.5,57,230,290,160.8239594,61.43986893,230,300,158.5335274,59.13521862,239.9822521,300,156.8804626,57.5516901,240,310.1139402,154.4485092,53.89136982
1416,3218,Western Cape,GBIF,e,15018462,22.79125,-33.54125,161.0604167,238.5799932,409.75,16.04063487,144.6315918,213.0681152,459.4140625,18.85083008,121.25,248.75,543.25,13.25,147.25,227.5,520,10,179.3885756,229.9635458,317.0427856,18.97304678,180.796957,238.2851934,323.0187912,16.87329197,191.981039,254.3869305,310.9960022,20.78577614,195.2832699,259.4490671,317.70681,24.01030302
1417,3224,Free State,GBIF,e,14272678,28.457917,-27.54125,147.6141691,301.3900042,729.5,68.56196213,140.5637207,305.1811523,585.1884766,75.36376953,110,294.5,740.25,57.25,140.25,299.25,695.25,62.75,175.9213352,250,649.9010315,74,176.0092306,263.159771,655.9493408,76,188.4909773,269.0332127,655.2752533,74.62945175,190.172863,260,685.2272797,77.97482109
1418,3225,Gauteng,GBIF,e,14003314,28.29125,-25.374583,194.1750002,265.6299973,580.25,80.80583,180.1704102,272.3483887,494.1096191,89.53271484,153.75,261.75,640.5,70,178.25,282.75,606.75,73.5,222.7768898,240,579.5457001,83.07578468,221.8035698,246.8965101,597.5910187,87,231.9637346,260,658.0747681,90.4198246,239.8906326,259.0690517,642.6115417,89
1419,3229,Free State,GBIF,e,14220834,26.624583,-27.124583,173.8658333,294.9999952,593.25,71.64318848,160.8032227,305.6706543,467.140625,87.92700195,127.25,301.75,657,63.75,160.25,302.75,590.75,63.25,200,280,575.5269165,75.61072922,200,290,570.6451721,76.60794449,210,280,591.9493256,76.49343872,218.0898476,280,618.2698975,79.09836769
1420,3233,Free State,GBIF,e,14490184,26.207917,-29.29125,155.7020831,328.1500053,519.25,65.18261337,149.9160156,309.1625977,401.9301758,76.79394531,115.5,306.75,581.25,55.5,149.5,311.75,519.75,55.75,189.8743534,309.8111963,574.4009552,70,189.9928427,310,567.3751831,70.99835587,200.0211573,300,560.3754272,68.60716629,208.8554859,300,570.5464325,65.99671173
1421,3245,Northern Cape,GBIF,e,14645530,23.957917,-30.54125,167.9650021,319.3100023,317,60.41547871,153.3059082,310.1279297,164.4411621,90.90136719,120,309.5,326,56.25,153.25,321.75,276.5,50,200,290,339.1676407,61,200,290,332.1814117,57.04550838,210,300,310.2443771,52,214.0344286,309.372859,319.9365768,51
1422,3247,Free State,GBIF,e,14510894,25.79125,-29.457917,160.5166721,331.6199875,459.75,63.34675598,153.1230469,311.7248535,319.6982422,83.95166016,119.5,309.5,491.75,56.75,152.5,313.5,439.75,54,190,310,525.1388626,68.36512756,191.3453674,310.0844717,517.8333969,68.67433929,209.8896599,304.2663527,503.4894333,66.18373299,210,307.4507332,515.1986008,64.20876503
1423,3251,Free State,GBIF,e,14490200,26.874583,-29.29125,149.5420837,305.5599928,629,64.21064472,139.1582031,302.3703613,507.8239746,72.8112793,105.75,299,679.25,55.5,138.75,305.75,612.5,55,176.5721893,292.1643829,651.3642731,69,177.3103189,299.82337,646.5659027,70.00071526,188.9024067,290,635.7524261,69,195.4788923,280.4016733,653.2008972,67.99671173
1424,3252,Free State,GBIF,e,14200118,26.79125,-26.957917,174.1666651,287.3400021,596.5,73.06456757,161.3876953,296.2854004,470.5397949,87.2434082,128.5,291.75,655,65,160.75,293,593,64.75,200,280,571.4306335,77.45197868,200,290,569.3053284,78.23900414,210,280,589.1792908,77.94305229,220,280,614.2286072,80.06746674
1425,3255,Free State,GBIF,e,14200162,28.624583,-26.957917,156.9854164,282.489996,695.25,71.80957031,148.5756836,293.4753418,569.8605957,80.6550293,118.25,286,714.25,62,148.5,290.75,685.25,66.75,181.2275362,240,579.6853943,78,181.4843702,260,593.7184601,81.00872421,196.0963631,260,602.0830994,81.54404831,200,260,623.7023773,83.94931793
1426,3264,North West,GBIF,e,14148306,26.29125,-26.54125,164.6124935,280.5200052,635.75,79.34621811,153.3640137,272.3945313,506.8479004,91.76586914,122.75,262.5,700.75,71.25,152,274.75,630.75,69,190,260,595.0368195,79.86979485,190,269.7607517,594.3949127,80,200,260,634.5688171,80.17892838,204.7902489,260,652.8847961,82.71244049
1427,3266,Limpopo,GBIF,e,13910092,29.04125,-24.624583,197.4933338,276.8700027,538.25,85.55952263,188.4008789,262.0290527,421.0412598,94.04614258,160.5,266,553.75,75.75,187.5,273,518,77.25,230,246.3232756,522.2496948,87.28775597,230,247.04772,542.9472504,91.07156181,240,261.7510033,596.098175,95.51967239,250,260,573.0692902,93.71220207
1428,3268,North West,GBIF,e,14023996,26.707917,-25.54125,182.982502,261.6599989,646.25,81.09480286,174.1376953,264.3288574,543.5024414,87.24682617,146.25,250.25,724.75,69.5,171.5,272.5,663.25,69,212.9553318,240,595.8596344,81.25992775,212.0829058,246.9993591,602.6064301,83.00331879,218.0877638,259.8916006,668.8364258,84.89560699,223.7164164,259.1159058,666.8165894,85.97587967
1429,3272,Free State,GBIF,e,14655954,26.624583,-30.624583,156.1191678,313.7300014,543.75,57.38715076,142.4140625,305.440918,400.0681152,66.42919922,112.75,301,568.25,49,141.25,315,510.5,47.75,179.1430521,304.0600061,558.4860992,59.16067982,182.2953939,310.3378868,552.2892303,58.05843163,188.8110018,311.1157036,528.5210037,53.92555618,196.3581753,301.5930796,565.1674042,54.29818153
1430,3274,Free State,GBIF,e,14334810,27.29125,-28.04125,159.1962481,300.8899975,609,67.53142548,146.9619141,297.5537109,476.3320313,80.36401367,115.25,293.25,646.5,58.75,146.25,300.25,589.5,59.25,182.0630789,280,663.2256317,72.13003922,183.953824,290,664.8394623,74,199.3593359,275.472312,657.9633942,72.56535912,200,272.5673485,678.7694855,74.0691452
1431,3276,Free State,GBIF,e,14448756,26.707917,-28.957917,156.9595814,320.4600048,589.5,65.36460876,146.6262207,314.6008301,471.324707,74.92578125,113,309.75,646,56.25,146.25,314.5,581,57,189.8271227,290,588.2510834,70.28930283,190,298.889761,583.4058685,71.94480324,200,290,577.4390564,69.97436333,202.387476,288.6284113,590.8143005,68.53912926
1432,3277,North West,GBIF,e,14158636,25.04125,-26.624583,179.7416639,307.4500036,512.25,78.80701828,166.4428711,313.7897949,348.7839355,107.8925781,137.75,297,526.25,75.75,161.5,316.5,472.25,71,202.9274654,277.9943132,491.0604324,81.52635002,208.1381369,280.0459242,484.5320435,83,219.7579002,270,504.4068375,81.17663765,220,270,514.2951736,81.06535339
1433,3284,Free State,GBIF,e,14241600,28.54125,-27.29125,150.4991651,296.7600012,743.75,70.26755333,142.4453125,306.0866699,604.8339844,79.34985352,111.5,297.25,756.5,58.5,142.5,302,718.75,65.5,180,250,594.0392456,75.12952614,180,269.9928427,602.3001251,77.20791435,190,270,605.5829926,77.01517296,196.8319464,260,631.0504761,80.0378437
1434,3286,Northern Cape,GBIF,e,14324332,22.374583,-27.957917,190.3904152,327.4700069,312,78.66820526,173.2412109,315.4997559,165.9245605,108.6291504,136.25,311.25,333.5,75.5,173.5,318.5,273,66.25,219.1095591,289.9672842,268.8515701,76.87482071,219.6399927,290,263.4633141,76.08146667,229.5883989,289.5111513,269.4179001,74.0434494,232.6589155,296.9602251,270.3515549,71.56254578
1435,3290,Gauteng,GBIF,e,14024032,28.207917,-25.54125,187.9037523,258.7599993,640,80.55487061,172.3742676,274.9316406,555.0319824,84.77124023,147.25,260.5,705.25,69.25,170.25,283.5,669.25,73,215.9563637,238.9323187,627.1126862,82.31938744,214.3712425,240,643.7571564,86,224.5746803,257.2156429,706.4133911,89.16173744,229.810605,250,694.1012268,88
1436,3292,Free State,GBIF,e,14531634,26.624583,-29.624583,146.5512514,319.6100092,590,63.25435257,136.4492188,305.8630371,463.8657227,70.81787109,102.5,303.25,641.75,53.75,135.75,311.25,576,53,174.2943811,300,636.5110474,69.05060768,177.5628138,300,630.503952,69.96621132,190,290,621.2024994,68.00372696,192.1254396,290,637.5237732,66.02236557
1437,3296,Gauteng,GBIF,e,14024036,28.374583,-25.54125,187.6887512,258.4499979,626.25,80.68431473,172.3847656,268.9130859,551.3730469,81.53881836,147,255.5,695,68.75,170,278,663.25,72.75,218.2385492,231.9089651,611.2336121,82,217.4812222,240,628.4659576,85.90460777,227.7634573,250.0663805,689.9681702,88.70265579,230.1412296,249.4270992,676.5431519,87.99775505
1438,3301,Western Cape,GBIF,e,15101296,20.874583,-34.207917,180.1070786,230.8499956,418.75,19.32042933,165.1877441,213.5878906,481.6523438,24.48681641,139.75,289.75,540,21.25,168.25,233.25,531.5,23.75,180.2850008,165.5631304,488.8422546,17.99326324,182.2812605,169.3814993,475.9366989,18.22237062,190,177.2181082,490.8754272,26.96443081,190,178.1168699,478.2898788,28.94548082
1439,3311,Mpumalanga,GBIF,e,13961960,31.874583,-25.04125,219.3120861,234.2199945,610.5,76.38706779,214.3237305,223.5402832,511.9038086,71.8137207,187.25,223.75,661.75,63.75,212.25,238.75,609,60,249.9645042,180,530.5456696,76.68727303,249.9645042,180,562.4078827,81,259.8769236,195.7296419,642.6723938,90.87175751,264.605422,187.6732635,575.33078,85.97929955
1440,3319,Mpumalanga,GBIF,e,13858360,31.874583,-24.207917,223.5500002,225.2400064,548,78.44177055,217.2297363,229.7038574,446.8151855,82.02587891,187.75,244.75,587.5,68.25,215,251.5,532.75,65,250.1598263,190,444.9953461,82.78626442,249.3070459,190,474.0706024,84.81957436,258.3255959,199.7403526,563.5857697,96.98177719,266.1931133,190,506.6315918,93.86725426
1441,3322,Eastern Cape,GBIF,e,14842386,24.624583,-32.124583,168.3358335,275.1599979,339.25,46.92879391,152.7524414,262.3513184,223.1972656,52.58569336,123,272.5,348,39.5,153.5,276.25,321,36.25,188.497591,240,380.036499,47.00999165,190.3971624,241.8378925,381.3559265,43.72760201,197.8852844,260,353.066124,40.91329861,203.7076569,250.3186941,372.0339355,44.35125256
1442,3330,Limpopo,GBIF,e,13796150,29.79125,-23.707917,165.9366655,217.5699997,906,79.0780735,157.1120605,201.4575195,901.9746094,75.97119141,132.25,196.5,1076.5,69.5,156.25,212,949.75,68,204.1824007,203.3317423,631.5902252,83.22248459,201.3977242,209.4965649,664.267395,84.78240013,209.8328447,213.981967,742.2981262,91.76178551,218.5906744,203.3392239,688.3002167,88.6645031
1443,3342,Limpopo,GBIF,e,13785784,29.54125,-23.624583,178.5341692,226.2100029,694.5,79.65375519,168.3962402,210.8388672,609.7458496,83.17895508,143.75,215.25,765.5,71.5,168.25,229.25,678.75,71.25,210.4990911,210.080719,415.5387268,84.26939583,209.8237658,220,439.0829391,86.00688934,217.9941702,220.0071573,486.3995743,92.08364868,226.6823339,210.0735617,452.3264008,89.07242012
1444,3350,KwaZulu-Natal,GBIF,e,14303794,29.957917,-27.79125,177.180419,256.6099977,779.25,74.26032257,163.9580078,273.2050781,660.217041,66.94091797,133.25,267,812,62.5,163.5,278,761.75,64.75,193.1270075,230.4444981,719.481842,75.25288963,191.6110659,240,746.6281433,78.5916996,205.6851149,250,712.0830688,77.55771828,207.9424143,240,735.2548218,79.58589363
1445,3355,Eastern Cape,GBIF,e,14873462,24.457917,-32.374583,185.6437492,283.4200096,316,41.5252037,171.6247559,255.4946289,182.0490723,58.78320313,141.75,270.25,298,38.5,172.25,270.5,277.5,35.25,199.8419666,241.5479994,304.6829376,45.1197052,200,250,306.6770554,42.19159317,208.0277348,269.9135685,286.365921,38.93654156,210,256.1530685,300.6765518,42.96648884
1446,3358,Eastern Cape,GBIF,e,14832020,24.374583,-32.04125,147.1991682,282.7599955,365.5,48.52033138,133.996582,272.1816406,263.6513672,50.84082031,103,282,397.25,40,134.5,285.5,359.75,37.25,165.6744695,244.6574402,378.5892181,48.61935043,168.1441689,250,380.0661545,45.31907749,175.548501,260.137372,350.8034134,41.65695,182.5817537,253.6602163,369.8688278,44.29577255
1447,3359,Eastern Cape,GBIF,e,14759508,24.707917,-31.457917,138.3295822,304.6999979,385,55.48337269,123.5615234,285.1965332,281.4433594,59.16479492,91.75,297,436.5,49.75,123.25,304.5,391,47,165.7502317,280,342.6647263,62.94295502,167.396369,279.2351961,339.3488007,58.43789768,177.8950596,290,316.2550049,58.09383583,184.3129158,289.2351961,335.9292068,57.57325459
1448,3361,KwaZulu-Natal,GBIF,e,14272744,31.207917,-27.54125,188.1262493,202.8499937,785.75,66.94746971,177.6513672,212.8986816,682.8640137,62.65673828,148,207.5,804.75,58.75,177.5,210.25,791.25,62,203.3115435,200.291338,808.5351257,72.30792809,201.6378832,207.6529121,854.3977966,77.6003685,212.2137165,213.1882572,820.7770386,76.89528656,217.9336214,199.8873806,815.8095398,75.63046265
1449,3363,Free State,GBIF,e,14355482,25.29125,-28.207917,172.8991652,324.3400002,482.75,72.36134148,159.9575195,326.1276855,333.953125,97.30810547,128,310,506.75,63.75,158,320,455.75,61.5,201.4058542,280,526.2682419,75,205.7562733,290,513.6695862,76.50798988,215.4408407,290,508.9277878,74,219.9280596,290,517.8530655,73
1450,3364,Free State,GBIF,e,14355486,25.457917,-28.207917,170.2820873,329.5100021,487.25,71.45832634,159.9025879,327.270752,339.1359863,97.05078125,128,313.25,515.5,64,158.25,322.5,463.25,61.75,200,280,520.3321533,75.59272003,204.158082,290,509.5298691,77,213.2678032,290,505.9516068,74.24803734,220,290,515.0627441,74
1451,3368,Mpumalanga,GBIF,e,14200184,29.54125,-26.957917,147.093749,267.2999954,690.25,75.76945496,143.3149414,273.6467285,566.8532715,75.44287109,113.25,265.25,706.5,66.75,143,271.75,678.5,71.5,172.8450632,230,640.8450012,78,176.6460037,250,662.119278,81.61247635,189.7631884,250.207839,649.2680359,81.86608887,190.0357866,250,667.8265991,83.7297287
1452,3384,North West,GBIF,e,14003264,26.207917,-25.374583,186.7695808,266.0299969,563.75,80.74765778,178.826416,287.6491699,459.6218262,99.06518555,149,271.25,638.25,69.5,175.75,290.5,582.75,68.75,213.6302805,245.0422716,572.8200531,82.69258881,213.4919405,250.4522133,577.7735596,84.26892662,219.0593386,260.4522133,646.8933563,86,224.4232321,260.0887346,641.6922455,86
1453,3390,North West,GBIF,e,14148266,24.624583,-26.54125,183.1487465,298.7199974,479.5,79.88958931,168.1132813,312.2536621,341.0964355,108.7954102,138,296,527.75,73,163,314.25,466.25,68.75,210,280,501.9032745,82,210,289.8398352,490.2081833,84,220,275.4707813,509.1013184,80.88644409,220,270,515.941864,80
1454,3391,Limpopo,GBIF,e,13920430,28.124583,-24.707917,172.8312492,255.8599997,662.25,84.00125122,164.8105469,258.2167969,570.2573242,86.984375,134.75,258.5,715.75,71,163.5,271,664,73,201.0481405,230,669.5339355,85.75589752,199.670701,235.3485346,685.3647156,88.99280548,210.1088572,260,758.6936798,92,215.6466198,250.2592802,738.657135,91.34050941
1455,3408,Western Cape,GBIF,e,15007998,18.457917,-33.457917,170.8337498,202.9899979,480.75,66.27330399,152.1721191,188.1396484,450.0297852,51.49951172,128.75,215.25,575.75,59,155.75,199.25,554,64,178.8144779,208.769331,497.0152435,70.33445168,179.9101973,206.0781193,483.6248398,69.90962982,189.8734188,213.9916801,472.9747467,64.30594921,193.548584,218.1317997,467.6019592,65.75404358
1456,3412,Northern Cape,GBIF,e,14728426,24.624583,-31.207917,144.5645833,343.2800102,346.75,57.6504755,133.6933594,299.8713379,229.4133301,69.09423828,101.75,305.75,387.75,55.25,133.75,315.5,342.25,50.5,179.9280596,288.6948538,322.1394043,62.53905869,180,285.4314899,317.778389,57.33368778,190,300,296.6571579,55.87846184,199.5231152,298.5493517,314.4961853,54.38456535
1457,3418,Limpopo,GBIF,e,13899720,28.54125,-24.54125,176.3258314,253.0800009,641.75,84.60749245,164.9243164,249.1611328,537.1835938,87.73193359,136.5,252.75,665.75,72.5,164.25,263.5,625.75,74,201.066432,220,680.754425,86,200.23633,222.994833,703.5538788,89.68549347,210.5927896,243.7436962,782.2020569,93,218.5203934,240,758.7377472,93.91909027
1458,3421,Limpopo,GBIF,e,13806502,29.457917,-23.79125,181.6466665,240.0200033,593.75,81.00953674,170.8876953,215.3520508,486.9833984,88.64331055,146,223.75,628,73.5,170.75,234.5,568,73,210.149107,210,400.0123672,84,210,214.3426514,422.1290359,86,219.9143887,220,464.8841019,91,228.754406,210,433.5383682,88
1459,3427,North West,GBIF,e,14023972,25.707917,-25.54125,181.1337519,277.2300053,535,80.49668312,171.3891602,290.0861816,402.4951172,104.3098145,141.75,270.75,579.75,70.5,167.25,292.5,529,69.5,209.8865414,247.6054049,486.2096634,84.02256584,209.9622345,251.9709063,489.0272064,86.97284508,218.984437,250,537.6626282,87.95993042,220.0209999,250,536.5144501,85.59597206
1460,3432,Limpopo,GBIF,e,13630420,31.04125,-22.374583,242.8512478,236.3999939,450,92.6754837,232.7202148,219.4467773,347.2609863,107.2070313,202.5,238,451.75,85.75,233.75,245.25,396.25,81.25,269.8135042,200.322094,438.2180481,91.54276276,264.6864223,200,461.0138016,91.07078743,271.5291309,210,547.8477478,109.2932339,279.8844624,209.1440582,500.6934204,104.9772739
1461,3436,Free State,GBIF,e,14386564,25.374583,-28.457917,175.737915,329.3899918,474.5,70.46822929,161.3898926,321.2116699,314.2773438,96.50463867,129,311.25,484,63,160,319,438.25,60,210,282.0165825,475.7051926,74.19215965,210,290,466.5500717,75.9307785,220,296.84793,461.4895248,73.3188858,220,290.0164366,468.7302322,72.44163895
1462,3438,Free State,GBIF,e,14386574,25.79125,-28.457917,166.46667,334.1400051,487.5,69.33496475,157.1616211,334.6520996,344.340332,95.65209961,123.75,325,520.75,64,156,331.5,468.75,62,200,280,557.0816956,74,201.4171362,290,549.0325775,76,211.0204935,290,549.3396454,73.62490463,220,290,557.7115326,72.30771446
1463,3439,Free State,GBIF,e,14396938,25.957917,-28.54125,164.7324991,336.3799953,504.5,68.53951263,155.0178223,337.1120605,365.5678711,92.28979492,121.5,330.5,543.25,63,154,333.5,487,62,200,287.6623917,570.1936798,72.99882698,200,290,563.1125793,74.9865551,210,290.4835606,563.8388062,72.39598465,214.177618,290,571.7350769,71.40579987
1464,3440,Free State,GBIF,e,14386572,25.707917,-28.457917,168.2620811,334.1900063,480.25,69.57705116,158.9838867,331.9516602,330.7609863,97.44677734,125.75,323.25,504,63.75,157.75,328.5,456,61.5,203.5887957,280,539.9886932,74.01236534,208.0790377,290,531.6898651,76.01165009,217.7992439,290,530.972168,73.62031555,220,290,539.1786346,72.47544098
1465,3448,Mpumalanga,GBIF,e,14210540,29.374583,-27.04125,146.7216659,270.6499958,681,74.23246765,140.9453125,280.3950195,553.3183594,79.31640625,110.75,273.25,690,68.25,140.75,277.75,666.25,71.75,171.3793421,230.1767302,643.2537384,77.07400894,172.5533485,250.0615025,662.7632141,80.01242256,189.8821735,260,652.3393555,80.00887299,190,250.3091764,672.2950439,82.0141983
1466,3451,Limpopo,GBIF,e,13827222,29.457917,-23.957917,175.0845861,235.2200079,644.5,80.8665657,163.3598633,212.7563477,495.7841797,86.15771484,138.25,221.5,634.25,73,163,230.25,577.5,73.25,203.7963486,208.9002705,469.6607513,84.25599861,201.6451216,210,493.9988327,86.85952568,211.287055,224.5015955,541.5180664,91.19183731,219.9402571,216.4634991,508.6686707,88.52684021
1467,3459,Free State,GBIF,e,14552332,25.707917,-29.79125,157.4154162,327.5599957,437.75,62.51497555,147.8708496,311.4404297,291.6723633,83.05566406,114.25,311.25,462.5,55.25,147,315.25,412.5,52,189.905262,310,467.6307678,65.02871132,190.0585556,311.5976858,464.9875717,64.95910072,204.8256493,309.5260477,447.3502502,61.42547607,209.6531534,309.9671221,459.4362106,59.58660793
1468,3460,Free State,GBIF,e,14552320,25.207917,-29.79125,158.0891657,312.6499987,435,61.18319035,145.6933594,309.8400879,303.5195313,79.55224609,111.75,308,479.75,53,144.25,313.75,425.5,49,188.0230856,300,494.2038269,64.18742752,188.8870096,300.7054472,491.1152802,64.02760983,200.6258202,300,465.4234543,60.20003986,205.443368,300,478.9355545,58.95589256
1469,3472,Kenya,GBIF,e,10874790,36.457917,-0.207917,143.1208348,173.3499956,890.5,41.43861103,131.6062012,232.3786621,743.333252,74.19360352,105.5,195.75,754,57.5,128.5,179,1008.5,47,165.8923769,139.2986941,1322.055725,31.53936768,166.8577003,133.8810301,1249.255981,28.08845949,172.7594042,129.2986941,1741.545105,41.53089333,176.4050674,120,1855.91629,39.85658264
1470,3473,Kenya,GBIF,e,11289232,38.207917,-3.54125,221.4295816,161.9199991,682,77.89596748,216.7805176,179.3781738,569.2436523,96.69702148,195.75,176.75,579,94,211.5,153.25,755.75,70.5,238.704586,151.0774517,770.5087738,76.79648781,239.9462843,160,678.7746887,74.62624168,248.5068226,146.5657115,927.4073792,80.08488083,249.9462843,150,938.7899323,79.63242149
1471,3476,Northern Cape,GBIF,e,14246669,23.8984,-27.296,178.2330055,309.5360031,461.6,81.45751038,160.9564453,316.0923828,355.396875,100.9492188,127.6,296.8,558.2,73.8,157.8,311.8,469.6,68,200,270,418.0721985,77.98269958,200,280,402.8863098,77.98420868,210,270,413.9966064,75.99658966,216.6842613,270,418.8588745,75.37667542
1472,3477,Northern,GBIF,e,12180087,33.8145,-10.6987,148.9991665,185.3299999,1151.25,105.0887375,146.3740234,160.25,1131.298584,93.57666016,117.5,185,1117.5,93.5,147.25,200.5,1111.75,93.75,167.5180769,148.787365,1618.533356,103.2795162,167.3328495,160.9119368,1599.08075,103.7528553,171.6492414,189.5286179,1794.577454,107.2354908,177.260747,180.1985693,1869.334686,109.9852333
1473,3479,Eastern Cape,GBIF,e,14775056,25.012,-31.543,155.0045848,304.369998,386.75,55.74358177,139.875,277.8762207,243.1530762,63.86523438,108.5,294.5,388.75,51.5,139.75,301.5,352.75,48.75,179.9570274,280,361.8719254,67.12911606,182.4758673,281.8425322,357.8505096,63.95925045,194.0427971,298.9235401,336.7568054,64.7482357,199.798665,290,358.3301849,64.43931198
1474,3480,Northern Cape,GBIF,e,14692167,24.6321,-30.8989,148.2561111,358.5733414,332,59.75544612,137.961263,311.9501953,194.1523438,81.8203125,105.6666667,313.3333333,356,58.66666667,137.6666667,324,310,53.33333333,188.3999761,290,354.261322,63.6357549,189.8561223,290,347.7193705,58.69972992,199.5160611,304.8595683,325.6663513,56.14080302,200.1966159,300,345.9459839,54.98426692
1475,3483,Arusha,GBIF,e,11221816,35.0045,-2.99435,193.6312485,166.449995,708.25,83.63795662,187.1496582,190.3959961,465.5544434,70.11865234,163.5,154.75,566.25,72.5,185.75,139,733.25,72.5,229.8701334,150.035491,621.4875641,82.2063942,229.9834013,160,631.559845,85.68127441,233.4792948,153.4164166,835.7174377,88.52860832,238.89606,158.4025979,844.4535065,87.21177864
1476,3488,Kunene,GBIF,e,13345096,13.359,-20.0483,203.3125019,181.1400032,56.25,123.384058,187.121582,125.2067871,66.03759766,170.9992676,157.25,149.5,67,126,185.25,148.75,62.5,113.75,215.6081295,186.4085579,68.52197266,128.8860092,217.6734829,184.1213989,68.33486176,127.6340923,227.312789,168.4578657,72.75451851,127.4105167,228.3575678,171.0865545,69.57287407,124.3534241
1477,3489,Kunene,GBIF,e,13241542,15.2852,-19.2425,223.517499,271.079998,318.25,118.7709389,209.1086426,234.8632813,314.9804688,104.1706543,172.75,248.75,384.25,108,209.75,275.75,366.75,106,250.4948378,230,311.2930984,131.8511658,258.7978601,230,278.1629257,124.4381371,266.6484737,230,302.2230911,119.437067,270,230,287.1438904,116.2864494
1478,3491,Arusha,GBIF,e,11226995,34.9972,-3.02012,193.9350001,166.0400009,711.3333333,83.64877574,187.4036458,190.4182943,471.0777995,70.09179688,163.6666667,154.6666667,571.3333333,72.33333333,186,139,738,72.66666667,229.8268445,150,625.5401001,82.45082347,229.9778684,160,635.8390706,85.99026998,234.3062083,151.5226491,841.1623739,88.70650482,238.52808,157.8701305,850.0171305,87.40824127
1479,3493,Limpopo,GBIF,e,13982601,28.5616,-25.2047,195.1120033,267.1040001,567.2,82.73012238,184.4945313,271.8560547,474.5066406,91.51484375,156.8,265.4,614,72.2,182.2,283.4,583.4,76,229.5476685,249.1101151,543.0728394,84.02083588,229.3267136,250,563.1167969,87.90052185,239.4605598,267.9310493,619.1810547,91.93722839,248.1083069,260,599.8995605,89.94097748
1480,3494,Oromia,GBIF,e,10196288,39.6831,5.28,196.5161133,180.6533305,756.6666667,98.79839834,165.5826823,209.538737,742.1669922,124.6311849,153,181.3333333,744.3333333,131,175.3333333,175.6666667,794,108.3333333,217.2153091,140,736.8053182,105,217.1139654,150,711.2838745,100,230,130,923.8306885,116.3674545,230,130,1001.515238,112.1657181
1481,3497,Lusaka,GBIF,e,12765298,28.4504,-15.3963,205.041666,240.6899977,815.25,117.8367939,195.9421387,193.4272461,874.322998,117.2114258,166.25,225.75,847.75,110,201.5,239.75,717.25,110.75,231.6208553,180,810.2433014,120.6476593,228.8626432,200,880.8354797,123.7245045,235.313077,220,903.0120544,128.5789757,244.3425512,210,858.1583862,125.8323822
1482,3498,Sofala,GBIF,e,13293818,35.0889,-19.6646,248.3327007,163.9591312,1385,76.09821701,237.0087891,163.4365234,1401.433655,85.58520508,220.5,219.25,1197.5,87.25,241.75,165,1267.5,72,269.674964,108.8386083,1346.374268,75.3362999,260.7421541,110.6225991,1514.344299,78.88347244,270.910635,123.2567,1496.234009,79.16931534,280,121.8094587,1414.577393,79.00175667
1483,3503,Mpumalanga,GBIF,e,13956774,31.5921,-24.9933,215.3387499,242.489996,609,77.11338615,210.855957,227.7956543,504.9401855,74.58422852,185,227.75,667.25,66.75,208.5,244,605.75,64,249.7662926,190,570.2653046,78.00527191,249.0568399,195.2861691,600.9234161,82,252.0866203,211.8510246,670.2369537,89.27960396,260.059247,200,616.6485596,86.00076485
1484,3507,Mpumalanga,GBIF,e,14143187,28.812,-26.46,151.9863876,254.5866617,697.8333333,77.05056,145.1917318,267.4503581,573.6832682,79.70670573,118.3333333,254.8333333,711.1666667,66.33333333,144,269.6666667,688.1666667,71,179.1724873,237.5229994,709.3558553,79.63940938,179.2310778,250,727.260203,82,190,258.5125669,745.4119771,82,190,250,763.5591227,84
1485,3511,Free State,GBIF,e,14547159,25.9708,-29.7122,156.7904162,336.6700077,461.25,62.87915421,148.2348633,314.0617676,318.5439453,82.3527832,114.75,315.75,492,55,147.75,319.25,440.5,52.75,190,310,475.7269058,66.64608383,191.5601254,310,471.9353561,66.9029026,209.503274,300,457.9337158,63.83395863,210,300,468.1468277,61.37525272
1486,3513,Gauteng,GBIF,e,14153515,27.4844,-26.5467,162.5753345,280.2560043,654.4,75.56278992,154.2160156,278.8875,526.8876953,81.3125,124.8,267.2,696.4,65,153.2,280.6,649,66.6,189.3344955,243.0745659,600.6420532,79.644104,189.1498604,259.4344749,609.7026001,81.59934998,201.3718071,260,622.9848877,81,207.1431046,260,641.0408203,82.54452209
1487,3521,Northern,GBIF,e,10558692,31.5124,2.33709,252.6074982,165.2399921,1058.75,45.51451588,240.2094727,247.9084473,1169.666504,87.43286133,218.75,185,844.75,59,225.25,189.75,1142.75,53.5,280,117.9401827,1061.194962,45.70245838,280.46206,113.4771514,1026.339111,43.40307236,285.9544754,129.7386098,1198.489471,46.0946846,290.5932474,118.7484407,1279.723969,46.85985184
1488,3523,Western Cape,GBIF,e,15070158,18.4172,-33.9267,168.5752106,162.5849915,567.25,67.89756584,154.6430168,171.0444832,856.9744568,56.7029295,133.5,211.75,1122.25,58.75,160,183.5,1023.75,66.5,174.8776674,112.7683496,871.9523315,68.72798729,175.3309441,111.290164,846.8812103,69.22059631,184.7529888,117.1339059,856.1440277,64.30891132,186.1162519,119.5855689,832.2953949,65.69887352
1489,3526,Kunene,GBIF,e,13246675,13.3144,-19.2689,214.9490013,152.6879997,82.6,124.2963379,202.3548828,128.5292969,93.33164063,162.6402344,172,157.8,96.2,119.8,200.6,153.8,94,113,242.4915848,235.7953835,79.50185852,131.8936462,244.5240517,235.1435623,80.16599579,132.0287842,254.9172592,220.6907921,84.85870361,132.6160187,256.8961525,227.5526619,80.1898819,129.4284637
1490,3532,Northern Cape,GBIF,e,14857818,20.0974,-32.2438,186.6930008,302.0960007,162,44.29694138,170.9111328,299.8917969,66.72441406,87.95351563,139.4,314.2,146.6,44.6,173.4,317.4,130.2,49.2,209.6963348,279.1237907,374.5563721,49.90807877,213.725502,287.5043526,379.2676575,50.67095261,217.5262947,285.3082352,360.5241821,43.03812408,220.1804543,291.0459328,353.2196045,42.91216888
1491,3536,Eastern Cape,GBIF,e,14857925,24.5417,-32.2135,177.5129128,265.7399988,323.25,44.508955,163.7775879,255.1538086,207.9213867,53.23632813,133.75,267.5,332.75,35.75,164.75,269.25,306,33.75,197.6889086,240,331.8483047,46.73185921,198.2056904,240.2201462,333.3810501,43.710145,206.791091,260,309.3817062,40.48188496,208.7520695,250,325.5766678,43.90313911
1492,3545,Morogoro,GBIF,e,11750227,37.1656,-7.22014,244.680419,155.5599999,1173.5,85.36221504,237.1523438,146.9204102,830.5637207,78.76123047,214.25,146.75,718,81,228.5,158,1032.25,76.75,263.1621552,150,806.5119171,80.68673325,263.2056093,149.9785161,758.9808502,77,269.7452927,156.6340327,926.9021606,80,269.8471737,160,956.5304871,81.05400276
1493,3546,North-West,GBIF,e,14174216,26.6971,-26.7217,168.4112501,275.619998,608.5,75.95016289,154.7834473,282.9450684,488.032959,90.13989258,123.25,274.5,678.5,67.75,154,281.25,612.75,67,196.9294882,264.6784115,625.3865204,79.85472107,197.0315313,280,625.6332245,80.2708416,207.7861023,274.7425365,656.8910675,80.42700195,210.0556231,271.8223047,681.703125,82.49971962
1494,3547,Kwazulu-Natal,GBIF,e,14257221,31.8949,-27.4111,214.6323318,203.4640083,629,60.66766281,212.8037109,219.3138672,472.3705078,64.56914063,178.4,242.8,604.6,50.4,211.6,217.8,580,52.2,238.1845169,190,603.8005249,63.69726257,237.4829521,197.8405609,633.6328979,69.05511322,247.8023529,200,616.5863037,69.3154953,254.3233681,190,596.8436768,67.55059509
1495,3548,Kwazulu-Natal,GBIF,e,14490275,29.9765,-29.2607,149.5900011,237.5499964,865.5,71.95825577,132.6848145,245.0510254,735.6408691,68.98876953,100.75,239.25,876.25,64.75,131.75,246,822,64.75,167.6079035,220,820.0931702,72.4013195,167.5558138,220.145812,833.7300568,74.35361671,179.0089655,228.5525894,789.6430664,74.10386086,186.4716578,220,817.654068,75.48901939
1496,3555,Mbeya,GBIF,e,11931453,34.0803,-8.67123,225.8258343,180.9599924,835.75,109.6349907,220.5141602,169.5317383,718.3925781,97.33227539,187.75,181.5,786,102.25,219.5,184.5,811.5,103.25,259.2685699,174.6618938,680.5607147,100.7612724,260,179.6968174,657.9820862,99.02492523,260,196.0871458,803.1999969,102.581255,260,199.9713659,818.269577,103.453064
1497,3556,Kwazulu-Natal,GBIF,e,14371193,32.3906,-28.3273,218.609333,166.8799973,1175,33.9804985,208.8412109,181.8619141,978.8433594,38.03339844,174,233.4,1147.8,29,208.6,176.8,1076,25.6,240,103.7010479,1116.394702,37.7574646,240,105.7041912,1145.817236,43.20498734,249.8131905,103.2584782,1077.631494,39.31800613,250,99.41770554,1064.240405,38.79083099
1498,3561,Rift Valley,GBIF,e,10879983,36.9592,-0.208424,165.0216675,178.1200075,819.5,55.41677856,156.737793,255.2485352,599.4255371,96.45092773,130.5,208.75,692.25,63,153.25,190.75,905.75,54.25,190.0852823,139.7439861,1052.139908,48.83723164,191.2346506,138.9844036,986.6614227,47.07261276,199.0676832,125.1406574,1426.081085,59.89673424,200.7675314,124.1395211,1514.83902,60.06880093
1499,3562,Limpopo,GBIF,e,13614840,29.3579,-22.2236,219.69625,269.4299984,355,86.87709618,212.1716309,259.0905762,285.6560059,114.581543,185.75,267.5,356.25,80,214.5,279.5,313,79.5,263.7110853,210,332.7299881,91.22933388,260,219.9544144,347.0333862,90.77721214,267.125473,239.2860889,383.2684402,99.68979263,275.7786131,230,364.1300354,98.05350876
1500,3563,Coast,GBIF,e,11252980,38.5226,-3.22451,238.2354164,148.1400061,860.5,73.66637421,240.7827148,176.2307129,626.7333984,98.82299805,218.75,171.75,611.25,99,236,150.75,808.25,73.5,265.2471781,150,650.6858673,88.48659515,268.1089544,160,567.5975037,87.44480133,274.4369602,140,776.9536438,88.92564583,278.3776522,140,785.5577087,86.59907913
1501,3564,Limpopo,GBIF,e,13640787,31.3073,-22.4261,248.7312508,242.5600004,425.75,91.56394005,238.1911621,231.579834,319.814209,106.0334473,207.5,250.75,417.25,88.25,239.5,255.5,367.25,83.25,270,200,390.7032852,92.48286438,269.5986366,200,409.5779648,93.0394249,277.5608492,205.5245399,497.1673584,111.7189178,280.2290201,200.1601648,450.0846176,107.0579433
1502,3565,Rift Valley,GBIF,e,11035338,35.0895,-1.4728,200.0058365,157.019999,1007.75,43.43657589,191.1738281,227.244873,645.1687012,82.12084961,168.5,173.25,753.25,51,188.5,156.5,1041.5,36.25,231.4626837,149.5872617,772.7259521,47.93558502,231.4626837,147.7303123,765.8083191,47.61156368,239.8452139,144.239037,989.8938751,56.62392426,240,140.1184869,1034.325378,53.84189129
1503,3569,Manyara,GBIF,e,11351342,36.1211,-4.0216,213.3100065,160.6266626,645,92.21066284,204.008138,196.3883464,444.0152995,118.5950521,179,176,552,94,200,159.6666667,699,87,241.3591003,159.5501645,863.3234049,90.99502563,242.5241915,160,803.6265666,87.05762736,249.4915136,159.8847548,1025.10319,95.35112508,249.5073509,160.5351257,1045.042765,94.37681325
1504,3573,Kenya,GBIF,e,11175248,37.207917,-2.624583,218.3554173,175.3299999,623.75,83.52838326,205.4758301,200.0876465,439.7163086,121.1740723,184.5,173.5,538,100.25,200.25,164.5,669.25,79,240,150,922.0376587,79.83670998,240,158.9130831,834.2991028,72.22069931,250,140,1150.067108,96.06382751,250,140,1142.505035,89.77372742
1505,3575,Arusha,GBIF,e,11258118,36.769,-3.25614,103.6577765,132.9066658,1216,83.17455546,96.93066406,178.6591797,1106.563151,87.20345052,70,152.3333333,1048.333333,88,89.33333333,135.6666667,1359.333333,71.33333333,108.9400864,166.1693954,1147.111532,83.46905009,110.8317916,161.8398158,1060.87087,77.37983195,117.0446809,160,1452.680786,96.50308228,118.7024562,160,1463.621745,92.64172618
1506,3577,Oromia,GBIF,e,9983897,39.231,6.9933,146.3544401,206.0533269,840.6666667,59.26067479,121.7646484,260.6484375,902.0605469,77.19303385,109.6666667,211.6666667,881,101.6666667,132,202.6666667,915.3333333,69.66666667,168.8179652,94.99385516,1292.830282,56.26645152,169.2877833,109.9904537,1289.929525,55.6541036,178.7895457,116.8814437,1600.688232,46.70641836,179.5388667,114.3061543,1761.367716,46.43783696
1507,3578,Western Cape,GBIF,e,15101289,20.565,-34.182,183.8312483,229.8600006,402.5,24.5643549,169.4133301,216.045166,519.2192383,21.27587891,143.75,293.75,581.25,21.75,172.75,236.25,569.75,23.75,189.7721338,193.7850142,503.739502,17.96609831,189.9928427,197.7968454,492.6867523,18,193.6259079,206.8440342,509.215126,25.16435051,199.6630907,208.2738972,495.9190445,27.03430462
1508,3579,Eastern,GBIF,e,10781578,37.6125,0.568842,237.138888,162.133344,465,103.6870219,228.7991536,252.8876953,318.0452474,136.5664063,204.6666667,200.3333333,358.6666667,104.6666667,225.6666667,188,472.3333333,100,266.8155924,149.2992687,488.2523295,88.75448863,269.9186261,151.9007937,457.6133423,92.44630941,279.1862297,129.918623,677.7055257,97.86866252,280,129.918623,734.6794434,101.3278859
1509,3580,Oromia,GBIF,e,10217006,39.6063,5.11376,201.8308306,165.1000023,688,101.9247456,172.5256348,210.0063477,654.4162598,131.064209,159.75,180.5,662.75,133.75,180.75,176,711,112,223.6636257,140,694.9105225,104.0468807,224.2651796,151.2561536,673.486145,99.99495506,237.0916367,134.2271256,867.1783752,115.0446014,239.2716074,140,935.0674133,110.6939392
1510,3581,Mpumalanga,GBIF,e,14096562,28.6215,-26.1066,159.1845846,243.2499933,704.25,78.94210434,148.3166504,262.4519043,570.8164063,82.6862793,124.25,244.75,707,69.5,146,270,686.25,73,182.2130203,233.4767199,691.188385,80,180.9044409,243.5646105,706.2628937,82.78279686,193.1858397,252.2999573,743.3986664,83.50457764,200,250,750.7889862,84
1511,3586,Arusha,GBIF,e,11278815,35.7974,-3.45715,214.369998,150.6099939,586,92.13084793,207.5881348,199.6242676,402.842041,127.3369141,183,173.5,509.75,92.5,205.5,153.5,648.75,85.5,244.8314238,161.1662149,810.9099121,82.57433319,247.29599,158.1561661,775.812973,77.52566147,251.7368841,153.1459618,1022.682587,92.61904907,252.6502895,149.5422554,1030.426987,90.44080925
1512,3590,Shinyanga,GBIF,e,11206267,34.6374,-2.85812,199.653333,157.9866727,804.6666667,75.39753977,193.1477865,188.5016276,566.1354167,68.85286458,169.6666667,151.6666667,651.3333333,66.33333333,191.6666667,141.3333333,829.3333333,65,232.4953461,140,682.7615967,75.50658417,232.787234,150,693.6126912,78.39041646,239.1269112,140.077254,910.5580851,85.86132304,239.8424276,145.137558,917.8834635,84.25377146
1513,3591,North-West,GBIF,e,14049908,27.1877,-25.7177,175.2966642,255.8999968,687.5,78.89374161,168.3276367,271.0458984,564.0654297,85.85400391,142.25,254.25,741.75,67.75,166,277.5,683,69.25,204.7611523,240,592.6487274,80.19557381,203.8207102,240,599.5067139,82.97587204,211.9660616,259.9140596,659.2242584,84.68263435,216.9665194,259.4220591,658.5346985,84.91080093
1514,3594,Western Cape,GBIF,e,15111597,18.3825,-34.2607,NA,NA,NA,NA,NA,NA,NA,NA,132.75,177,751.25,60.5,NA,NA,NA,NA,177.961998,63.32805634,739.4090271,65.31381226,179.0589809,64.62514162,708.072525,65.88478661,179.8954535,66.13168478,745.4541168,61.17895126,187.5487518,67.57924676,708.3641815,62.64918137
1515,3598,Tanga,GBIF,e,11537891,38.9693,-5.511,269.8209238,128.4578514,1128.5,41.71818447,260.8211136,160.8619194,1101.426575,68.29990959,240.25,203,935.25,58,260.25,131.5,1399.5,47.25,270.8230925,90.33266544,1480.108368,60.16106796,274.406352,92.05060005,1390.298096,56.09685802,280,86.63919568,1590.128143,55.90504074,285.6264305,88.32457304,1554.844696,54.0582304
1516,3599,Limpopo,GBIF,e,13822041,29.4113,-23.9026,179.8645782,239.7399998,604.5,81.31619644,168.0026855,215.8520508,452.185791,90.58129883,143,224.25,586.75,73.75,168,234.5,536,74.25,209.5986366,205.0190544,446.7314758,84.28661537,207.4430466,210,470.4402008,86.85404015,216.0552168,220,516.500267,91.57425499,221.0755444,212.1684313,484.426918,88.71920776
1517,3602,Iringa,GBIF,e,11817512,34.8725,-7.76659,229.000001,172.1999979,622.5,106.4291496,223.4421387,161.2370605,488.9890137,102.744873,191.75,170.25,570.5,103.5,220,169.75,612.5,104,268.3237648,180,482.6999054,107.2681465,270.0356245,180,480.521553,110.5756836,274.5398998,190,590.1397552,107.4725914,272.3367643,210,601.2570801,109.5679512
1518,3608,Free State,GBIF,e,14365935,29.1286,-28.2713,142.7324986,247.4100018,728.25,71.04570389,126.9921875,270.4033203,610.8676758,66.09033203,96.25,263,747,57.25,126.75,271.25,704.75,62.25,163.8915062,231.6596031,712.6420441,77.40876579,163.8045979,235.1352453,728.3266144,79.831213,176.0671997,240,698.7106018,77.23490715,181.7580748,232.9468203,721.9139709,77.81381226
1519,3609,Kwazulu-Natal,GBIF,e,14381481,29.3834,-28.3769,148.4058332,237.0200014,817,71.86435509,136.3791504,262.3051758,704.5683594,67.68701172,104,252.5,846.75,61.5,135,261.25,790.5,64,165.3517723,230,860.3172607,80.9985218,165.3044271,231.0299158,882.4697723,83.42706108,179.916687,238.970871,839.4260559,80.88607407,184.0458155,232.2966862,866.9227448,80.95427132
1520,3610,Gauteng,GBIF,e,14081019,28.4623,-25.9962,158.7045836,234.8199987,722.25,78.86421585,147.1518555,250.7399902,588.1623535,81.58886719,123.25,234.25,733,69.25,144.5,258.75,706,73,180.9573364,230,720.2048798,80.98066521,180.4685831,240,735.0191803,83.98066521,190.9171391,250,784.5617065,85.05320549,199.6909142,242.2553635,787.0319061,84.98930931
1521,3619,North-West,GBIF,e,14189690,23.9426,-26.8498,188.690834,303.6899948,440,80.91388702,170.6135254,316.6496582,312.7702637,108.7751465,137.25,301,505.5,72.25,167.25,316,432,67,210,276.7616606,401.0691986,79.54877281,210.7177448,280.4970407,387.7289276,80.57156181,222.0660162,270.0125313,401.2851563,78.04442024,230,273.8485003,407.5012665,77.56675529
1522,3622,Mara,GBIF,e,11118200,34.3536,-2.15552,222.3995829,149.5899987,854.25,56.58878136,214.4638672,193.970459,538.4243164,88.2043457,191.25,150.5,654.5,49.25,213.75,139.5,849,42.25,250,140,722.924408,64.47631264,250,149.9326396,723.9344177,64.97709465,259.7034454,150,926.8424835,77.25140762,260,150,940.2450256,75.5085392
1523,3631,Northern Cape,GBIF,e,14712904,25.3475,-31.0473,146.9880009,323.5920029,422.4,56.82248764,135.3748047,289.9716797,290.4802734,69.15878906,104.2,301.6,451,53.2,135,309.2,400.8,49.8,177.455719,280,421.8094299,61.79178772,178.2257652,288.7276344,415.6730957,59.03424835,188.3044167,291.259285,398.2977539,58.82069092,195.6623878,290,421.4881897,57.90977097
1524,3636,Eastern,GBIF,e,10833393,38.2256,0.133896,240.9527779,142.98666,521.6666667,122.4796143,236.264974,238.6738281,354.4420573,160.5999349,212.3333333,191.6666667,395,131.3333333,233.6666667,179.6666667,498.3333333,125,278.4509786,130,731.1870524,97.8950119,279.8490079,130,670.3249919,102.2940903,289.7917302,120,967.5552165,106.5423838,291.1187617,118.7652238,1005.102498,109.5824432
1525,3639,Western Cape,GBIF,e,15064978,18.4315,-33.9142,169.4909363,164.6833801,565,68.11760254,155.4982025,172.87211,817.7658936,57.15199203,134.2,213.2,1052.2,59.6,160.6,185.4,970,67,175.9021339,117.0772419,833.0758179,68.6994751,176.2647552,115.5832348,809.3360718,69.16267548,185.8023911,121.3748856,817.535376,64.24077454,186.8930016,123.9523716,794.9743408,65.64357758
1526,3641,Western Cape,GBIF,e,14987295,19.1392,-33.2904,178.4346657,243.3599968,478.8,62.62939987,157.3871094,245.3109375,623.91875,62.40136719,132.6,276.8,808.2,65.8,161.4,264.6,728,70.4,194.4882317,258.9981575,992.28396,70.12412567,195.5689621,256.3348618,974.0946777,70.72955627,200.4242897,260,921.6324097,63.76607666,205.1558113,260.1164017,913.997168,64.63528366
1527,3642,Mpumalanga,GBIF,e,13884258,31.7774,-24.3942,221.8129997,227.6399956,548.2,78.90585022,216.0539063,236.3984375,444.7599609,83.1359375,187.4,246.8,592.6,69,214,255.4,536.8,65.4,250.4542007,180.0682259,499.8833069,82,250,186.0868759,530.8733887,84.17794952,260,200,617.6180664,94.67442322,269.9315147,190,561.4311157,91.97901154
1528,3644,Arusha,GBIF,e,11268474,36.6027,-3.34164,195.420413,166.5700006,818.5,91.73850632,181.8234863,202.1264648,706.8481445,117.6867676,158.75,171.25,751.25,103.5,178.75,153.25,960,89,207.5770807,166.5839052,920.1341553,84.24783134,208.7670135,162.5190926,856.1790771,78.85149193,216.6461039,160,1161.611938,95.58828926,217.4747086,160,1175.716248,92.12491798
1529,3645,Northern Cape,GBIF,e,14655880,23.505,-30.5892,168.9258385,327.1800137,269,65.05239296,159.1179199,311.0224609,142.6047363,104.3312988,125.5,310.25,301.5,63.75,159.5,323,252.75,57,202.372365,300,293.0093079,59.0172863,205.1411104,300,288.5568008,56,214.6175241,310,269.9792328,50.53905201,218.8735485,320,273.8988724,49
1530,3649,Mara,GBIF,e,11154471,34.8049,-2.4557,201.5958309,157.1200061,828,60.61028481,195.2585449,194.9033203,492.652832,72.59741211,172.25,155.75,611.5,54,194.25,141.5,801.25,49,239.5893669,140,704.3545074,69.00605392,239.7465897,140.0367808,716.1777802,69.97107887,243.499608,140,936.0971069,81.79958916,247.3276854,140,943.4902344,79.88155556
1531,3654,Manyara,GBIF,e,11340976,35.8691,-3.95134,218.3266687,153.1500006,645,89.85665512,209.5366211,197.6220703,456.9968262,121.8571777,185.25,173.75,564.75,95.75,206.25,158.5,708.5,89,246.768074,170,768.0766602,91.90300941,247.1927071,170,716.0955811,86.79098701,254.4129229,170,922.6927643,98.24052238,255.71486,170,942.6171722,97.95990181
1532,3663,Rift Valley,GBIF,e,11040524,35.3368,-1.52194,186.2077777,152.1466668,993.3333333,51.8980217,173.4147135,225.366862,572.1611328,89.23730469,150,172.6666667,690,61,171,155,950.6666667,46.66666667,211.3921611,146.9476891,1017.226522,54.12755076,211.881326,142.4619357,1006.602743,53.99232483,216.0776711,139.7283141,1324.375041,60.59601466,217.7128537,138.2174524,1382.979329,57.66304906
1533,3665,Oromia,GBIF,e,9968339,38.4825,7.09145,196.910553,207.4666723,964.6666667,49.75600306,168.328125,249.7226563,1057.964518,69.98632813,156.3333333,201.6666667,945.3333333,76,177,196.3333333,1102.333333,52.66666667,218.409729,120,1127.476644,48.49452591,219.5926666,130,1130.303548,48.53075155,228.4425036,135.8198166,1430.056152,40.24095027,229.9016889,130.2397982,1564.614136,40.45672735
1534,3670,North-West,GBIF,e,14029153,25.7101,-25.5606,181.1337519,277.2300053,535,80.49668312,171.3891602,290.0861816,402.4951172,104.3098145,141.75,270.75,579.75,70.5,167.25,292.5,529,69.5,209.8865414,247.6054049,486.2096634,84.02256584,209.9622345,251.9709063,489.0272064,86.97284508,218.984437,250,537.6626282,87.95993042,220.0209999,250,536.5144501,85.59597206
1535,3671,North-West,GBIF,e,14018795,25.8311,-25.4595,180.8862543,274.5599985,556,81.45287514,170.375,290.6362305,424.7011719,102.380127,140.75,271.75,602.25,70.25,166.5,292.25,550.5,69,207.1801043,240,526.0510712,85.01137352,207.6478767,250,529.338974,87.53930283,213.7095594,250,585.6048126,88.03944778,220.9881973,250,580.9224701,86
1536,3674,Sofala,GBIF,e,13205740,34.3745,-18.9459,251.0262537,203.8800001,1008.5,90.63546753,239.1164551,196.3754883,1138.872803,97.26245117,218.75,219.25,967.25,96.25,244,229.5,949,80,270,179.9121237,1022.151855,87.56450462,270,183.059063,1150.149597,90.88996506,280,190,1088.367615,88.99570465,280,190,1037.377014,87.54958344
1537,3675,Mpumalanga,GBIF,e,13930870,31.4288,-24.7874,214.8195839,233.9200068,664,76.85885048,209.0708008,218.5588379,512.3349609,78.70507813,182.75,221.75,682.5,68.5,206.75,237.75,613,66.25,240.488801,190,624.2200012,79.17130089,240.0515938,190.2568388,656.424408,82.01347923,249.1705847,210,731.4256897,89.3310051,257.8813791,200,675.2436829,86.24277115
1538,3681,Arusha,GBIF,e,11247729,35.5641,-3.17343,183.5455577,159.9466705,749.6666667,88.1692632,174.5813802,190.5794271,531.1865234,121.9391276,150.6666667,160.3333333,626.3333333,92,173,141,803.6666667,84.33333333,198.8187091,140.0381788,1740.654053,85.8457133,199.1249402,140,1741.332886,87.5566864,206.8188922,134.6076298,2247.686768,89.17781321,208.0760384,130.0095463,2268.210938,87.39719137
1539,3686,Mpumalanga,GBIF,e,13961940,31.0197,-25.0322,203.587079,213.9699984,815,74.67063904,194.4543457,204.2202148,761.5759277,70.3737793,169,202.75,951,67,192.75,217.25,859,66.5,219.0049601,190,1021.632751,77.02317619,217.2620153,190,1073.516602,80.5840683,223.725872,210,1170.228119,85.98803711,232.1690512,200,1094.205841,82.8408699
1540,3687,Central,GBIF,e,12589306,33.7885,-13.9762,204.1638883,202.6533445,870.3333333,118.1838913,191.4082031,180.860026,992.188151,118.4527995,162.6666667,218.3333333,875.6666667,112.3333333,196.6666667,231.3333333,747,109,230.0338682,170,774.0174154,117.49705,230,180,803.8787638,119.1734848,238.3452543,210,841.7939046,121.3991979,240.0338682,210,833.2984212,126.3647181
1541,3691,Eastern,GBIF,e,11030204,37.0085,-1.44023,199.8072243,167.7733358,582,84.32380931,186.1917318,204.6601563,401.1302083,126.4892578,162,180.3333333,499,95.66666667,182.6666667,167.3333333,612.3333333,80.33333333,210.9902382,140,747.27889,69.74405416,214.775149,149.2910004,684.0951335,66.72118886,220.288194,128.5865911,1007.887105,80.29405467,223.9086405,130,1072.804565,81.00250498
1542,3693,Northern,GBIF,e,10408534,34.1146,3.55068,211.9529152,159.4700003,769.25,65.98808861,202.2746582,201.2253418,835.0546875,103.2233887,179.75,148.75,625,83.75,193.25,157,710.75,70,229.4693947,138.5213804,1106.235901,58.15218163,229.927249,130,1061.279297,54.88405037,229.927249,120,1556.566101,66.8803997,231.4568472,113.1116009,1614.562439,64.54818535
1543,3694,Northern,GBIF,e,10392985,33.7404,3.66913,227.6187515,168.0500078,831.25,59.43657112,216.6628418,214.0627441,908.4084473,101.1638184,194,160,654.75,79,208.25,163.75,754,63,250.7134914,150,895.3852844,54.90792179,251.7017698,145.8302712,863.1841278,52.22170353,249.3337727,150.6769061,1287.309631,63.18474483,250.6378174,149.5780993,1326.22345,60.77545166
1544,3699,Mpumalanga,GBIF,e,13936052,31.5024,-24.7954,215.3008318,235.1000023,630.5,77.52887154,209.9562988,222.5695801,498.6550293,78.51928711,183.25,225.75,667,68.25,207.75,241.5,598.75,65.5,247.5970745,190,571.0005951,79.8156929,243.9518642,190.8832932,600.2659912,82.08519173,250,210,671.9167786,90.02116203,260,200,619.4278564,87.01676941
1545,3701,Eastern Cape,GBIF,e,14857946,25.4461,-32.2406,138.1686668,267.3280067,470,49.74474792,126.2328125,258.4142578,366.0765625,48.75722656,95.6,271.8,494.4,36.8,125.2,273.4,466.2,37.2,154.7438202,243.4245834,507.0384583,52.2143959,155.6949863,251.2731285,505.709552,50.1680954,163.9451275,260.3558884,477.7358948,49.46059723,169.0645332,247.5402641,503.2276489,51.82904816
1546,3704,Central,GBIF,e,10843615,32.478,0.061798,219.9153328,101.9439964,1538,43.44446945,205.1384766,201.8316406,1318.858594,89.82285156,186,130.4,1289,48.4,195.6,132.8,1643.8,35.8,247.7333679,49.9583292,1513.23042,36.46521912,248.864994,40.14633846,1448.357422,31.2864357,250,49.89296913,1873.938623,43.07318726,250.2739563,49.54896164,1911.053271,41.28530884
1547,3705,Shinyanga,GBIF,e,11170018,35.099,-2.54739,189.7833379,159.0399933,745,69.05700684,183.1158854,196.0019531,411.5498047,78.39941406,160.3333333,157.3333333,543.3333333,61.33333333,181.6666667,140,714.6666667,57.33333333,227.3335012,130,649.4725138,72,227.7256648,140,660.34375,73.75428263,230,134.1537666,871.1372681,83.12241618,230.9127363,138.395799,877.5027466,81.15132141
1548,3715,Gauteng,GBIF,e,14122448,28.015,-26.2939,155.1316667,258.2700014,700.5,77.20499802,152.6079102,257.8830566,619.7072754,77.71044922,126,242,776,65.25,151,261.25,735.25,68.25,181.9081116,231.6536427,674.4046631,82,181.8560219,241.5022755,685.4855347,84,192.9636097,252.8398609,711.4627228,83.5692749,195.6055832,250,728.1413574,85
1549,3716,Kenya,GBIF,e,11299610,38.957917,-3.624583,242.3624945,145.6400013,722,56.62661076,235.3962402,161.763916,516.0170898,86.11376953,215.5,174,509.25,74.75,231.5,136,703.75,54.5,267.6035452,140.2534127,594.5584717,70.22768593,270,150,527.765686,66.98178864,279.0498209,140,710.5767975,72.82620621,280,140,708.8027649,69.81101799
1550,3717,Kenya,GBIF,e,11019802,35.29125,-1.374583,190.5404234,158.1600046,946.5,47.81591797,178.0197754,231.3500977,602.1931152,85.70117188,154.5,176,715,56.5,175.25,158,999.5,41.75,218.9325619,149.6588755,884.4971466,49.47615242,219.4802618,143.4122062,876.7062073,49.27229214,222.0264721,140,1147.590515,56.55225468,223.0195808,137.660079,1203.591064,53.57185364
1551,3718,Kenya,GBIF,e,10978406,37.124583,-1.04125,200.2874994,158.7000036,869.5,86.58467102,190.7436523,229.1350098,602.310791,122.9785156,165.5,193,711.25,97.75,187.25,179,864.5,84.75,210,140,995.4386597,76.4910984,211.3325453,140,917.9499359,75.17671585,220,130,1314.427032,86.07771492,220.6517172,130,1398.521515,87.13442039
1552,3719,Kenya,GBIF,e,10823014,37.457917,0.20875,186.3395834,161.9399977,1201.75,95.0714798,173.1054688,241.1704102,1001.251465,119.6672363,148.5,190.5,1032,98.75,170.5,179.75,1291,91,206.6060019,130.7906818,1066.864182,66.09140015,208.7358713,132.8314209,1010.025192,69.14312935,217.8042364,111.0271716,1435.726227,75.12934685,219.9832773,110.3539872,1534.721497,77.3729229
1553,3720,Kenya,GBIF,e,10812654,37.457917,0.292083,205.5012512,161.3700032,1047.75,95.80814934,191.824707,253.9169922,812.4560547,125.2043457,166.75,200,862.75,98.5,188.75,188.25,1086.5,92,223.6652613,138.9191484,809.7463531,68.35245132,226.7053413,140,766.6653137,71.56298447,235.9245729,119.1504264,1097.275726,78.04832077,238.3742809,118.4183431,1175.101318,80.77743912
1554,3721,NA,GBIF,e,10823015,37.495936,0.220125,189.597497,162.5599909,1246.25,97.6654911,175.0705566,242.6230469,1058.256104,120.3920898,150.25,190.5,1084.25,101.5,172.25,179.75,1349.75,93.75,207.5720644,130.3391767,1096.410416,68.88366127,209.956851,132.2964263,1036.507217,72.10150337,218.793931,110.5317259,1469.55896,76.66752243,221.2501574,110.065906,1570.481323,79.02070045
1555,3722,NA,GBIF,e,11289233,38.212094,-3.517498,218.1727791,161.2666702,718.3333333,77.34923808,213.3968099,179.0839844,610.8990885,96.30598958,192.6666667,176,616,95.66666667,208.3333333,152.6666667,803.3333333,70.66666667,234.8786926,149.9357446,786.1647339,76.95126597,236.3928095,159.9930477,692.0459188,74.84113566,244.6623357,142.2028573,946.9800212,80.31812541,246.3928095,149.6162701,959.326884,79.9467748
1556,3723,NA,GBIF,e,11294412,38.199602,-3.55756,222.2061094,162.2399966,670,78.21478017,217.4059245,179.4560547,556.6852214,96.96842448,196.3333333,177,568,94,212,153.3333333,742,70.66666667,239.4431051,151.4366023,768.0771077,76.89590963,240.4101245,160,676.6884969,74.7393748,249.3723361,147.0930703,924.5107625,80.16261546,250.4101245,150,935.800883,79.68798065
1557,3724,NA,GBIF,e,10817835,37.472585,0.257978,194.9594434,160.6799984,1145.333333,96.87151591,181.1624349,248.4980469,925.4690755,123.1526693,156,195.3333333,960.6666667,99.33333333,178,184.3333333,1207.333333,92.66666667,214.5499357,135.5796846,924.1382446,67.73430379,216.7806562,138.2851855,874.7931722,70.91379801,225.9690094,115.9963417,1247.450602,76.93536123,228.4173965,114.6615028,1334.81661,79.45435333
1558,3727,Western Cape,GBIF,e,15013186,18.7657,-33.4939,176.2150002,233.7520027,551.2,64.62753906,158.4119141,216.0460938,539.8130859,58.3703125,134.8,246,679.4,64.6,162,228,647.8,68.4,181.5845222,248.6143684,658.2622681,69.32233582,183.7894592,245.7481308,640.3928345,68.99541779,192.8193932,252.6710167,621.1976807,63.54276657,198.0143127,258.5534134,614.9785522,64.15896759
1559,3728,Mpumalanga,GBIF,e,13961961,31.909962,-25.022268,218.6870861,231.500001,620,76.34949303,214.1916504,222.0871582,521.0158691,71.17358398,187,222.5,671.75,63,212,237,617.75,59.5,249.7412062,180,542.8702698,76.73704529,249.72363,180,575.4941101,81.00351524,258.2379389,190.7296419,660.6542358,91.50899315,261.6114473,184.3913126,589.5821533,86.29988861
1560,3731,Arusha,GBIF,e,11081961,35.2467,-1.83516,183.2279158,151.1499977,941,56.56762218,172.6584473,213.7041016,560.9521484,87.3125,149.75,165.5,677.5,62,170.5,148,918.5,49.5,209.5999861,133.801446,981.1466217,61.57223606,210.477581,138.5219479,979.3348846,62.95512962,215.2612877,130,1273.175995,68.39968681,216.8664408,130,1309.519165,66.14389038
1561,3732,Central,GBIF,e,13397180,25.1848,-20.4968,242.9283285,276.9600058,351.25,105.4004364,211,248.9213867,313.0825195,141.777832,178,257.75,397,90.75,212,286.75,349.5,89,255.0712395,198.4401226,435.3139648,116.7479763,257.4656153,195.3468418,421.5466766,114.4477978,260,192.2423744,485.2514267,117.6958752,270,187.6578569,479.9868927,112.5714283
1562,3733,Morogoro,GBIF,e,11745049,37.2215,-7.20069,242.201252,153.5399985,1162.5,85.88646889,234.8227539,148.0327148,848.8071289,79.75219727,212,147.5,731.5,82,226.25,158.25,1052.5,77,259.8278952,150,859.4025116,80.71409607,259.8348951,150,808.9346771,77,265.8751488,156.343565,987.0693512,79.98840904,267.0533657,159.9775434,1017.501999,80.8689003
1563,3734,Arusha,GBIF,e,11309893,35.7463,-3.6687,210.1574993,143.8699961,622,91.10062027,206.6340332,198.9760742,442.4301758,125.0756836,182,171,553.25,94.75,204.5,152.5,691.5,87.25,244.7506428,164.6027946,646.6342773,91.29863167,248.3869314,160.6181717,608.0177002,84.69124413,251.3100243,159.050653,805.2306671,101.8240223,252.1111107,154.5786858,812.4693604,100.3009872
1564,3735,Rift Valley,GBIF,e,11035341,35.2311,-1.46111,197.8350004,158.2533328,918,47.7276179,186.3850911,229.2558594,577.4866536,87.375,163.3333333,174.3333333,696,55.66666667,184,157.6666667,963.3333333,41.33333333,228.0901655,150,818.5997518,50.79063288,228.7887383,149.9897957,810.5110067,50.6139183,229.9897957,140,1059.645426,58.1289266,230.6803195,140,1108.631104,55.2439003
1565,3739,Western Cape,GBIF,e,15070197,20.081,-33.9177,178.9583302,232.4900007,393.75,33.88028622,162.3669434,241.8791504,359.1875,29.4140625,136.5,302.75,428,32.5,166,261.5,412.75,35.5,188.3480215,230,371.3045883,20.9519043,190.2098227,238.6977625,365.2008362,22.37568808,197.8229618,245.9185123,370.064888,23.82881641,200.1919127,250,361.2844162,23.94362879
1566,3741,Rift Valley,GBIF,e,10745317,37.5626,0.840081,220.4541636,147.4100041,633.5,101.7409477,212.9836426,254.2043457,433.8635254,133.5397949,187.75,201.75,492.25,103.75,208.75,193.5,647.25,101,248.318491,140.1674676,543.0626831,85.44623756,251.6849136,149.7962308,509.607193,88.45306015,260.5747271,120.1821017,774.0406799,98.26038551,263.3706141,121.5916419,846.1007843,101.6387806
1567,3742,Northern Cape,GBIF,e,14407271,24.808,-28.619,180.3889999,314.2959938,452.8,71.832901,170.4306641,315.5986328,300.5988281,91.89335938,137.4,303.4,471.4,62.4,168.4,312.6,420.6,59.2,210,290,451.6256836,71.63686981,210,300,438.2970947,71.58292694,220,302.5008278,440.2585876,71.34909668,229.2085762,300,446.8991821,70.95804749
1568,3745,North-West,GBIF,e,14272613,25.7342,-27.5166,172.1787453,323.9599991,517.75,73.27612877,167.3261719,318.0231934,378.5893555,101.0239258,136.25,306.25,569.25,67.25,165.75,314.5,501.5,64.5,210,286.8959713,509.9322586,75.13542938,210,290,505.0749054,76.77170944,220,280,504.2524338,74.0189476,220.4143667,280,521.047699,75.00351524
1569,3746,North-West,GBIF,e,14293325,25.4025,-27.7025,174.6304131,325.9399986,491.75,74.58999825,169.0251465,330.5251465,339.404541,107.892334,138.25,311.75,520.5,68.75,167,323.25,464,66,210,290,474.7703781,75.53693771,210,300,467.5628586,76.98837662,220,280,461.4654388,74.05102348,222.6502943,280.0659132,476.1592331,74.59303093
1570,3749,North-West,GBIF,e,14231179,25.9586,-27.2019,168.2329178,328.9600086,572.5,73.967453,162.9506836,298.6906738,451.5847168,91.67724609,130.5,295.5,650.75,66.75,161.75,301.5,574.5,64,200,270.1163721,525.6902466,77.0596962,200.0364542,280,522.9091339,78.93457413,211.5432405,262.2699785,533.3516541,77.39490318,220,260.5947208,550.3092804,77.97318077
1571,3750,Northern Cape,GBIF,e,14391731,24.7967,-28.4837,183.7375021,319.6899986,456.25,72.35522079,172.4089355,320.560791,294.2487793,95.16918945,139.75,308,465.25,63.75,170,317,415.25,59.5,212.393527,290.6204081,422.6388702,72,217.0991182,300,408.8361664,71.99414063,226.5082741,308.8473082,413.0216446,71.99882889,230,300.6204081,419.351799,71.53913879
1572,3751,North-West,GBIF,e,14298503,25.3298,-27.7446,175.7558346,323.6599922,488.75,74.68942451,168.0358887,331.9597168,332.9187012,108.1274414,138,312,512.5,68.25,166,323.5,457.75,65.5,210,290,468.8711853,75.94394493,210,300,460.7928772,77.42188454,220,281.2501478,454.1505051,74.44608498,224.3427706,280.2534151,468.271492,74.56370544
1573,3754,North-West,GBIF,e,14339925,24.5528,-28.0647,188.8808346,308.380003,460.25,75.70259094,177.5983887,329.6911621,281.1696777,103.4199219,146,311.75,456,68.25,175.25,326,401,63.5,220,299.3151379,399.6706161,77.40357399,220,309.2606306,385.1532364,77.48384666,230,306.4544344,392.5215454,76.72266197,230,300.0375938,400.4245453,76.46991539
1574,3757,Free State,GBIF,e,14293328,25.5106,-27.7031,172.6391697,326.8900013,495.25,73.79280663,169.6210938,329.5625,344.2766113,108.4157715,139,312,523.5,69.25,167.75,322.75,468.25,66,210,290,470.1757355,74.98471832,210,300,463.398941,76.27145767,220,280,458.2328033,73.65768433,222.9601192,280.3401613,472.8866653,74.12826729
1575,3760,Oromia,GBIF,e,10248079,39.3146,4.8641,238.6604166,153.2399988,425.25,103.2091389,215.6213379,216.4370117,411.3867188,144.3669434,202.5,185.25,418.25,142.5,221.75,181.5,460.25,113.5,274.2686701,143.5238099,468.5717392,100.9119167,276.3453054,150,457.4938049,96.59848785,289.5468664,140,598.0331879,112.8577366,289.860673,140,642.3927002,109.3305321
1576,3764,Coast,GBIF,e,11247806,38.7577,-3.19125,246.9849968,150.2133369,908.6666667,67.38907878,244.7135417,171.7278646,593.7669271,94.79199219,222.3333333,169,582.3333333,93,240,144.6666667,783.6666667,68.33333333,270,149.4194603,593.3203532,89.81930542,272.2673925,151.7367236,517.291158,88.56225332,280,140,709.506958,89.77818044,283.4219233,140,716.2721558,86.35415649
1577,3765,Free State,GBIF,e,14438381,26.0532,-28.8368,165.7795858,331.6599941,503.25,66.8394165,158.8034668,325.7578125,355.7856445,87.31738281,125.25,320.75,531,59.5,158.25,323.25,475.5,59,200,300,538.9164734,71.16509819,200,300.4493523,533.3697662,72.94618607,210,300,530.1152039,70.06848335,220,300,536.6418304,68.20902634
1578,3766,Free State,GBIF,e,14179417,27.5765,-26.78,164.1100073,285.5299997,636.5,74.52287292,158.3586426,280.5334473,521.6025391,79.08642578,126.5,272.25,689,63,157.25,280.25,642,64.75,190,250,632.0939789,77.73870659,190,260,641.4747772,79.41915703,200.3072786,266.6380739,650.2500916,79.15888596,209.0325594,262.593708,671.8853149,81.41477966
1579,3767,Mpumalanga,GBIF,e,13972321,31.9118,-25.1163,221.707077,233.6800051,605.75,77.36276054,216.8266602,225.4128418,507.9013672,71.42602539,190,223.5,655.25,63.25,214.75,239.5,604.75,59.75,250,180,562.0819092,76.08129883,250,180,598.207489,81.03390312,260,191.0885143,682.7932281,90.71341896,267.7823496,182.279067,606.4828186,85.14081001
1580,3769,Amara,GBIF,e,9642025,39.5475,9.74577,161.0050011,199.2399979,976.5,117.2474041,130.4970703,257.1984863,1186.79834,112.5441895,122.75,214.5,1124,156.25,142.75,190.5,1047.75,96.25,165.9835052,132.8372836,1649.66925,113.2247829,168.4839725,138.2985735,1606.581482,114.3818321,171.6951132,136.8456006,1966.426208,97.34868431,177.0336342,124.5059085,2051.617584,93.13860703
1581,3770,Mpumalanga,GBIF,e,13977427,28.833,-25.1439,199.6970844,261.4400005,557.75,83.04445076,188.4775391,272.3063965,460.0683594,91.52709961,160.5,270.75,598.25,73.75,186.75,285,566.75,77,230,244.4560242,518.4976273,84,230,250,538.9179077,87.34756088,240,260,587.9477386,92,249.8803711,260,567.7543488,90
1582,3777,Mpumalanga,GBIF,e,14018874,29.1065,-25.4612,175.0726662,236.8479958,679.2,80.61196747,158.3162109,264.1955078,566.4076172,81.29335938,130.8,257.6,716.4,68.2,156,273.4,679.2,71,191.3669014,231.7039719,797.5513916,84,191.2299194,240,829.1105103,87.56197205,202.3381195,250,884.3377563,90.5667511,209.1786499,241.3099518,864.6222046,90.3725769
1583,3779,Free State,GBIF,e,14298506,25.4546,-27.7166,173.6683321,326.8100071,493.5,74.33282661,169.3813477,329.8989258,341.4848633,108.3105469,138.75,311.5,521.25,69,167.25,323,466,66,210,290,472.7487259,75.15277672,210,300,465.798317,76.68148994,220,280,460.0669861,73.90216827,223.3083057,280.2761936,474.7585297,74.30783844
1584,3781,Arusha,GBIF,e,11206323,36.9769,-2.86323,212.9037523,170.4300022,614,83.56166649,198.7941895,201.7202148,414.1240234,121.2495117,177,173.75,502.75,97.5,194.25,161,633,78.5,236.839962,149.9469447,1205.013062,88.10829735,237.9454803,157.9609561,1097.574539,80.39536667,245.4059982,140,1521.997589,105.3921337,246.7274952,140,1506.666473,99.30888176
1585,3782,Gauteng,GBIF,e,14034402,28.5991,-25.5898,178.7980042,247.951992,660,81.44658813,163.89375,262.453125,563.8787109,80.890625,139.6,249.4,704.4,69,161.6,272.6,677,72,205.818943,230,639.3324463,82,204.5080109,240,658.1157227,84.93672028,215.2953796,250,716.9342041,87.86312866,220.4276886,240.2054596,702.6946289,86.73000336
1586,3784,Eastern Cape,GBIF,e,14764695,24.9946,-31.4907,154.4054198,302.4900007,388.75,56.05742836,139.140625,279.7387695,245.4001465,63.85449219,108,295,393.25,52,139,302.5,355.25,49,179.473033,280.1196289,369.465477,66.95739174,181.4405298,282.7995586,365.1393204,63.64893055,193.8645124,299.6388483,344.0030365,64.30202389,199.2913961,290.1196289,365.791954,63.91378975
1587,3786,Rift Valley,GBIF,e,10947309,36.3984,-0.765587,169.0604162,162.900002,667.5,50.83047104,163.0695801,239.541748,488.8330078,89.72045898,136.75,210.5,546.5,68,160.25,185.5,706.5,48.5,197.5823879,140,806.9648285,37.50768471,198.3277035,139.3351507,758.4182281,33.61959696,206.1142588,130,1078.763321,50.83934116,207.8673983,129.6430039,1152.983551,50.23491764
1588,3792,Western Cape,GBIF,e,14857877,22.5577,-32.2192,137.036335,275.5839996,283.6,46.23742142,127.2066406,269.5820313,210.2445313,50.31113281,95.6,286,320.8,38.2,129.8,288.4,287.8,32.4,162.2180271,259.9776001,302.2237366,43.85298386,163.7761192,260.1626244,308.5878601,41.10507126,172.9279099,270,296.9528076,39.10299988,176.0436134,270.0351524,306.2786377,41.70131989
1589,3793,Free State,GBIF,e,14293333,25.7252,-27.6878,169.2900009,307.3280029,510,72.32731476,168.0513672,321.5607422,367.0628906,100.0984375,136.6,307.8,553.6,67.2,166.6,316.8,491,64.4,210,290,486.5361572,73.97343903,210,290.3239365,480.5562744,75.45066223,220,280,479.0970886,72.6943573,224.8542366,280,494.5347961,73.92960968
1590,3794,Sofala,GBIF,e,13210920,34.3608,-18.9619,251.0262537,203.8800001,1008.5,90.63546753,239.1164551,196.3754883,1138.872803,97.26245117,218.75,219.25,967.25,96.25,244,229.5,949,80,270,179.9121237,1022.151855,87.56450462,270,183.059063,1150.149597,90.88996506,280,190,1088.367615,88.99570465,280,190,1037.377014,87.54958344
1591,3796,Arusha,GBIF,e,11221862,36.9512,-2.96048,209.5012474,170.0699997,600.25,85.30560303,195.4431152,201.4187012,418.6791992,120.0480957,173.5,173.5,500,95.5,191.25,159.25,632.25,77.25,234.1029263,146.6563773,1249.024017,87.84192467,235.6102467,150.6987,1139.27182,80.47172546,242.1068382,140,1583.279297,104.9655209,243.8791227,140,1571.757324,99.29208374
1592,3800,Eastern Cape,GBIF,e,15075511,25.6569,-33.9865,177.1909294,163.7438602,577.6,15.60419216,169.025943,162.8049988,500.2305725,23.29898148,143.6,202.2,621.2,13,170.4,169.6,577.6,19.2,199.9324226,86.81747723,559.6266846,16.02682705,199.9324226,92.41250229,564.10271,18.52587967,208.391758,98.12878799,530.5401001,18.14436035,210,94.20975685,542.6289185,18.87148094
1593,3804,Western Cape,GBIF,e,15033963,21.1621,-33.6637,183.2908297,258.9199972,319.75,20.07227516,157.295166,247.3059082,258.4682617,36.94946289,130.75,291,321.5,19,160.25,268.75,310,19.75,192.7140188,230,335.4963913,21.05407095,196.9081593,240,332.102211,18.73577833,205.1908922,256.9386339,328.7549515,22.17717791,209.862628,260,323.0004196,23.71940136
1594,3808,Rift Valley,GBIF,e,10993928,36.3366,-1.1535,184.8629189,172.220006,780.25,64.72153664,167.4104004,217.4511719,501.2631836,116.4248047,140.75,180,595.5,89.5,164,163.25,763.5,69,198.913579,159.9208784,728.9889679,55.79661465,201.1380625,160.2042723,686.1582489,50.76861095,207.7392626,141.1371279,1003.807343,68.88516426,210.4000998,141.1371279,1072.598663,68.39207458
1595,3810,Central,GBIF,e,12584126,33.789,-13.9566,204.175415,202.8000116,871.5,118.2426262,191.4838867,180.5996094,990.9255371,118.5708008,162.75,218.25,874.5,112.5,196.75,231,745.5,109,230.1474714,169.9254465,772.1902466,117.5791512,230,180,801.7190857,119.2318401,238.5086346,210,839.7405853,121.4968109,240.1474714,209.7017813,831.7767792,126.4947319
1596,3812,Sofala,GBIF,e,13200560,34.3439,-18.8982,252.4204159,214.000001,1016.5,90.2970829,239.2216797,197.4436035,1149.44751,97.53027344,218.5,221,977,96.25,244.25,232.75,953.5,80,270,174.1368628,1031.296417,86.90732002,270,180.097003,1159.634735,90.28221512,279.854188,190,1094.04306,88.46769142,280,189.9834061,1042.87326,86.63835144
1597,3814,Sud,GBIF,e,11159526,29.5969,-2.49727,182.1533298,127.9600024,1336,53.10860252,170.7233887,171.3647461,1241.564453,74.50585938,139,136.25,1150,58,171.5,136.75,1321.75,42,200.4111242,105.9665728,1196.231598,44.52218437,199.6388483,102.0354533,1192.113037,41.94383049,212.4744368,121.2284207,1276.214142,54.79946041,218.0433035,114.1791606,1245.663208,53.07970524
1598,3821,North-West,GBIF,e,13992929,27.2197,-25.2534,193.9674997,274.989996,651.25,78.72937584,185.4807129,276.7666016,504.4233398,91.85791016,156.25,270.5,668.25,73.25,183.25,286,619.75,74.25,221.0914421,240,577.7012024,80.90305328,219.8815012,250,582.9640656,83.25306702,227.4881172,270,649.5097656,85.4281311,233.9016533,269.8605537,645.1400909,86.0079155
1599,3823,Kunene,GBIF,e,13257098,15.9301,-19.3521,227.6391649,279.8599863,355.75,117.6545105,211.8186035,248.572998,355.1972656,99.11816406,175.25,272.5,438.5,105,212.25,293,409.75,104,260,232.7346706,362.8882828,122.9831066,260.0515938,237.3534393,324.1769867,116.6386623,270,235.7751417,352.7061996,112.0065765,280,230.0306129,335.1587143,108.9515591
1600,3826,Mara,GBIF,e,11159650,34.7576,-2.48091,201.0338847,155.946668,829.3333333,61.88488261,194.710612,193.819987,504.6914063,71.20410156,172,155.3333333,618,55.33333333,193.3333333,141,808.6666667,50.33333333,239.4294993,139.952275,724.9295247,69.34693909,239.6282768,140,737.0172119,70.29201508,241.3882573,140,963.0692139,82.02530162,243.7910398,140,970.5402425,80.10216777
1601,3830,Mpumalanga,GBIF,e,14246817,30.0428,-27.2936,136.2533355,238.659997,759.25,75.77900124,128.8952637,247.8254395,661.7819824,64.68847656,98.75,239.75,808,61.25,128.75,245.75,769.5,66,155.0746703,210,831.3123627,78,154.4711304,218.8491821,867.2706451,81.76943779,165.9665871,230,836.2679596,81.04300308,169.6164751,220,855.3023834,82.32679749
1602,3833,Free State,GBIF,e,14500535,25.8206,-29.3702,158.6320853,328.8799953,470.75,63.99616528,150.9702148,310.4887695,338.2431641,82.23901367,117,308,510,55.75,150.5,311.75,457.75,54,190,310,579.9190216,69.35287857,190,310,571.2924042,69.72139359,203.7754631,300,557.6874542,67.44794846,210,300.1723671,570.0103149,65.19784737
1603,3845,Gauteng,GBIF,e,13998141,28.5761,-25.3307,188.7074995,256.1000013,617.75,82.3489151,174.8122559,266.1696777,519.8879395,85.61889648,148,258.25,664,70,172.25,277.5,631,74,220.0417376,240.1406097,605.4666595,83.19277763,219.7347641,244.8626137,627.2128296,86.66543579,229.8879147,260,687.3783722,90.54195213,233.5414886,257.6034737,667.3787537,88.62232018
1604,3850,Gauteng,GBIF,e,13982603,28.66,-25.182,197.4116707,270.7899952,574.75,83.13106918,186.5471191,272.2939453,467.7871094,91.85375977,158.75,268.25,606.25,73.5,184.75,285,575.75,76.5,230,240.3670168,520.0370483,84.53943634,230,249.9834013,540.1690674,88.00677109,240,260,592.7673187,92.53090668,249.9720001,260,573.0203094,90.10911369
1605,3851,Rift Valley,GBIF,e,10952488,36.3364,-0.826705,166.1654186,163.0200028,688.5,54.63938618,159.8740234,234.1535645,478.8835449,96.01904297,133.5,201.5,543.75,75,156.75,177.75,704,54.5,195.1323557,140.9539294,785.2232819,40.02877998,195.9712124,140,738.4985657,35.84671688,203.8284874,130,1056.52623,53.20184135,205.2674341,130,1128.347778,52.42321587
1606,3852,Amara,GBIF,e,9196514,38.2648,13.3065,91.16666794,206.3866679,976.6666667,122.3813553,49.79459635,305.2392578,1355.330729,115.6803385,51,210,1232.666667,150,71.66666667,184,1221.666667,115.3333333,130.5450757,122.6856581,5884.577637,81.74784342,131.0973676,132.5205199,5758.611328,79.48656464,139.9170335,131.751674,6536.170085,85.05686696,143.5513751,127.291921,6553.121094,82.6492513
1607,3853,Arusha,GBIF,e,11159661,35.2489,-2.46611,184.3066645,157.0099974,744.75,71.54779243,174.8186035,198.873291,417.4143066,89.06469727,152.25,157.75,548.25,64.75,173.25,140,725.75,59.5,219.052515,128.7757492,598.5567169,73.13350677,219.1485453,130,609.7484741,75.32266998,225.584507,130,799.8016357,82.99034691,228.1948757,130,806.8301697,81
1608,3858,Gauteng,GBIF,e,14148353,28.2099,-26.5119,151.2087488,249.7900009,692,76.47762489,144.1901855,274.697998,596.3894043,79.45898438,116.5,259.75,746.5,64.5,142.5,274.75,713.25,67.75,175.5313301,240,756.3017883,80.95557213,175.3952789,250,770.3141327,83.00753403,186.577878,260,792.6974335,82.9630909,190.8800077,260,818.4126587,84.99627495
1609,3863,Western,GBIF,e,10584599,31.8293,2.15304,241.1079168,149.6099997,1209,44.68508816,230.3413086,247.6396484,1286.468506,86.18139648,209.5,166.5,992.25,60.25,212.75,189.5,1343.5,53,265.5209398,127.2268629,1389.493103,45.49332142,265.8987188,120.0301075,1350.58783,42.70092583,270.1848221,140,1610.962494,45.30021572,273.8416767,130,1697.721893,45.86249161
1610,3865,Rift Valley,GBIF,e,11009435,34.9839,-1.27105,191.6687489,148.8600039,1221.75,38.64470673,182.9284668,230.206543,814.0837402,73.38769531,160.5,175.5,887.75,46.75,180.5,156.75,1241.5,32,221.1734629,134.3286633,1035.555252,40.67655849,221.3207674,134.288764,1027.887802,40.05598831,223.4023142,139.5047522,1308.098938,49.75309658,225.7157612,135.8738661,1368.757813,46.84704399
1611,3869,Western Cape,GBIF,e,15106465,20.3969,-34.236,181.3120842,226.7399931,416,26.4205122,166.1062012,209.0871582,518.7966309,20.26049805,140.5,289,582,22,169.5,227.75,571,25.75,185.9188318,200.2563572,500.5837173,18.18229055,188.3511209,203.6672497,489.7618713,19.02314901,190.1710796,211.728363,509.048233,24.76308393,193.7795162,212.7255678,493.0437775,26.65460539
1612,3872,Western Cape,GBIF,e,14930292,18.1985,-32.8246,176.2233305,201.2100029,302.25,68.62352562,162.2797852,189.4746094,215.1540527,57.57617188,139.25,211.25,312.75,64.25,166.5,199.5,298.75,71.25,189.9954367,184.1176367,255.510582,70.36911964,190.1285934,181.663866,252.0472031,70.0379982,199.9908781,185.5370855,240.0752182,63.11521816,202.537446,190.6150389,236.2137985,65.40676498
1613,3874,Rift Valley,GBIF,e,11159711,37.3287,-2.47183,217.0995808,167.2000074,636.5,84.89515114,207.737793,200.7148438,422.8955078,126.4265137,186.5,174.75,525.75,103.25,202,167.75,645.75,82,240,150,595.0291901,72.80518532,240.5815458,160,532.9144974,67.20800591,250,140,740.2635956,85.44481659,250,140,744.2768097,81.04336357
1614,3877,Eastern Cape,GBIF,e,14863103,24.493,-32.2652,172.0962477,262.4600077,331.75,44.69757271,159.4372559,256.6296387,222.5915527,50.88964844,128.25,268.25,349,35.5,159.25,271.5,322.25,33,189.7480154,240,371.3544388,46.11356735,190.8166981,240.8056116,373.2870331,43.08533096,197.7158165,260,346.9872513,39.68959904,202.4255466,250,364.7515182,43.34597397
1615,3880,Coast,GBIF,e,11268525,38.7218,-3.36624,243.3905602,152.0666695,837.3333333,65.49878947,243.4029948,169.749349,475.3925781,101.1731771,221.6666667,171,478,92.66666667,238.6666667,145.6666667,649.6666667,70.66666667,269.996961,146.7955494,621.3127848,85.6506602,270,151.3139407,543.0477498,83.80286916,279.996961,140,745.3958333,86.4466629,280,140,749.4312948,83.15642293
1616,3883,Western Cape,GBIF,e,15044351,22.3311,-33.7426,165.6904173,239.9400043,410,14.98552442,147.1987305,221.1621094,417.8015137,18.58984375,124.75,277.75,499,14.5,150.25,237,475.25,11.5,176.1069536,213.5123968,482.3688354,19.09466028,178.3286381,220.7464361,486.9057693,18.00359678,188.966651,234.5410156,474.9686584,20.76245737,190.6800461,238.696928,479.0587387,23.68807173
1617,3884,Rift Valley,GBIF,e,10776397,37.5463,0.612751,233.1937504,156.02,516.25,99.41866493,225.4174805,255.1960449,353.9978027,133.015625,200.75,201,400.25,100.5,221.75,190.5,530.5,97,261.9220161,150,435.8255081,85.73181152,264.9797726,158.697958,409.6663895,89.08220482,273.6213875,130,611.8121338,96.27973747,276.7809057,130,665.8925323,99.76597977
1618,3885,Arusha,GBIF,e,11242551,35.641708,-3.156542,171.7466672,148.3866723,815.3333333,87.86586507,160.859375,189.7281901,601.2457682,115.7278646,139,157.3333333,677,92,161.3333333,138.3333333,867,82.66666667,184.6311124,140.7358774,1796.44279,82.60958099,185.8346685,140,1791.229858,83.89190674,192.2443962,134.7374471,2318.315348,87.28608195,193.4353956,130.7078743,2340.951172,85.68157705
1619,3886,NA,GBIF,e,11180373,34.889999,-2.63,194.4212532,159.3500066,800.75,68.04849815,188.8083496,193.2272949,477.1640625,69.14599609,166.25,155,590.75,59.75,187.25,139.75,769.75,57.25,230,136.6854858,699.8547363,71.71315384,230,140,711.3228302,72.84619522,237.3337841,140,938.6015778,83.83719063,239.5015907,140,945.0995789,81.86653709
1620,3888,NA,GBIF,e,10905878,36.765747,-0.42709,115.5588881,139.5333322,1391,48.43955358,106.7981771,222.4739583,1337.889648,83.47363281,81.33333333,185.6666667,1371.666667,69.66666667,104.3333333,166.3333333,1745,53.33333333,136.1140664,136.6462072,1498.970947,41.23467255,138.6025461,133.521382,1404.70634,37.35202026,145.0437323,127.7868684,1984.279826,53.11313883,146.5641403,125.3707441,2108.762655,52.03232702
1621,3889,NA,GBIF,e,10874741,34.376221,-0.175781,226.3758373,141.1300063,1148.75,45.95406151,216.9069824,225.8425293,878.4187012,87.11450195,192.75,167.75,870.5,54.75,214.25,156.25,1200.25,36.75,249.0195417,65.98029017,1628.88147,33.00084686,249.1920662,68.18798304,1626.293671,30,255.723176,60.36507249,2014.797882,37.48197842,257.0387411,59.56592321,2113.365326,35.87955379
1622,3890,NA,GBIF,e,11035336,35.002441,-1.480243,201.3705508,154.86667,1044.666667,42.54286321,192.389974,225.9049479,673.9664714,80.19954427,169.3333333,171.3333333,777.3333333,49.33333333,189.3333333,154.6666667,1072,35,235.6600316,148.9737892,779.0522868,48.10906855,235.7273038,142.8138638,771.7716064,47.55958939,239.6662585,149.7104708,994.0697835,57.39569219,239.9900182,144.9931844,1037.011576,54.73063278
1623,3892,Nairobi,GBIF,e,11019839,36.8333,-1.36666,196.2375021,164.2500067,757.5,75.1556282,181.2121582,200.9956055,521.4685059,119.588623,156.25,174.25,627.75,90.75,177.75,160,775.75,74.5,209.1164351,150,778.2486115,63.78541756,209.592495,151.4769506,717.11409,58.77767754,218.8057375,132.685585,1054.116699,77.44468117,219.5415545,133.6276197,1120.475952,76.91815376
1624,3894,Mpumalanga,GBIF,e,14251993,29.9096,-27.3486,142.0075011,242.8600025,768.75,74.529562,134.8156738,257.9194336,661.3996582,66.47412109,103.5,250,806.75,61.5,133.75,255.25,768,65.75,163.1672573,210,741.3529053,77.24264908,162.7762985,223.230381,769.714035,81.00141716,175.0689745,234.4769335,744.2381134,80.74881935,178.175931,226.1437321,762.330658,81.94127464
1625,3898,North-West,GBIF,e,13293525,22.8999,-19.6336,234.0362501,248.380003,421,107.6623421,214.0036621,249.918457,340.7312012,128.2753906,181,264,505.25,95,218,291.75,428.5,95,260,260,447.2513123,117,260,270,426.0758896,114.2719231,270,270,482.3264008,119.8195667,280,270,450.1127548,109.6800194
1626,3903,Western,GBIF,e,10750318,30.0953,0.8125,226.3595867,115.7999945,1164,30.64835644,229.8024902,227.4467773,1283.089355,77.50073242,204.75,162.5,1053.75,42.5,230,149.75,1162.5,42.75,264.4988251,121.3598776,1222.489716,48.58767796,265.9641266,119.0115738,1215.695129,48.9245224,269.2515516,132.0587659,1334.131531,44.88774776,275.8280611,127.6468563,1384.917175,46.68785667
1627,3906,Rift Valley,GBIF,e,10823006,37.1219,0.212246,160.174582,170.0399923,733.75,53.37891483,153.4523926,236.3476563,528.2766113,87.56152344,126.5,194.75,544.75,61.25,148.5,185.5,707.5,53.25,188.8741016,139.9143887,1003.806717,56.60824394,191.2372065,140,952.3029022,56.5016489,200.0233507,120,1396.752167,75.99476051,202.2030306,118.4788513,1489.896515,76.89585495
1628,3910,Rift Valley,GBIF,e,11170069,37.2431,-2.57548,218.7645817,173.3100033,644,83.83634758,205.6220703,199.848877,436.0771484,121.9958496,184.75,174,537.5,100.25,200,165,665.5,79,240,150,852.1128235,76.8871479,240,159.5610428,769.1397095,69.55665779,250,140,1062.438095,92.9461937,250,140,1058.447556,86.84599113
1629,3913,Kwazulu-Natal,GBIF,e,14547236,29.2075,-29.7471,122.0712519,235.539999,891.5,75.4528141,110.4858398,252.2202148,813.3105469,73.81494141,80,247.75,946.75,70.25,110.5,256.75,889.75,69.75,138.2644415,234.9738789,1091.581192,79.9565239,138.3664894,235.809474,1090.565109,80.64042473,150.2258468,240.7808113,1053.341476,78.86863136,155.1651025,236.4517212,1098.565613,79.99387169
1630,3914,North-West,GBIF,e,13930747,26.3157,-24.7696,201.8090019,278.6240005,538.4,83.18826294,190.2462891,288.5816406,345.0378906,119.7498047,155.8,275.8,481.4,74.6,187.6,287.2,441.8,74.8,230.9826317,250,529.5387329,84.19099731,230.5951347,259.2528534,526.9137634,86.08422394,234.9629021,280,607.9971313,89.3724884,241.4326324,278.7499962,598.2155273,88
1631,3924,Western Cape,GBIF,e,15054630,18.9524,-33.8253,171.7762518,226.0200024,746,62.36374569,158.7092285,218.4641113,855.3217773,61.05615234,136.5,263.75,1023,63.75,163.25,232.5,985.75,69.75,180.2741337,220.3499651,1856.156525,63.39742851,183.5521698,220.0268507,1820.526459,63.7152195,189.0161705,225.0042629,1784.621216,59.12488556,194.4450665,229.5581293,1750.861084,59.07867622
1632,3928,Khomas,GBIF,e,13650802,16.9457,-22.5379,192.6866674,262.2099972,334.75,113.5393677,181.6369629,241.8007813,260.7963867,106.932373,151,255,407.5,105.75,181.5,293.25,356.25,96.5,214.9000359,252.2084427,391.1236877,126.3090305,217.2574472,260,355.4602814,118.7647686,226.4556837,249.313159,375.7588348,113.8633881,229.3427706,250,355.3189468,108.0810699
1633,3940,Mara,GBIF,e,11123389,34.7114,-2.17624,212.6145792,155.7000017,881,52.2655735,204.9458008,200.7841797,527.168457,79.53662109,182.25,157.5,646.5,47.75,203.5,143.25,856.25,39.5,250,140,656.0946198,63.68817043,250,148.250854,662.511795,64.7417202,252.8570223,142.5482893,853.2572937,76.45796394,255.8776999,149.1176081,865.9058838,74.79819489
1634,3942,Oromia,GBIF,e,9989094,39.946,6.9329,92.78055509,164.8133278,1176,56.90244929,72.67643229,218.8893229,1194.263997,58.28255208,61.66666667,176.3333333,1142.333333,71.33333333,84,161.6666667,1249.333333,49,119.4910367,87.42652893,2671.301676,53.81647619,120.55638,100,2632.552246,51.79998906,131.2106991,98.7651666,3249.816243,51.09352875,133.3189996,99.91862615,3580.68457,51.36273702
1635,3945,Western,GBIF,e,10750319,30.1644,0.827738,217.6712513,118.6200047,1266,34.30833483,211.6420898,226.8637695,1374.292725,73.64453125,188,161.25,1127.75,41.25,212,150,1261,42.5,246.2812138,121.1436892,1110.282425,49.61096191,246.6169834,119.6548343,1099.633484,49.47190666,251.8818092,133.2464385,1207.172852,45.99551201,256.4228153,126.9916368,1256.289124,47.74465084
1636,3946,Central,GBIF,e,12589305,33.7442,-13.9662,203.6774969,205.1500082,873.25,118.0225754,192.3098145,181.5444336,993.1252441,118.2907715,163.25,217.5,878.75,112.25,197.25,231.5,749,109,230,170,779.000412,117.7229023,230,180,808.6219482,119.1888256,238.2084703,210,849.3573608,121.545351,240,210,840.3370819,126.5279255
1637,3958,Rift Valley,GBIF,e,11009438,35.102,-1.25234,195.3949992,157.9599984,1122,39.83109411,185.3616536,232.5869141,729.5784505,77.53645833,162.3333333,178.3333333,819.6666667,48.33333333,182.3333333,158.3333333,1151.666667,33.66666667,224.9521573,140,894.8314819,43.34583155,225.3228251,139.9312115,889.0234985,43.18220647,228.2462756,140,1139.612061,51.51641719,229.158179,136.4745204,1193.485718,48.53594716
1638,3965,Free State,GBIF,e,14448778,27.5908,-28.9216,145.5629182,304.2999935,725.5,64.74117851,141.2055664,281.0444336,577.8674316,68.71411133,108.25,276,732.75,55,140.25,284.25,670.75,57,167.2402763,290,707.1989441,71,168.3877707,290,702.9921875,71,179.7042513,281.3774252,681.2400513,70,185.6572628,280,704.177475,70
1639,3966,Free State,GBIF,e,14453897,25.0783,-28.9919,179.0658283,323.3199978,441.5,67.11492538,168.2021484,315.0891113,288.8840332,91.67407227,134.75,306.5,456.25,60,166.75,313.5,411,57,210,300.0424767,417.3935928,69.8823452,210,309.9170017,407.5011292,69.85313416,220,310,399.2263641,68.29834175,229.849124,310,406.6721573,66.78877449
1640,3985,Western Cape,GBIF,e,15080629,23.0454,-34.0379,171.9139051,174.5037317,689,17.56141281,157.2240067,165.8658371,761.0805664,13.36301398,136.5,251.5,900.75,15.75,159.5,179,829,13.5,187.4537611,107.1926332,835.822876,14,187.7141762,111.9188523,840.9873047,12.0670259,196.882472,121.3605809,815.2238464,15.98878431,197.9802752,122.8130794,817.1944427,18.0291338
1641,3990,North-West,GBIF,e,14246668,23.8728,-27.3069,179.3958378,309.1600084,460.25,81.34126472,161.302002,316.0126953,353.7922363,100.7219238,127.75,296.5,557.25,73.5,158.25,311.75,468,68,200,270,418.5403976,77.92115211,200,280,402.9555054,77.9479084,210,270,414.3257065,75.98747063,217.9567242,270,419.3249664,75.04844666
1642,4005,Northern Cape,GBIF,e,14712881,24.4067,-31.0567,138.5241652,366.3700008,329.25,59.71774006,134.5473633,311.0256348,203.9836426,76.10302734,102.25,313.5,365,55.75,134.5,323.5,318,50.25,180,290,344.7919693,62,180.0520897,290,340.0306015,56.8915863,190,301.2340355,316.0110703,54.06909847,199.5215034,300,335.2278595,53.06618595
1643,4020,Shinyanga,GBIF,e,11180374,34.9255,-2.65774,192.2950029,158.6700034,787.25,69.98720169,186.8166504,192.7021484,465.6813965,69.18164063,164.25,155.75,580.5,61.75,185.5,139.5,756.25,59.25,229.9484062,139.6847105,680.851181,72.3138237,230,143.6119938,691.5785675,73.79768181,232.1242905,140.1212215,914.674118,84,236.4665413,143.6119938,921.0782928,82.00356293
1644,4022,Mpumalanga,GBIF,e,14013718,30.1066,-25.4188,133.9746666,210.6959991,909.8,79.18231354,123.2486328,212.1078125,771.9865234,68.47890625,93.4,215.6,954,68.2,122.8,219.4,881.4,69,146.4498367,210,795.6979004,83.92781982,145.3253536,210,837.6279907,88.09326324,153.6598721,237.0494041,898.721106,91.76103821,161.3932133,220.197937,853.5430298,89.05388031
1645,4031,Katanga,GBIF,e,12438960,28.5032,-12.7672,197.1024942,249.000001,1232.5,113.9438477,190.4038086,227.9619141,1198.915283,106.8820801,160,258.25,1264.5,106.5,192.5,280.25,1159.5,107.25,233.9651108,177.8355217,1359.370209,113.1955795,230,197.9467535,1422.831543,116.223278,239.9147129,230,1518.8461,119.2393265,248.7887716,207.9467535,1556.108582,123.2458725
1646,4034,Western Cape,GBIF,e,15013190,18.955,-33.4856,183.7670851,245.2300024,574.75,64.95927048,167.2810059,234.013916,558.9592285,60.34643555,143,264.25,703,65.5,170.5,246,664,70,190,250.4871798,842.1828308,69.01494217,190.4251528,249.8587227,823.0982208,69.22235298,200,259.0334177,791.1828461,63.76224422,205.0417709,260,783.8978729,63.99222088
1647,4038,Northern Cape,GBIF,e,14370944,22.0111,-28.2995,196.9362497,336.050005,265,76.67739487,179.9943848,312.3134766,123.6525879,103.1608887,143.25,310,277.25,73.25,181,317.5,226.5,63.75,229.1626024,300,228.583519,72.97958946,230,300,225.3663101,72.08188248,238.2138729,300,230.1013985,70.53707886,240,310.558424,225.969471,66.19739723
1648,4039,North-West,GBIF,e,14003294,27.427,-25.3604,196.5461159,281.5333366,610,77.87589773,188.6679688,280.7828776,478.1295573,95.80273438,160.3333333,270,635,73.33333333,186.3333333,289,591.3333333,74.33333333,227.6213773,250,548.5050659,82.17097982,227.1259499,252.3408318,554.9212443,85.65741221,232.1769015,270,612.8935954,87.94557444,240,270,608.5703125,87.01389058
1649,4052,Northern Cape,GBIF,e,14764650,23.096,-31.4691,146.3196678,327.7440109,271.2,55.33282471,135.6097656,306.3203125,154.8318359,81.3875,102.6,319.8,291.2,59.8,136.4,326.8,251.6,53.8,180.9249229,300,267.4693848,61.61761703,183.4149094,297.9907761,265.716687,57.80480347,196.423481,300,247.3150116,52.79160461,199.4022217,313.907486,253.1965637,51.57838287
1650,4058,Northern Cape,GBIF,e,14448707,24.663,-28.9405,183.7970829,317.3800087,427.5,70.07280159,165.2768555,324.9797363,315.4677734,83.6809082,131.5,313.75,487.25,61,163.75,321.25,437,58,210,300,414.8068466,67.60687447,210,310,402.3845215,67.00505638,220,310,402.3685074,67.29837608,229.021759,310,410.0479889,67.50579643
1651,4060,North-West,GBIF,e,14225997,25.8867,-27.1608,169.1758347,329.9700069,565.5,74.62404823,163.5058594,301.2297363,436.1374512,93.76733398,131.5,297.25,632.75,67.5,162,303,559,64,200,270.4346657,522.437149,77.89664841,200.4863262,280,519.969101,79.1105442,214.0925741,265.6859589,528.6952972,77.23664093,220,262.2294474,544.539505,77.52887917
1652,4061,Midlands,GBIF,e,13278144,29.5,-19.5,187.3354149,237.3799992,637,107.7392216,175.5651855,210.6064453,625.4604492,111.4274902,147.25,225,607.75,94.75,180.25,250.5,547.75,96,220,199.969244,670.9833374,107.05336,213.6393356,220,688.5767059,106.9809818,220.1428747,230,633.4269104,109.0577412,230.0299358,220,607.368515,106.1457233
1653,4062,North-West,GBIF,e,14205270,25.585,-26.9808,171.8445826,324.2099953,550.5,76.41932487,162.5068359,314.0432129,383.9438477,101.020752,131.75,301.75,567.75,70,159.5,313.25,504.5,66.25,200,276.1440754,539.721756,78.96201324,200,280.0493193,537.3358154,80.02959442,210,270,547.5898895,78.44018555,218.4786463,269.9770403,562.2655334,78.01510239
1654,4064,North-West,GBIF,e,14179341,24.4019,-26.7653,181.5341663,302.9700041,473.5,80.10253525,167.5178223,315.5712891,339.4257813,105.8635254,136.5,299.25,531,73,163,317.25,464,68,207.2747946,280,463.0070114,81.0651741,209.8613405,289.7669554,452.9048767,83,220,279.7669554,465.657753,80,220,271.1650944,469.610466,79
1655,4065,North-West,GBIF,e,14091271,23.9653,-26.0821,202.5295782,300.9399939,378.5,80.16860962,181.0183105,309.7172852,263.8024902,126.4597168,149,300,416.25,71.5,175.75,318.75,375.25,66,220,291.3534164,427.9371567,82,220,300,414.3397369,84.02474213,230,290,431.2043533,80.53412437,240,290,435.7750854,80
1656,4066,Free State,GBIF,e,14396963,26.9722,-28.5344,162.4966679,314.9040031,578,66.09108887,151.5251953,308.0285156,432.4800781,79.32753906,119,301,598.6,57.2,151,307,543.2,58.4,189.0879745,291.8903389,572.9756958,69.99468842,189.477829,300,569.7699829,71,201.3276939,290,564.0599243,70,207.9968109,290,579.3451416,70.66151123
1657,4067,Free State,GBIF,e,14319285,27.9075,-27.9075,151.2283325,301.4600086,688,68.29208374,144.5263672,300.9760742,527.8483887,72.13989258,113.25,292.25,689.75,55.75,143.75,299.5,636.75,59,179.8544979,260,632.3603973,72,179.9401045,270,636.5613556,73.94868088,191.0789204,260,629.4315186,72,194.991231,260,653.1607361,73.74544334
1658,4068,Northern Cape,GBIF,e,14541933,24.0575,-29.6675,178.8741636,332.2399902,340,66.84964561,165.6037598,325.7382813,187.9804688,95.00317383,131,317.5,354.75,58,165,325,306.75,54.25,210.0052166,300,329.7917557,63.47288227,210.015645,310,320.1934586,61.17856693,220.1745033,310,308.3195419,57.96187496,225.1019001,319.0603065,314.6508102,57.72289944
1659,4069,North-West,GBIF,e,14132713,24.0566,-26.4072,195.2756729,302.2560005,413.8,80.57582245,176.2625,313.1730469,285.0570313,118.1998047,144,300.2,454.8,71.8,171.4,319,403,66.4,219.989975,282.9092712,447.8890686,82.96073608,220,292.0792046,433.3406372,84.83646545,230,280,448.8737244,81.44803009,230.2765808,280,454.2849915,80.60613708
1660,4071,Free State,GBIF,e,14469445,25.3939,-29.1186,170.6453323,327.7279968,438.6,66.06580811,161.2994141,314.5414063,292.0875,95.21640625,127.2,309,462.4,59.2,160.2,314.4,417,55.6,200.1119728,309.9411507,465.5786987,69,201.587513,310,457.3090759,69.13916931,219.2153549,301.3666725,444.7521545,66.99868469,220,309.6054726,454.1689026,65.01632996
1661,4072,Northern Cape,GBIF,e,14650707,23.7972,-30.5792,166.6479206,325.1900101,299.5,61.97928905,154.815918,309.3664551,157.1577148,94.72631836,121.5,308.75,317.75,58.25,155,321.5,268.5,52,200,290,336.6764297,60.9360199,200,295.4825068,329.9056549,57.16003036,210,307.6118374,307.3140411,51.97591114,213.129797,315.1981592,314.0492401,50
1662,4073,Northern Cape,GBIF,e,14666253,24.0429,-30.6993,160.930419,324.1600037,328,58.93851471,147.6113281,307.0898438,178.958252,86.35375977,114.75,308.75,343.5,53.75,147.25,321,292.5,48,193.0785227,290,374.7084503,61.68795776,196.6815424,290,367.5789642,57.05316353,203.955307,300,341.2912521,52.00506401,209.9925137,300.6040478,354.5468216,51
1663,4076,Western Cape,GBIF,e,14976911,18.1255,-33.1938,163.3478117,155.4571247,337.5,70.01775551,172.6357422,168.4996223,267.8351212,58.46959114,150.5,191.75,361.25,66.5,177.25,179.5,352,72.5,180,133.4558153,325.6172943,70.9920578,180,131.3604474,318.5252914,70.00852776,190,135.7745099,310.5126724,64,193.7965059,140.0274587,306.693924,66.18848419
1664,4080,North-West,GBIF,e,13070838,25.0972,-17.8391,244.9358368,258.7599945,600,115.5334091,219.5703125,245.576416,542.7307129,116.9216309,191.5,251,661.25,103.25,222,290.25,590.5,105,260,220,544.3985748,116.0035152,259.7492218,238.1061602,553.6278381,118.1823559,265.8560991,249.4264746,586.5839844,117.3974953,270,239.8818493,553.5493011,113.1733532
1665,4083,North-West,GBIF,e,13065659,25.1457,-17.8082,244.2445803,252.8299952,597,115.6154327,220.1081543,244.5100098,555.7927246,116.4836426,191.75,250.25,672.75,103.5,223,288.75,601,105.75,260,220,546.0117188,115.9880371,257.8852654,240,557.3965607,118.1462669,266.1048412,250,587.3728638,117.3664818,270,240,554.9451141,113.0556107
1666,4087,Mpumalanga,GBIF,e,14060326,29.5889,-25.8221,158.9458346,239.1099977,689.25,81.10281563,142.8461914,272.2614746,588.2890625,77.76806641,114,269,740.5,66.75,142,277,705.25,70,181.5528488,230,650.7460327,83.95480156,181.4156485,233.9012718,676.0150604,87.79899788,194.9890852,240,697.5511169,89.12835884,200,240,686.2878418,88.65445518
1667,4088,Eastern Cape,GBIF,e,15075512,25.6716,-33.9874,177.0499134,160.629828,576.75,15.66172528,169.3433647,161.3128891,499.9761581,23.33051395,144,200.5,621,13,170.75,168.25,577.25,19.5,200,83.8358438,555.1286469,16.03889108,200,89.30619001,559.5684509,18.76636744,209.1864395,94.76908684,526.8156281,18.36366892,210,90.93394756,538.4788513,19.01428652
1668,4098,Kwazulu-Natal,GBIF,e,14283130,32.2583,-27.6242,218.4129143,202.0699978,735.75,54.47179985,213.0183105,220.9680176,589.7094727,56.21289063,175,266.5,737.75,45.5,211.75,217.75,696.25,47,240,175.1911211,706.6925812,58.58717442,240,177.038126,725.5407562,62.712924,250,178.2251596,710.1524658,62.39321232,250,174.910183,674.3812256,59.84365082
1669,4102,Gauteng,GBIF,e,14029213,28.228,-25.5613,187.7356682,259.4160004,634.2,80.29763489,172.3970703,274.6847656,555.7630859,84.14960938,147.4,260,705.8,69.4,170.2,283.2,670.2,73,217.1796494,236.1619759,621.8980713,82.1166275,215.4459496,240,638.2182373,86,225.7851295,253.8434906,700.1578857,88.91414337,229.9619942,249.9699211,688.209082,88
1670,4106,Western,GBIF,e,10579415,31.6598,2.19044,248.7016678,147.3600133,1149.666667,44.32172648,237.7643229,245.4856771,1251.965169,85.37109375,216.6666667,168.3333333,940,57.66666667,221.3333333,187,1275.666667,51,272.0308495,120,1374.129313,44.79777273,272.4188614,120,1332.410563,42.37947337,280.6612523,139.7981834,1569.869832,45.32513428,282.6909955,122.9488913,1664.44633,45.77292379
1671,4108,Central,GBIF,e,10936971,37.331,-0.706884,215.4237509,152.3900008,935.75,99.39461136,206.4501953,268.1875,739.0571289,129.4819336,181.5,219,839.25,112.75,203.5,204.5,973,100.75,229.9490595,140,1054.239105,81.97992516,230,140,965.4692993,80.74583244,239.7962475,130,1382.180756,93.99959183,240,130,1464.181213,93.92662811
1672,4112,Central,GBIF,e,12630741,33.5462,-14.3194,195.6070805,200.9900045,1000.25,112.6973209,188.0102539,182.2775879,1096.303955,113.6472168,160.5,221.75,986.5,107.5,194,235,835,103,221.4451981,170,1271.812469,113.0141983,220.8059931,180,1343.315826,116,228.4924984,200.0078249,1371.693573,115.6974888,234.2450047,200.3778028,1324.825745,118.9972401
1673,4116,Mpumalanga,GBIF,e,13920512,31.5354,-24.7073,214.0029192,227.0700026,643.25,78.18128395,209.362793,219.092041,505.3017578,78.91821289,182,223,672,68.25,207,238.75,603.5,65.75,242.9080105,190,575.4030914,80.05672264,240.3289604,190,605.3263702,82.92687416,250,209.9112654,681.87677,90.96082115,260,195.2121782,627.4598389,88.00134468
1674,4118,Mohale's Hoek,GBIF,e,14609355,27.4919,-30.2161,150.5520844,281.7199993,659.5,59.41057968,141.7653809,279.7121582,553.4494629,63.17578125,111.75,267.75,717.25,50.25,140.25,284.25,653.25,52.75,160.1791143,280.0429726,856.1628265,64.04109097,162.2276139,289.8792267,847.5557404,62.75724125,168.5427189,295.049715,805.7784576,59.81135941,174.683342,282.0649004,853.0756683,60.48661804
1675,4123,Northern Cape,GBIF,e,14764649,23.0797,-31.4873,144.7779179,322.3200035,274,55.05551147,133.5290527,304.0837402,159.6154785,78.83935547,100.75,317,297,57.5,134.25,324.5,256,52,179.6482658,298.7080336,272.2794037,61.09582043,180.4009056,292.7270794,270.7200089,57.44189262,192.4340296,300,252.2113304,52.459342,196.2977409,310.4219246,258.3220253,51.20846367
1676,4126,Oromia,GBIF,e,10014988,39.6785,6.74426,135.1483321,158.7100005,1085.5,56.2196064,120.3146973,240.6066895,1026.83252,65.86352539,109.5,203.75,961.75,73,132.5,186.75,1061,53.75,149.494729,86.89389467,3437.796204,59.2692852,151.0030246,90.62726974,3456.174988,58.93941975,160.2315402,100,4220.326111,52.70774174,163.0267811,100,4678.456787,52.28634071
1677,4137,Mpumalanga,GBIF,e,13910135,30.8157,-24.606,179.9120026,202.6799927,959.8,80.34512024,168.7388672,200.7371094,836.1720703,74.18554688,143.2,198.2,1031.2,70.8,168,213,912.6,69,195.8545799,195.1530685,922.348645,81.25250549,195.2256775,196.818222,970.6472534,84.43574677,201.2758217,210.5374565,1083.849573,90.9864502,209.8600502,200,999.6894653,87.93382263
1678,4138,Harare,GBIF,e,13065802,31.1221,-17.8071,182.2904158,212.8299952,867,107.582119,165.076416,191.4047852,969.560791,112.3356934,137,217.25,930.5,96,173.25,229.25,689.5,91.5,206.8440628,185.7986546,826.6476898,109.3561668,201.4131165,200,907.6237335,112.5938129,207.1673107,230,837.4250793,114.1054001,217.1673107,220,781.2632294,110.308136
1679,4140,Manicaland,GBIF,e,13153886,32.1167,-18.5333,182.111249,218.9700031,787,101.7153702,160.1472168,192.4458008,879.1848145,104.3249512,135.5,220.5,823.75,92,165.75,238.25,683.5,88.75,203.6196041,188.7779522,710.2161407,105.0780315,200,203.108983,780.8239899,106.1680031,206.9218302,220,739.0015564,109.2913971,212.5481462,217.8489876,687.2809296,105.4714642
1680,4141,Northern Cape,GBIF,e,14412438,24.2797,-28.6375,184.102087,321.5899944,430.5,74.71187782,171.576416,324.5910645,283.3410645,91.42895508,137.75,315,457.25,65.75,169.75,328.25,401,61,210,300,414.3472977,72.61876106,210.0844717,310,401.0473099,72.05935478,220.0844717,319.5970392,407.7997208,71.95937347,227.7967119,311.9238043,414.07341,72.17827034
1681,4149,Free State,GBIF,e,14391824,28.6712,-28.479,134.6749997,249.4000006,783.75,67.69468117,124.9990234,262.9067383,707.9440918,62.31787109,92.5,256.5,862,50.75,123.5,265,801,56,151.6005063,247.7471828,889.8493958,73.17753029,152.107358,251.0671711,899.9112244,74.74944115,163.4465551,240.5399942,867.4678192,71.75985718,168.9237738,239.4883156,901.4764404,72.75935173
1682,4153,Western Cape,GBIF,e,14904413,19.0542,-32.6191,174.7609997,257.7600021,316.4,60.63727646,159.4144531,257.1216797,329.8880859,65.50664063,132.8,278.4,480.8,64,162.2,272.4,435.2,72,192.2571716,253.5309486,693.0032349,70.78537598,195.8164368,253.8189774,691.4006226,70.61226501,200.0713615,250.9115715,639.2261841,61.84695129,203.0211143,257.7123146,627.47948,64.52523346
1683,4156,Limpopo,GBIF,e,13816909,31.3997,-23.874,223.3433294,226.9299936,522.5,79.84384537,217.1469727,219.1884766,398.7836914,91.38793945,187.5,238.25,545.5,71.75,214.25,249.75,485.25,69.25,250.0520897,200,511.2435608,84,250,200,541.5132141,86,259.6243525,200,643.4727783,98.08030128,266.4554453,200,580.9644928,95.51856232
1684,4158,Northern Cape,GBIF,e,14412437,24.2496,-28.6596,186.0999966,323.5999966,423.25,74.81080437,172.862793,325.7844238,273.8640137,92.68505859,139,315.5,446.5,66.5,171,329.25,391.75,61.25,210.7988071,302.3010731,386.5759888,72.43909264,213.8789606,310,374.2430573,71.81797791,223.4367514,319.8818493,380.1114197,71.62493324,229.0152359,317.2438002,385.5878601,71.72026634
1685,4160,Thaba-Tseka,GBIF,e,14500599,28.4802,-29.334,117.8597212,259.0799999,709.8333333,61.33585358,106.6687826,254.9140625,566.8637695,62.00211589,73,250.8333333,706.3333333,50.16666667,106,259.8333333,665,56.5,126.1285257,236.1145655,665.8222555,70.01129913,127.1549892,233.6450609,663.739268,70.46809769,136.9920142,237.5284227,639.6165568,67.65055084,141.8125645,234.0242863,669.2020264,68.46305211
1686,4161,Rift Valley,GBIF,e,11040518,35.1065,-1.50842,197.8577805,157.4266624,985.6666667,45.31108856,188.8037109,225.6149089,625.5748698,82.75292969,166,173.3333333,735.6666667,52.33333333,186,155.6666667,1016,38,230,150,799.9911499,49.88038127,230,149.8867289,792.5252482,49.67276637,234.8992602,145.0758394,1028.081421,58.27686056,238.0388705,140,1073.379557,55.54005432
1687,4162,Mara,GBIF,e,11149287,34.6289,-2.37511,211.8762493,152.3200011,831.75,57.25794983,204.7299805,194.0961914,511.0769043,76.88500977,181.75,155.25,629,51.5,203.25,141.25,821,45.5,248.0872965,140,697.2743225,67.69566154,248.3625126,146.6619706,707.1002808,68.41905022,254.5339346,140,914.0825958,80.53155136,256.2235308,142.8568339,922.5986481,78.74375916
1688,4164,RCA,Mongolia tracking,e,10278610,16.42,4.61,238.922081,153.569994,1513.5,63.5301218,225.7929688,211.3491211,1598.854248,76.86376953,205.25,177.75,1322.5,64.75,230,176.75,1511.75,67.75,267.7822161,140,1550.973267,56.59608269,265.6689119,140,1571.282501,59.88336945,277.3477888,139.9060893,1806.711212,60.9643898,280,130,1859.95871,61.45794392
1689,4165,Sudan,Mongolia tracking,e,10180465,27.88,5.38,255.7612467,170.4799986,1373,69.78075981,241.5317383,222.0930176,1435.271729,81.15405273,219,202,1297.5,74.25,243.75,186.5,1478,73,280.0515938,140,1232.380157,66.67534828,280.1036835,140,1266.957153,68.57196426,291.1503839,143.5796237,1396.046814,66.86283302,299.4240093,140,1447.19162,66.77702332
1690,4166,Kenya East,Mongolia tracking,e,10791969,38.91,0.47,262.665,145.6400108,358,133.5590668,251.4423828,223.5339355,234.5419922,158.3244629,229,172,262.25,137.75,248.5,160,353,128.5,290,133.1321716,469.9655762,106.2108383,290,130.0219703,418.9571152,110,300,122.1442485,633.5960693,116.7374268,303.9931011,120,673.2262421,121.7955952